{"type":"FeatureCollection","features":[{"type":"Feature","properties":{"name":"北京丰台"},"geometry":{"coordinates":[116.295342,39.849995],"type":"Point"}},{"type":"Feature","properties":{"name":"南京"},"geometry":{"coordinates":[118.79224,32.089125],"type":"Point"}},{"type":"Feature","properties":{"name":"济南"},"geometry":{"coordinates":[116.985152,36.670848],"type":"Point"}},{"type":"Feature","properties":{"name":"郑州"},"geometry":{"coordinates":[113.653666,34.747508],"type":"Point"}},{"type":"Feature","properties":{"name":"兰州"},"geometry":{"coordinates":[103.848506,36.034178],"type":"Point"}},{"type":"Feature","properties":{"name":"北京"},"geometry":{"coordinates":[116.421013,39.901117],"type":"Point"}},{"type":"Feature","properties":{"name":"天津北"},"geometry":{"coordinates":[117.203049,39.165671],"type":"Point"}},{"type":"Feature","properties":{"name":"泰山"},"geometry":{"coordinates":[117.103138,36.186542],"type":"Point"}},{"type":"Feature","properties":{"name":"天津"},"geometry":{"coordinates":[117.203684,39.135752],"type":"Point"}},{"type":"Feature","properties":{"name":"太原"},"geometry":{"coordinates":[112.581832,37.860038],"type":"Point"}},{"type":"Feature","properties":{"name":"温泉"},"geometry":{"coordinates":[102.479523,24.9623],"type":"Point"}},{"type":"Feature","properties":{"name":"漫水湾"},"geometry":{"coordinates":[102.16473,28.210958],"type":"Point"}},{"type":"Feature","properties":{"name":"西昌"},"geometry":{"coordinates":[102.222333,27.880377],"type":"Point"}},{"type":"Feature","properties":{"name":"礼州"},"geometry":{"coordinates":[102.191518,28.053791],"type":"Point"}},{"type":"Feature","properties":{"name":"下花园"},"geometry":{"coordinates":[115.273745,40.485229],"type":"Point"}},{"type":"Feature","properties":{"name":"一零一"},"geometry":{"coordinates":[116.245984,39.96274],"type":"Point"}},{"type":"Feature","properties":{"name":"青龙桥西"},"geometry":{"coordinates":[116.010209,40.343706],"type":"Point"}},{"type":"Feature","properties":{"name":"西宁"},"geometry":{"coordinates":[101.813039,36.620761],"type":"Point"}},{"type":"Feature","properties":{"name":"长沙"},"geometry":{"coordinates":[113.008843,28.197153],"type":"Point"}},{"type":"Feature","properties":{"name":"武昌"},"geometry":{"coordinates":[114.312464,30.530793],"type":"Point"}},{"type":"Feature","properties":{"name":"五路"},"geometry":{"coordinates":[116.270463,39.933263],"type":"Point"}},{"type":"Feature","properties":{"name":"尚志"},"geometry":{"coordinates":[127.955573,45.206305],"type":"Point"}},{"type":"Feature","properties":{"name":"哈尔滨"},"geometry":{"coordinates":[126.625447,45.760042],"type":"Point"}},{"type":"Feature","properties":{"name":"沙江"},"geometry":{"coordinates":[109.01822,22.906658],"type":"Point"}},{"type":"Feature","properties":{"name":"坝心"},"geometry":{"coordinates":[102.639,23.6605],"type":"Point"}},{"type":"Feature","properties":{"name":"宜昌"},"geometry":{"coordinates":[111.293214,30.704294],"type":"Point"}},{"type":"Feature","properties":{"name":"重庆"},"geometry":{"coordinates":[106.541581,29.551514],"type":"Point"}},{"type":"Feature","properties":{"name":"北京南"},"geometry":{"coordinates":[116.372399,39.863483],"type":"Point"}},{"type":"Feature","properties":{"name":"宜昌东"},"geometry":{"coordinates":[111.364882,30.66041],"type":"Point"}},{"type":"Feature","properties":{"name":"上关"},"geometry":{"coordinates":[100.14422,25.971911],"type":"Point"}},{"type":"Feature","properties":{"name":"大理洱海"},"geometry":{"coordinates":[100.283041,25.632066],"type":"Point"}},{"type":"Feature","properties":{"name":"海东镇"},"geometry":{"coordinates":[100.258959,25.716772],"type":"Point"}},{"type":"Feature","properties":{"name":"大理东"},"geometry":{"coordinates":[100.31829,25.571991],"type":"Point"}},{"type":"Feature","properties":{"name":"挖色"},"geometry":{"coordinates":[100.227671,25.848505],"type":"Point"}},{"type":"Feature","properties":{"name":"金墩"},"geometry":{"coordinates":[100.199746,26.476367],"type":"Point"}},{"type":"Feature","properties":{"name":"西邑"},"geometry":{"coordinates":[100.186993,26.269512],"type":"Point"}},{"type":"Feature","properties":{"name":"余姚"},"geometry":{"coordinates":[121.156922,30.056811],"type":"Point"}},{"type":"Feature","properties":{"name":"武汉"},"geometry":{"coordinates":[114.418943,30.60985],"type":"Point"}},{"type":"Feature","properties":{"name":"周村东"},"geometry":{"coordinates":[117.911216,36.7665],"type":"Point"}},{"type":"Feature","properties":{"name":"周村"},"geometry":{"coordinates":[117.855077,36.791204],"type":"Point"}},{"type":"Feature","properties":{"name":"衡阳"},"geometry":{"coordinates":[112.626005,26.893499],"type":"Point"}},{"type":"Feature","properties":{"name":"忠义"},"geometry":{"coordinates":[113.654281,35.089478],"type":"Point"}},{"type":"Feature","properties":{"name":"中伙铺"},"geometry":{"coordinates":[113.979315,29.742038],"type":"Point"}},{"type":"Feature","properties":{"name":"武昌南"},"geometry":{"coordinates":[114.295548,30.484428],"type":"Point"}},{"type":"Feature","properties":{"name":"捞刀河"},"geometry":{"coordinates":[112.970791,28.308145],"type":"Point"}},{"type":"Feature","properties":{"name":"白马垅"},"geometry":{"coordinates":[113.064087,27.927853],"type":"Point"}},{"type":"Feature","properties":{"name":"衡阳东"},"geometry":{"coordinates":[112.70449,26.899696],"type":"Point"}},{"type":"Feature","properties":{"name":"哲桥"},"geometry":{"coordinates":[112.785766,26.471965],"type":"Point"}},{"type":"Feature","properties":{"name":"瓦园"},"geometry":{"coordinates":[112.756621,26.601806],"type":"Point"}},{"type":"Feature","properties":{"name":"向阳桥"},"geometry":{"coordinates":[112.720291,26.718999],"type":"Point"}},{"type":"Feature","properties":{"name":"衡阳北"},"geometry":{"coordinates":[112.675663,26.928651],"type":"Point"}},{"type":"Feature","properties":{"name":"烟台"},"geometry":{"coordinates":[121.377477,37.547566],"type":"Point"}},{"type":"Feature","properties":{"name":"大同"},"geometry":{"coordinates":[113.296338,40.119098],"type":"Point"}},{"type":"Feature","properties":{"name":"桂林"},"geometry":{"coordinates":[110.277223,25.264342],"type":"Point"}},{"type":"Feature","properties":{"name":"施秉"},"geometry":{"coordinates":[108.131158,26.92107],"type":"Point"}},{"type":"Feature","properties":{"name":"青溪"},"geometry":{"coordinates":[108.730052,27.123218],"type":"Point"}},{"type":"Feature","properties":{"name":"龙岩"},"geometry":{"coordinates":[117.00056,25.100012],"type":"Point"}},{"type":"Feature","properties":{"name":"石景山"},"geometry":{"coordinates":[116.134195,39.92627],"type":"Point"}},{"type":"Feature","properties":{"name":"重庆北"},"geometry":{"coordinates":[106.547316,29.612241],"type":"Point"}},{"type":"Feature","properties":{"name":"重庆南"},"geometry":{"coordinates":[106.535808,29.498907],"type":"Point"}},{"type":"Feature","properties":{"name":"骆驼巷"},"geometry":{"coordinates":[104.04536,36.0263],"type":"Point"}},{"type":"Feature","properties":{"name":"哈尔滨东"},"geometry":{"coordinates":[126.705606,45.786578],"type":"Point"}},{"type":"Feature","properties":{"name":"胪滨"},"geometry":{"coordinates":[117.535615,49.549458],"type":"Point"}},{"type":"Feature","properties":{"name":"新密"},"geometry":{"coordinates":[113.398853,34.522202],"type":"Point"}},{"type":"Feature","properties":{"name":"宋寨"},"geometry":{"coordinates":[113.541539,34.499712],"type":"Point"}},{"type":"Feature","properties":{"name":"孙家"},"geometry":{"coordinates":[126.677655,45.693519],"type":"Point"}},{"type":"Feature","properties":{"name":"洛阳龙门"},"geometry":{"coordinates":[112.452688,34.594277],"type":"Point"}},{"type":"Feature","properties":{"name":"东田良"},"geometry":{"coordinates":[112.923888,35.996017],"type":"Point"}},{"type":"Feature","properties":{"name":"白马公园"},"geometry":{"coordinates":[118.810714,32.060703],"type":"Point"}},{"type":"Feature","properties":{"name":"孟塬"},"geometry":{"coordinates":[110.135006,34.556159],"type":"Point"}},{"type":"Feature","properties":{"name":"济宁"},"geometry":{"coordinates":[116.59572,35.393128],"type":"Point"}},{"type":"Feature","properties":{"name":"嘉祥"},"geometry":{"coordinates":[116.352901,35.392733],"type":"Point"}},{"type":"Feature","properties":{"name":"巨野"},"geometry":{"coordinates":[116.082154,35.379332],"type":"Point"}},{"type":"Feature","properties":{"name":"大口屯"},"geometry":{"coordinates":[117.258128,39.603591],"type":"Point"}},{"type":"Feature","properties":{"name":"青龙桥"},"geometry":{"coordinates":[116.020138,40.350993],"type":"Point"}},{"type":"Feature","properties":{"name":"安亭北"},"geometry":{"coordinates":[121.153732,31.316383],"type":"Point"}},{"type":"Feature","properties":{"name":"滦平"},"geometry":{"coordinates":[117.309764,40.921688],"type":"Point"}},{"type":"Feature","properties":{"name":"长农"},"geometry":{"coordinates":[105.697123,37.250143],"type":"Point"}},{"type":"Feature","properties":{"name":"宣和"},"geometry":{"coordinates":[105.437005,37.478308],"type":"Point"}},{"type":"Feature","properties":{"name":"中宁南"},"geometry":{"coordinates":[105.613102,37.33455],"type":"Point"}},{"type":"Feature","properties":{"name":"同心"},"geometry":{"coordinates":[105.92264,36.993878],"type":"Point"}},{"type":"Feature","properties":{"name":"大战场"},"geometry":{"coordinates":[105.542811,37.421792],"type":"Point"}},{"type":"Feature","properties":{"name":"长征"},"geometry":{"coordinates":[104.845058,36.723811],"type":"Point"}},{"type":"Feature","properties":{"name":"东湾"},"geometry":{"coordinates":[104.7425,36.65134],"type":"Point"}},{"type":"Feature","properties":{"name":"白银西"},"geometry":{"coordinates":[104.096199,36.549604],"type":"Point"}},{"type":"Feature","properties":{"name":"靖远"},"geometry":{"coordinates":[104.670979,36.551966],"type":"Point"}},{"type":"Feature","properties":{"name":"杭锦旗"},"geometry":{"coordinates":[107.030327,40.268641],"type":"Point"}},{"type":"Feature","properties":{"name":"打拉亥"},"geometry":{"coordinates":[109.668479,40.620086],"type":"Point"}},{"type":"Feature","properties":{"name":"西小召"},"geometry":{"coordinates":[108.353864,40.861685],"type":"Point"}},{"type":"Feature","properties":{"name":"包头北"},"geometry":{"coordinates":[109.740242,40.660937],"type":"Point"}},{"type":"Feature","properties":{"name":"张家口"},"geometry":{"coordinates":[114.876614,40.749518],"type":"Point"}},{"type":"Feature","properties":{"name":"宣化"},"geometry":{"coordinates":[115.050817,40.596375],"type":"Point"}},{"type":"Feature","properties":{"name":"呼和浩特"},"geometry":{"coordinates":[111.658717,40.830427],"type":"Point"}},{"type":"Feature","properties":{"name":"包头东"},"geometry":{"coordinates":[110.018672,40.56848],"type":"Point"}},{"type":"Feature","properties":{"name":"朱日和"},"geometry":{"coordinates":[112.89284,42.3956],"type":"Point"}},{"type":"Feature","properties":{"name":"大陆号"},"geometry":{"coordinates":[113.27707,41.20504],"type":"Point"}},{"type":"Feature","properties":{"name":"二道沟"},"geometry":{"coordinates":[113.83684,41.849575],"type":"Point"}},{"type":"Feature","properties":{"name":"商都"},"geometry":{"coordinates":[113.550812,41.578493],"type":"Point"}},{"type":"Feature","properties":{"name":"七苏木"},"geometry":{"coordinates":[113.184879,41.077662],"type":"Point"}},{"type":"Feature","properties":{"name":"赛音呼都格"},"geometry":{"coordinates":[116.357709,42.846721],"type":"Point"}},{"type":"Feature","properties":{"name":"保健"},"geometry":{"coordinates":[114.389685,42.089465],"type":"Point"}},{"type":"Feature","properties":{"name":"兴和"},"geometry":{"coordinates":[114.604029,42.153813],"type":"Point"}},{"type":"Feature","properties":{"name":"正镶白旗"},"geometry":{"coordinates":[115.034171,42.279367],"type":"Point"}},{"type":"Feature","properties":{"name":"怀仁"},"geometry":{"coordinates":[113.087425,39.827158],"type":"Point"}},{"type":"Feature","properties":{"name":"朔州"},"geometry":{"coordinates":[112.441544,39.314936],"type":"Point"}},{"type":"Feature","properties":{"name":"宁武"},"geometry":{"coordinates":[112.312801,39.005571],"type":"Point"}},{"type":"Feature","properties":{"name":"太原北"},"geometry":{"coordinates":[112.559852,37.917187],"type":"Point"}},{"type":"Feature","properties":{"name":"纪家沟"},"geometry":{"coordinates":[118.126692,41.927731],"type":"Point"}},{"type":"Feature","properties":{"name":"庙城"},"geometry":{"coordinates":[116.616757,40.287627],"type":"Point"}},{"type":"Feature","properties":{"name":"上板城"},"geometry":{"coordinates":[118.051841,40.836889],"type":"Point"}},{"type":"Feature","properties":{"name":"通州西"},"geometry":{"coordinates":[116.62075,39.903483],"type":"Point"}},{"type":"Feature","properties":{"name":"厦门"},"geometry":{"coordinates":[118.111099,24.470335],"type":"Point"}},{"type":"Feature","properties":{"name":"新余"},"geometry":{"coordinates":[114.934312,27.812999],"type":"Point"}},{"type":"Feature","properties":{"name":"韩城"},"geometry":{"coordinates":[110.436355,35.484857],"type":"Point"}},{"type":"Feature","properties":{"name":"中华门"},"geometry":{"coordinates":[118.772105,32.008236],"type":"Point"}},{"type":"Feature","properties":{"name":"江都"},"geometry":{"coordinates":[119.572725,32.46081],"type":"Point"}},{"type":"Feature","properties":{"name":"罗山"},"geometry":{"coordinates":[114.545051,32.168191],"type":"Point"}},{"type":"Feature","properties":{"name":"南宁南"},"geometry":{"coordinates":[108.241389,22.776822],"type":"Point"}},{"type":"Feature","properties":{"name":"石景山南"},"geometry":{"coordinates":[116.209017,39.873671],"type":"Point"}},{"type":"Feature","properties":{"name":"达拉特北"},"geometry":{"coordinates":[109.988065,40.397616],"type":"Point"}},{"type":"Feature","properties":{"name":"连云港东"},"geometry":{"coordinates":[119.33478,34.718592],"type":"Point"}},{"type":"Feature","properties":{"name":"何刘"},"geometry":{"coordinates":[114.491055,30.530811],"type":"Point"}},{"type":"Feature","properties":{"name":"新店"},"geometry":{"coordinates":[114.592041,30.519908],"type":"Point"}},{"type":"Feature","properties":{"name":"图强"},"geometry":{"coordinates":[122.785259,52.930205],"type":"Point"}},{"type":"Feature","properties":{"name":"古莲"},"geometry":{"coordinates":[122.346778,52.94658],"type":"Point"}},{"type":"Feature","properties":{"name":"聂河"},"geometry":{"coordinates":[123.559312,52.759763],"type":"Point"}},{"type":"Feature","properties":{"name":"三间房"},"geometry":{"coordinates":[123.836005,47.09296],"type":"Point"}},{"type":"Feature","properties":{"name":"榆树屯"},"geometry":{"coordinates":[123.889213,47.153954],"type":"Point"}},{"type":"Feature","properties":{"name":"乳山"},"geometry":{"coordinates":[121.501961,36.996724],"type":"Point"}},{"type":"Feature","properties":{"name":"文登"},"geometry":{"coordinates":[121.985764,37.178646],"type":"Point"}},{"type":"Feature","properties":{"name":"野溪"},"geometry":{"coordinates":[116.063054,39.984258],"type":"Point"}},{"type":"Feature","properties":{"name":"衙门口"},"geometry":{"coordinates":[116.197537,39.89897],"type":"Point"}},{"type":"Feature","properties":{"name":"黑旺"},"geometry":{"coordinates":[118.196104,36.623687],"type":"Point"}},{"type":"Feature","properties":{"name":"Рассыпная Падь"},"geometry":{"coordinates":[131.210125,44.375234],"type":"Point"}},{"type":"Feature","properties":{"name":"青州市南"},"geometry":{"coordinates":[118.479736,36.707903],"type":"Point"}},{"type":"Feature","properties":{"name":"明港"},"geometry":{"coordinates":[114.043817,32.466866],"type":"Point"}},{"type":"Feature","properties":{"name":"乌兰木伦"},"geometry":{"coordinates":[110.193726,39.304017],"type":"Point"}},{"type":"Feature","properties":{"name":"信丰"},"geometry":{"coordinates":[114.902438,25.400385],"type":"Point"}},{"type":"Feature","properties":{"name":"沭阳"},"geometry":{"coordinates":[118.758945,34.113079],"type":"Point"}},{"type":"Feature","properties":{"name":"沙河"},"geometry":{"coordinates":[116.259081,40.124061],"type":"Point"}},{"type":"Feature","properties":{"name":"青龙寺"},"geometry":{"coordinates":[102.327496,25.019449],"type":"Point"}},{"type":"Feature","properties":{"name":"草店镇"},"geometry":{"coordinates":[113.681497,32.194372],"type":"Point"}},{"type":"Feature","properties":{"name":"Сосновая Падь"},"geometry":{"coordinates":[131.265356,44.389542],"type":"Point"}},{"type":"Feature","properties":{"name":"黄土店"},"geometry":{"coordinates":[116.342306,40.06919],"type":"Point"}},{"type":"Feature","properties":{"name":"琚湾"},"geometry":{"coordinates":[112.514711,32.061372],"type":"Point"}},{"type":"Feature","properties":{"name":"林场"},"geometry":{"coordinates":[118.675204,32.162447],"type":"Point"}},{"type":"Feature","properties":{"name":"高里"},"geometry":{"coordinates":[118.609725,32.15203],"type":"Point"}},{"type":"Feature","properties":{"name":"丽江"},"geometry":{"coordinates":[100.251212,26.814327],"type":"Point"}},{"type":"Feature","properties":{"name":"阎良"},"geometry":{"coordinates":[109.224579,34.669678],"type":"Point"}},{"type":"Feature","properties":{"name":"咸阳"},"geometry":{"coordinates":[108.730116,34.345699],"type":"Point"}},{"type":"Feature","properties":{"name":"临潼"},"geometry":{"coordinates":[109.207605,34.389804],"type":"Point"}},{"type":"Feature","properties":{"name":"黄陵西"},"geometry":{"coordinates":[109.249536,35.589985],"type":"Point"}},{"type":"Feature","properties":{"name":"朝天南"},"geometry":{"coordinates":[105.875023,32.640357],"type":"Point"}},{"type":"Feature","properties":{"name":"广元"},"geometry":{"coordinates":[105.817967,32.452658],"type":"Point"}},{"type":"Feature","properties":{"name":"谷城"},"geometry":{"coordinates":[111.596909,32.267179],"type":"Point"}},{"type":"Feature","properties":{"name":"武当山"},"geometry":{"coordinates":[110.960512,32.540419],"type":"Point"}},{"type":"Feature","properties":{"name":"十堰"},"geometry":{"coordinates":[110.777324,32.606953],"type":"Point"}},{"type":"Feature","properties":{"name":"燕子砭"},"geometry":{"coordinates":[105.94013,32.9186],"type":"Point"}},{"type":"Feature","properties":{"name":"广南卫"},"geometry":{"coordinates":[102.893991,24.922723],"type":"Point"}},{"type":"Feature","properties":{"name":"金马村"},"geometry":{"coordinates":[102.840275,25.023025],"type":"Point"}},{"type":"Feature","properties":{"name":"王家营西"},"geometry":{"coordinates":[102.823856,24.921267],"type":"Point"}},{"type":"Feature","properties":{"name":"羊堡"},"geometry":{"coordinates":[102.805208,24.971122],"type":"Point"}},{"type":"Feature","properties":{"name":"防城"},"geometry":{"coordinates":[108.366073,21.768911],"type":"Point"}},{"type":"Feature","properties":{"name":"大元"},"geometry":{"coordinates":[108.349399,22.485631],"type":"Point"}},{"type":"Feature","properties":{"name":"宁村"},"geometry":{"coordinates":[108.333122,22.559399],"type":"Point"}},{"type":"Feature","properties":{"name":"莱州北"},"geometry":{"coordinates":[119.901345,37.230449],"type":"Point"}},{"type":"Feature","properties":{"name":"鹿寨"},"geometry":{"coordinates":[109.741409,24.482814],"type":"Point"}},{"type":"Feature","properties":{"name":"北海"},"geometry":{"coordinates":[109.12425,21.4543],"type":"Point"}},{"type":"Feature","properties":{"name":"来宾"},"geometry":{"coordinates":[109.237249,23.732471],"type":"Point"}},{"type":"Feature","properties":{"name":"玉林"},"geometry":{"coordinates":[110.15236,22.600073],"type":"Point"}},{"type":"Feature","properties":{"name":"冯家山"},"geometry":{"coordinates":[107.183338,34.527521],"type":"Point"}},{"type":"Feature","properties":{"name":"凤翔"},"geometry":{"coordinates":[107.24597,34.462765],"type":"Point"}},{"type":"Feature","properties":{"name":"千河"},"geometry":{"coordinates":[107.298691,34.392937],"type":"Point"}},{"type":"Feature","properties":{"name":"千阳"},"geometry":{"coordinates":[107.110955,34.636357],"type":"Point"}},{"type":"Feature","properties":{"name":"段家湾"},"geometry":{"coordinates":[107.150906,34.620046],"type":"Point"}},{"type":"Feature","properties":{"name":"凤州"},"geometry":{"coordinates":[106.650962,33.97154],"type":"Point"}},{"type":"Feature","properties":{"name":"马角坝"},"geometry":{"coordinates":[105.079655,32.087645],"type":"Point"}},{"type":"Feature","properties":{"name":"沙溪坝"},"geometry":{"coordinates":[105.506803,32.287393],"type":"Point"}},{"type":"Feature","properties":{"name":"阳平关"},"geometry":{"coordinates":[106.033607,32.968494],"type":"Point"}},{"type":"Feature","properties":{"name":"昭化"},"geometry":{"coordinates":[105.638098,32.386752],"type":"Point"}},{"type":"Feature","properties":{"name":"锡林浩特"},"geometry":{"coordinates":[116.020906,43.917148],"type":"Point"}},{"type":"Feature","properties":{"name":"窑上"},"geometry":{"coordinates":[117.402057,40.982353],"type":"Point"}},{"type":"Feature","properties":{"name":"城固"},"geometry":{"coordinates":[107.318605,33.140305],"type":"Point"}},{"type":"Feature","properties":{"name":"高滩"},"geometry":{"coordinates":[108.354933,32.434014],"type":"Point"}},{"type":"Feature","properties":{"name":"汉阴"},"geometry":{"coordinates":[108.502224,32.879089],"type":"Point"}},{"type":"Feature","properties":{"name":"石泉县"},"geometry":{"coordinates":[108.246756,33.031097],"type":"Point"}},{"type":"Feature","properties":{"name":"紫阳"},"geometry":{"coordinates":[108.545334,32.52809],"type":"Point"}},{"type":"Feature","properties":{"name":"周家湾"},"geometry":{"coordinates":[111.193945,39.880883],"type":"Point"}},{"type":"Feature","properties":{"name":"丙谷"},"geometry":{"coordinates":[102.07936,26.831455],"type":"Point"}},{"type":"Feature","properties":{"name":"德昌"},"geometry":{"coordinates":[102.185443,27.399021],"type":"Point"}},{"type":"Feature","properties":{"name":"拉鲊"},"geometry":{"coordinates":[101.926631,26.374817],"type":"Point"}},{"type":"Feature","properties":{"name":"乐跃"},"geometry":{"coordinates":[102.319736,27.294375],"type":"Point"}},{"type":"Feature","properties":{"name":"米易"},"geometry":{"coordinates":[102.1117,26.87857],"type":"Point"}},{"type":"Feature","properties":{"name":"牛坪子"},"geometry":{"coordinates":[101.820131,26.635249],"type":"Point"}},{"type":"Feature","properties":{"name":"攀枝花"},"geometry":{"coordinates":[101.849631,26.547043],"type":"Point"}},{"type":"Feature","properties":{"name":"三堆子"},"geometry":{"coordinates":[101.823848,26.599389],"type":"Point"}},{"type":"Feature","properties":{"name":"沙坝"},"geometry":{"coordinates":[102.127733,26.950982],"type":"Point"}},{"type":"Feature","properties":{"name":"桐子林"},"geometry":{"coordinates":[101.853867,26.714284],"type":"Point"}},{"type":"Feature","properties":{"name":"小高"},"geometry":{"coordinates":[102.26782,27.361203],"type":"Point"}},{"type":"Feature","properties":{"name":"垭口"},"geometry":{"coordinates":[101.997204,26.789429],"type":"Point"}},{"type":"Feature","properties":{"name":"永郎"},"geometry":{"coordinates":[102.24643,27.151548],"type":"Point"}},{"type":"Feature","properties":{"name":"枣子林"},"geometry":{"coordinates":[101.939788,26.748323],"type":"Point"}},{"type":"Feature","properties":{"name":"马格庄"},"geometry":{"coordinates":[120.606847,36.882308],"type":"Point"}},{"type":"Feature","properties":{"name":"安顺"},"geometry":{"coordinates":[105.939606,26.232989],"type":"Point"}},{"type":"Feature","properties":{"name":"化处"},"geometry":{"coordinates":[105.61643,26.21252],"type":"Point"}},{"type":"Feature","properties":{"name":"黄桶"},"geometry":{"coordinates":[105.685513,26.197415],"type":"Point"}},{"type":"Feature","properties":{"name":"南丹"},"geometry":{"coordinates":[107.554377,24.978952],"type":"Point"}},{"type":"Feature","properties":{"name":"田阳"},"geometry":{"coordinates":[106.93236,23.768839],"type":"Point"}},{"type":"Feature","properties":{"name":"金鸡村"},"geometry":{"coordinates":[108.181557,22.760384],"type":"Point"}},{"type":"Feature","properties":{"name":"那罗"},"geometry":{"coordinates":[108.27283,22.734497],"type":"Point"}},{"type":"Feature","properties":{"name":"凤凰山"},"geometry":{"coordinates":[104.1534,26.26883],"type":"Point"}},{"type":"Feature","properties":{"name":"宣威"},"geometry":{"coordinates":[104.117318,26.211206],"type":"Point"}},{"type":"Feature","properties":{"name":"乐善村"},"geometry":{"coordinates":[103.149413,25.026426],"type":"Point"}},{"type":"Feature","properties":{"name":"宜良北"},"geometry":{"coordinates":[103.188757,24.986003],"type":"Point"}},{"type":"Feature","properties":{"name":"涟源"},"geometry":{"coordinates":[111.670277,27.687925],"type":"Point"}},{"type":"Feature","properties":{"name":"娄底"},"geometry":{"coordinates":[112.000385,27.743019],"type":"Point"}},{"type":"Feature","properties":{"name":"东安"},"geometry":{"coordinates":[111.304653,26.401832],"type":"Point"}},{"type":"Feature","properties":{"name":"全州"},"geometry":{"coordinates":[111.039801,25.958215],"type":"Point"}},{"type":"Feature","properties":{"name":"兴安"},"geometry":{"coordinates":[110.662303,25.618184],"type":"Point"}},{"type":"Feature","properties":{"name":"翠屏"},"geometry":{"coordinates":[104.598422,28.755134],"type":"Point"}},{"type":"Feature","properties":{"name":"南昌南"},"geometry":{"coordinates":[115.945387,28.503517],"type":"Point"}},{"type":"Feature","properties":{"name":"麻城"},"geometry":{"coordinates":[114.957624,31.148281],"type":"Point"}},{"type":"Feature","properties":{"name":"南昌"},"geometry":{"coordinates":[115.914825,28.665286],"type":"Point"}},{"type":"Feature","properties":{"name":"向塘"},"geometry":{"coordinates":[115.956506,28.446246],"type":"Point"}},{"type":"Feature","properties":{"name":"安康"},"geometry":{"coordinates":[109.012386,32.714628],"type":"Point"}},{"type":"Feature","properties":{"name":"旬阳北"},"geometry":{"coordinates":[109.292839,32.842094],"type":"Point"}},{"type":"Feature","properties":{"name":"旬阳"},"geometry":{"coordinates":[109.34813,32.837889],"type":"Point"}},{"type":"Feature","properties":{"name":"崇左"},"geometry":{"coordinates":[107.35408,22.406414],"type":"Point"}},{"type":"Feature","properties":{"name":"扶绥"},"geometry":{"coordinates":[107.915627,22.631144],"type":"Point"}},{"type":"Feature","properties":{"name":"濑湍"},"geometry":{"coordinates":[107.49762,22.44807],"type":"Point"}},{"type":"Feature","properties":{"name":"龙伯屯"},"geometry":{"coordinates":[107.11194,22.1862],"type":"Point"}},{"type":"Feature","properties":{"name":"宁明"},"geometry":{"coordinates":[107.059844,22.161182],"type":"Point"}},{"type":"Feature","properties":{"name":"凭祥"},"geometry":{"coordinates":[106.739165,22.082796],"type":"Point"}},{"type":"Feature","properties":{"name":"渠旧"},"geometry":{"coordinates":[107.57855,22.51781],"type":"Point"}},{"type":"Feature","properties":{"name":"渠黎"},"geometry":{"coordinates":[107.788495,22.557154],"type":"Point"}},{"type":"Feature","properties":{"name":"天西"},"geometry":{"coordinates":[107.175558,22.305313],"type":"Point"}},{"type":"Feature","properties":{"name":"亭亮"},"geometry":{"coordinates":[107.184354,22.219551],"type":"Point"}},{"type":"Feature","properties":{"name":"夏石"},"geometry":{"coordinates":[106.90007,22.1214],"type":"Point"}},{"type":"Feature","properties":{"name":"白合"},"geometry":{"coordinates":[112.54047,34.85102],"type":"Point"}},{"type":"Feature","properties":{"name":"待王"},"geometry":{"coordinates":[113.329722,35.240255],"type":"Point"}},{"type":"Feature","properties":{"name":"董庄"},"geometry":{"coordinates":[112.655823,33.32273],"type":"Point"}},{"type":"Feature","properties":{"name":"后寨"},"geometry":{"coordinates":[113.003183,35.282803],"type":"Point"}},{"type":"Feature","properties":{"name":"获嘉"},"geometry":{"coordinates":[113.642978,35.256475],"type":"Point"}},{"type":"Feature","properties":{"name":"焦作"},"geometry":{"coordinates":[113.22871,35.222596],"type":"Point"}},{"type":"Feature","properties":{"name":"晋城北"},"geometry":{"coordinates":[112.898404,35.509764],"type":"Point"}},{"type":"Feature","properties":{"name":"晋城"},"geometry":{"coordinates":[112.867213,35.475395],"type":"Point"}},{"type":"Feature","properties":{"name":"济源"},"geometry":{"coordinates":[112.567436,35.11104],"type":"Point"}},{"type":"Feature","properties":{"name":"莲东"},"geometry":{"coordinates":[112.638743,35.13067],"type":"Point"}},{"type":"Feature","properties":{"name":"洛阳"},"geometry":{"coordinates":[112.429942,34.687322],"type":"Point"}},{"type":"Feature","properties":{"name":"鲁山"},"geometry":{"coordinates":[112.897513,33.750133],"type":"Point"}},{"type":"Feature","properties":{"name":"孟津"},"geometry":{"coordinates":[112.594816,34.797113],"type":"Point"}},{"type":"Feature","properties":{"name":"南召"},"geometry":{"coordinates":[112.735047,33.441394],"type":"Point"}},{"type":"Feature","properties":{"name":"捏掌"},"geometry":{"coordinates":[112.82455,35.191167],"type":"Point"}},{"type":"Feature","properties":{"name":"沁河北"},"geometry":{"coordinates":[112.726128,35.167325],"type":"Point"}},{"type":"Feature","properties":{"name":"沁阳"},"geometry":{"coordinates":[112.944272,35.200601],"type":"Point"}},{"type":"Feature","properties":{"name":"汝州"},"geometry":{"coordinates":[112.821929,34.170686],"type":"Point"}},{"type":"Feature","properties":{"name":"王庄"},"geometry":{"coordinates":[112.488571,34.887248],"type":"Point"}},{"type":"Feature","properties":{"name":"修武"},"geometry":{"coordinates":[113.432754,35.243616],"type":"Point"}},{"type":"Feature","properties":{"name":"月山"},"geometry":{"coordinates":[113.049159,35.210411],"type":"Point"}},{"type":"Feature","properties":{"name":"轵城"},"geometry":{"coordinates":[112.56742,35.04287],"type":"Point"}},{"type":"Feature","properties":{"name":"沁县"},"geometry":{"coordinates":[112.699,36.75867],"type":"Point"}},{"type":"Feature","properties":{"name":"武乡东"},"geometry":{"coordinates":[112.847205,36.855668],"type":"Point"}},{"type":"Feature","properties":{"name":"榆社"},"geometry":{"coordinates":[112.96315,37.051427],"type":"Point"}},{"type":"Feature","properties":{"name":"长治"},"geometry":{"coordinates":[113.064083,36.188507],"type":"Point"}},{"type":"Feature","properties":{"name":"高平"},"geometry":{"coordinates":[112.912829,35.801293],"type":"Point"}},{"type":"Feature","properties":{"name":"贵阳"},"geometry":{"coordinates":[106.698741,26.559901],"type":"Point"}},{"type":"Feature","properties":{"name":"怀化"},"geometry":{"coordinates":[109.963314,27.560664],"type":"Point"}},{"type":"Feature","properties":{"name":"绍兴"},"geometry":{"coordinates":[120.575832,30.01673],"type":"Point"}},{"type":"Feature","properties":{"name":"湘潭"},"geometry":{"coordinates":[112.908008,27.879569],"type":"Point"}},{"type":"Feature","properties":{"name":"义乌"},"geometry":{"coordinates":[120.038704,29.380838],"type":"Point"}},{"type":"Feature","properties":{"name":"玉屏"},"geometry":{"coordinates":[108.930696,27.243059],"type":"Point"}},{"type":"Feature","properties":{"name":"樟树东"},"geometry":{"coordinates":[115.5957,27.968213],"type":"Point"}},{"type":"Feature","properties":{"name":"分宜"},"geometry":{"coordinates":[114.658798,27.808889],"type":"Point"}},{"type":"Feature","properties":{"name":"宝坻北"},"geometry":{"coordinates":[117.329266,39.714265],"type":"Point"}},{"type":"Feature","properties":{"name":"三河县"},"geometry":{"coordinates":[117.08578,39.971322],"type":"Point"}},{"type":"Feature","properties":{"name":"上仓"},"geometry":{"coordinates":[117.404277,39.909462],"type":"Point"}},{"type":"Feature","properties":{"name":"下仓"},"geometry":{"coordinates":[117.427371,39.794404],"type":"Point"}},{"type":"Feature","properties":{"name":"昌黎"},"geometry":{"coordinates":[119.16145,39.702907],"type":"Point"}},{"type":"Feature","properties":{"name":"永安"},"geometry":{"coordinates":[117.372977,25.977723],"type":"Point"}},{"type":"Feature","properties":{"name":"漳平"},"geometry":{"coordinates":[117.414666,25.308542],"type":"Point"}},{"type":"Feature","properties":{"name":"小河镇"},"geometry":{"coordinates":[109.151897,33.114394],"type":"Point"}},{"type":"Feature","properties":{"name":"柞水"},"geometry":{"coordinates":[109.141584,33.64064],"type":"Point"}},{"type":"Feature","properties":{"name":"镇安"},"geometry":{"coordinates":[109.164452,33.422878],"type":"Point"}},{"type":"Feature","properties":{"name":"青岔"},"geometry":{"coordinates":[108.921566,33.963507],"type":"Point"}},{"type":"Feature","properties":{"name":"低庄"},"geometry":{"coordinates":[110.710622,28.052671],"type":"Point"}},{"type":"Feature","properties":{"name":"达州"},"geometry":{"coordinates":[107.448423,31.200675],"type":"Point"}},{"type":"Feature","properties":{"name":"渡市"},"geometry":{"coordinates":[107.279239,31.027641],"type":"Point"}},{"type":"Feature","properties":{"name":"毛坝"},"geometry":{"coordinates":[107.741196,31.621117],"type":"Point"}},{"type":"Feature","properties":{"name":"万源"},"geometry":{"coordinates":[108.037291,32.086648],"type":"Point"}},{"type":"Feature","properties":{"name":"襄阳"},"geometry":{"coordinates":[112.149103,32.059478],"type":"Point"}},{"type":"Feature","properties":{"name":"宣汉"},"geometry":{"coordinates":[107.654094,31.544691],"type":"Point"}},{"type":"Feature","properties":{"name":"柏林"},"geometry":{"coordinates":[105.943906,29.167844],"type":"Point"}},{"type":"Feature","properties":{"name":"白沙"},"geometry":{"coordinates":[106.127832,29.076789],"type":"Point"}},{"type":"Feature","properties":{"name":"茨坝"},"geometry":{"coordinates":[105.930838,29.113014],"type":"Point"}},{"type":"Feature","properties":{"name":"古家沱"},"geometry":{"coordinates":[106.208321,29.223446],"type":"Point"}},{"type":"Feature","properties":{"name":"黄磏"},"geometry":{"coordinates":[106.297087,29.26808],"type":"Point"}},{"type":"Feature","properties":{"name":"江津"},"geometry":{"coordinates":[106.237193,29.264652],"type":"Point"}},{"type":"Feature","properties":{"name":"临江场"},"geometry":{"coordinates":[105.946023,29.233513],"type":"Point"}},{"type":"Feature","properties":{"name":"隆昌"},"geometry":{"coordinates":[105.277831,29.358677],"type":"Point"}},{"type":"Feature","properties":{"name":"平等"},"geometry":{"coordinates":[106.022573,29.101719],"type":"Point"}},{"type":"Feature","properties":{"name":"荣昌"},"geometry":{"coordinates":[105.5775,29.39787],"type":"Point"}},{"type":"Feature","properties":{"name":"永川"},"geometry":{"coordinates":[105.897263,29.344099],"type":"Point"}},{"type":"Feature","properties":{"name":"油溪"},"geometry":{"coordinates":[106.144871,29.203476],"type":"Point"}},{"type":"Feature","properties":{"name":"朱杨溪"},"geometry":{"coordinates":[105.94746,29.064628],"type":"Point"}},{"type":"Feature","properties":{"name":"石场"},"geometry":{"coordinates":[106.409146,29.347707],"type":"Point"}},{"type":"Feature","properties":{"name":"铜罐驿"},"geometry":{"coordinates":[106.383815,29.298482],"type":"Point"}},{"type":"Feature","properties":{"name":"小南海"},"geometry":{"coordinates":[106.43116,29.359663],"type":"Point"}},{"type":"Feature","properties":{"name":"内江"},"geometry":{"coordinates":[105.033864,29.590365],"type":"Point"}},{"type":"Feature","properties":{"name":"资中"},"geometry":{"coordinates":[104.861384,29.770909],"type":"Point"}},{"type":"Feature","properties":{"name":"柏村"},"geometry":{"coordinates":[103.182513,29.260542],"type":"Point"}},{"type":"Feature","properties":{"name":"长河坝"},"geometry":{"coordinates":[102.942568,29.305567],"type":"Point"}},{"type":"Feature","properties":{"name":"代湾"},"geometry":{"coordinates":[103.4586,29.31492],"type":"Point"}},{"type":"Feature","properties":{"name":"峨眉"},"geometry":{"coordinates":[103.520316,29.587291],"type":"Point"}},{"type":"Feature","properties":{"name":"共和"},"geometry":{"coordinates":[103.315471,29.30224],"type":"Point"}},{"type":"Feature","properties":{"name":"公兴"},"geometry":{"coordinates":[103.967698,30.478375],"type":"Point"}},{"type":"Feature","properties":{"name":"关村坝"},"geometry":{"coordinates":[103.02193,29.288887],"type":"Point"}},{"type":"Feature","properties":{"name":"金口河"},"geometry":{"coordinates":[103.104707,29.291096],"type":"Point"}},{"type":"Feature","properties":{"name":"九里"},"geometry":{"coordinates":[103.542489,29.483506],"type":"Point"}},{"type":"Feature","properties":{"name":"夹江"},"geometry":{"coordinates":[103.575262,29.753831],"type":"Point"}},{"type":"Feature","properties":{"name":"刘沟"},"geometry":{"coordinates":[103.506174,29.288863],"type":"Point"}},{"type":"Feature","properties":{"name":"马村"},"geometry":{"coordinates":[103.60631,29.812158],"type":"Point"}},{"type":"Feature","properties":{"name":"眉山"},"geometry":{"coordinates":[103.810404,30.067462],"type":"Point"}},{"type":"Feature","properties":{"name":"彭山"},"geometry":{"coordinates":[103.857101,30.194975],"type":"Point"}},{"type":"Feature","properties":{"name":"青龙场"},"geometry":{"coordinates":[103.867311,30.29722],"type":"Point"}},{"type":"Feature","properties":{"name":"沙湾"},"geometry":{"coordinates":[103.53568,29.41521],"type":"Point"}},{"type":"Feature","properties":{"name":"双福"},"geometry":{"coordinates":[103.530752,29.687467],"type":"Point"}},{"type":"Feature","properties":{"name":"双流"},"geometry":{"coordinates":[104.023919,30.552565],"type":"Point"}},{"type":"Feature","properties":{"name":"苏雄"},"geometry":{"coordinates":[102.869668,29.145706],"type":"Point"}},{"type":"Feature","properties":{"name":"太和"},"geometry":{"coordinates":[103.828719,30.124857],"type":"Point"}},{"type":"Feature","properties":{"name":"普兴"},"geometry":{"coordinates":[103.913954,30.386125],"type":"Point"}},{"type":"Feature","properties":{"name":"燕岗"},"geometry":{"coordinates":[103.521864,29.555737],"type":"Point"}},{"type":"Feature","properties":{"name":"杨漩"},"geometry":{"coordinates":[103.398694,29.305355],"type":"Point"}},{"type":"Feature","properties":{"name":"轸溪"},"geometry":{"coordinates":[103.557423,29.326159],"type":"Point"}},{"type":"Feature","properties":{"name":"吴场"},"geometry":{"coordinates":[103.654948,29.877852],"type":"Point"}},{"type":"Feature","properties":{"name":"当阳"},"geometry":{"coordinates":[111.806766,30.849954],"type":"Point"}},{"type":"Feature","properties":{"name":"荆门"},"geometry":{"coordinates":[112.206171,31.053256],"type":"Point"}},{"type":"Feature","properties":{"name":"安陆"},"geometry":{"coordinates":[113.689821,31.258876],"type":"Point"}},{"type":"Feature","properties":{"name":"应城"},"geometry":{"coordinates":[113.567289,30.925397],"type":"Point"}},{"type":"Feature","properties":{"name":"邓州"},"geometry":{"coordinates":[112.064691,32.685009],"type":"Point"}},{"type":"Feature","properties":{"name":"穰东"},"geometry":{"coordinates":[112.287128,32.865988],"type":"Point"}},{"type":"Feature","properties":{"name":"内乡"},"geometry":{"coordinates":[111.860401,33.069765],"type":"Point"}},{"type":"Feature","properties":{"name":"镇平"},"geometry":{"coordinates":[112.218829,33.055357],"type":"Point"}},{"type":"Feature","properties":{"name":"莫尔道嘎"},"geometry":{"coordinates":[120.801999,51.233007],"type":"Point"}},{"type":"Feature","properties":{"name":"二井"},"geometry":{"coordinates":[120.56597,49.245532],"type":"Point"}},{"type":"Feature","properties":{"name":"煤田"},"geometry":{"coordinates":[121.312917,49.477777],"type":"Point"}},{"type":"Feature","properties":{"name":"牧原"},"geometry":{"coordinates":[121.1264,49.406569],"type":"Point"}},{"type":"Feature","properties":{"name":"扎罗木得"},"geometry":{"coordinates":[120.425532,49.215016],"type":"Point"}},{"type":"Feature","properties":{"name":"巴林"},"geometry":{"coordinates":[122.326796,48.31313],"type":"Point"}},{"type":"Feature","properties":{"name":"高台子"},"geometry":{"coordinates":[122.795625,47.934609],"type":"Point"}},{"type":"Feature","properties":{"name":"沟口"},"geometry":{"coordinates":[122.020061,48.678074],"type":"Point"}},{"type":"Feature","properties":{"name":"哈拉苏"},"geometry":{"coordinates":[122.422124,48.114231],"type":"Point"}},{"type":"Feature","properties":{"name":"喇嘛山"},"geometry":{"coordinates":[122.255669,48.384263],"type":"Point"}},{"type":"Feature","properties":{"name":"南木"},"geometry":{"coordinates":[122.360227,48.176703],"type":"Point"}},{"type":"Feature","properties":{"name":"碾子山"},"geometry":{"coordinates":[122.876449,47.513429],"type":"Point"}},{"type":"Feature","properties":{"name":"兴安岭"},"geometry":{"coordinates":[121.658509,48.821093],"type":"Point"}},{"type":"Feature","properties":{"name":"雅鲁"},"geometry":{"coordinates":[122.137408,48.547824],"type":"Point"}},{"type":"Feature","properties":{"name":"扎兰屯"},"geometry":{"coordinates":[122.740264,48.012395],"type":"Point"}},{"type":"Feature","properties":{"name":"富拉尔基"},"geometry":{"coordinates":[123.640363,47.209009],"type":"Point"}},{"type":"Feature","properties":{"name":"虎尔虎拉"},"geometry":{"coordinates":[123.542815,47.244661],"type":"Point"}},{"type":"Feature","properties":{"name":"红石崖"},"geometry":{"coordinates":[112.964666,39.949342],"type":"Point"}},{"type":"Feature","properties":{"name":"四老沟"},"geometry":{"coordinates":[113.039792,39.98632],"type":"Point"}},{"type":"Feature","properties":{"name":"雁儿崖"},"geometry":{"coordinates":[113.015335,39.969451],"type":"Point"}},{"type":"Feature","properties":{"name":"孤山"},"geometry":{"coordinates":[113.324253,40.224879],"type":"Point"}},{"type":"Feature","properties":{"name":"八苏木"},"geometry":{"coordinates":[112.841394,40.951416],"type":"Point"}},{"type":"Feature","properties":{"name":"大同东"},"geometry":{"coordinates":[113.355757,40.1126],"type":"Point"}},{"type":"Feature","properties":{"name":"丰镇"},"geometry":{"coordinates":[113.156457,40.433881],"type":"Point"}},{"type":"Feature","properties":{"name":"福生庄"},"geometry":{"coordinates":[112.45545,40.96609],"type":"Point"}},{"type":"Feature","properties":{"name":"姑家堡"},"geometry":{"coordinates":[112.612667,40.9179],"type":"Point"}},{"type":"Feature","properties":{"name":"葫芦"},"geometry":{"coordinates":[113.003669,41.04124],"type":"Point"}},{"type":"Feature","properties":{"name":"马盖图"},"geometry":{"coordinates":[112.69913,40.90549],"type":"Point"}},{"type":"Feature","properties":{"name":"民族"},"geometry":{"coordinates":[112.091638,40.894158],"type":"Point"}},{"type":"Feature","properties":{"name":"三道营"},"geometry":{"coordinates":[112.28925,40.99115],"type":"Point"}},{"type":"Feature","properties":{"name":"天镇"},"geometry":{"coordinates":[114.060511,40.451443],"type":"Point"}},{"type":"Feature","properties":{"name":"新安庄"},"geometry":{"coordinates":[113.22381,40.53024],"type":"Point"}},{"type":"Feature","properties":{"name":"阳高"},"geometry":{"coordinates":[113.732572,40.364306],"type":"Point"}},{"type":"Feature","properties":{"name":"永嘉堡"},"geometry":{"coordinates":[114.218029,40.528129],"type":"Point"}},{"type":"Feature","properties":{"name":"卓资山"},"geometry":{"coordinates":[112.55535,40.900884],"type":"Point"}},{"type":"Feature","properties":{"name":"玉门"},"geometry":{"coordinates":[97.043898,40.271588],"type":"Point"}},{"type":"Feature","properties":{"name":"敖头"},"geometry":{"coordinates":[129.260535,44.531269],"type":"Point"}},{"type":"Feature","properties":{"name":"海林"},"geometry":{"coordinates":[129.380222,44.564777],"type":"Point"}},{"type":"Feature","properties":{"name":"虎峰"},"geometry":{"coordinates":[128.960567,44.911675],"type":"Point"}},{"type":"Feature","properties":{"name":"拉古"},"geometry":{"coordinates":[129.490288,44.56359],"type":"Point"}},{"type":"Feature","properties":{"name":"伊林"},"geometry":{"coordinates":[130.346396,44.598445],"type":"Point"}},{"type":"Feature","properties":{"name":"玉泉"},"geometry":{"coordinates":[127.15587,45.414598],"type":"Point"}},{"type":"Feature","properties":{"name":"朱家沟"},"geometry":{"coordinates":[129.850474,44.874896],"type":"Point"}},{"type":"Feature","properties":{"name":"柴河"},"geometry":{"coordinates":[129.680023,44.765395],"type":"Point"}},{"type":"Feature","properties":{"name":"郯城"},"geometry":{"coordinates":[118.371237,34.603217],"type":"Point"}},{"type":"Feature","properties":{"name":"五莲"},"geometry":{"coordinates":[119.201499,35.805524],"type":"Point"}},{"type":"Feature","properties":{"name":"新沂"},"geometry":{"coordinates":[118.343186,34.381785],"type":"Point"}},{"type":"Feature","properties":{"name":"蓝村"},"geometry":{"coordinates":[120.178944,36.395115],"type":"Point"}},{"type":"Feature","properties":{"name":"绥德"},"geometry":{"coordinates":[110.256566,37.546011],"type":"Point"}},{"type":"Feature","properties":{"name":"呼家塔"},"geometry":{"coordinates":[110.086216,37.305702],"type":"Point"}},{"type":"Feature","properties":{"name":"米脂"},"geometry":{"coordinates":[110.166246,37.750156],"type":"Point"}},{"type":"Feature","properties":{"name":"蟠龙镇"},"geometry":{"coordinates":[109.607631,36.884951],"type":"Point"}},{"type":"Feature","properties":{"name":"子长"},"geometry":{"coordinates":[109.742503,37.152516],"type":"Point"}},{"type":"Feature","properties":{"name":"大荔北"},"geometry":{"coordinates":[109.82251,34.8991],"type":"Point"}},{"type":"Feature","properties":{"name":"道镇"},"geometry":{"coordinates":[109.369187,36.132408],"type":"Point"}},{"type":"Feature","properties":{"name":"洞子崖"},"geometry":{"coordinates":[109.73068,35.22714],"type":"Point"}},{"type":"Feature","properties":{"name":"杜赵"},"geometry":{"coordinates":[109.64759,34.93931],"type":"Point"}},{"type":"Feature","properties":{"name":"甘泉"},"geometry":{"coordinates":[109.34722,36.26085],"type":"Point"}},{"type":"Feature","properties":{"name":"坡底村"},"geometry":{"coordinates":[109.819,35.09291],"type":"Point"}},{"type":"Feature","properties":{"name":"蒲城"},"geometry":{"coordinates":[109.554448,34.935944],"type":"Point"}},{"type":"Feature","properties":{"name":"苏家坡"},"geometry":{"coordinates":[109.81951,35.03969],"type":"Point"}},{"type":"Feature","properties":{"name":"孙镇"},"geometry":{"coordinates":[109.761338,34.97808],"type":"Point"}},{"type":"Feature","properties":{"name":"韦庄"},"geometry":{"coordinates":[109.931354,34.971465],"type":"Point"}},{"type":"Feature","properties":{"name":"张家船"},"geometry":{"coordinates":[109.584207,35.320967],"type":"Point"}},{"type":"Feature","properties":{"name":"张桥"},"geometry":{"coordinates":[109.395579,34.772279],"type":"Point"}},{"type":"Feature","properties":{"name":"钟家村"},"geometry":{"coordinates":[109.464407,34.823105],"type":"Point"}},{"type":"Feature","properties":{"name":"东台"},"geometry":{"coordinates":[120.3394,32.876048],"type":"Point"}},{"type":"Feature","properties":{"name":"泰州"},"geometry":{"coordinates":[119.975543,32.53113],"type":"Point"}},{"type":"Feature","properties":{"name":"海安"},"geometry":{"coordinates":[120.499959,32.549304],"type":"Point"}},{"type":"Feature","properties":{"name":"淮城"},"geometry":{"coordinates":[119.167793,33.551528],"type":"Point"}},{"type":"Feature","properties":{"name":"淮安"},"geometry":{"coordinates":[119.027646,33.65014],"type":"Point"}},{"type":"Feature","properties":{"name":"四方"},"geometry":{"coordinates":[120.341934,36.105428],"type":"Point"}},{"type":"Feature","properties":{"name":"沙岭庄"},"geometry":{"coordinates":[120.345091,36.137542],"type":"Point"}},{"type":"Feature","properties":{"name":"稷山站"},"geometry":{"coordinates":[110.98956,35.612544],"type":"Point"}},{"type":"Feature","properties":{"name":"西贺村"},"geometry":{"coordinates":[111.283526,35.582907],"type":"Point"}},{"type":"Feature","properties":{"name":"新绛"},"geometry":{"coordinates":[111.20482,35.61068],"type":"Point"}},{"type":"Feature","properties":{"name":"金城江"},"geometry":{"coordinates":[108.061029,24.702745],"type":"Point"}},{"type":"Feature","properties":{"name":"麻尾"},"geometry":{"coordinates":[107.45574,25.322223],"type":"Point"}},{"type":"Feature","properties":{"name":"临澧西"},"geometry":{"coordinates":[111.603786,29.436359],"type":"Point"}},{"type":"Feature","properties":{"name":"常德"},"geometry":{"coordinates":[111.689445,29.074631],"type":"Point"}},{"type":"Feature","properties":{"name":"慈利"},"geometry":{"coordinates":[111.114039,29.419323],"type":"Point"}},{"type":"Feature","properties":{"name":"汉寿南"},"geometry":{"coordinates":[111.94181,28.77311],"type":"Point"}},{"type":"Feature","properties":{"name":"益阳"},"geometry":{"coordinates":[112.336345,28.541582],"type":"Point"}},{"type":"Feature","properties":{"name":"曲阜"},"geometry":{"coordinates":[117.024714,35.58319],"type":"Point"}},{"type":"Feature","properties":{"name":"泗水"},"geometry":{"coordinates":[117.255579,35.6364],"type":"Point"}},{"type":"Feature","properties":{"name":"吉首"},"geometry":{"coordinates":[109.730501,28.32736],"type":"Point"}},{"type":"Feature","properties":{"name":"麻阳"},"geometry":{"coordinates":[109.798218,27.858665],"type":"Point"}},{"type":"Feature","properties":{"name":"猛洞河"},"geometry":{"coordinates":[109.978137,28.689522],"type":"Point"}},{"type":"Feature","properties":{"name":"会同"},"geometry":{"coordinates":[109.727823,26.885538],"type":"Point"}},{"type":"Feature","properties":{"name":"靖州"},"geometry":{"coordinates":[109.683934,26.570013],"type":"Point"}},{"type":"Feature","properties":{"name":"融水"},"geometry":{"coordinates":[109.23602,25.074087],"type":"Point"}},{"type":"Feature","properties":{"name":"三江县"},"geometry":{"coordinates":[109.567536,25.838407],"type":"Point"}},{"type":"Feature","properties":{"name":"八斗"},"geometry":{"coordinates":[109.559921,25.893902],"type":"Point"}},{"type":"Feature","properties":{"name":"龙川"},"geometry":{"coordinates":[115.232598,24.11472],"type":"Point"}},{"type":"Feature","properties":{"name":"团山"},"geometry":{"coordinates":[102.742518,23.648104],"type":"Point"}},{"type":"Feature","properties":{"name":"石桥北"},"geometry":{"coordinates":[111.540435,23.883006],"type":"Point"}},{"type":"Feature","properties":{"name":"阳春"},"geometry":{"coordinates":[111.75662,22.19251],"type":"Point"}},{"type":"Feature","properties":{"name":"茂名"},"geometry":{"coordinates":[110.924126,21.645394],"type":"Point"}},{"type":"Feature","properties":{"name":"茂名西"},"geometry":{"coordinates":[110.843789,21.683759],"type":"Point"}},{"type":"Feature","properties":{"name":"赣州"},"geometry":{"coordinates":[114.960344,25.822384],"type":"Point"}},{"type":"Feature","properties":{"name":"龙南"},"geometry":{"coordinates":[114.872847,24.923056],"type":"Point"}},{"type":"Feature","properties":{"name":"兴国"},"geometry":{"coordinates":[115.313695,26.33313],"type":"Point"}},{"type":"Feature","properties":{"name":"怀宁"},"geometry":{"coordinates":[116.814827,30.764441],"type":"Point"}},{"type":"Feature","properties":{"name":"黄梅"},"geometry":{"coordinates":[115.93717,30.096344],"type":"Point"}},{"type":"Feature","properties":{"name":"孔垄"},"geometry":{"coordinates":[115.92354,29.888781],"type":"Point"}},{"type":"Feature","properties":{"name":"宿松"},"geometry":{"coordinates":[116.09839,30.231784],"type":"Point"}},{"type":"Feature","properties":{"name":"桐城"},"geometry":{"coordinates":[116.972938,31.052529],"type":"Point"}},{"type":"Feature","properties":{"name":"太湖"},"geometry":{"coordinates":[116.294777,30.462122],"type":"Point"}},{"type":"Feature","properties":{"name":"金华南"},"geometry":{"coordinates":[119.733694,29.117052],"type":"Point"}},{"type":"Feature","properties":{"name":"龙游"},"geometry":{"coordinates":[119.160109,29.00584],"type":"Point"}},{"type":"Feature","properties":{"name":"南票"},"geometry":{"coordinates":[120.73276,41.118657],"type":"Point"}},{"type":"Feature","properties":{"name":"官家"},"geometry":{"coordinates":[124.176994,40.475428],"type":"Point"}},{"type":"Feature","properties":{"name":"南通"},"geometry":{"coordinates":[120.855841,32.070266],"type":"Point"}},{"type":"Feature","properties":{"name":"如皋"},"geometry":{"coordinates":[120.601785,32.385858],"type":"Point"}},{"type":"Feature","properties":{"name":"泰兴"},"geometry":{"coordinates":[120.263642,32.241458],"type":"Point"}},{"type":"Feature","properties":{"name":"富安"},"geometry":{"coordinates":[120.452986,32.69896],"type":"Point"}},{"type":"Feature","properties":{"name":"阜宁"},"geometry":{"coordinates":[119.611844,33.596354],"type":"Point"}},{"type":"Feature","properties":{"name":"建湖"},"geometry":{"coordinates":[119.788959,33.507982],"type":"Point"}},{"type":"Feature","properties":{"name":"庆丰镇"},"geometry":{"coordinates":[119.893062,33.48242],"type":"Point"}},{"type":"Feature","properties":{"name":"徐溜"},"geometry":{"coordinates":[118.914441,33.837297],"type":"Point"}},{"type":"Feature","properties":{"name":"庄圩"},"geometry":{"coordinates":[118.862056,33.92602],"type":"Point"}},{"type":"Feature","properties":{"name":"白蒲"},"geometry":{"coordinates":[120.720083,32.246824],"type":"Point"}},{"type":"Feature","properties":{"name":"六合"},"geometry":{"coordinates":[118.841325,32.367942],"type":"Point"}},{"type":"Feature","properties":{"name":"仪征"},"geometry":{"coordinates":[119.144641,32.316103],"type":"Point"}},{"type":"Feature","properties":{"name":"万州"},"geometry":{"coordinates":[108.395043,30.756936],"type":"Point"}},{"type":"Feature","properties":{"name":"黄骅南"},"geometry":{"coordinates":[117.299893,38.333933],"type":"Point"}},{"type":"Feature","properties":{"name":"青县"},"geometry":{"coordinates":[116.832874,38.577096],"type":"Point"}},{"type":"Feature","properties":{"name":"井南"},"geometry":{"coordinates":[114.010597,37.991824],"type":"Point"}},{"type":"Feature","properties":{"name":"井陉"},"geometry":{"coordinates":[114.130795,38.034198],"type":"Point"}},{"type":"Feature","properties":{"name":"太原东"},"geometry":{"coordinates":[112.579954,37.884526],"type":"Point"}},{"type":"Feature","properties":{"name":"北义井"},"geometry":{"coordinates":[112.83419,38.45803],"type":"Point"}},{"type":"Feature","properties":{"name":"播明"},"geometry":{"coordinates":[112.736646,38.495792],"type":"Point"}},{"type":"Feature","properties":{"name":"蒋村"},"geometry":{"coordinates":[113.027919,38.532861],"type":"Point"}},{"type":"Feature","properties":{"name":"芦家庄"},"geometry":{"coordinates":[113.047471,37.735382],"type":"Point"}},{"type":"Feature","properties":{"name":"南峪"},"geometry":{"coordinates":[113.929374,37.987665],"type":"Point"}},{"type":"Feature","properties":{"name":"娘子关"},"geometry":{"coordinates":[113.874078,37.961717],"type":"Point"}},{"type":"Feature","properties":{"name":"修文"},"geometry":{"coordinates":[112.71389,37.60671],"type":"Point"}},{"type":"Feature","properties":{"name":"岩会"},"geometry":{"coordinates":[113.73502,37.87901],"type":"Point"}},{"type":"Feature","properties":{"name":"容桂"},"geometry":{"coordinates":[113.307146,22.75397],"type":"Point"}},{"type":"Feature","properties":{"name":"呼和浩特东"},"geometry":{"coordinates":[111.758224,40.849721],"type":"Point"}},{"type":"Feature","properties":{"name":"临沂东"},"geometry":{"coordinates":[118.437751,35.117363],"type":"Point"}},{"type":"Feature","properties":{"name":"海石湾"},"geometry":{"coordinates":[102.863108,36.341093],"type":"Point"}},{"type":"Feature","properties":{"name":"乐都"},"geometry":{"coordinates":[102.432601,36.476914],"type":"Point"}},{"type":"Feature","properties":{"name":"祁门"},"geometry":{"coordinates":[117.724603,29.848956],"type":"Point"}},{"type":"Feature","properties":{"name":"涪陵"},"geometry":{"coordinates":[107.329314,29.702421],"type":"Point"}},{"type":"Feature","properties":{"name":"土坎"},"geometry":{"coordinates":[107.67673,29.383112],"type":"Point"}},{"type":"Feature","properties":{"name":"鱼泉"},"geometry":{"coordinates":[108.84844,29.195204],"type":"Point"}},{"type":"Feature","properties":{"name":"坪石"},"geometry":{"coordinates":[113.048275,25.287397],"type":"Point"}},{"type":"Feature","properties":{"name":"包头"},"geometry":{"coordinates":[109.830185,40.604079],"type":"Point"}},{"type":"Feature","properties":{"name":"河唇"},"geometry":{"coordinates":[110.297422,21.698776],"type":"Point"}},{"type":"Feature","properties":{"name":"廉江"},"geometry":{"coordinates":[110.292717,21.617558],"type":"Point"}},{"type":"Feature","properties":{"name":"美岱召"},"geometry":{"coordinates":[110.740046,40.583368],"type":"Point"}},{"type":"Feature","properties":{"name":"萨拉齐"},"geometry":{"coordinates":[110.525767,40.563766],"type":"Point"}},{"type":"Feature","properties":{"name":"陶思浩"},"geometry":{"coordinates":[110.925672,40.658233],"type":"Point"}},{"type":"Feature","properties":{"name":"红砂坝"},"geometry":{"coordinates":[113.20365,40.68173],"type":"Point"}},{"type":"Feature","properties":{"name":"土贵乌拉"},"geometry":{"coordinates":[113.198549,40.784311],"type":"Point"}},{"type":"Feature","properties":{"name":"薛家湾"},"geometry":{"coordinates":[111.231297,39.867606],"type":"Point"}},{"type":"Feature","properties":{"name":"岱岳"},"geometry":{"coordinates":[112.819199,39.516745],"type":"Point"}},{"type":"Feature","properties":{"name":"安塘"},"geometry":{"coordinates":[111.701651,38.815171],"type":"Point"}},{"type":"Feature","properties":{"name":"岢岚"},"geometry":{"coordinates":[111.574927,38.7179],"type":"Point"}},{"type":"Feature","properties":{"name":"秦家庄"},"geometry":{"coordinates":[111.64608,38.8044],"type":"Point"}},{"type":"Feature","properties":{"name":"五寨"},"geometry":{"coordinates":[111.827359,38.916529],"type":"Point"}},{"type":"Feature","properties":{"name":"毕克齐"},"geometry":{"coordinates":[111.279869,40.722325],"type":"Point"}},{"type":"Feature","properties":{"name":"察素齐"},"geometry":{"coordinates":[111.11943,40.703567],"type":"Point"}},{"type":"Feature","properties":{"name":"西峡"},"geometry":{"coordinates":[111.50634,33.27299],"type":"Point"}},{"type":"Feature","properties":{"name":"朝阳地"},"geometry":{"coordinates":[118.220539,42.022297],"type":"Point"}},{"type":"Feature","properties":{"name":"黄家店"},"geometry":{"coordinates":[118.198959,41.966371],"type":"Point"}},{"type":"Feature","properties":{"name":"韩麻营"},"geometry":{"coordinates":[117.834229,41.275364],"type":"Point"}},{"type":"Feature","properties":{"name":"哈克"},"geometry":{"coordinates":[120.070175,49.190934],"type":"Point"}},{"type":"Feature","properties":{"name":"乌固诺尔"},"geometry":{"coordinates":[119.319871,49.152012],"type":"Point"}},{"type":"Feature","properties":{"name":"富裕"},"geometry":{"coordinates":[124.454095,47.794798],"type":"Point"}},{"type":"Feature","properties":{"name":"拉哈"},"geometry":{"coordinates":[124.624281,48.203478],"type":"Point"}},{"type":"Feature","properties":{"name":"古镇"},"geometry":{"coordinates":[113.200743,22.600886],"type":"Point"}},{"type":"Feature","properties":{"name":"陆丰"},"geometry":{"coordinates":[115.728462,22.950738],"type":"Point"}},{"type":"Feature","properties":{"name":"江油"},"geometry":{"coordinates":[104.767541,31.783437],"type":"Point"}},{"type":"Feature","properties":{"name":"绵阳"},"geometry":{"coordinates":[104.714631,31.46213],"type":"Point"}},{"type":"Feature","properties":{"name":"楚雄南"},"geometry":{"coordinates":[101.543382,25.053763],"type":"Point"}},{"type":"Feature","properties":{"name":"大德"},"geometry":{"coordinates":[102.206341,25.219677],"type":"Point"}},{"type":"Feature","properties":{"name":"大旧庄"},"geometry":{"coordinates":[101.809578,25.107352],"type":"Point"}},{"type":"Feature","properties":{"name":"高楼房"},"geometry":{"coordinates":[102.260188,25.210867],"type":"Point"}},{"type":"Feature","properties":{"name":"广通"},"geometry":{"coordinates":[101.757178,25.158747],"type":"Point"}},{"type":"Feature","properties":{"name":"禄丰"},"geometry":{"coordinates":[102.057162,25.188306],"type":"Point"}},{"type":"Feature","properties":{"name":"弥渡"},"geometry":{"coordinates":[100.424548,25.4991],"type":"Point"}},{"type":"Feature","properties":{"name":"密马龙"},"geometry":{"coordinates":[102.01844,25.17371],"type":"Point"}},{"type":"Feature","properties":{"name":"沐滂"},"geometry":{"coordinates":[100.76966,25.402051],"type":"Point"}},{"type":"Feature","properties":{"name":"棠海"},"geometry":{"coordinates":[102.09487,25.2089],"type":"Point"}},{"type":"Feature","properties":{"name":"塔石咀"},"geometry":{"coordinates":[101.851223,25.130762],"type":"Point"}},{"type":"Feature","properties":{"name":"小路溪"},"geometry":{"coordinates":[102.166758,25.255946],"type":"Point"}},{"type":"Feature","properties":{"name":"姚安"},"geometry":{"coordinates":[101.062495,25.368815],"type":"Point"}},{"type":"Feature","properties":{"name":"一平浪"},"geometry":{"coordinates":[101.905202,25.172253],"type":"Point"}},{"type":"Feature","properties":{"name":"泽润里"},"geometry":{"coordinates":[102.305941,25.097635],"type":"Point"}},{"type":"Feature","properties":{"name":"平河口"},"geometry":{"coordinates":[103.926507,25.672666],"type":"Point"}},{"type":"Feature","properties":{"name":"吴官田"},"geometry":{"coordinates":[103.529848,25.487193],"type":"Point"}},{"type":"Feature","properties":{"name":"小新街"},"geometry":{"coordinates":[103.222565,25.311664],"type":"Point"}},{"type":"Feature","properties":{"name":"礼乐"},"geometry":{"coordinates":[113.072345,22.548154],"type":"Point"}},{"type":"Feature","properties":{"name":"江海"},"geometry":{"coordinates":[113.158436,22.58565],"type":"Point"}},{"type":"Feature","properties":{"name":"开江"},"geometry":{"coordinates":[107.796563,30.916238],"type":"Point"}},{"type":"Feature","properties":{"name":"李河"},"geometry":{"coordinates":[108.25399,30.80735],"type":"Point"}},{"type":"Feature","properties":{"name":"麻柳镇"},"geometry":{"coordinates":[107.690264,31.011073],"type":"Point"}},{"type":"Feature","properties":{"name":"云梦"},"geometry":{"coordinates":[113.73272,31.02395],"type":"Point"}},{"type":"Feature","properties":{"name":"丹江"},"geometry":{"coordinates":[111.513155,32.536744],"type":"Point"}},{"type":"Feature","properties":{"name":"三元"},"geometry":{"coordinates":[118.637599,31.096944],"type":"Point"}},{"type":"Feature","properties":{"name":"蔡山"},"geometry":{"coordinates":[115.787838,29.893437],"type":"Point"}},{"type":"Feature","properties":{"name":"黄石东"},"geometry":{"coordinates":[115.084999,30.207186],"type":"Point"}},{"type":"Feature","properties":{"name":"栗木"},"geometry":{"coordinates":[115.487105,30.109663],"type":"Point"}},{"type":"Feature","properties":{"name":"庐山"},"geometry":{"coordinates":[115.874339,29.599636],"type":"Point"}},{"type":"Feature","properties":{"name":"瑞昌"},"geometry":{"coordinates":[115.666246,29.691371],"type":"Point"}},{"type":"Feature","properties":{"name":"武穴"},"geometry":{"coordinates":[115.632943,29.971873],"type":"Point"}},{"type":"Feature","properties":{"name":"阳新"},"geometry":{"coordinates":[115.174663,29.862168],"type":"Point"}},{"type":"Feature","properties":{"name":"兰考"},"geometry":{"coordinates":[114.813812,34.815541],"type":"Point"}},{"type":"Feature","properties":{"name":"民权"},"geometry":{"coordinates":[115.134667,34.64621],"type":"Point"}},{"type":"Feature","properties":{"name":"宁陵县"},"geometry":{"coordinates":[115.312655,34.57538],"type":"Point"}},{"type":"Feature","properties":{"name":"商丘南"},"geometry":{"coordinates":[115.699117,34.409667],"type":"Point"}},{"type":"Feature","properties":{"name":"商丘"},"geometry":{"coordinates":[115.651856,34.446059],"type":"Point"}},{"type":"Feature","properties":{"name":"中牟"},"geometry":{"coordinates":[114.027486,34.71007],"type":"Point"}},{"type":"Feature","properties":{"name":"安江"},"geometry":{"coordinates":[118.527935,31.75511],"type":"Point"}},{"type":"Feature","properties":{"name":"夏官营"},"geometry":{"coordinates":[104.176884,35.953084],"type":"Point"}},{"type":"Feature","properties":{"name":"许家台"},"geometry":{"coordinates":[104.206678,35.907337],"type":"Point"}},{"type":"Feature","properties":{"name":"吴家川"},"geometry":{"coordinates":[104.531652,36.656885],"type":"Point"}},{"type":"Feature","properties":{"name":"二营"},"geometry":{"coordinates":[106.244047,36.184228],"type":"Point"}},{"type":"Feature","properties":{"name":"韩府湾"},"geometry":{"coordinates":[106.125127,36.6062],"type":"Point"}},{"type":"Feature","properties":{"name":"火烧寨"},"geometry":{"coordinates":[106.771602,35.040793],"type":"Point"}},{"type":"Feature","properties":{"name":"六盘山"},"geometry":{"coordinates":[106.288009,35.706968],"type":"Point"}},{"type":"Feature","properties":{"name":"李旺"},"geometry":{"coordinates":[106.075374,36.700272],"type":"Point"}},{"type":"Feature","properties":{"name":"庙庄"},"geometry":{"coordinates":[106.838142,35.434997],"type":"Point"}},{"type":"Feature","properties":{"name":"娘娘庙"},"geometry":{"coordinates":[106.938306,34.806064],"type":"Point"}},{"type":"Feature","properties":{"name":"彭阳"},"geometry":{"coordinates":[106.283111,35.812084],"type":"Point"}},{"type":"Feature","properties":{"name":"平凉南"},"geometry":{"coordinates":[106.822831,35.484023],"type":"Point"}},{"type":"Feature","properties":{"name":"三关口"},"geometry":{"coordinates":[106.39201,35.664913],"type":"Point"}},{"type":"Feature","properties":{"name":"三营"},"geometry":{"coordinates":[106.144497,36.290633],"type":"Point"}},{"type":"Feature","properties":{"name":"神峪河"},"geometry":{"coordinates":[106.79232,35.129466],"type":"Point"}},{"type":"Feature","properties":{"name":"史家铺"},"geometry":{"coordinates":[106.788136,34.957574],"type":"Point"}},{"type":"Feature","properties":{"name":"土桥子"},"geometry":{"coordinates":[106.023761,36.796756],"type":"Point"}},{"type":"Feature","properties":{"name":"王团庄"},"geometry":{"coordinates":[105.980853,36.902409],"type":"Point"}},{"type":"Feature","properties":{"name":"新李"},"geometry":{"coordinates":[106.590234,35.603175],"type":"Point"}},{"type":"Feature","properties":{"name":"鱼河"},"geometry":{"coordinates":[109.848989,38.006555],"type":"Point"}},{"type":"Feature","properties":{"name":"镇川"},"geometry":{"coordinates":[110.106676,37.84367],"type":"Point"}},{"type":"Feature","properties":{"name":"田庄"},"geometry":{"coordinates":[110.162866,37.425648],"type":"Point"}},{"type":"Feature","properties":{"name":"柳林南"},"geometry":{"coordinates":[110.926354,37.442983],"type":"Point"}},{"type":"Feature","properties":{"name":"中阳"},"geometry":{"coordinates":[111.182337,37.352512],"type":"Point"}},{"type":"Feature","properties":{"name":"广汉"},"geometry":{"coordinates":[104.260384,30.979285],"type":"Point"}},{"type":"Feature","properties":{"name":"蓟州"},"geometry":{"coordinates":[117.362603,39.993651],"type":"Point"}},{"type":"Feature","properties":{"name":"蓟州西"},"geometry":{"coordinates":[117.319368,40.010247],"type":"Point"}},{"type":"Feature","properties":{"name":"高骈"},"geometry":{"coordinates":[104.215752,31.047239],"type":"Point"}},{"type":"Feature","properties":{"name":"什邡"},"geometry":{"coordinates":[104.163125,31.120826],"type":"Point"}},{"type":"Feature","properties":{"name":"北京朝阳"},"geometry":{"coordinates":[116.502418,39.943316],"type":"Point"}},{"type":"Feature","properties":{"name":"燕落"},"geometry":{"coordinates":[116.929792,40.570736],"type":"Point"}},{"type":"Feature","properties":{"name":"石塘路"},"geometry":{"coordinates":[116.831911,40.550705],"type":"Point"}},{"type":"Feature","properties":{"name":"贺胜桥东"},"geometry":{"coordinates":[114.366065,30.021826],"type":"Point"}},{"type":"Feature","properties":{"name":"李屯"},"geometry":{"coordinates":[112.408792,34.578257],"type":"Point"}},{"type":"Feature","properties":{"name":"Поярково"},"geometry":{"coordinates":[128.674359,49.636233],"type":"Point"}},{"type":"Feature","properties":{"name":"福清"},"geometry":{"coordinates":[119.37944,25.678311],"type":"Point"}},{"type":"Feature","properties":{"name":"莆田"},"geometry":{"coordinates":[119.057059,25.353868],"type":"Point"}},{"type":"Feature","properties":{"name":"泉州"},"geometry":{"coordinates":[118.563241,24.975946],"type":"Point"}},{"type":"Feature","properties":{"name":"太原南"},"geometry":{"coordinates":[112.604815,37.791327],"type":"Point"}},{"type":"Feature","properties":{"name":"汉西"},"geometry":{"coordinates":[114.222359,30.5951],"type":"Point"}},{"type":"Feature","properties":{"name":"石燕桥"},"geometry":{"coordinates":[105.324501,29.311156],"type":"Point"}},{"type":"Feature","properties":{"name":"金刚沱"},"geometry":{"coordinates":[106.105897,29.145296],"type":"Point"}},{"type":"Feature","properties":{"name":"迎祥街"},"geometry":{"coordinates":[105.211369,29.39229],"type":"Point"}},{"type":"Feature","properties":{"name":"双凤驿"},"geometry":{"coordinates":[105.140357,29.446622],"type":"Point"}},{"type":"Feature","properties":{"name":"罗源"},"geometry":{"coordinates":[119.572108,26.459192],"type":"Point"}},{"type":"Feature","properties":{"name":"河源"},"geometry":{"coordinates":[114.678234,23.762174],"type":"Point"}},{"type":"Feature","properties":{"name":"蓬溪"},"geometry":{"coordinates":[105.702184,30.681792],"type":"Point"}},{"type":"Feature","properties":{"name":"南充"},"geometry":{"coordinates":[106.08114,30.810259],"type":"Point"}},{"type":"Feature","properties":{"name":"南充东"},"geometry":{"coordinates":[106.167257,30.846855],"type":"Point"}},{"type":"Feature","properties":{"name":"深圳东"},"geometry":{"coordinates":[114.114413,22.604916],"type":"Point"}},{"type":"Feature","properties":{"name":"定边"},"geometry":{"coordinates":[107.572311,37.560987],"type":"Point"}},{"type":"Feature","properties":{"name":"安边镇"},"geometry":{"coordinates":[107.937209,37.563626],"type":"Point"}},{"type":"Feature","properties":{"name":"白沙坡"},"geometry":{"coordinates":[103.86608,25.66054],"type":"Point"}},{"type":"Feature","properties":{"name":"昭通"},"geometry":{"coordinates":[103.790082,27.38881],"type":"Point"}},{"type":"Feature","properties":{"name":"马嘎"},"geometry":{"coordinates":[104.773319,26.621984],"type":"Point"}},{"type":"Feature","properties":{"name":"双水"},"geometry":{"coordinates":[104.937718,26.552466],"type":"Point"}},{"type":"Feature","properties":{"name":"水城"},"geometry":{"coordinates":[104.892713,26.574027],"type":"Point"}},{"type":"Feature","properties":{"name":"镇江"},"geometry":{"coordinates":[119.426989,32.199656],"type":"Point"}},{"type":"Feature","properties":{"name":"昂昂溪"},"geometry":{"coordinates":[123.809564,47.159078],"type":"Point"}},{"type":"Feature","properties":{"name":"惠山"},"geometry":{"coordinates":[120.196368,31.671604],"type":"Point"}},{"type":"Feature","properties":{"name":"良各庄"},"geometry":{"coordinates":[115.931981,39.719615],"type":"Point"}},{"type":"Feature","properties":{"name":"轩岗"},"geometry":{"coordinates":[112.424831,38.893246],"type":"Point"}},{"type":"Feature","properties":{"name":"原平"},"geometry":{"coordinates":[112.721032,38.718903],"type":"Point"}},{"type":"Feature","properties":{"name":"海棠"},"geometry":{"coordinates":[108.655678,21.892544],"type":"Point"}},{"type":"Feature","properties":{"name":"钦州东"},"geometry":{"coordinates":[108.664876,21.982441],"type":"Point"}},{"type":"Feature","properties":{"name":"钦州"},"geometry":{"coordinates":[108.615708,21.98711],"type":"Point"}},{"type":"Feature","properties":{"name":"北园"},"geometry":{"coordinates":[116.997641,36.692661],"type":"Point"}},{"type":"Feature","properties":{"name":"小哨"},"geometry":{"coordinates":[102.991555,25.168939],"type":"Point"}},{"type":"Feature","properties":{"name":"杨林"},"geometry":{"coordinates":[103.080978,25.238298],"type":"Point"}},{"type":"Feature","properties":{"name":"色树坟"},"geometry":{"coordinates":[115.996296,39.970369],"type":"Point"}},{"type":"Feature","properties":{"name":"汾阳"},"geometry":{"coordinates":[111.910812,37.372385],"type":"Point"}},{"type":"Feature","properties":{"name":"寒葱沟"},"geometry":{"coordinates":[134.150471,47.968797],"type":"Point"}},{"type":"Feature","properties":{"name":"남양"},"geometry":{"coordinates":[129.858168,42.952903],"type":"Point"}},{"type":"Feature","properties":{"name":"埃岱"},"geometry":{"coordinates":[102.799503,29.02717],"type":"Point"}},{"type":"Feature","properties":{"name":"阿寨"},"geometry":{"coordinates":[102.676325,28.892588],"type":"Point"}},{"type":"Feature","properties":{"name":"白果"},"geometry":{"coordinates":[102.602354,28.814183],"type":"Point"}},{"type":"Feature","properties":{"name":"白石岩"},"geometry":{"coordinates":[102.608443,28.758339],"type":"Point"}},{"type":"Feature","properties":{"name":"尔赛河"},"geometry":{"coordinates":[102.638875,28.403607],"type":"Point"}},{"type":"Feature","properties":{"name":"甘洛"},"geometry":{"coordinates":[102.760608,28.981421],"type":"Point"}},{"type":"Feature","properties":{"name":"红峰"},"geometry":{"coordinates":[102.619358,28.286209],"type":"Point"}},{"type":"Feature","properties":{"name":"拉白"},"geometry":{"coordinates":[102.634579,28.576826],"type":"Point"}},{"type":"Feature","properties":{"name":"乐武"},"geometry":{"coordinates":[102.623952,28.303948],"type":"Point"}},{"type":"Feature","properties":{"name":"凉红"},"geometry":{"coordinates":[102.817664,29.083711],"type":"Point"}},{"type":"Feature","properties":{"name":"联合乡"},"geometry":{"coordinates":[102.464854,28.27478],"type":"Point"}},{"type":"Feature","properties":{"name":"冕山"},"geometry":{"coordinates":[102.308176,28.357279],"type":"Point"}},{"type":"Feature","properties":{"name":"南尔岗"},"geometry":{"coordinates":[102.724761,28.941726],"type":"Point"}},{"type":"Feature","properties":{"name":"尼波"},"geometry":{"coordinates":[102.626738,28.344245],"type":"Point"}},{"type":"Feature","properties":{"name":"普雄"},"geometry":{"coordinates":[102.648527,28.518221],"type":"Point"}},{"type":"Feature","properties":{"name":"沙马拉达"},"geometry":{"coordinates":[102.564078,28.230245],"type":"Point"}},{"type":"Feature","properties":{"name":"上普雄"},"geometry":{"coordinates":[102.656501,28.464811],"type":"Point"}},{"type":"Feature","properties":{"name":"铁口"},"geometry":{"coordinates":[102.530732,28.245056],"type":"Point"}},{"type":"Feature","properties":{"name":"铁西"},"geometry":{"coordinates":[102.596815,28.693726],"type":"Point"}},{"type":"Feature","properties":{"name":"瓦祖"},"geometry":{"coordinates":[102.552381,28.20735],"type":"Point"}},{"type":"Feature","properties":{"name":"下普雄"},"geometry":{"coordinates":[102.624749,28.633605],"type":"Point"}},{"type":"Feature","properties":{"name":"喜德"},"geometry":{"coordinates":[102.397969,28.312831],"type":"Point"}},{"type":"Feature","properties":{"name":"新凉"},"geometry":{"coordinates":[102.524229,28.243852],"type":"Point"}},{"type":"Feature","properties":{"name":"新铁村"},"geometry":{"coordinates":[102.240313,28.311921],"type":"Point"}},{"type":"Feature","properties":{"name":"乃托"},"geometry":{"coordinates":[102.602078,28.740207],"type":"Point"}},{"type":"Feature","properties":{"name":"望京"},"geometry":{"coordinates":[116.473185,40.019629],"type":"Point"}},{"type":"Feature","properties":{"name":"德阳"},"geometry":{"coordinates":[104.386412,31.168351],"type":"Point"}},{"type":"Feature","properties":{"name":"门头沟"},"geometry":{"coordinates":[116.092534,39.947807],"type":"Point"}},{"type":"Feature","properties":{"name":"军庄"},"geometry":{"coordinates":[116.089944,39.992425],"type":"Point"}},{"type":"Feature","properties":{"name":"零陵"},"geometry":{"coordinates":[111.575494,26.226133],"type":"Point"}},{"type":"Feature","properties":{"name":"沙园"},"geometry":{"coordinates":[127.002904,46.756983],"type":"Point"}},{"type":"Feature","properties":{"name":"神树"},"geometry":{"coordinates":[128.420291,46.941005],"type":"Point"}},{"type":"Feature","properties":{"name":"汤旺河"},"geometry":{"coordinates":[129.573769,48.453247],"type":"Point"}},{"type":"Feature","properties":{"name":"兴福"},"geometry":{"coordinates":[127.114143,46.689604],"type":"Point"}},{"type":"Feature","properties":{"name":"大竹林"},"geometry":{"coordinates":[106.474441,29.630782],"type":"Point"}},{"type":"Feature","properties":{"name":"康庄"},"geometry":{"coordinates":[106.475095,29.637512],"type":"Point"}},{"type":"Feature","properties":{"name":"礼嘉"},"geometry":{"coordinates":[106.48408,29.669678],"type":"Point"}},{"type":"Feature","properties":{"name":"光电园"},"geometry":{"coordinates":[106.495543,29.618766],"type":"Point"}},{"type":"Feature","properties":{"name":"贵定"},"geometry":{"coordinates":[107.223935,26.584456],"type":"Point"}},{"type":"Feature","properties":{"name":"佳木斯"},"geometry":{"coordinates":[130.375888,46.801709],"type":"Point"}},{"type":"Feature","properties":{"name":"迎春"},"geometry":{"coordinates":[132.944596,46.040244],"type":"Point"}},{"type":"Feature","properties":{"name":"建水"},"geometry":{"coordinates":[102.871028,23.661078],"type":"Point"}},{"type":"Feature","properties":{"name":"成都北"},"geometry":{"coordinates":[104.231078,30.764406],"type":"Point"}},{"type":"Feature","properties":{"name":"大理"},"geometry":{"coordinates":[100.248524,25.591945],"type":"Point"}},{"type":"Feature","properties":{"name":"鹤庆"},"geometry":{"coordinates":[100.215908,26.559169],"type":"Point"}},{"type":"Feature","properties":{"name":"传流店"},"geometry":{"coordinates":[115.173392,32.04488],"type":"Point"}},{"type":"Feature","properties":{"name":"永宁县"},"geometry":{"coordinates":[106.238106,38.237634],"type":"Point"}},{"type":"Feature","properties":{"name":"平桥"},"geometry":{"coordinates":[114.172976,32.123518],"type":"Point"}},{"type":"Feature","properties":{"name":"和平"},"geometry":{"coordinates":[114.964419,24.460536],"type":"Point"}},{"type":"Feature","properties":{"name":"青云谱"},"geometry":{"coordinates":[115.922313,28.599181],"type":"Point"}},{"type":"Feature","properties":{"name":"向塘西"},"geometry":{"coordinates":[115.949589,28.401706],"type":"Point"}},{"type":"Feature","properties":{"name":"新祺周"},"geometry":{"coordinates":[115.823394,28.948153],"type":"Point"}},{"type":"Feature","properties":{"name":"永修"},"geometry":{"coordinates":[115.810897,29.022888],"type":"Point"}},{"type":"Feature","properties":{"name":"阳泉"},"geometry":{"coordinates":[113.585856,37.856116],"type":"Point"}},{"type":"Feature","properties":{"name":"福田"},"geometry":{"coordinates":[114.05118,22.541318],"type":"Point"}},{"type":"Feature","properties":{"name":"坂田"},"geometry":{"coordinates":[114.048265,22.627415],"type":"Point"}},{"type":"Feature","properties":{"name":"大洋洲"},"geometry":{"coordinates":[115.46056,27.894704],"type":"Point"}},{"type":"Feature","properties":{"name":"丰城南"},"geometry":{"coordinates":[115.755776,28.071752],"type":"Point"}},{"type":"Feature","properties":{"name":"吉安"},"geometry":{"coordinates":[115.016079,27.108566],"type":"Point"}},{"type":"Feature","properties":{"name":"吉水"},"geometry":{"coordinates":[115.128261,27.180239],"type":"Point"}},{"type":"Feature","properties":{"name":"醪桥"},"geometry":{"coordinates":[115.145906,27.282732],"type":"Point"}},{"type":"Feature","properties":{"name":"峡江"},"geometry":{"coordinates":[115.330775,27.602272],"type":"Point"}},{"type":"Feature","properties":{"name":"新干"},"geometry":{"coordinates":[115.391315,27.735676],"type":"Point"}},{"type":"Feature","properties":{"name":"泰和"},"geometry":{"coordinates":[114.944343,26.835577],"type":"Point"}},{"type":"Feature","properties":{"name":"寿阳"},"geometry":{"coordinates":[113.183715,37.881546],"type":"Point"}},{"type":"Feature","properties":{"name":"北板桥"},"geometry":{"coordinates":[112.88986,35.647921],"type":"Point"}},{"type":"Feature","properties":{"name":"襄垣"},"geometry":{"coordinates":[113.028933,36.506021],"type":"Point"}},{"type":"Feature","properties":{"name":"茨冲"},"geometry":{"coordinates":[105.104559,26.496488],"type":"Point"}},{"type":"Feature","properties":{"name":"滥坝"},"geometry":{"coordinates":[105.03128,26.54421],"type":"Point"}},{"type":"Feature","properties":{"name":"略阳"},"geometry":{"coordinates":[106.141912,33.332839],"type":"Point"}},{"type":"Feature","properties":{"name":"大竹园"},"geometry":{"coordinates":[108.722598,32.562592],"type":"Point"}},{"type":"Feature","properties":{"name":"唐河"},"geometry":{"coordinates":[112.845304,32.669081],"type":"Point"}},{"type":"Feature","properties":{"name":"兑镇"},"geometry":{"coordinates":[111.60423,37.0898],"type":"Point"}},{"type":"Feature","properties":{"name":"阳泉曲"},"geometry":{"coordinates":[111.54647,37.07397],"type":"Point"}},{"type":"Feature","properties":{"name":"白壁关"},"geometry":{"coordinates":[111.70504,37.13379],"type":"Point"}},{"type":"Feature","properties":{"name":"孝南"},"geometry":{"coordinates":[111.818584,37.102046],"type":"Point"}},{"type":"Feature","properties":{"name":"孝西"},"geometry":{"coordinates":[111.767743,37.138413],"type":"Point"}},{"type":"Feature","properties":{"name":"井店"},"geometry":{"coordinates":[113.715222,36.604959],"type":"Point"}},{"type":"Feature","properties":{"name":"偏店"},"geometry":{"coordinates":[113.74768,36.64614],"type":"Point"}},{"type":"Feature","properties":{"name":"涉县"},"geometry":{"coordinates":[113.662079,36.577451],"type":"Point"}},{"type":"Feature","properties":{"name":"午汲"},"geometry":{"coordinates":[114.148513,36.651869],"type":"Point"}},{"type":"Feature","properties":{"name":"悬钟"},"geometry":{"coordinates":[113.57124,36.660051],"type":"Point"}},{"type":"Feature","properties":{"name":"邯郸"},"geometry":{"coordinates":[114.469656,36.601267],"type":"Point"}},{"type":"Feature","properties":{"name":"康城"},"geometry":{"coordinates":[114.286066,36.656769],"type":"Point"}},{"type":"Feature","properties":{"name":"长治北"},"geometry":{"coordinates":[113.118535,36.308587],"type":"Point"}},{"type":"Feature","properties":{"name":"潞城"},"geometry":{"coordinates":[113.215677,36.320669],"type":"Point"}},{"type":"Feature","properties":{"name":"水洋"},"geometry":{"coordinates":[113.334119,36.465206],"type":"Point"}},{"type":"Feature","properties":{"name":"微子镇"},"geometry":{"coordinates":[113.286873,36.324926],"type":"Point"}},{"type":"Feature","properties":{"name":"高邑"},"geometry":{"coordinates":[114.59169,37.60444],"type":"Point"}},{"type":"Feature","properties":{"name":"内邱"},"geometry":{"coordinates":[114.52688,37.295458],"type":"Point"}},{"type":"Feature","properties":{"name":"邢台"},"geometry":{"coordinates":[114.486162,37.069205],"type":"Point"}},{"type":"Feature","properties":{"name":"元氏"},"geometry":{"coordinates":[114.538345,37.758966],"type":"Point"}},{"type":"Feature","properties":{"name":"石家庄东"},"geometry":{"coordinates":[114.621398,38.049651],"type":"Point"}},{"type":"Feature","properties":{"name":"徐水"},"geometry":{"coordinates":[115.63922,39.032964],"type":"Point"}},{"type":"Feature","properties":{"name":"涿州"},"geometry":{"coordinates":[115.978183,39.479732],"type":"Point"}},{"type":"Feature","properties":{"name":"八里庄"},"geometry":{"coordinates":[116.246421,37.480203],"type":"Point"}},{"type":"Feature","properties":{"name":"衡水"},"geometry":{"coordinates":[115.685057,37.743493],"type":"Point"}},{"type":"Feature","properties":{"name":"前磨头"},"geometry":{"coordinates":[115.486064,37.79479],"type":"Point"}},{"type":"Feature","properties":{"name":"辛集"},"geometry":{"coordinates":[115.209145,37.90418],"type":"Point"}},{"type":"Feature","properties":{"name":"红兴隆"},"geometry":{"coordinates":[131.5879,46.723438],"type":"Point"}},{"type":"Feature","properties":{"name":"前进镇"},"geometry":{"coordinates":[133.116789,47.541383],"type":"Point"}},{"type":"Feature","properties":{"name":"勃利"},"geometry":{"coordinates":[130.551545,45.754042],"type":"Point"}},{"type":"Feature","properties":{"name":"升昌"},"geometry":{"coordinates":[131.36495,46.724559],"type":"Point"}},{"type":"Feature","properties":{"name":"平房"},"geometry":{"coordinates":[126.669516,45.583409],"type":"Point"}},{"type":"Feature","properties":{"name":"王兆屯"},"geometry":{"coordinates":[126.644383,45.728623],"type":"Point"}},{"type":"Feature","properties":{"name":"香坊"},"geometry":{"coordinates":[126.673747,45.718979],"type":"Point"}},{"type":"Feature","properties":{"name":"新香坊"},"geometry":{"coordinates":[126.761943,45.709697],"type":"Point"}},{"type":"Feature","properties":{"name":"周家"},"geometry":{"coordinates":[126.666936,45.459766],"type":"Point"}},{"type":"Feature","properties":{"name":"高密"},"geometry":{"coordinates":[119.76316,36.392559],"type":"Point"}},{"type":"Feature","properties":{"name":"胶州"},"geometry":{"coordinates":[119.993911,36.2979],"type":"Point"}},{"type":"Feature","properties":{"name":"大杖子"},"geometry":{"coordinates":[118.543355,40.849598],"type":"Point"}},{"type":"Feature","properties":{"name":"平泉"},"geometry":{"coordinates":[118.694249,40.997672],"type":"Point"}},{"type":"Feature","properties":{"name":"下板城"},"geometry":{"coordinates":[118.170281,40.772513],"type":"Point"}},{"type":"Feature","properties":{"name":"小寺沟"},"geometry":{"coordinates":[118.639028,40.898365],"type":"Point"}},{"type":"Feature","properties":{"name":"杨树岭"},"geometry":{"coordinates":[118.872226,40.989536],"type":"Point"}},{"type":"Feature","properties":{"name":"榆树沟"},"geometry":{"coordinates":[118.397732,40.783438],"type":"Point"}},{"type":"Feature","properties":{"name":"平山"},"geometry":{"coordinates":[127.399308,45.319187],"type":"Point"}},{"type":"Feature","properties":{"name":"博兴"},"geometry":{"coordinates":[118.136495,37.136668],"type":"Point"}},{"type":"Feature","properties":{"name":"桓台"},"geometry":{"coordinates":[118.117738,36.946761],"type":"Point"}},{"type":"Feature","properties":{"name":"曹王"},"geometry":{"coordinates":[118.134207,37.01676],"type":"Point"}},{"type":"Feature","properties":{"name":"干塘"},"geometry":{"coordinates":[104.522486,37.454054],"type":"Point"}},{"type":"Feature","properties":{"name":"乐化"},"geometry":{"coordinates":[115.867539,28.818522],"type":"Point"}},{"type":"Feature","properties":{"name":"二道岩"},"geometry":{"coordinates":[105.16088,26.36384],"type":"Point"}},{"type":"Feature","properties":{"name":"关寨"},"geometry":{"coordinates":[105.22061,26.28737],"type":"Point"}},{"type":"Feature","properties":{"name":"六枝"},"geometry":{"coordinates":[105.461331,26.229119],"type":"Point"}},{"type":"Feature","properties":{"name":"高峰"},"geometry":{"coordinates":[106.34182,26.39011],"type":"Point"}},{"type":"Feature","properties":{"name":"贵阳西"},"geometry":{"coordinates":[106.670048,26.494819],"type":"Point"}},{"type":"Feature","properties":{"name":"湖潮"},"geometry":{"coordinates":[106.523059,26.443011],"type":"Point"}},{"type":"Feature","properties":{"name":"马场"},"geometry":{"coordinates":[106.41255,26.402455],"type":"Point"}},{"type":"Feature","properties":{"name":"石板哨"},"geometry":{"coordinates":[106.632093,26.465811],"type":"Point"}},{"type":"Feature","properties":{"name":"新平坝"},"geometry":{"coordinates":[106.25823,26.39066],"type":"Point"}},{"type":"Feature","properties":{"name":"红旗营"},"geometry":{"coordinates":[123.906799,47.11418],"type":"Point"}},{"type":"Feature","properties":{"name":"沈家"},"geometry":{"coordinates":[126.764065,46.095602],"type":"Point"}},{"type":"Feature","properties":{"name":"四方台"},"geometry":{"coordinates":[126.989429,46.920915],"type":"Point"}},{"type":"Feature","properties":{"name":"绥棱"},"geometry":{"coordinates":[127.074939,47.246588],"type":"Point"}},{"type":"Feature","properties":{"name":"通北"},"geometry":{"coordinates":[126.754078,47.765869],"type":"Point"}},{"type":"Feature","properties":{"name":"新松浦"},"geometry":{"coordinates":[126.659694,45.839326],"type":"Point"}},{"type":"Feature","properties":{"name":"徐家"},"geometry":{"coordinates":[126.637803,45.907727],"type":"Point"}},{"type":"Feature","properties":{"name":"王岗"},"geometry":{"coordinates":[126.539312,45.66923],"type":"Point"}},{"type":"Feature","properties":{"name":"北戴河"},"geometry":{"coordinates":[119.413724,39.849582],"type":"Point"}},{"type":"Feature","properties":{"name":"茶淀"},"geometry":{"coordinates":[117.732318,39.21161],"type":"Point"}},{"type":"Feature","properties":{"name":"双望"},"geometry":{"coordinates":[119.067083,39.915056],"type":"Point"}},{"type":"Feature","properties":{"name":"塘沽"},"geometry":{"coordinates":[117.634889,39.02643],"type":"Point"}},{"type":"Feature","properties":{"name":"霸州"},"geometry":{"coordinates":[116.369574,39.1214],"type":"Point"}},{"type":"Feature","properties":{"name":"大营镇"},"geometry":{"coordinates":[115.729901,37.317474],"type":"Point"}},{"type":"Feature","properties":{"name":"清河城"},"geometry":{"coordinates":[115.680949,37.063403],"type":"Point"}},{"type":"Feature","properties":{"name":"饶阳"},"geometry":{"coordinates":[115.710858,38.236695],"type":"Point"}},{"type":"Feature","properties":{"name":"肃宁"},"geometry":{"coordinates":[115.844771,38.414159],"type":"Point"}},{"type":"Feature","properties":{"name":"杨柳青"},"geometry":{"coordinates":[116.996035,39.141462],"type":"Point"}},{"type":"Feature","properties":{"name":"黄村"},"geometry":{"coordinates":[116.324852,39.719312],"type":"Point"}},{"type":"Feature","properties":{"name":"神木北"},"geometry":{"coordinates":[110.440033,39.039174],"type":"Point"}},{"type":"Feature","properties":{"name":"神池南"},"geometry":{"coordinates":[112.194337,39.078449],"type":"Point"}},{"type":"Feature","properties":{"name":"新城川"},"geometry":{"coordinates":[110.72815,39.085023],"type":"Point"}},{"type":"Feature","properties":{"name":"庄儿上"},"geometry":{"coordinates":[111.996738,39.030914],"type":"Point"}},{"type":"Feature","properties":{"name":"南坡底"},"geometry":{"coordinates":[111.939675,39.051217],"type":"Point"}},{"type":"Feature","properties":{"name":"陇县"},"geometry":{"coordinates":[106.846415,34.8721],"type":"Point"}},{"type":"Feature","properties":{"name":"水沟"},"geometry":{"coordinates":[107.033256,34.724713],"type":"Point"}},{"type":"Feature","properties":{"name":"安口窑"},"geometry":{"coordinates":[106.804308,35.236251],"type":"Point"}},{"type":"Feature","properties":{"name":"阜南"},"geometry":{"coordinates":[115.548487,32.640316],"type":"Point"}},{"type":"Feature","properties":{"name":"淮滨"},"geometry":{"coordinates":[115.406435,32.503455],"type":"Point"}},{"type":"Feature","properties":{"name":"潢川"},"geometry":{"coordinates":[115.097158,32.113709],"type":"Point"}},{"type":"Feature","properties":{"name":"新县"},"geometry":{"coordinates":[114.883738,31.644799],"type":"Point"}},{"type":"Feature","properties":{"name":"泼河"},"geometry":{"coordinates":[114.898206,31.847492],"type":"Point"}},{"type":"Feature","properties":{"name":"光山"},"geometry":{"coordinates":[114.959664,31.979268],"type":"Point"}},{"type":"Feature","properties":{"name":"南昌北"},"geometry":{"coordinates":[115.86043,28.74395],"type":"Point"}},{"type":"Feature","properties":{"name":"罗铺"},"geometry":{"coordinates":[114.886974,31.269062],"type":"Point"}},{"type":"Feature","properties":{"name":"上高镇"},"geometry":{"coordinates":[117.169382,36.176065],"type":"Point"}},{"type":"Feature","properties":{"name":"司家岭"},"geometry":{"coordinates":[117.462106,36.232467],"type":"Point"}},{"type":"Feature","properties":{"name":"封丘"},"geometry":{"coordinates":[114.400777,35.225518],"type":"Point"}},{"type":"Feature","properties":{"name":"滑县南"},"geometry":{"coordinates":[114.485592,35.226408],"type":"Point"}},{"type":"Feature","properties":{"name":"延津"},"geometry":{"coordinates":[114.265079,35.230471],"type":"Point"}},{"type":"Feature","properties":{"name":"宁强"},"geometry":{"coordinates":[106.317547,33.063365],"type":"Point"}},{"type":"Feature","properties":{"name":"平遥"},"geometry":{"coordinates":[112.161594,37.206493],"type":"Point"}},{"type":"Feature","properties":{"name":"白水江"},"geometry":{"coordinates":[106.078352,33.575424],"type":"Point"}},{"type":"Feature","properties":{"name":"徽县"},"geometry":{"coordinates":[106.197215,33.70193],"type":"Point"}},{"type":"Feature","properties":{"name":"凤县"},"geometry":{"coordinates":[106.503013,33.906861],"type":"Point"}},{"type":"Feature","properties":{"name":"宏庆"},"geometry":{"coordinates":[106.423224,33.844426],"type":"Point"}},{"type":"Feature","properties":{"name":"两当"},"geometry":{"coordinates":[106.3064,33.776823],"type":"Point"}},{"type":"Feature","properties":{"name":"上谷"},"geometry":{"coordinates":[118.474839,40.794545],"type":"Point"}},{"type":"Feature","properties":{"name":"蓟州北"},"geometry":{"coordinates":[117.391335,40.025397],"type":"Point"}},{"type":"Feature","properties":{"name":"大英"},"geometry":{"coordinates":[105.251409,30.577242],"type":"Point"}},{"type":"Feature","properties":{"name":"营山"},"geometry":{"coordinates":[106.564713,31.06704],"type":"Point"}},{"type":"Feature","properties":{"name":"简阳"},"geometry":{"coordinates":[104.550414,30.382051],"type":"Point"}},{"type":"Feature","properties":{"name":"三塘铺"},"geometry":{"coordinates":[111.99022,27.39958],"type":"Point"}},{"type":"Feature","properties":{"name":"双清"},"geometry":{"coordinates":[111.528773,27.265205],"type":"Point"}},{"type":"Feature","properties":{"name":"寒王"},"geometry":{"coordinates":[113.453813,37.220713],"type":"Point"}},{"type":"Feature","properties":{"name":"原庄"},"geometry":{"coordinates":[113.463182,37.020066],"type":"Point"}},{"type":"Feature","properties":{"name":"左权"},"geometry":{"coordinates":[113.394968,37.06846],"type":"Point"}},{"type":"Feature","properties":{"name":"长江埠"},"geometry":{"coordinates":[113.721318,30.860442],"type":"Point"}},{"type":"Feature","properties":{"name":"京山"},"geometry":{"coordinates":[113.130972,31.038919],"type":"Point"}},{"type":"Feature","properties":{"name":"天门北"},"geometry":{"coordinates":[113.310715,30.867726],"type":"Point"}},{"type":"Feature","properties":{"name":"宜城南"},"geometry":{"coordinates":[112.178211,31.631915],"type":"Point"}},{"type":"Feature","properties":{"name":"桐柏"},"geometry":{"coordinates":[113.430012,32.392162],"type":"Point"}},{"type":"Feature","properties":{"name":"石楼"},"geometry":{"coordinates":[115.970162,39.638009],"type":"Point"}},{"type":"Feature","properties":{"name":"蚌埠东"},"geometry":{"coordinates":[117.452586,32.92938],"type":"Point"}},{"type":"Feature","properties":{"name":"韶关"},"geometry":{"coordinates":[113.508958,24.753512],"type":"Point"}},{"type":"Feature","properties":{"name":"江门"},"geometry":{"coordinates":[113.065335,22.491001],"type":"Point"}},{"type":"Feature","properties":{"name":"兰陵北"},"geometry":{"coordinates":[118.006547,34.896787],"type":"Point"}},{"type":"Feature","properties":{"name":"王村"},"geometry":{"coordinates":[117.710762,36.686392],"type":"Point"}},{"type":"Feature","properties":{"name":"祁阳北"},"geometry":{"coordinates":[111.818487,26.704023],"type":"Point"}},{"type":"Feature","properties":{"name":"塘渡口"},"geometry":{"coordinates":[111.337335,27.025308],"type":"Point"}},{"type":"Feature","properties":{"name":"扬州"},"geometry":{"coordinates":[119.345587,32.391686],"type":"Point"}},{"type":"Feature","properties":{"name":"抚州北"},"geometry":{"coordinates":[116.286807,28.010318],"type":"Point"}},{"type":"Feature","properties":{"name":"共青城"},"geometry":{"coordinates":[115.769751,29.245657],"type":"Point"}},{"type":"Feature","properties":{"name":"德安"},"geometry":{"coordinates":[115.761887,29.311782],"type":"Point"}},{"type":"Feature","properties":{"name":"三江镇"},"geometry":{"coordinates":[115.97793,28.311112],"type":"Point"}},{"type":"Feature","properties":{"name":"杨家岭"},"geometry":{"coordinates":[115.791225,29.11354],"type":"Point"}},{"type":"Feature","properties":{"name":"军山"},"geometry":{"coordinates":[115.772315,29.154334],"type":"Point"}},{"type":"Feature","properties":{"name":"九江西"},"geometry":{"coordinates":[115.890211,29.644284],"type":"Point"}},{"type":"Feature","properties":{"name":"杜坞"},"geometry":{"coordinates":[119.235845,26.121445],"type":"Point"}},{"type":"Feature","properties":{"name":"建阳"},"geometry":{"coordinates":[118.108847,27.357544],"type":"Point"}},{"type":"Feature","properties":{"name":"西宁西"},"geometry":{"coordinates":[101.685921,36.658449],"type":"Point"}},{"type":"Feature","properties":{"name":"惠州西"},"geometry":{"coordinates":[114.357618,23.094519],"type":"Point"}},{"type":"Feature","properties":{"name":"商城"},"geometry":{"coordinates":[115.4367,31.95554],"type":"Point"}},{"type":"Feature","properties":{"name":"下官院"},"geometry":{"coordinates":[112.798161,39.048704],"type":"Point"}},{"type":"Feature","properties":{"name":"塔尔气"},"geometry":{"coordinates":[121.190009,47.984487],"type":"Point"}},{"type":"Feature","properties":{"name":"福鼎"},"geometry":{"coordinates":[120.184601,27.28558],"type":"Point"}},{"type":"Feature","properties":{"name":"角美"},"geometry":{"coordinates":[117.875438,24.529566],"type":"Point"}},{"type":"Feature","properties":{"name":"大云"},"geometry":{"coordinates":[119.757463,30.948928],"type":"Point"}},{"type":"Feature","properties":{"name":"杭州北"},"geometry":{"coordinates":[120.15894,30.342954],"type":"Point"}},{"type":"Feature","properties":{"name":"南京南"},"geometry":{"coordinates":[118.793052,31.970797],"type":"Point"}},{"type":"Feature","properties":{"name":"吉安南"},"geometry":{"coordinates":[114.961404,27.023291],"type":"Point"}},{"type":"Feature","properties":{"name":"赣州东"},"geometry":{"coordinates":[115.000073,25.871181],"type":"Point"}},{"type":"Feature","properties":{"name":"赣州国际港"},"geometry":{"coordinates":[114.785757,25.683295],"type":"Point"}},{"type":"Feature","properties":{"name":"赣县"},"geometry":{"coordinates":[115.122709,25.961367],"type":"Point"}},{"type":"Feature","properties":{"name":"汉口"},"geometry":{"coordinates":[114.249414,30.621651],"type":"Point"}},{"type":"Feature","properties":{"name":"枝城"},"geometry":{"coordinates":[111.504207,30.274121],"type":"Point"}},{"type":"Feature","properties":{"name":"澧县北"},"geometry":{"coordinates":[111.598887,29.821998],"type":"Point"}},{"type":"Feature","properties":{"name":"松滋西"},"geometry":{"coordinates":[111.601728,30.175458],"type":"Point"}},{"type":"Feature","properties":{"name":"三明北"},"geometry":{"coordinates":[117.801804,26.378896],"type":"Point"}},{"type":"Feature","properties":{"name":"建宁县北"},"geometry":{"coordinates":[116.866219,26.919124],"type":"Point"}},{"type":"Feature","properties":{"name":"东孚"},"geometry":{"coordinates":[117.923305,24.546376],"type":"Point"}},{"type":"Feature","properties":{"name":"漯河"},"geometry":{"coordinates":[114.037324,33.572327],"type":"Point"}},{"type":"Feature","properties":{"name":"西平"},"geometry":{"coordinates":[114.03344,33.379065],"type":"Point"}},{"type":"Feature","properties":{"name":"长葛"},"geometry":{"coordinates":[113.773167,34.215148],"type":"Point"}},{"type":"Feature","properties":{"name":"阳泉北"},"geometry":{"coordinates":[113.4312,38.114388],"type":"Point"}},{"type":"Feature","properties":{"name":"桂林北"},"geometry":{"coordinates":[110.298186,25.33146],"type":"Point"}},{"type":"Feature","properties":{"name":"九里垄"},"geometry":{"coordinates":[115.832597,29.630398],"type":"Point"}},{"type":"Feature","properties":{"name":"大余"},"geometry":{"coordinates":[114.419569,25.442038],"type":"Point"}},{"type":"Feature","properties":{"name":"丹霞山"},"geometry":{"coordinates":[113.799964,24.957725],"type":"Point"}},{"type":"Feature","properties":{"name":"南雄"},"geometry":{"coordinates":[114.305887,25.148034],"type":"Point"}},{"type":"Feature","properties":{"name":"始兴"},"geometry":{"coordinates":[114.070636,24.969048],"type":"Point"}},{"type":"Feature","properties":{"name":"武昌东"},"geometry":{"coordinates":[114.448152,30.556241],"type":"Point"}},{"type":"Feature","properties":{"name":"楠栂庙"},"geometry":{"coordinates":[114.414434,30.632068],"type":"Point"}},{"type":"Feature","properties":{"name":"巩义"},"geometry":{"coordinates":[112.975123,34.761211],"type":"Point"}},{"type":"Feature","properties":{"name":"卢龙"},"geometry":{"coordinates":[118.977519,39.951272],"type":"Point"}},{"type":"Feature","properties":{"name":"蔡河"},"geometry":{"coordinates":[109.481586,35.360248],"type":"Point"}},{"type":"Feature","properties":{"name":"贺家河"},"geometry":{"coordinates":[109.478254,35.417331],"type":"Point"}},{"type":"Feature","properties":{"name":"生芝渠"},"geometry":{"coordinates":[109.453989,35.495303],"type":"Point"}},{"type":"Feature","properties":{"name":"刘家沟"},"geometry":{"coordinates":[109.398357,35.562853],"type":"Point"}},{"type":"Feature","properties":{"name":"张滩"},"geometry":{"coordinates":[113.319747,25.129247],"type":"Point"}},{"type":"Feature","properties":{"name":"梅村"},"geometry":{"coordinates":[113.458004,24.981859],"type":"Point"}},{"type":"Feature","properties":{"name":"金山北"},"geometry":{"coordinates":[121.084873,30.896321],"type":"Point"}},{"type":"Feature","properties":{"name":"兴隆场"},"geometry":{"coordinates":[106.383114,29.70257],"type":"Point"}},{"type":"Feature","properties":{"name":"新友谊"},"geometry":{"coordinates":[131.807326,46.763935],"type":"Point"}},{"type":"Feature","properties":{"name":"绿化"},"geometry":{"coordinates":[98.249486,39.801172],"type":"Point"}},{"type":"Feature","properties":{"name":"高坪铺"},"geometry":{"coordinates":[107.141094,26.511774],"type":"Point"}},{"type":"Feature","properties":{"name":"星朗"},"geometry":{"coordinates":[107.49175,25.474715],"type":"Point"}},{"type":"Feature","properties":{"name":"打羊"},"geometry":{"coordinates":[107.550437,25.621046],"type":"Point"}},{"type":"Feature","properties":{"name":"都匀"},"geometry":{"coordinates":[107.511088,26.235455],"type":"Point"}},{"type":"Feature","properties":{"name":"贵定南"},"geometry":{"coordinates":[107.186468,26.349026],"type":"Point"}},{"type":"Feature","properties":{"name":"祁东北"},"geometry":{"coordinates":[112.11975,26.784599],"type":"Point"}},{"type":"Feature","properties":{"name":"聊城北"},"geometry":{"coordinates":[115.92547,36.502662],"type":"Point"}},{"type":"Feature","properties":{"name":"晏城"},"geometry":{"coordinates":[116.752208,36.803477],"type":"Point"}},{"type":"Feature","properties":{"name":"百浪"},"geometry":{"coordinates":[108.452463,22.368064],"type":"Point"}},{"type":"Feature","properties":{"name":"大拟"},"geometry":{"coordinates":[108.515414,22.299934],"type":"Point"}},{"type":"Feature","properties":{"name":"马皇"},"geometry":{"coordinates":[108.648668,22.050816],"type":"Point"}},{"type":"Feature","properties":{"name":"那铺"},"geometry":{"coordinates":[108.379424,22.418038],"type":"Point"}},{"type":"Feature","properties":{"name":"小董"},"geometry":{"coordinates":[108.601871,22.225183],"type":"Point"}},{"type":"Feature","properties":{"name":"림토"},"geometry":{"coordinates":[126.404032,41.318399],"type":"Point"}},{"type":"Feature","properties":{"name":"阿城"},"geometry":{"coordinates":[126.988531,45.550566],"type":"Point"}},{"type":"Feature","properties":{"name":"艾不盖"},"geometry":{"coordinates":[109.854058,41.528682],"type":"Point"}},{"type":"Feature","properties":{"name":"安达"},"geometry":{"coordinates":[125.315177,46.400323],"type":"Point"}},{"type":"Feature","properties":{"name":"八都"},"geometry":{"coordinates":[115.258961,27.440172],"type":"Point"}},{"type":"Feature","properties":{"name":"白河县"},"geometry":{"coordinates":[110.09289,32.835968],"type":"Point"}},{"type":"Feature","properties":{"name":"白云鄂博"},"geometry":{"coordinates":[109.951701,41.771294],"type":"Point"}},{"type":"Feature","properties":{"name":"坝梁"},"geometry":{"coordinates":[109.76544,41.08947],"type":"Point"}},{"type":"Feature","properties":{"name":"宝老山"},"geometry":{"coordinates":[108.040431,26.815872],"type":"Point"}},{"type":"Feature","properties":{"name":"宝林"},"geometry":{"coordinates":[129.970087,45.026478],"type":"Point"}},{"type":"Feature","properties":{"name":"边沟"},"geometry":{"coordinates":[124.372871,40.723788],"type":"Point"}},{"type":"Feature","properties":{"name":"博克图"},"geometry":{"coordinates":[121.914135,48.752064],"type":"Point"}},{"type":"Feature","properties":{"name":"蔡家坡"},"geometry":{"coordinates":[107.59363,34.32269],"type":"Point"}},{"type":"Feature","properties":{"name":"曹县"},"geometry":{"coordinates":[115.576494,34.826928],"type":"Point"}},{"type":"Feature","properties":{"name":"察尔汗"},"geometry":{"coordinates":[95.304277,36.809374],"type":"Point"}},{"type":"Feature","properties":{"name":"柴沟堡"},"geometry":{"coordinates":[114.409307,40.669568],"type":"Point"}},{"type":"Feature","properties":{"name":"昌平"},"geometry":{"coordinates":[116.188292,40.188715],"type":"Point"}},{"type":"Feature","properties":{"name":"长垣"},"geometry":{"coordinates":[114.654157,35.211724],"type":"Point"}},{"type":"Feature","properties":{"name":"巢湖"},"geometry":{"coordinates":[117.885387,31.616738],"type":"Point"}},{"type":"Feature","properties":{"name":"承德东"},"geometry":{"coordinates":[117.983879,40.887639],"type":"Point"}},{"type":"Feature","properties":{"name":"成高子"},"geometry":{"coordinates":[126.830402,45.697592],"type":"Point"}},{"type":"Feature","properties":{"name":"晨明"},"geometry":{"coordinates":[129.481468,46.972983],"type":"Point"}},{"type":"Feature","properties":{"name":"辰溪"},"geometry":{"coordinates":[110.250751,27.881733],"type":"Point"}},{"type":"Feature","properties":{"name":"赤壁"},"geometry":{"coordinates":[113.924737,29.72394],"type":"Point"}},{"type":"Feature","properties":{"name":"春湾"},"geometry":{"coordinates":[111.943815,22.460293],"type":"Point"}},{"type":"Feature","properties":{"name":"楚山"},"geometry":{"coordinates":[130.02114,45.116949],"type":"Point"}},{"type":"Feature","properties":{"name":"磁山"},"geometry":{"coordinates":[114.111102,36.597353],"type":"Point"}},{"type":"Feature","properties":{"name":"磁窑"},"geometry":{"coordinates":[117.100623,35.901429],"type":"Point"}},{"type":"Feature","properties":{"name":"崔黄口"},"geometry":{"coordinates":[117.194612,39.519784],"type":"Point"}},{"type":"Feature","properties":{"name":"大堡"},"geometry":{"coordinates":[124.245389,40.551241],"type":"Point"}},{"type":"Feature","properties":{"name":"罗文皂"},"geometry":{"coordinates":[113.898806,40.409982],"type":"Point"}},{"type":"Feature","properties":{"name":"平果"},"geometry":{"coordinates":[107.561263,23.318748],"type":"Point"}},{"type":"Feature","properties":{"name":"宜阳"},"geometry":{"coordinates":[112.206203,34.512244],"type":"Point"}},{"type":"Feature","properties":{"name":"杭锦后旗"},"geometry":{"coordinates":[107.111113,40.862392],"type":"Point"}},{"type":"Feature","properties":{"name":"杨陵南"},"geometry":{"coordinates":[108.048322,34.255603],"type":"Point"}},{"type":"Feature","properties":{"name":"抚宁"},"geometry":{"coordinates":[119.243191,39.892713],"type":"Point"}},{"type":"Feature","properties":{"name":"南川"},"geometry":{"coordinates":[107.101923,29.147114],"type":"Point"}},{"type":"Feature","properties":{"name":"惠东南"},"geometry":{"coordinates":[114.789732,22.847582],"type":"Point"}},{"type":"Feature","properties":{"name":"惠阳"},"geometry":{"coordinates":[114.487911,22.786648],"type":"Point"}},{"type":"Feature","properties":{"name":"汕尾"},"geometry":{"coordinates":[115.423722,22.813207],"type":"Point"}},{"type":"Feature","properties":{"name":"咸阳西"},"geometry":{"coordinates":[108.662685,34.332261],"type":"Point"}},{"type":"Feature","properties":{"name":"黄家寨"},"geometry":{"coordinates":[108.762616,34.325019],"type":"Point"}},{"type":"Feature","properties":{"name":"三民村"},"geometry":{"coordinates":[108.859188,34.288657],"type":"Point"}},{"type":"Feature","properties":{"name":"莲湖"},"geometry":{"coordinates":[108.902586,34.279234],"type":"Point"}},{"type":"Feature","properties":{"name":"田王"},"geometry":{"coordinates":[109.102982,34.298389],"type":"Point"}},{"type":"Feature","properties":{"name":"纺织城"},"geometry":{"coordinates":[109.05894,34.230048],"type":"Point"}},{"type":"Feature","properties":{"name":"昌乐"},"geometry":{"coordinates":[118.833415,36.710457],"type":"Point"}},{"type":"Feature","properties":{"name":"灞桥"},"geometry":{"coordinates":[109.05516,34.301914],"type":"Point"}},{"type":"Feature","properties":{"name":"龙宫"},"geometry":{"coordinates":[112.494254,38.933899],"type":"Point"}},{"type":"Feature","properties":{"name":"余下"},"geometry":{"coordinates":[108.608542,34.070182],"type":"Point"}},{"type":"Feature","properties":{"name":"长寿北"},"geometry":{"coordinates":[107.070082,29.88323],"type":"Point"}},{"type":"Feature","properties":{"name":"石围塘"},"geometry":{"coordinates":[113.220514,23.108539],"type":"Point"}},{"type":"Feature","properties":{"name":"光达"},"geometry":{"coordinates":[113.079524,28.15122],"type":"Point"}},{"type":"Feature","properties":{"name":"乌西"},"geometry":{"coordinates":[87.417922,43.868042],"type":"Point"}},{"type":"Feature","properties":{"name":"萧家村"},"geometry":{"coordinates":[108.914166,34.423253],"type":"Point"}},{"type":"Feature","properties":{"name":"岐山"},"geometry":{"coordinates":[107.60833,34.275676],"type":"Point"}},{"type":"Feature","properties":{"name":"镇远"},"geometry":{"coordinates":[108.407346,27.040167],"type":"Point"}},{"type":"Feature","properties":{"name":"潮阳"},"geometry":{"coordinates":[116.417382,23.383361],"type":"Point"}},{"type":"Feature","properties":{"name":"会昌北"},"geometry":{"coordinates":[115.780621,25.829836],"type":"Point"}},{"type":"Feature","properties":{"name":"茅店"},"geometry":{"coordinates":[115.083958,25.939557],"type":"Point"}},{"type":"Feature","properties":{"name":"冠豸山南"},"geometry":{"coordinates":[116.674838,25.527098],"type":"Point"}},{"type":"Feature","properties":{"name":"大垌"},"geometry":{"coordinates":[108.635246,22.119827],"type":"Point"}},{"type":"Feature","properties":{"name":"昆明南"},"geometry":{"coordinates":[102.86038,24.873363],"type":"Point"}},{"type":"Feature","properties":{"name":"都拉营"},"geometry":{"coordinates":[106.709114,26.694554],"type":"Point"}},{"type":"Feature","properties":{"name":"贵阳北"},"geometry":{"coordinates":[106.672454,26.622835],"type":"Point"}},{"type":"Feature","properties":{"name":"安顺西"},"geometry":{"coordinates":[105.872345,26.202134],"type":"Point"}},{"type":"Feature","properties":{"name":"贵定北"},"geometry":{"coordinates":[107.228661,26.595939],"type":"Point"}},{"type":"Feature","properties":{"name":"窑村"},"geometry":{"coordinates":[109.119446,34.343859],"type":"Point"}},{"type":"Feature","properties":{"name":"新丰镇"},"geometry":{"coordinates":[109.274966,34.435317],"type":"Point"}},{"type":"Feature","properties":{"name":"零口"},"geometry":{"coordinates":[109.348844,34.475109],"type":"Point"}},{"type":"Feature","properties":{"name":"大荔"},"geometry":{"coordinates":[109.920831,34.835628],"type":"Point"}},{"type":"Feature","properties":{"name":"任丘"},"geometry":{"coordinates":[116.138535,38.693431],"type":"Point"}},{"type":"Feature","properties":{"name":"红埠寺"},"geometry":{"coordinates":[118.262561,35.063221],"type":"Point"}},{"type":"Feature","properties":{"name":"沭埠岭"},"geometry":{"coordinates":[118.4026,35.067443],"type":"Point"}},{"type":"Feature","properties":{"name":"郑旺"},"geometry":{"coordinates":[118.619065,35.17553],"type":"Point"}},{"type":"Feature","properties":{"name":"青石岭"},"geometry":{"coordinates":[118.667031,35.572121],"type":"Point"}},{"type":"Feature","properties":{"name":"朱保"},"geometry":{"coordinates":[118.18021,35.128361],"type":"Point"}},{"type":"Feature","properties":{"name":"地方"},"geometry":{"coordinates":[117.846034,35.338381],"type":"Point"}},{"type":"Feature","properties":{"name":"杨家坡"},"geometry":{"coordinates":[118.588279,35.398183],"type":"Point"}},{"type":"Feature","properties":{"name":"汤头"},"geometry":{"coordinates":[118.554776,35.300001],"type":"Point"}},{"type":"Feature","properties":{"name":"太平"},"geometry":{"coordinates":[118.494603,35.209238],"type":"Point"}},{"type":"Feature","properties":{"name":"临沂南"},"geometry":{"coordinates":[118.435216,35.044343],"type":"Point"}},{"type":"Feature","properties":{"name":"沙墩"},"geometry":{"coordinates":[118.406023,34.838195],"type":"Point"}},{"type":"Feature","properties":{"name":"小水峪"},"geometry":{"coordinates":[116.71907,40.452151],"type":"Point"}},{"type":"Feature","properties":{"name":"渭南西"},"geometry":{"coordinates":[109.435863,34.479484],"type":"Point"}},{"type":"Feature","properties":{"name":"陶卜齐"},"geometry":{"coordinates":[112.026564,40.880638],"type":"Point"}},{"type":"Feature","properties":{"name":"张巷"},"geometry":{"coordinates":[115.928083,28.146465],"type":"Point"}},{"type":"Feature","properties":{"name":"横琴"},"geometry":{"coordinates":[113.53965,22.141019],"type":"Point"}},{"type":"Feature","properties":{"name":"湾仔北"},"geometry":{"coordinates":[113.529214,22.197941],"type":"Point"}},{"type":"Feature","properties":{"name":"十字门"},"geometry":{"coordinates":[113.515667,22.175578],"type":"Point"}},{"type":"Feature","properties":{"name":"潼关"},"geometry":{"coordinates":[110.242811,34.53691],"type":"Point"}},{"type":"Feature","properties":{"name":"故县"},"geometry":{"coordinates":[110.544366,34.534401],"type":"Point"}},{"type":"Feature","properties":{"name":"豫灵"},"geometry":{"coordinates":[110.389977,34.503803],"type":"Point"}},{"type":"Feature","properties":{"name":"太要"},"geometry":{"coordinates":[110.315653,34.503488],"type":"Point"}},{"type":"Feature","properties":{"name":"高柏"},"geometry":{"coordinates":[110.613102,34.557581],"type":"Point"}},{"type":"Feature","properties":{"name":"阌乡"},"geometry":{"coordinates":[110.69042,34.562723],"type":"Point"}},{"type":"Feature","properties":{"name":"焦村"},"geometry":{"coordinates":[110.840925,34.528801],"type":"Point"}},{"type":"Feature","properties":{"name":"灵宝"},"geometry":{"coordinates":[110.89065,34.510686],"type":"Point"}},{"type":"Feature","properties":{"name":"张家湾"},"geometry":{"coordinates":[111.16173,34.744401],"type":"Point"}},{"type":"Feature","properties":{"name":"贺家庄"},"geometry":{"coordinates":[111.201184,34.753592],"type":"Point"}},{"type":"Feature","properties":{"name":"蔡家河"},"geometry":{"coordinates":[109.551252,34.292517],"type":"Point"}},{"type":"Feature","properties":{"name":"桥南镇"},"geometry":{"coordinates":[109.601459,34.358259],"type":"Point"}},{"type":"Feature","properties":{"name":"华州"},"geometry":{"coordinates":[109.757348,34.496707],"type":"Point"}},{"type":"Feature","properties":{"name":"灞源"},"geometry":{"coordinates":[109.666043,34.150056],"type":"Point"}},{"type":"Feature","properties":{"name":"砚川"},"geometry":{"coordinates":[109.875755,34.026334],"type":"Point"}},{"type":"Feature","properties":{"name":"商洛北"},"geometry":{"coordinates":[109.946152,33.869844],"type":"Point"}},{"type":"Feature","properties":{"name":"丰城东"},"geometry":{"coordinates":[115.805868,28.168714],"type":"Point"}},{"type":"Feature","properties":{"name":"新干东"},"geometry":{"coordinates":[115.421768,27.746952],"type":"Point"}},{"type":"Feature","properties":{"name":"阳店"},"geometry":{"coordinates":[110.984962,34.580158],"type":"Point"}},{"type":"Feature","properties":{"name":"吉水西"},"geometry":{"coordinates":[115.085659,27.281384],"type":"Point"}},{"type":"Feature","properties":{"name":"礼泉"},"geometry":{"coordinates":[108.414284,34.43254],"type":"Point"}},{"type":"Feature","properties":{"name":"吉安西"},"geometry":{"coordinates":[114.92839,27.13947],"type":"Point"}},{"type":"Feature","properties":{"name":"万安县"},"geometry":{"coordinates":[114.838631,26.528607],"type":"Point"}},{"type":"Feature","properties":{"name":"兴国西"},"geometry":{"coordinates":[115.274033,26.31575],"type":"Point"}},{"type":"Feature","properties":{"name":"赣县北"},"geometry":{"coordinates":[115.150229,26.009308],"type":"Point"}},{"type":"Feature","properties":{"name":"赣州西"},"geometry":{"coordinates":[114.810917,25.823297],"type":"Point"}},{"type":"Feature","properties":{"name":"赣州南"},"geometry":{"coordinates":[114.881286,25.756499],"type":"Point"}},{"type":"Feature","properties":{"name":"放城"},"geometry":{"coordinates":[117.594389,35.706097],"type":"Point"}},{"type":"Feature","properties":{"name":"东牛家庄"},"geometry":{"coordinates":[117.695998,35.778307],"type":"Point"}},{"type":"Feature","properties":{"name":"韶山南"},"geometry":{"coordinates":[112.542372,27.891703],"type":"Point"}},{"type":"Feature","properties":{"name":"娄底南"},"geometry":{"coordinates":[112.008465,27.666257],"type":"Point"}},{"type":"Feature","properties":{"name":"芷江西"},"geometry":{"coordinates":[109.658437,27.452961],"type":"Point"}},{"type":"Feature","properties":{"name":"芷江"},"geometry":{"coordinates":[109.655432,27.458616],"type":"Point"}},{"type":"Feature","properties":{"name":"新晃西"},"geometry":{"coordinates":[109.121479,27.383429],"type":"Point"}},{"type":"Feature","properties":{"name":"铜仁南"},"geometry":{"coordinates":[108.97131,27.282447],"type":"Point"}},{"type":"Feature","properties":{"name":"三穗"},"geometry":{"coordinates":[108.647299,26.96838],"type":"Point"}},{"type":"Feature","properties":{"name":"王益"},"geometry":{"coordinates":[109.069341,35.061982],"type":"Point"}},{"type":"Feature","properties":{"name":"惠刘"},"geometry":{"coordinates":[109.301749,34.709646],"type":"Point"}},{"type":"Feature","properties":{"name":"陈庄"},"geometry":{"coordinates":[109.592337,34.855734],"type":"Point"}},{"type":"Feature","properties":{"name":"蒲石"},"geometry":{"coordinates":[109.705844,34.887122],"type":"Point"}},{"type":"Feature","properties":{"name":"韩家河"},"geometry":{"coordinates":[109.778498,35.162242],"type":"Point"}},{"type":"Feature","properties":{"name":"狄家河"},"geometry":{"coordinates":[109.678076,35.28502],"type":"Point"}},{"type":"Feature","properties":{"name":"黄陵南"},"geometry":{"coordinates":[109.384405,35.581425],"type":"Point"}},{"type":"Feature","properties":{"name":"黄陵东"},"geometry":{"coordinates":[109.350682,35.618503],"type":"Point"}},{"type":"Feature","properties":{"name":"蒲城北"},"geometry":{"coordinates":[109.565285,34.95987],"type":"Point"}},{"type":"Feature","properties":{"name":"下峪口"},"geometry":{"coordinates":[110.562839,35.615237],"type":"Point"}},{"type":"Feature","properties":{"name":"芝阳"},"geometry":{"coordinates":[110.329622,35.372582],"type":"Point"}},{"type":"Feature","properties":{"name":"南永宁"},"geometry":{"coordinates":[110.052753,35.27921],"type":"Point"}},{"type":"Feature","properties":{"name":"七峰"},"geometry":{"coordinates":[110.038613,35.109211],"type":"Point"}},{"type":"Feature","properties":{"name":"醍醐"},"geometry":{"coordinates":[109.983858,35.025834],"type":"Point"}},{"type":"Feature","properties":{"name":"洛川西"},"geometry":{"coordinates":[109.329717,35.78365],"type":"Point"}},{"type":"Feature","properties":{"name":"洛川北"},"geometry":{"coordinates":[109.349639,35.81918],"type":"Point"}},{"type":"Feature","properties":{"name":"富县"},"geometry":{"coordinates":[109.384548,36.009119],"type":"Point"}},{"type":"Feature","properties":{"name":"富县东"},"geometry":{"coordinates":[109.392739,36.021298],"type":"Point"}},{"type":"Feature","properties":{"name":"青石崖"},"geometry":{"coordinates":[106.961083,34.263692],"type":"Point"}},{"type":"Feature","properties":{"name":"营镇"},"geometry":{"coordinates":[109.031313,33.796957],"type":"Point"}},{"type":"Feature","properties":{"name":"长哨"},"geometry":{"coordinates":[109.18233,33.356419],"type":"Point"}},{"type":"Feature","properties":{"name":"阳城"},"geometry":{"coordinates":[112.486694,35.493276],"type":"Point"}},{"type":"Feature","properties":{"name":"马王村"},"geometry":{"coordinates":[108.72233,34.208146],"type":"Point"}},{"type":"Feature","properties":{"name":"嘉峰"},"geometry":{"coordinates":[112.51729,35.587053],"type":"Point"}},{"type":"Feature","properties":{"name":"户县"},"geometry":{"coordinates":[108.614478,34.113434],"type":"Point"}},{"type":"Feature","properties":{"name":"大岭铺"},"geometry":{"coordinates":[109.244966,32.920371],"type":"Point"}},{"type":"Feature","properties":{"name":"离堆公园"},"geometry":{"coordinates":[103.621556,30.996215],"type":"Point"}},{"type":"Feature","properties":{"name":"民和南"},"geometry":{"coordinates":[102.848228,36.306201],"type":"Point"}},{"type":"Feature","properties":{"name":"海东"},"geometry":{"coordinates":[102.389495,36.4676],"type":"Point"}},{"type":"Feature","properties":{"name":"民乐"},"geometry":{"coordinates":[100.837407,38.473595],"type":"Point"}},{"type":"Feature","properties":{"name":"高台"},"geometry":{"coordinates":[99.787841,39.268422],"type":"Point"}},{"type":"Feature","properties":{"name":"洛阳北"},"geometry":{"coordinates":[112.519631,34.72637],"type":"Point"}},{"type":"Feature","properties":{"name":"九江"},"geometry":{"coordinates":[116.001671,29.706605],"type":"Point"}},{"type":"Feature","properties":{"name":"宝鸡东"},"geometry":{"coordinates":[107.184725,34.369421],"type":"Point"}},{"type":"Feature","properties":{"name":"南通东"},"geometry":{"coordinates":[120.952074,31.993651],"type":"Point"}},{"type":"Feature","properties":{"name":"葵潭"},"geometry":{"coordinates":[115.992156,23.067045],"type":"Point"}},{"type":"Feature","properties":{"name":"诏安"},"geometry":{"coordinates":[117.092696,23.774602],"type":"Point"}},{"type":"Feature","properties":{"name":"虢镇"},"geometry":{"coordinates":[107.358696,34.364535],"type":"Point"}},{"type":"Feature","properties":{"name":"眉县东"},"geometry":{"coordinates":[107.837704,34.272811],"type":"Point"}},{"type":"Feature","properties":{"name":"眉县"},"geometry":{"coordinates":[107.70655,34.310619],"type":"Point"}},{"type":"Feature","properties":{"name":"绛帐"},"geometry":{"coordinates":[107.954096,34.273862],"type":"Point"}},{"type":"Feature","properties":{"name":"武功"},"geometry":{"coordinates":[108.206563,34.258835],"type":"Point"}},{"type":"Feature","properties":{"name":"马嵬坡"},"geometry":{"coordinates":[108.34798,34.267575],"type":"Point"}},{"type":"Feature","properties":{"name":"茂陵"},"geometry":{"coordinates":[108.608417,34.316816],"type":"Point"}},{"type":"Feature","properties":{"name":"长陵"},"geometry":{"coordinates":[108.817342,34.389528],"type":"Point"}},{"type":"Feature","properties":{"name":"阳平"},"geometry":{"coordinates":[107.486651,34.336711],"type":"Point"}},{"type":"Feature","properties":{"name":"庄里"},"geometry":{"coordinates":[109.067195,34.823483],"type":"Point"}},{"type":"Feature","properties":{"name":"永寿"},"geometry":{"coordinates":[108.14707,34.707157],"type":"Point"}},{"type":"Feature","properties":{"name":"阳峪"},"geometry":{"coordinates":[108.190262,34.665703],"type":"Point"}},{"type":"Feature","properties":{"name":"梁山"},"geometry":{"coordinates":[108.181969,34.586984],"type":"Point"}},{"type":"Feature","properties":{"name":"乾县"},"geometry":{"coordinates":[108.273962,34.507127],"type":"Point"}},{"type":"Feature","properties":{"name":"灵源"},"geometry":{"coordinates":[108.347777,34.475865],"type":"Point"}},{"type":"Feature","properties":{"name":"张茅"},"geometry":{"coordinates":[111.364408,34.720185],"type":"Point"}},{"type":"Feature","properties":{"name":"交口"},"geometry":{"coordinates":[111.271302,34.725419],"type":"Point"}},{"type":"Feature","properties":{"name":"庙沟"},"geometry":{"coordinates":[111.442626,34.723762],"type":"Point"}},{"type":"Feature","properties":{"name":"观音堂"},"geometry":{"coordinates":[111.568771,34.719523],"type":"Point"}},{"type":"Feature","properties":{"name":"英豪"},"geometry":{"coordinates":[111.664347,34.72976],"type":"Point"}},{"type":"Feature","properties":{"name":"五原村"},"geometry":{"coordinates":[111.039931,34.661215],"type":"Point"}},{"type":"Feature","properties":{"name":"渑池"},"geometry":{"coordinates":[111.781012,34.754262],"type":"Point"}},{"type":"Feature","properties":{"name":"义马"},"geometry":{"coordinates":[111.906013,34.722364],"type":"Point"}},{"type":"Feature","properties":{"name":"铁门"},"geometry":{"coordinates":[112.012592,34.737731],"type":"Point"}},{"type":"Feature","properties":{"name":"新安县"},"geometry":{"coordinates":[112.148089,34.719388],"type":"Point"}},{"type":"Feature","properties":{"name":"磁涧"},"geometry":{"coordinates":[112.275093,34.69462],"type":"Point"}},{"type":"Feature","properties":{"name":"洛阳西"},"geometry":{"coordinates":[112.353064,34.69846],"type":"Point"}},{"type":"Feature","properties":{"name":"白马寺"},"geometry":{"coordinates":[112.588714,34.717594],"type":"Point"}},{"type":"Feature","properties":{"name":"首阳山"},"geometry":{"coordinates":[112.712448,34.733221],"type":"Point"}},{"type":"Feature","properties":{"name":"偃师"},"geometry":{"coordinates":[112.790031,34.729872],"type":"Point"}},{"type":"Feature","properties":{"name":"黑石关"},"geometry":{"coordinates":[112.935378,34.729532],"type":"Point"}},{"type":"Feature","properties":{"name":"欢河"},"geometry":{"coordinates":[113.577904,34.805857],"type":"Point"}},{"type":"Feature","properties":{"name":"九江南"},"geometry":{"coordinates":[115.966142,29.681663],"type":"Point"}},{"type":"Feature","properties":{"name":"石门坎"},"geometry":{"coordinates":[106.817588,28.672506],"type":"Point"}},{"type":"Feature","properties":{"name":"晋中"},"geometry":{"coordinates":[112.63607,37.686196],"type":"Point"}},{"type":"Feature","properties":{"name":"引镇"},"geometry":{"coordinates":[109.096293,34.094156],"type":"Point"}},{"type":"Feature","properties":{"name":"何寨"},"geometry":{"coordinates":[109.315197,34.498689],"type":"Point"}},{"type":"Feature","properties":{"name":"关山"},"geometry":{"coordinates":[109.369475,34.705426],"type":"Point"}},{"type":"Feature","properties":{"name":"行者"},"geometry":{"coordinates":[109.187821,34.408828],"type":"Point"}},{"type":"Feature","properties":{"name":"临潼东"},"geometry":{"coordinates":[109.251023,34.433591],"type":"Point"}},{"type":"Feature","properties":{"name":"吕河"},"geometry":{"coordinates":[109.307078,32.756843],"type":"Point"}},{"type":"Feature","properties":{"name":"东孝"},"geometry":{"coordinates":[119.709493,29.129975],"type":"Point"}},{"type":"Feature","properties":{"name":"塘雅"},"geometry":{"coordinates":[119.796815,29.160335],"type":"Point"}},{"type":"Feature","properties":{"name":"勉县"},"geometry":{"coordinates":[106.688108,33.173025],"type":"Point"}},{"type":"Feature","properties":{"name":"王家坎"},"geometry":{"coordinates":[107.117713,33.103041],"type":"Point"}},{"type":"Feature","properties":{"name":"治江"},"geometry":{"coordinates":[107.198848,33.119035],"type":"Point"}},{"type":"Feature","properties":{"name":"安康东"},"geometry":{"coordinates":[109.079341,32.724783],"type":"Point"}},{"type":"Feature","properties":{"name":"黄牛铺"},"geometry":{"coordinates":[106.824423,34.196892],"type":"Point"}},{"type":"Feature","properties":{"name":"甘泉北"},"geometry":{"coordinates":[109.34053,36.27807],"type":"Point"}},{"type":"Feature","properties":{"name":"清涧县"},"geometry":{"coordinates":[109.992827,37.166411],"type":"Point"}},{"type":"Feature","properties":{"name":"东胜西"},"geometry":{"coordinates":[109.871922,39.723688],"type":"Point"}},{"type":"Feature","properties":{"name":"鄂尔多斯"},"geometry":{"coordinates":[109.83697,39.560018],"type":"Point"}},{"type":"Feature","properties":{"name":"罕台川"},"geometry":{"coordinates":[109.86415,39.896407],"type":"Point"}},{"type":"Feature","properties":{"name":"罕台川北"},"geometry":{"coordinates":[109.886576,39.98306],"type":"Point"}},{"type":"Feature","properties":{"name":"响沙湾"},"geometry":{"coordinates":[109.923389,40.160044],"type":"Point"}},{"type":"Feature","properties":{"name":"包头南"},"geometry":{"coordinates":[109.7741,40.558815],"type":"Point"}},{"type":"Feature","properties":{"name":"达拉特西"},"geometry":{"coordinates":[109.886195,40.379036],"type":"Point"}},{"type":"Feature","properties":{"name":"新街"},"geometry":{"coordinates":[109.835784,39.27645],"type":"Point"}},{"type":"Feature","properties":{"name":"伊金霍洛旗"},"geometry":{"coordinates":[109.808414,39.570834],"type":"Point"}},{"type":"Feature","properties":{"name":"梧州南"},"geometry":{"coordinates":[111.217319,23.395604],"type":"Point"}},{"type":"Feature","properties":{"name":"藤县"},"geometry":{"coordinates":[110.982283,23.336735],"type":"Point"}},{"type":"Feature","properties":{"name":"桂平"},"geometry":{"coordinates":[110.112234,23.318502],"type":"Point"}},{"type":"Feature","properties":{"name":"枝江北"},"geometry":{"coordinates":[111.766623,30.479617],"type":"Point"}},{"type":"Feature","properties":{"name":"贵阳东"},"geometry":{"coordinates":[106.740726,26.667633],"type":"Point"}},{"type":"Feature","properties":{"name":"黔灵山"},"geometry":{"coordinates":[106.676696,26.590642],"type":"Point"}},{"type":"Feature","properties":{"name":"贺州"},"geometry":{"coordinates":[111.53412,24.457226],"type":"Point"}},{"type":"Feature","properties":{"name":"怀集"},"geometry":{"coordinates":[112.154056,23.894709],"type":"Point"}},{"type":"Feature","properties":{"name":"贵定县"},"geometry":{"coordinates":[107.18646,26.354456],"type":"Point"}},{"type":"Feature","properties":{"name":"龙里北"},"geometry":{"coordinates":[106.963244,26.471775],"type":"Point"}},{"type":"Feature","properties":{"name":"贵阳南"},"geometry":{"coordinates":[106.725617,26.502345],"type":"Point"}},{"type":"Feature","properties":{"name":"开阳"},"geometry":{"coordinates":[106.97007,27.044686],"type":"Point"}},{"type":"Feature","properties":{"name":"白云北"},"geometry":{"coordinates":[106.659138,26.706668],"type":"Point"}},{"type":"Feature","properties":{"name":"改貌"},"geometry":{"coordinates":[106.739102,26.441758],"type":"Point"}},{"type":"Feature","properties":{"name":"长冲沟"},"geometry":{"coordinates":[106.763965,26.454175],"type":"Point"}},{"type":"Feature","properties":{"name":"大土"},"geometry":{"coordinates":[106.824068,26.468233],"type":"Point"}},{"type":"Feature","properties":{"name":"关田"},"geometry":{"coordinates":[106.696712,26.541981],"type":"Point"}},{"type":"Feature","properties":{"name":"谷立"},"geometry":{"coordinates":[106.760563,26.478344],"type":"Point"}},{"type":"Feature","properties":{"name":"卧龙寺"},"geometry":{"coordinates":[107.256496,34.365623],"type":"Point"}},{"type":"Feature","properties":{"name":"荆门南"},"geometry":{"coordinates":[112.176951,30.998449],"type":"Point"}},{"type":"Feature","properties":{"name":"白河东"},"geometry":{"coordinates":[110.109247,32.806472],"type":"Point"}},{"type":"Feature","properties":{"name":"蜀河"},"geometry":{"coordinates":[109.674287,32.906734],"type":"Point"}},{"type":"Feature","properties":{"name":"花果"},"geometry":{"coordinates":[110.665006,32.648352],"type":"Point"}},{"type":"Feature","properties":{"name":"无锡西"},"geometry":{"coordinates":[120.167126,31.615273],"type":"Point"}},{"type":"Feature","properties":{"name":"蒲城东"},"geometry":{"coordinates":[109.604077,34.989651],"type":"Point"}},{"type":"Feature","properties":{"name":"新下陆"},"geometry":{"coordinates":[114.940044,30.185502],"type":"Point"}},{"type":"Feature","properties":{"name":"铜录山"},"geometry":{"coordinates":[114.94795,30.077214],"type":"Point"}},{"type":"Feature","properties":{"name":"罗家桥"},"geometry":{"coordinates":[114.961295,30.137961],"type":"Point"}},{"type":"Feature","properties":{"name":"花湖"},"geometry":{"coordinates":[115.016935,30.263537],"type":"Point"}},{"type":"Feature","properties":{"name":"大冶北"},"geometry":{"coordinates":[114.995391,30.124868],"type":"Point"}},{"type":"Feature","properties":{"name":"华容南"},"geometry":{"coordinates":[114.769254,30.449105],"type":"Point"}},{"type":"Feature","properties":{"name":"葛店南"},"geometry":{"coordinates":[114.655091,30.492619],"type":"Point"}},{"type":"Feature","properties":{"name":"鄂州东"},"geometry":{"coordinates":[114.943056,30.36385],"type":"Point"}},{"type":"Feature","properties":{"name":"景德镇南"},"geometry":{"coordinates":[117.173469,29.255267],"type":"Point"}},{"type":"Feature","properties":{"name":"丹凤"},"geometry":{"coordinates":[110.34902,33.681351],"type":"Point"}},{"type":"Feature","properties":{"name":"铁峪铺"},"geometry":{"coordinates":[110.543407,33.627497],"type":"Point"}},{"type":"Feature","properties":{"name":"商镇"},"geometry":{"coordinates":[110.256064,33.717325],"type":"Point"}},{"type":"Feature","properties":{"name":"清油河"},"geometry":{"coordinates":[110.746091,33.557571],"type":"Point"}},{"type":"Feature","properties":{"name":"杨桥畔"},"geometry":{"coordinates":[108.956882,37.640378],"type":"Point"}},{"type":"Feature","properties":{"name":"鲍渠"},"geometry":{"coordinates":[109.184515,37.596528],"type":"Point"}},{"type":"Feature","properties":{"name":"魏家楼"},"geometry":{"coordinates":[109.556517,37.561344],"type":"Point"}},{"type":"Feature","properties":{"name":"子洲"},"geometry":{"coordinates":[109.947657,37.610648],"type":"Point"}},{"type":"Feature","properties":{"name":"三水西"},"geometry":{"coordinates":[112.849701,23.188224],"type":"Point"}},{"type":"Feature","properties":{"name":"神头"},"geometry":{"coordinates":[112.54398,39.358213],"type":"Point"}},{"type":"Feature","properties":{"name":"凤凰村"},"geometry":{"coordinates":[112.315268,38.973119],"type":"Point"}},{"type":"Feature","properties":{"name":"活蚕沟"},"geometry":{"coordinates":[110.019926,39.603536],"type":"Point"}},{"type":"Feature","properties":{"name":"府谷"},"geometry":{"coordinates":[111.039572,39.050844],"type":"Point"}},{"type":"Feature","properties":{"name":"孤山川"},"geometry":{"coordinates":[110.87999,39.085356],"type":"Point"}},{"type":"Feature","properties":{"name":"黄羊城"},"geometry":{"coordinates":[110.509386,39.033824],"type":"Point"}},{"type":"Feature","properties":{"name":"大保当"},"geometry":{"coordinates":[110.032434,38.662157],"type":"Point"}},{"type":"Feature","properties":{"name":"红石峡"},"geometry":{"coordinates":[109.706856,38.347461],"type":"Point"}},{"type":"Feature","properties":{"name":"孟家壕"},"geometry":{"coordinates":[109.655689,38.145163],"type":"Point"}},{"type":"Feature","properties":{"name":"神木西"},"geometry":{"coordinates":[110.085309,38.985622],"type":"Point"}},{"type":"Feature","properties":{"name":"侯家母"},"geometry":{"coordinates":[110.163745,39.032006],"type":"Point"}},{"type":"Feature","properties":{"name":"中鸡"},"geometry":{"coordinates":[109.997353,39.127845],"type":"Point"}},{"type":"Feature","properties":{"name":"南华北"},"geometry":{"coordinates":[101.279544,25.210059],"type":"Point"}},{"type":"Feature","properties":{"name":"扬州东"},"geometry":{"coordinates":[119.52332,32.406613],"type":"Point"}},{"type":"Feature","properties":{"name":"褚家沟"},"geometry":{"coordinates":[111.724217,37.356409],"type":"Point"}},{"type":"Feature","properties":{"name":"文水"},"geometry":{"coordinates":[112.071433,37.438583],"type":"Point"}},{"type":"Feature","properties":{"name":"交城"},"geometry":{"coordinates":[112.191643,37.521828],"type":"Point"}},{"type":"Feature","properties":{"name":"范县"},"geometry":{"coordinates":[115.487342,35.833028],"type":"Point"}},{"type":"Feature","properties":{"name":"兰陵西"},"geometry":{"coordinates":[117.877592,34.819056],"type":"Point"}},{"type":"Feature","properties":{"name":"浮屠街"},"geometry":{"coordinates":[115.09336,29.896484],"type":"Point"}},{"type":"Feature","properties":{"name":"白杨畈"},"geometry":{"coordinates":[115.631489,29.73323],"type":"Point"}},{"type":"Feature","properties":{"name":"夏畈"},"geometry":{"coordinates":[115.541365,29.762758],"type":"Point"}},{"type":"Feature","properties":{"name":"西河村"},"geometry":{"coordinates":[115.326949,29.752221],"type":"Point"}},{"type":"Feature","properties":{"name":"大老铺（废弃）"},"geometry":{"coordinates":[115.234391,29.788074],"type":"Point"}},{"type":"Feature","properties":{"name":"大箕铺"},"geometry":{"coordinates":[115.021639,30.032873],"type":"Point"}},{"type":"Feature","properties":{"name":"葛店"},"geometry":{"coordinates":[114.663546,30.536041],"type":"Point"}},{"type":"Feature","properties":{"name":"黄石"},"geometry":{"coordinates":[114.935646,30.156631],"type":"Point"}},{"type":"Feature","properties":{"name":"南塘镇"},"geometry":{"coordinates":[115.255797,26.097004],"type":"Point"}},{"type":"Feature","properties":{"name":"高兴镇"},"geometry":{"coordinates":[115.283302,26.416954],"type":"Point"}},{"type":"Feature","properties":{"name":"龙口"},"geometry":{"coordinates":[115.293852,26.16064],"type":"Point"}},{"type":"Feature","properties":{"name":"冠朝"},"geometry":{"coordinates":[114.985916,26.675935],"type":"Point"}},{"type":"Feature","properties":{"name":"沙村"},"geometry":{"coordinates":[115.072999,26.648388],"type":"Point"}},{"type":"Feature","properties":{"name":"营盘上"},"geometry":{"coordinates":[115.241696,26.545627],"type":"Point"}},{"type":"Feature","properties":{"name":"龙回"},"geometry":{"coordinates":[114.781466,25.533611],"type":"Point"}},{"type":"Feature","properties":{"name":"大塘埠"},"geometry":{"coordinates":[114.918589,25.280662],"type":"Point"}},{"type":"Feature","properties":{"name":"铁石口"},"geometry":{"coordinates":[114.91879,25.181104],"type":"Point"}},{"type":"Feature","properties":{"name":"定南"},"geometry":{"coordinates":[115.000087,24.777806],"type":"Point"}},{"type":"Feature","properties":{"name":"关西镇"},"geometry":{"coordinates":[114.92706,24.840372],"type":"Point"}},{"type":"Feature","properties":{"name":"小江"},"geometry":{"coordinates":[114.915152,25.026475],"type":"Point"}},{"type":"Feature","properties":{"name":"珞璜"},"geometry":{"coordinates":[106.430894,29.333699],"type":"Point"}},{"type":"Feature","properties":{"name":"天台"},"geometry":{"coordinates":[106.820362,27.209216],"type":"Point"}},{"type":"Feature","properties":{"name":"花赖"},"geometry":{"coordinates":[105.293678,26.251388],"type":"Point"}},{"type":"Feature","properties":{"name":"石板滩"},"geometry":{"coordinates":[104.264415,30.724787],"type":"Point"}},{"type":"Feature","properties":{"name":"龙潭寺"},"geometry":{"coordinates":[104.177872,30.710729],"type":"Point"}},{"type":"Feature","properties":{"name":"大英东"},"geometry":{"coordinates":[105.275964,30.570661],"type":"Point"}},{"type":"Feature","properties":{"name":"澄城"},"geometry":{"coordinates":[109.933388,35.286888],"type":"Point"}},{"type":"Feature","properties":{"name":"白水县"},"geometry":{"coordinates":[109.698837,35.353318],"type":"Point"}},{"type":"Feature","properties":{"name":"桥上"},"geometry":{"coordinates":[111.927443,35.717207],"type":"Point"}},{"type":"Feature","properties":{"name":"上交"},"geometry":{"coordinates":[111.978559,35.708475],"type":"Point"}},{"type":"Feature","properties":{"name":"沁水"},"geometry":{"coordinates":[112.167765,35.687828],"type":"Point"}},{"type":"Feature","properties":{"name":"翼城东"},"geometry":{"coordinates":[111.770131,35.77243],"type":"Point"}},{"type":"Feature","properties":{"name":"翼城"},"geometry":{"coordinates":[111.704637,35.742723],"type":"Point"}},{"type":"Feature","properties":{"name":"南常"},"geometry":{"coordinates":[111.525313,35.672572],"type":"Point"}},{"type":"Feature","properties":{"name":"曲沃"},"geometry":{"coordinates":[111.448742,35.70325],"type":"Point"}},{"type":"Feature","properties":{"name":"芭蕉沟"},"geometry":{"coordinates":[103.765082,29.206165],"type":"Point"}},{"type":"Feature","properties":{"name":"高寺台"},"geometry":{"coordinates":[117.963093,41.159444],"type":"Point"}},{"type":"Feature","properties":{"name":"广安"},"geometry":{"coordinates":[106.893159,30.496806],"type":"Point"}},{"type":"Feature","properties":{"name":"宝莲寺"},"geometry":{"coordinates":[114.346412,36.009537],"type":"Point"}},{"type":"Feature","properties":{"name":"巨峰"},"geometry":{"coordinates":[119.295392,35.315166],"type":"Point"}},{"type":"Feature","properties":{"name":"五通（已关闭）"},"geometry":{"coordinates":[110.085741,25.376429],"type":"Point"}},{"type":"Feature","properties":{"name":"确山"},"geometry":{"coordinates":[114.030658,32.803665],"type":"Point"}},{"type":"Feature","properties":{"name":"大冶"},"geometry":{"coordinates":[114.96063,30.096922],"type":"Point"}},{"type":"Feature","properties":{"name":"铁山"},"geometry":{"coordinates":[114.882774,30.202923],"type":"Point"}},{"type":"Feature","properties":{"name":"下陆"},"geometry":{"coordinates":[114.975348,30.181157],"type":"Point"}},{"type":"Feature","properties":{"name":"驻马店"},"geometry":{"coordinates":[114.036844,32.98101],"type":"Point"}},{"type":"Feature","properties":{"name":"天峻"},"geometry":{"coordinates":[99.193106,37.19195],"type":"Point"}},{"type":"Feature","properties":{"name":"平安驿"},"geometry":{"coordinates":[102.107056,36.505203],"type":"Point"}},{"type":"Feature","properties":{"name":"民权北"},"geometry":{"coordinates":[115.174514,34.66119],"type":"Point"}},{"type":"Feature","properties":{"name":"平度西"},"geometry":{"coordinates":[119.879641,36.761689],"type":"Point"}},{"type":"Feature","properties":{"name":"平坝南"},"geometry":{"coordinates":[106.253423,26.387253],"type":"Point"}},{"type":"Feature","properties":{"name":"峨边"},"geometry":{"coordinates":[103.275416,29.260564],"type":"Point"}},{"type":"Feature","properties":{"name":"嵩明"},"geometry":{"coordinates":[103.135665,25.242568],"type":"Point"}},{"type":"Feature","properties":{"name":"西昌南"},"geometry":{"coordinates":[102.212608,27.841454],"type":"Point"}},{"type":"Feature","properties":{"name":"九曲河"},"geometry":{"coordinates":[106.478948,29.65659],"type":"Point"}},{"type":"Feature","properties":{"name":"临沭"},"geometry":{"coordinates":[118.61148,34.864964],"type":"Point"}},{"type":"Feature","properties":{"name":"朗常寨"},"geometry":{"coordinates":[103.465468,23.266524],"type":"Point"}},{"type":"Feature","properties":{"name":"蒙自北"},"geometry":{"coordinates":[103.300008,23.470554],"type":"Point"}},{"type":"Feature","properties":{"name":"长桥海"},"geometry":{"coordinates":[103.396286,23.446108],"type":"Point"}},{"type":"Feature","properties":{"name":"遂宁"},"geometry":{"coordinates":[105.539031,30.545597],"type":"Point"}},{"type":"Feature","properties":{"name":"金堂"},"geometry":{"coordinates":[104.429548,30.84357],"type":"Point"}},{"type":"Feature","properties":{"name":"茶山坳"},"geometry":{"coordinates":[112.697105,26.930356],"type":"Point"}},{"type":"Feature","properties":{"name":"长沙东"},"geometry":{"coordinates":[113.00952,28.179423],"type":"Point"}},{"type":"Feature","properties":{"name":"仙游"},"geometry":{"coordinates":[118.866665,25.253513],"type":"Point"}},{"type":"Feature","properties":{"name":"天河街"},"geometry":{"coordinates":[114.207151,30.824391],"type":"Point"}},{"type":"Feature","properties":{"name":"孝感东"},"geometry":{"coordinates":[113.942485,30.935775],"type":"Point"}},{"type":"Feature","properties":{"name":"槐荫"},"geometry":{"coordinates":[113.960139,30.899262],"type":"Point"}},{"type":"Feature","properties":{"name":"闵集"},"geometry":{"coordinates":[114.136086,30.82576],"type":"Point"}},{"type":"Feature","properties":{"name":"金银潭"},"geometry":{"coordinates":[114.259134,30.661886],"type":"Point"}},{"type":"Feature","properties":{"name":"左岭"},"geometry":{"coordinates":[114.605042,30.502377],"type":"Point"}},{"type":"Feature","properties":{"name":"花山南"},"geometry":{"coordinates":[114.507665,30.530751],"type":"Point"}},{"type":"Feature","properties":{"name":"南湖东"},"geometry":{"coordinates":[114.374811,30.468818],"type":"Point"}},{"type":"Feature","properties":{"name":"惠安"},"geometry":{"coordinates":[118.709698,25.060637],"type":"Point"}},{"type":"Feature","properties":{"name":"华容"},"geometry":{"coordinates":[114.737418,30.520742],"type":"Point"}},{"type":"Feature","properties":{"name":"黄冈西"},"geometry":{"coordinates":[114.883434,30.50689],"type":"Point"}},{"type":"Feature","properties":{"name":"暮云"},"geometry":{"coordinates":[113.000614,27.99351],"type":"Point"}},{"type":"Feature","properties":{"name":"香樟路"},"geometry":{"coordinates":[113.023747,28.140867],"type":"Point"}},{"type":"Feature","properties":{"name":"开福寺"},"geometry":{"coordinates":[112.975072,28.226786],"type":"Point"}},{"type":"Feature","properties":{"name":"溧阳"},"geometry":{"coordinates":[119.497683,31.387962],"type":"Point"}},{"type":"Feature","properties":{"name":"西社"},"geometry":{"coordinates":[109.725884,35.242089],"type":"Point"}},{"type":"Feature","properties":{"name":"瑞昌西"},"geometry":{"coordinates":[115.628962,29.662629],"type":"Point"}},{"type":"Feature","properties":{"name":"屏边"},"geometry":{"coordinates":[103.63569,23.016778],"type":"Point"}},{"type":"Feature","properties":{"name":"新现"},"geometry":{"coordinates":[103.541209,23.177144],"type":"Point"}},{"type":"Feature","properties":{"name":"彬州"},"geometry":{"coordinates":[108.099649,35.046277],"type":"Point"}},{"type":"Feature","properties":{"name":"旗下营"},"geometry":{"coordinates":[112.146001,40.974956],"type":"Point"}},{"type":"Feature","properties":{"name":"苏集"},"geometry":{"coordinates":[113.1069,40.898329],"type":"Point"}},{"type":"Feature","properties":{"name":"永康南"},"geometry":{"coordinates":[120.01924,28.853576],"type":"Point"}},{"type":"Feature","properties":{"name":"新窑坡"},"geometry":{"coordinates":[104.292138,35.703365],"type":"Point"}},{"type":"Feature","properties":{"name":"化稍营"},"geometry":{"coordinates":[114.602779,40.264822],"type":"Point"}},{"type":"Feature","properties":{"name":"开封"},"geometry":{"coordinates":[114.349053,34.772001],"type":"Point"}},{"type":"Feature","properties":{"name":"海东西"},"geometry":{"coordinates":[102.053516,36.509482],"type":"Point"}},{"type":"Feature","properties":{"name":"兰州西"},"geometry":{"coordinates":[103.749284,36.067584],"type":"Point"}},{"type":"Feature","properties":{"name":"黄家营"},"geometry":{"coordinates":[111.446693,32.329995],"type":"Point"}},{"type":"Feature","properties":{"name":"老河口东"},"geometry":{"coordinates":[111.73645,32.221119],"type":"Point"}},{"type":"Feature","properties":{"name":"泗阳"},"geometry":{"coordinates":[118.708757,33.755959],"type":"Point"}},{"type":"Feature","properties":{"name":"洪山咀"},"geometry":{"coordinates":[111.64862,32.455688],"type":"Point"}},{"type":"Feature","properties":{"name":"落水洞 (预留)"},"geometry":{"coordinates":[109.947087,30.581316],"type":"Point"}},{"type":"Feature","properties":{"name":"白杨坪 (预留)"},"geometry":{"coordinates":[109.623091,30.480766],"type":"Point"}},{"type":"Feature","properties":{"name":"箐口 (预留)"},"geometry":{"coordinates":[109.128833,30.269098],"type":"Point"}},{"type":"Feature","properties":{"name":"三溪口"},"geometry":{"coordinates":[106.448035,29.734511],"type":"Point"}},{"type":"Feature","properties":{"name":"井口"},"geometry":{"coordinates":[106.455201,29.6567],"type":"Point"}},{"type":"Feature","properties":{"name":"中梁山"},"geometry":{"coordinates":[106.42264,29.450422],"type":"Point"}},{"type":"Feature","properties":{"name":"白市驿"},"geometry":{"coordinates":[106.372851,29.479068],"type":"Point"}},{"type":"Feature","properties":{"name":"南充北"},"geometry":{"coordinates":[106.065928,30.860034],"type":"Point"}},{"type":"Feature","properties":{"name":"南部"},"geometry":{"coordinates":[106.009015,31.373355],"type":"Point"}},{"type":"Feature","properties":{"name":"武胜"},"geometry":{"coordinates":[106.10179,30.372046],"type":"Point"}},{"type":"Feature","properties":{"name":"陇南西"},"geometry":{"coordinates":[104.847355,33.4113],"type":"Point"}},{"type":"Feature","properties":{"name":"太公"},"geometry":{"coordinates":[105.824639,32.106517],"type":"Point"}},{"type":"Feature","properties":{"name":"姚渡"},"geometry":{"coordinates":[105.493684,32.805794],"type":"Point"}},{"type":"Feature","properties":{"name":"岷县"},"geometry":{"coordinates":[104.067594,34.393432],"type":"Point"}},{"type":"Feature","properties":{"name":"羊木"},"geometry":{"coordinates":[105.773201,32.598515],"type":"Point"}},{"type":"Feature","properties":{"name":"万州北"},"geometry":{"coordinates":[108.362144,30.865582],"type":"Point"}},{"type":"Feature","properties":{"name":"梁平南"},"geometry":{"coordinates":[107.765463,30.644328],"type":"Point"}},{"type":"Feature","properties":{"name":"垫江"},"geometry":{"coordinates":[107.373731,30.309723],"type":"Point"}},{"type":"Feature","properties":{"name":"长寿湖"},"geometry":{"coordinates":[107.199972,29.967928],"type":"Point"}},{"type":"Feature","properties":{"name":"复盛"},"geometry":{"coordinates":[106.798123,29.65796],"type":"Point"}},{"type":"Feature","properties":{"name":"双溪"},"geometry":{"coordinates":[106.738239,29.652272],"type":"Point"}},{"type":"Feature","properties":{"name":"荣昌北"},"geometry":{"coordinates":[105.632785,29.436174],"type":"Point"}},{"type":"Feature","properties":{"name":"资阳北"},"geometry":{"coordinates":[104.680096,30.128376],"type":"Point"}},{"type":"Feature","properties":{"name":"资中北"},"geometry":{"coordinates":[104.870271,29.799705],"type":"Point"}},{"type":"Feature","properties":{"name":"吴堡"},"geometry":{"coordinates":[110.660845,37.480873],"type":"Point"}},{"type":"Feature","properties":{"name":"隆化"},"geometry":{"coordinates":[117.744997,41.326394],"type":"Point"}},{"type":"Feature","properties":{"name":"秦皇岛"},"geometry":{"coordinates":[119.586319,39.964861],"type":"Point"}},{"type":"Feature","properties":{"name":"龙里"},"geometry":{"coordinates":[106.969609,26.450708],"type":"Point"}},{"type":"Feature","properties":{"name":"忻州"},"geometry":{"coordinates":[112.740281,38.419205],"type":"Point"}},{"type":"Feature","properties":{"name":"商南"},"geometry":{"coordinates":[110.896072,33.528149],"type":"Point"}},{"type":"Feature","properties":{"name":"果园"},"geometry":{"coordinates":[106.366899,38.077114],"type":"Point"}},{"type":"Feature","properties":{"name":"横沟"},"geometry":{"coordinates":[106.456656,38.112025],"type":"Point"}},{"type":"Feature","properties":{"name":"黄羊墩"},"geometry":{"coordinates":[106.547479,38.129938],"type":"Point"}},{"type":"Feature","properties":{"name":"鸳鸯湖"},"geometry":{"coordinates":[106.681738,38.081777],"type":"Point"}},{"type":"Feature","properties":{"name":"防沙林场"},"geometry":{"coordinates":[106.721052,38.069845],"type":"Point"}},{"type":"Feature","properties":{"name":"盐池"},"geometry":{"coordinates":[107.342959,37.733867],"type":"Point"}},{"type":"Feature","properties":{"name":"牛毛井"},"geometry":{"coordinates":[107.187362,37.894277],"type":"Point"}},{"type":"Feature","properties":{"name":"梅花井"},"geometry":{"coordinates":[106.76576,38.09502],"type":"Point"}},{"type":"Feature","properties":{"name":"马跑泉"},"geometry":{"coordinates":[106.638665,38.130135],"type":"Point"}},{"type":"Feature","properties":{"name":"清水营"},"geometry":{"coordinates":[106.717374,38.128873],"type":"Point"}},{"type":"Feature","properties":{"name":"宁东北"},"geometry":{"coordinates":[106.61907,38.16418],"type":"Point"}},{"type":"Feature","properties":{"name":"苍溪"},"geometry":{"coordinates":[105.912168,31.762668],"type":"Point"}},{"type":"Feature","properties":{"name":"阆中"},"geometry":{"coordinates":[105.953485,31.560137],"type":"Point"}},{"type":"Feature","properties":{"name":"枣强"},"geometry":{"coordinates":[115.732994,37.503853],"type":"Point"}},{"type":"Feature","properties":{"name":"新郑东"},"geometry":{"coordinates":[113.783946,34.375781],"type":"Point"}},{"type":"Feature","properties":{"name":"东双河"},"geometry":{"coordinates":[114.090286,32.034062],"type":"Point"}},{"type":"Feature","properties":{"name":"柳林"},"geometry":{"coordinates":[114.092456,31.956218],"type":"Point"}},{"type":"Feature","properties":{"name":"祝家湾"},"geometry":{"coordinates":[114.145114,30.929912],"type":"Point"}},{"type":"Feature","properties":{"name":"卫家店"},"geometry":{"coordinates":[113.967225,31.320968],"type":"Point"}},{"type":"Feature","properties":{"name":"彭家湾"},"geometry":{"coordinates":[114.075081,32.242832],"type":"Point"}},{"type":"Feature","properties":{"name":"长台关"},"geometry":{"coordinates":[114.056276,32.322911],"type":"Point"}},{"type":"Feature","properties":{"name":"沙塘"},"geometry":{"coordinates":[117.023063,34.299661],"type":"Point"}},{"type":"Feature","properties":{"name":"新河"},"geometry":{"coordinates":[117.039426,34.25031],"type":"Point"}},{"type":"Feature","properties":{"name":"萧县"},"geometry":{"coordinates":[116.953064,34.170156],"type":"Point"}},{"type":"Feature","properties":{"name":"淮北北"},"geometry":{"coordinates":[116.845367,34.048473],"type":"Point"}},{"type":"Feature","properties":{"name":"岱河"},"geometry":{"coordinates":[116.827542,33.995052],"type":"Point"}},{"type":"Feature","properties":{"name":"濉溪"},"geometry":{"coordinates":[116.772581,33.925275],"type":"Point"}},{"type":"Feature","properties":{"name":"符离集"},"geometry":{"coordinates":[116.980374,33.761629],"type":"Point"}},{"type":"Feature","properties":{"name":"河津"},"geometry":{"coordinates":[110.720206,35.587679],"type":"Point"}},{"type":"Feature","properties":{"name":"荆门东"},"geometry":{"coordinates":[112.22591,31.03756],"type":"Point"}},{"type":"Feature","properties":{"name":"石家庄西"},"geometry":{"coordinates":[114.356381,38.074229],"type":"Point"}},{"type":"Feature","properties":{"name":"石家庄北"},"geometry":{"coordinates":[114.459239,38.065936],"type":"Point"}},{"type":"Feature","properties":{"name":"柳辛庄"},"geometry":{"coordinates":[114.503703,38.100124],"type":"Point"}},{"type":"Feature","properties":{"name":"南胡庄"},"geometry":{"coordinates":[114.322308,38.176817],"type":"Point"}},{"type":"Feature","properties":{"name":"宜安"},"geometry":{"coordinates":[114.266433,38.191478],"type":"Point"}},{"type":"Feature","properties":{"name":"宋家峪"},"geometry":{"coordinates":[114.19291,38.197635],"type":"Point"}},{"type":"Feature","properties":{"name":"西柏坡"},"geometry":{"coordinates":[114.083134,38.261607],"type":"Point"}},{"type":"Feature","properties":{"name":"井陉北"},"geometry":{"coordinates":[114.019058,38.151441],"type":"Point"}},{"type":"Feature","properties":{"name":"毛陈"},"geometry":{"coordinates":[113.985579,30.86623],"type":"Point"}},{"type":"Feature","properties":{"name":"赵城"},"geometry":{"coordinates":[111.693188,36.381335],"type":"Point"}},{"type":"Feature","properties":{"name":"大寨岭"},"geometry":{"coordinates":[106.869164,35.378309],"type":"Point"}},{"type":"Feature","properties":{"name":"王里堡"},"geometry":{"coordinates":[113.112196,36.393361],"type":"Point"}},{"type":"Feature","properties":{"name":"店上"},"geometry":{"coordinates":[113.083383,36.443257],"type":"Point"}},{"type":"Feature","properties":{"name":"五阳"},"geometry":{"coordinates":[113.064831,36.470243],"type":"Point"}},{"type":"Feature","properties":{"name":"长子"},"geometry":{"coordinates":[112.956486,36.065314],"type":"Point"}},{"type":"Feature","properties":{"name":"西武匠"},"geometry":{"coordinates":[112.870467,35.450698],"type":"Point"}},{"type":"Feature","properties":{"name":"西阳村"},"geometry":{"coordinates":[112.86813,35.874853],"type":"Point"}},{"type":"Feature","properties":{"name":"赵庄"},"geometry":{"coordinates":[112.852357,35.943608],"type":"Point"}},{"type":"Feature","properties":{"name":"小宋"},"geometry":{"coordinates":[113.018591,36.12986],"type":"Point"}},{"type":"Feature","properties":{"name":"壶关"},"geometry":{"coordinates":[113.217441,36.16996],"type":"Point"}},{"type":"Feature","properties":{"name":"黄山北"},"geometry":{"coordinates":[118.26734,29.818337],"type":"Point"}},{"type":"Feature","properties":{"name":"滨海西"},"geometry":{"coordinates":[117.605684,39.080031],"type":"Point"}},{"type":"Feature","properties":{"name":"华山"},"geometry":{"coordinates":[110.061037,34.522544],"type":"Point"}},{"type":"Feature","properties":{"name":"高村"},"geometry":{"coordinates":[112.685123,38.168844],"type":"Point"}},{"type":"Feature","properties":{"name":"阳曲"},"geometry":{"coordinates":[112.675545,38.057447],"type":"Point"}},{"type":"Feature","properties":{"name":"东凌井"},"geometry":{"coordinates":[112.926709,38.038046],"type":"Point"}},{"type":"Feature","properties":{"name":"阳曲西"},"geometry":{"coordinates":[112.641751,38.071947],"type":"Point"}},{"type":"Feature","properties":{"name":"平社"},"geometry":{"coordinates":[112.589606,38.27662],"type":"Point"}},{"type":"Feature","properties":{"name":"豆罗"},"geometry":{"coordinates":[112.695116,38.305368],"type":"Point"}},{"type":"Feature","properties":{"name":"田村"},"geometry":{"coordinates":[112.721736,38.369411],"type":"Point"}},{"type":"Feature","properties":{"name":"三都县"},"geometry":{"coordinates":[107.813085,26.081132],"type":"Point"}},{"type":"Feature","properties":{"name":"都匀东"},"geometry":{"coordinates":[107.581278,26.170417],"type":"Point"}},{"type":"Feature","properties":{"name":"从江"},"geometry":{"coordinates":[109.110283,25.912155],"type":"Point"}},{"type":"Feature","properties":{"name":"恭城"},"geometry":{"coordinates":[110.865611,24.833981],"type":"Point"}},{"type":"Feature","properties":{"name":"钟山西"},"geometry":{"coordinates":[111.326837,24.555232],"type":"Point"}},{"type":"Feature","properties":{"name":"阳朔"},"geometry":{"coordinates":[110.563363,24.963606],"type":"Point"}},{"type":"Feature","properties":{"name":"广宁"},"geometry":{"coordinates":[112.420976,23.587617],"type":"Point"}},{"type":"Feature","properties":{"name":"广州南"},"geometry":{"coordinates":[113.264038,22.991414],"type":"Point"}},{"type":"Feature","properties":{"name":"官窑"},"geometry":{"coordinates":[113.028993,23.214505],"type":"Point"}},{"type":"Feature","properties":{"name":"屯里"},"geometry":{"coordinates":[108.427145,22.843357],"type":"Point"}},{"type":"Feature","properties":{"name":"来宾北"},"geometry":{"coordinates":[109.240982,23.75456],"type":"Point"}},{"type":"Feature","properties":{"name":"进德"},"geometry":{"coordinates":[109.332178,24.216453],"type":"Point"}},{"type":"Feature","properties":{"name":"云山"},"geometry":{"coordinates":[114.412541,23.112695],"type":"Point"}},{"type":"Feature","properties":{"name":"二矿"},"geometry":{"coordinates":[109.859558,35.159428],"type":"Point"}},{"type":"Feature","properties":{"name":"权家河"},"geometry":{"coordinates":[109.880754,35.16139],"type":"Point"}},{"type":"Feature","properties":{"name":"董西"},"geometry":{"coordinates":[109.898481,35.166648],"type":"Point"}},{"type":"Feature","properties":{"name":"西小川"},"geometry":{"coordinates":[103.556991,36.631831],"type":"Point"}},{"type":"Feature","properties":{"name":"沙沙圪台"},"geometry":{"coordinates":[109.994534,39.64522],"type":"Point"}},{"type":"Feature","properties":{"name":"转龙湾"},"geometry":{"coordinates":[110.031997,39.535265],"type":"Point"}},{"type":"Feature","properties":{"name":"海勒斯壕"},"geometry":{"coordinates":[110.114098,39.568277],"type":"Point"}},{"type":"Feature","properties":{"name":"海勒斯壕南"},"geometry":{"coordinates":[110.122801,39.567215],"type":"Point"}},{"type":"Feature","properties":{"name":"巴图塔"},"geometry":{"coordinates":[110.078449,39.482543],"type":"Point"}},{"type":"Feature","properties":{"name":"石圪台"},"geometry":{"coordinates":[110.125215,39.417882],"type":"Point"}},{"type":"Feature","properties":{"name":"瓷窑湾"},"geometry":{"coordinates":[110.183246,39.346153],"type":"Point"}},{"type":"Feature","properties":{"name":"大柳塔"},"geometry":{"coordinates":[110.249304,39.252171],"type":"Point"}},{"type":"Feature","properties":{"name":"朱盖塔"},"geometry":{"coordinates":[110.318486,39.188524],"type":"Point"}},{"type":"Feature","properties":{"name":"燕家塔"},"geometry":{"coordinates":[110.361021,39.118464],"type":"Point"}},{"type":"Feature","properties":{"name":"神东"},"geometry":{"coordinates":[110.222777,39.276958],"type":"Point"}},{"type":"Feature","properties":{"name":"神木"},"geometry":{"coordinates":[110.449097,38.936727],"type":"Point"}},{"type":"Feature","properties":{"name":"张家峁"},"geometry":{"coordinates":[110.414034,39.01195],"type":"Point"}},{"type":"Feature","properties":{"name":"柠条塔"},"geometry":{"coordinates":[110.287489,39.043596],"type":"Point"}},{"type":"Feature","properties":{"name":"二坝"},"geometry":{"coordinates":[118.330169,31.348976],"type":"Point"}},{"type":"Feature","properties":{"name":"周曲家"},"geometry":{"coordinates":[118.314744,31.396321],"type":"Point"}},{"type":"Feature","properties":{"name":"沈家巷"},"geometry":{"coordinates":[118.230829,31.456151],"type":"Point"}},{"type":"Feature","properties":{"name":"裕溪口"},"geometry":{"coordinates":[118.267931,31.4489],"type":"Point"}},{"type":"Feature","properties":{"name":"裕溪口东"},"geometry":{"coordinates":[118.304918,31.436324],"type":"Point"}},{"type":"Feature","properties":{"name":"西湖东"},"geometry":{"coordinates":[114.395837,23.089052],"type":"Point"}},{"type":"Feature","properties":{"name":"东方红"},"geometry":{"coordinates":[133.076152,46.19757],"type":"Point"}},{"type":"Feature","properties":{"name":"前场"},"geometry":{"coordinates":[117.973067,24.572872],"type":"Point"}},{"type":"Feature","properties":{"name":"乌江寨"},"geometry":{"coordinates":[106.836325,27.449603],"type":"Point"}},{"type":"Feature","properties":{"name":"遵义"},"geometry":{"coordinates":[106.944353,27.66772],"type":"Point"}},{"type":"Feature","properties":{"name":"珞璜南"},"geometry":{"coordinates":[106.438195,29.302282],"type":"Point"}},{"type":"Feature","properties":{"name":"玉溪南"},"geometry":{"coordinates":[102.51382,24.277961],"type":"Point"}},{"type":"Feature","properties":{"name":"玉溪"},"geometry":{"coordinates":[102.511115,24.342142],"type":"Point"}},{"type":"Feature","properties":{"name":"石林西"},"geometry":{"coordinates":[103.241073,24.660057],"type":"Point"}},{"type":"Feature","properties":{"name":"阳宗"},"geometry":{"coordinates":[102.978364,24.826916],"type":"Point"}},{"type":"Feature","properties":{"name":"弥勒"},"geometry":{"coordinates":[103.408045,24.339833],"type":"Point"}},{"type":"Feature","properties":{"name":"新哨"},"geometry":{"coordinates":[103.461454,24.25933],"type":"Point"}},{"type":"Feature","properties":{"name":"罕井"},"geometry":{"coordinates":[109.601205,35.112366],"type":"Point"}},{"type":"Feature","properties":{"name":"耀州"},"geometry":{"coordinates":[108.984064,34.90976],"type":"Point"}},{"type":"Feature","properties":{"name":"北塬"},"geometry":{"coordinates":[109.508834,35.413955],"type":"Point"}},{"type":"Feature","properties":{"name":"七里镇"},"geometry":{"coordinates":[109.09147,35.621931],"type":"Point"}},{"type":"Feature","properties":{"name":"李漳河"},"geometry":{"coordinates":[109.065572,35.655242],"type":"Point"}},{"type":"Feature","properties":{"name":"宁武西"},"geometry":{"coordinates":[112.28591,38.99473],"type":"Point"}},{"type":"Feature","properties":{"name":"阳方口"},"geometry":{"coordinates":[112.331357,39.092748],"type":"Point"}},{"type":"Feature","properties":{"name":"前寨"},"geometry":{"coordinates":[112.389056,39.230264],"type":"Point"}},{"type":"Feature","properties":{"name":"大新"},"geometry":{"coordinates":[112.486533,39.347054],"type":"Point"}},{"type":"Feature","properties":{"name":"店坪"},"geometry":{"coordinates":[112.426026,39.395541],"type":"Point"}},{"type":"Feature","properties":{"name":"平鲁西"},"geometry":{"coordinates":[112.241306,39.499985],"type":"Point"}},{"type":"Feature","properties":{"name":"卧厂"},"geometry":{"coordinates":[112.23396,39.495162],"type":"Point"}},{"type":"Feature","properties":{"name":"南坪"},"geometry":{"coordinates":[112.06568,39.546305],"type":"Point"}},{"type":"Feature","properties":{"name":"八柳树"},"geometry":{"coordinates":[111.724999,39.498307],"type":"Point"}},{"type":"Feature","properties":{"name":"偏关"},"geometry":{"coordinates":[111.562673,39.421181],"type":"Point"}},{"type":"Feature","properties":{"name":"石城村"},"geometry":{"coordinates":[111.383105,39.430306],"type":"Point"}},{"type":"Feature","properties":{"name":"马栅"},"geometry":{"coordinates":[111.226041,39.444314],"type":"Point"}},{"type":"Feature","properties":{"name":"油坊坪"},"geometry":{"coordinates":[111.048118,39.473604],"type":"Point"}},{"type":"Feature","properties":{"name":"神池"},"geometry":{"coordinates":[112.192444,39.082105],"type":"Point"}},{"type":"Feature","properties":{"name":"五字湾"},"geometry":{"coordinates":[110.824607,39.452017],"type":"Point"}},{"type":"Feature","properties":{"name":"红进塔"},"geometry":{"coordinates":[110.446017,39.459097],"type":"Point"}},{"type":"Feature","properties":{"name":"郭家湾"},"geometry":{"coordinates":[110.394079,39.270986],"type":"Point"}},{"type":"Feature","properties":{"name":"山坡东"},"geometry":{"coordinates":[114.354515,30.088671],"type":"Point"}},{"type":"Feature","properties":{"name":"红旗营东"},"geometry":{"coordinates":[123.981761,47.085038],"type":"Point"}},{"type":"Feature","properties":{"name":"下湾"},"geometry":{"coordinates":[113.555296,36.529691],"type":"Point"}},{"type":"Feature","properties":{"name":"修武西"},"geometry":{"coordinates":[113.41861,35.211087],"type":"Point"}},{"type":"Feature","properties":{"name":"黄河景区"},"geometry":{"coordinates":[113.526758,34.932249],"type":"Point"}},{"type":"Feature","properties":{"name":"南阳寨"},"geometry":{"coordinates":[113.610902,34.815479],"type":"Point"}},{"type":"Feature","properties":{"name":"南曹"},"geometry":{"coordinates":[113.784509,34.67944],"type":"Point"}},{"type":"Feature","properties":{"name":"梅家坪"},"geometry":{"coordinates":[109.001324,34.872085],"type":"Point"}},{"type":"Feature","properties":{"name":"老穆棱"},"geometry":{"coordinates":[130.253828,44.525356],"type":"Point"}},{"type":"Feature","properties":{"name":"瑶山"},"geometry":{"coordinates":[103.763507,22.785153],"type":"Point"}},{"type":"Feature","properties":{"name":"莲花滩"},"geometry":{"coordinates":[103.620153,22.913545],"type":"Point"}},{"type":"Feature","properties":{"name":"马度白"},"geometry":{"coordinates":[103.910149,22.636718],"type":"Point"}},{"type":"Feature","properties":{"name":"金华镇"},"geometry":{"coordinates":[106.548574,26.558199],"type":"Point"}},{"type":"Feature","properties":{"name":"孟关"},"geometry":{"coordinates":[106.735046,26.421664],"type":"Point"}},{"type":"Feature","properties":{"name":"双龙南"},"geometry":{"coordinates":[106.784651,26.484196],"type":"Point"}},{"type":"Feature","properties":{"name":"天河潭"},"geometry":{"coordinates":[106.567588,26.42602],"type":"Point"}},{"type":"Feature","properties":{"name":"花溪南"},"geometry":{"coordinates":[106.677174,26.401516],"type":"Point"}},{"type":"Feature","properties":{"name":"南江"},"geometry":{"coordinates":[106.96931,26.89746],"type":"Point"}},{"type":"Feature","properties":{"name":"相思河"},"geometry":{"coordinates":[106.88062,26.767561],"type":"Point"}},{"type":"Feature","properties":{"name":"百宜"},"geometry":{"coordinates":[106.929348,26.826181],"type":"Point"}},{"type":"Feature","properties":{"name":"乐山"},"geometry":{"coordinates":[103.709677,29.604581],"type":"Point"}},{"type":"Feature","properties":{"name":"峨眉山"},"geometry":{"coordinates":[103.464654,29.578584],"type":"Point"}},{"type":"Feature","properties":{"name":"老鸦城"},"geometry":{"coordinates":[102.62461,36.423119],"type":"Point"}},{"type":"Feature","properties":{"name":"板塘"},"geometry":{"coordinates":[112.951843,27.858044],"type":"Point"}},{"type":"Feature","properties":{"name":"荷塘"},"geometry":{"coordinates":[112.981265,27.884083],"type":"Point"}},{"type":"Feature","properties":{"name":"绥化"},"geometry":{"coordinates":[127.00947,46.64323],"type":"Point"}},{"type":"Feature","properties":{"name":"黄台"},"geometry":{"coordinates":[117.057041,36.6915],"type":"Point"}},{"type":"Feature","properties":{"name":"腊石坝"},"geometry":{"coordinates":[113.630207,24.854109],"type":"Point"}},{"type":"Feature","properties":{"name":"长坝"},"geometry":{"coordinates":[113.730618,24.873125],"type":"Point"}},{"type":"Feature","properties":{"name":"总甫"},"geometry":{"coordinates":[113.930521,24.995004],"type":"Point"}},{"type":"Feature","properties":{"name":"马市"},"geometry":{"coordinates":[114.182999,25.029806],"type":"Point"}},{"type":"Feature","properties":{"name":"古市"},"geometry":{"coordinates":[114.242274,25.068317],"type":"Point"}},{"type":"Feature","properties":{"name":"珠玑巷"},"geometry":{"coordinates":[114.358509,25.21271],"type":"Point"}},{"type":"Feature","properties":{"name":"池江"},"geometry":{"coordinates":[114.515204,25.493669],"type":"Point"}},{"type":"Feature","properties":{"name":"梅关"},"geometry":{"coordinates":[114.360094,25.353271],"type":"Point"}},{"type":"Feature","properties":{"name":"新城"},"geometry":{"coordinates":[114.639703,25.548679],"type":"Point"}},{"type":"Feature","properties":{"name":"旗口"},"geometry":{"coordinates":[114.729548,25.588541],"type":"Point"}},{"type":"Feature","properties":{"name":"广汉北"},"geometry":{"coordinates":[104.27307,31.011701],"type":"Point"}},{"type":"Feature","properties":{"name":"平义分"},"geometry":{"coordinates":[116.52015,40.280005],"type":"Point"}},{"type":"Feature","properties":{"name":"兴寿"},"geometry":{"coordinates":[116.421418,40.237321],"type":"Point"}},{"type":"Feature","properties":{"name":"官高"},"geometry":{"coordinates":[116.307646,40.225092],"type":"Point"}},{"type":"Feature","properties":{"name":"城固北"},"geometry":{"coordinates":[107.30145,33.185976],"type":"Point"}},{"type":"Feature","properties":{"name":"洋县西"},"geometry":{"coordinates":[107.518558,33.228708],"type":"Point"}},{"type":"Feature","properties":{"name":"桃村"},"geometry":{"coordinates":[121.136757,37.188126],"type":"Point"}},{"type":"Feature","properties":{"name":"霍邱"},"geometry":{"coordinates":[116.137521,32.056188],"type":"Point"}},{"type":"Feature","properties":{"name":"东营南"},"geometry":{"coordinates":[118.545187,37.356071],"type":"Point"}},{"type":"Feature","properties":{"name":"横店西"},"geometry":{"coordinates":[114.293686,30.807587],"type":"Point"}},{"type":"Feature","properties":{"name":"武汉北"},"geometry":{"coordinates":[114.308283,30.789475],"type":"Point"}},{"type":"Feature","properties":{"name":"黄陂"},"geometry":{"coordinates":[114.334843,30.88908],"type":"Point"}},{"type":"Feature","properties":{"name":"甘露山"},"geometry":{"coordinates":[114.427341,30.91512],"type":"Point"}},{"type":"Feature","properties":{"name":"江湾村"},"geometry":{"coordinates":[114.046722,32.223342],"type":"Point"}},{"type":"Feature","properties":{"name":"信阳北"},"geometry":{"coordinates":[114.068568,32.189957],"type":"Point"}},{"type":"Feature","properties":{"name":"信阳西"},"geometry":{"coordinates":[113.92713,32.231221],"type":"Point"}},{"type":"Feature","properties":{"name":"殷店"},"geometry":{"coordinates":[113.49216,32.062021],"type":"Point"}},{"type":"Feature","properties":{"name":"高城"},"geometry":{"coordinates":[113.401455,31.939742],"type":"Point"}},{"type":"Feature","properties":{"name":"郑庄"},"geometry":{"coordinates":[112.363895,35.725057],"type":"Point"}},{"type":"Feature","properties":{"name":"端氏"},"geometry":{"coordinates":[112.506076,35.65666],"type":"Point"}},{"type":"Feature","properties":{"name":"盘古寺"},"geometry":{"coordinates":[112.584215,35.164973],"type":"Point"}},{"type":"Feature","properties":{"name":"刘村"},"geometry":{"coordinates":[111.088624,35.610738],"type":"Point"}},{"type":"Feature","properties":{"name":"百底"},"geometry":{"coordinates":[110.811584,35.576162],"type":"Point"}},{"type":"Feature","properties":{"name":"清涧"},"geometry":{"coordinates":[110.655192,35.626165],"type":"Point"}},{"type":"Feature","properties":{"name":"禹门口"},"geometry":{"coordinates":[110.632803,35.663233],"type":"Point"}},{"type":"Feature","properties":{"name":"新场街"},"geometry":{"coordinates":[108.335629,33.74289],"type":"Point"}},{"type":"Feature","properties":{"name":"烔炀河"},"geometry":{"coordinates":[117.618652,31.697697],"type":"Point"}},{"type":"Feature","properties":{"name":"大仲村"},"geometry":{"coordinates":[118.110874,35.008357],"type":"Point"}},{"type":"Feature","properties":{"name":"张家口南"},"geometry":{"coordinates":[114.874495,40.703231],"type":"Point"}},{"type":"Feature","properties":{"name":"赵川"},"geometry":{"coordinates":[115.346189,40.678291],"type":"Point"}},{"type":"Feature","properties":{"name":"新保安"},"geometry":{"coordinates":[115.424534,40.438879],"type":"Point"}},{"type":"Feature","properties":{"name":"西八里"},"geometry":{"coordinates":[115.338598,40.437057],"type":"Point"}},{"type":"Feature","properties":{"name":"罗江"},"geometry":{"coordinates":[104.499765,31.307788],"type":"Point"}},{"type":"Feature","properties":{"name":"罗江东"},"geometry":{"coordinates":[104.532599,31.306334],"type":"Point"}},{"type":"Feature","properties":{"name":"义棠"},"geometry":{"coordinates":[111.839494,37.000849],"type":"Point"}},{"type":"Feature","properties":{"name":"万安"},"geometry":{"coordinates":[111.828546,37.040765],"type":"Point"}},{"type":"Feature","properties":{"name":"大岭"},"geometry":{"coordinates":[109.115962,24.548611],"type":"Point"}},{"type":"Feature","properties":{"name":"更村"},"geometry":{"coordinates":[109.141315,24.481034],"type":"Point"}},{"type":"Feature","properties":{"name":"贵港"},"geometry":{"coordinates":[109.609059,23.102847],"type":"Point"}},{"type":"Feature","properties":{"name":"即墨北"},"geometry":{"coordinates":[120.388953,36.403963],"type":"Point"}},{"type":"Feature","properties":{"name":"莱西南"},"geometry":{"coordinates":[120.512719,36.808906],"type":"Point"}},{"type":"Feature","properties":{"name":"北大牛"},"geometry":{"coordinates":[112.596213,38.813416],"type":"Point"}},{"type":"Feature","properties":{"name":"原平南"},"geometry":{"coordinates":[112.697038,38.670974],"type":"Point"}},{"type":"Feature","properties":{"name":"李天木"},"geometry":{"coordinates":[117.048469,38.328413],"type":"Point"}},{"type":"Feature","properties":{"name":"琼海"},"geometry":{"coordinates":[110.487644,19.241613],"type":"Point"}},{"type":"Feature","properties":{"name":"霸州西"},"geometry":{"coordinates":[116.344169,39.092365],"type":"Point"}},{"type":"Feature","properties":{"name":"旗江"},"geometry":{"coordinates":[103.959171,30.442893],"type":"Point"}},{"type":"Feature","properties":{"name":"花龙门"},"geometry":{"coordinates":[103.930261,30.436031],"type":"Point"}},{"type":"Feature","properties":{"name":"新兴镇"},"geometry":{"coordinates":[104.124553,30.507297],"type":"Point"}},{"type":"Feature","properties":{"name":"十陵"},"geometry":{"coordinates":[104.20852,30.641664],"type":"Point"}},{"type":"Feature","properties":{"name":"青白江"},"geometry":{"coordinates":[104.205213,30.900995],"type":"Point"}},{"type":"Feature","properties":{"name":"大弯镇"},"geometry":{"coordinates":[104.2513,30.857418],"type":"Point"}},{"type":"Feature","properties":{"name":"新都"},"geometry":{"coordinates":[104.140971,30.832718],"type":"Point"}},{"type":"Feature","properties":{"name":"天回镇"},"geometry":{"coordinates":[104.087804,30.754426],"type":"Point"}},{"type":"Feature","properties":{"name":"渭源"},"geometry":{"coordinates":[104.225606,35.097216],"type":"Point"}},{"type":"Feature","properties":{"name":"宁强南"},"geometry":{"coordinates":[106.285072,32.823833],"type":"Point"}},{"type":"Feature","properties":{"name":"白沟"},"geometry":{"coordinates":[116.086664,39.085963],"type":"Point"}},{"type":"Feature","properties":{"name":"胜芳"},"geometry":{"coordinates":[116.753496,39.137654],"type":"Point"}},{"type":"Feature","properties":{"name":"双口"},"geometry":{"coordinates":[117.036911,39.272035],"type":"Point"}},{"type":"Feature","properties":{"name":"杨庄"},"geometry":{"coordinates":[117.666704,38.28768],"type":"Point"}},{"type":"Feature","properties":{"name":"丰南南"},"geometry":{"coordinates":[118.121893,39.346699],"type":"Point"}},{"type":"Feature","properties":{"name":"芦台"},"geometry":{"coordinates":[117.839116,39.32839],"type":"Point"}},{"type":"Feature","properties":{"name":"双峰寺"},"geometry":{"coordinates":[117.972067,41.050205],"type":"Point"}},{"type":"Feature","properties":{"name":"周士庄"},"geometry":{"coordinates":[113.465913,40.115893],"type":"Point"}},{"type":"Feature","properties":{"name":"下河"},"geometry":{"coordinates":[117.080614,40.638285],"type":"Point"}},{"type":"Feature","properties":{"name":"流水沟"},"geometry":{"coordinates":[117.137861,40.704885],"type":"Point"}},{"type":"Feature","properties":{"name":"南大庙"},"geometry":{"coordinates":[117.061232,40.765649],"type":"Point"}},{"type":"Feature","properties":{"name":"猴山"},"geometry":{"coordinates":[117.0231,40.814169],"type":"Point"}},{"type":"Feature","properties":{"name":"下庄"},"geometry":{"coordinates":[116.349238,40.285923],"type":"Point"}},{"type":"Feature","properties":{"name":"北宅"},"geometry":{"coordinates":[116.566763,40.339836],"type":"Point"}},{"type":"Feature","properties":{"name":"黑山寺"},"geometry":{"coordinates":[116.790394,40.489423],"type":"Point"}},{"type":"Feature","properties":{"name":"兵马营"},"geometry":{"coordinates":[117.003723,40.592373],"type":"Point"}},{"type":"Feature","properties":{"name":"虎什哈"},"geometry":{"coordinates":[116.990494,40.860329],"type":"Point"}},{"type":"Feature","properties":{"name":"五道河"},"geometry":{"coordinates":[117.060716,40.891704],"type":"Point"}},{"type":"Feature","properties":{"name":"二道沟门"},"geometry":{"coordinates":[117.144036,40.884399],"type":"Point"}},{"type":"Feature","properties":{"name":"平坊"},"geometry":{"coordinates":[117.241353,40.891875],"type":"Point"}},{"type":"Feature","properties":{"name":"滦河"},"geometry":{"coordinates":[117.733794,40.944452],"type":"Point"}},{"type":"Feature","properties":{"name":"双塔山"},"geometry":{"coordinates":[117.798951,40.965469],"type":"Point"}},{"type":"Feature","properties":{"name":"张百湾"},"geometry":{"coordinates":[117.474901,40.997464],"type":"Point"}},{"type":"Feature","properties":{"name":"高各庄"},"geometry":{"coordinates":[116.623326,40.257098],"type":"Point"}},{"type":"Feature","properties":{"name":"杏园"},"geometry":{"coordinates":[102.313713,36.489194],"type":"Point"}},{"type":"Feature","properties":{"name":"大峡"},"geometry":{"coordinates":[102.218404,36.481163],"type":"Point"}},{"type":"Feature","properties":{"name":"水车湾"},"geometry":{"coordinates":[102.955208,36.290306],"type":"Point"}},{"type":"Feature","properties":{"name":"八盘峡"},"geometry":{"coordinates":[103.41274,36.137515],"type":"Point"}},{"type":"Feature","properties":{"name":"张家祠"},"geometry":{"coordinates":[103.279821,36.161331],"type":"Point"}},{"type":"Feature","properties":{"name":"陈家湾西"},"geometry":{"coordinates":[103.209965,36.160749],"type":"Point"}},{"type":"Feature","properties":{"name":"Приаргунск"},"geometry":{"coordinates":[119.081215,50.368305],"type":"Point"}},{"type":"Feature","properties":{"name":"沙城"},"geometry":{"coordinates":[115.510518,40.396016],"type":"Point"}},{"type":"Feature","properties":{"name":"Забайкальск"},"geometry":{"coordinates":[117.331865,49.639228],"type":"Point"}},{"type":"Feature","properties":{"name":"西街口"},"geometry":{"coordinates":[103.51366,24.824566],"type":"Point"}},{"type":"Feature","properties":{"name":"丰润西"},"geometry":{"coordinates":[118.019458,39.85386],"type":"Point"}},{"type":"Feature","properties":{"name":"团瓢庄"},"geometry":{"coordinates":[117.962775,40.080694],"type":"Point"}},{"type":"Feature","properties":{"name":"翠屏山"},"geometry":{"coordinates":[117.447033,39.992431],"type":"Point"}},{"type":"Feature","properties":{"name":"玉田北"},"geometry":{"coordinates":[117.68416,39.975728],"type":"Point"}},{"type":"Feature","properties":{"name":"遵化北"},"geometry":{"coordinates":[117.942908,40.21269],"type":"Point"}},{"type":"Feature","properties":{"name":"迁西"},"geometry":{"coordinates":[118.287124,40.1838],"type":"Point"}},{"type":"Feature","properties":{"name":"迁安北"},"geometry":{"coordinates":[118.778861,40.099417],"type":"Point"}},{"type":"Feature","properties":{"name":"后营"},"geometry":{"coordinates":[119.432188,39.943852],"type":"Point"}},{"type":"Feature","properties":{"name":"范各庄"},"geometry":{"coordinates":[118.436405,39.644098],"type":"Point"}},{"type":"Feature","properties":{"name":"祁阳"},"geometry":{"coordinates":[111.826098,26.61247],"type":"Point"}},{"type":"Feature","properties":{"name":"鲁舒"},"geometry":{"coordinates":[117.314783,35.63432],"type":"Point"}},{"type":"Feature","properties":{"name":"怀来南"},"geometry":{"coordinates":[115.509471,40.376371],"type":"Point"}},{"type":"Feature","properties":{"name":"黄帝城"},"geometry":{"coordinates":[115.426538,40.257066],"type":"Point"}},{"type":"Feature","properties":{"name":"木城涧"},"geometry":{"coordinates":[115.914629,39.953804],"type":"Point"}},{"type":"Feature","properties":{"name":"大台"},"geometry":{"coordinates":[115.936844,39.967821],"type":"Point"}},{"type":"Feature","properties":{"name":"卧佛寺"},"geometry":{"coordinates":[115.310771,40.165018],"type":"Point"}},{"type":"Feature","properties":{"name":"石门口"},"geometry":{"coordinates":[115.192964,40.131755],"type":"Point"}},{"type":"Feature","properties":{"name":"大堡镇"},"geometry":{"coordinates":[115.10933,40.106439],"type":"Point"}},{"type":"Feature","properties":{"name":"白乐"},"geometry":{"coordinates":[114.9012,39.95837],"type":"Point"}},{"type":"Feature","properties":{"name":"西合营"},"geometry":{"coordinates":[114.746919,39.909254],"type":"Point"}},{"type":"Feature","properties":{"name":"贾家营"},"geometry":{"coordinates":[115.209837,40.609629],"type":"Point"}},{"type":"Feature","properties":{"name":"辛庄子"},"geometry":{"coordinates":[115.174027,40.516806],"type":"Point"}},{"type":"Feature","properties":{"name":"上板城南"},"geometry":{"coordinates":[118.039869,40.823003],"type":"Point"}},{"type":"Feature","properties":{"name":"潘家店"},"geometry":{"coordinates":[117.816243,40.673752],"type":"Point"}},{"type":"Feature","properties":{"name":"下台子"},"geometry":{"coordinates":[117.735134,40.602323],"type":"Point"}},{"type":"Feature","properties":{"name":"洞庙河"},"geometry":{"coordinates":[117.688518,40.570311],"type":"Point"}},{"type":"Feature","properties":{"name":"大城子"},"geometry":{"coordinates":[117.110018,40.397504],"type":"Point"}},{"type":"Feature","properties":{"name":"涿鹿"},"geometry":{"coordinates":[115.179029,40.328877],"type":"Point"}},{"type":"Feature","properties":{"name":"宁都"},"geometry":{"coordinates":[115.970144,26.403247],"type":"Point"}},{"type":"Feature","properties":{"name":"果子园"},"geometry":{"coordinates":[116.051764,26.357532],"type":"Point"}},{"type":"Feature","properties":{"name":"石城东"},"geometry":{"coordinates":[116.344959,26.300227],"type":"Point"}},{"type":"Feature","properties":{"name":"荷树下"},"geometry":{"coordinates":[116.234258,26.289456],"type":"Point"}},{"type":"Feature","properties":{"name":"赖村"},"geometry":{"coordinates":[115.799566,26.345618],"type":"Point"}},{"type":"Feature","properties":{"name":"邮村"},"geometry":{"coordinates":[115.844417,26.377851],"type":"Point"}},{"type":"Feature","properties":{"name":"首塅"},"geometry":{"coordinates":[116.162475,26.303567],"type":"Point"}},{"type":"Feature","properties":{"name":"于都北"},"geometry":{"coordinates":[115.59418,26.262461],"type":"Point"}},{"type":"Feature","properties":{"name":"何屋"},"geometry":{"coordinates":[115.347459,26.277867],"type":"Point"}},{"type":"Feature","properties":{"name":"江背"},"geometry":{"coordinates":[115.474151,26.291016],"type":"Point"}},{"type":"Feature","properties":{"name":"葛坳"},"geometry":{"coordinates":[115.713956,26.27544],"type":"Point"}},{"type":"Feature","properties":{"name":"沧北"},"geometry":{"coordinates":[116.907051,38.356663],"type":"Point"}},{"type":"Feature","properties":{"name":"皂坡"},"geometry":{"coordinates":[117.02113,38.346581],"type":"Point"}},{"type":"Feature","properties":{"name":"黄骅"},"geometry":{"coordinates":[117.32611,38.355886],"type":"Point"}},{"type":"Feature","properties":{"name":"沙胡同"},"geometry":{"coordinates":[117.580356,38.326176],"type":"Point"}},{"type":"Feature","properties":{"name":"段庄"},"geometry":{"coordinates":[117.540453,38.308761],"type":"Point"}},{"type":"Feature","properties":{"name":"唐洼"},"geometry":{"coordinates":[117.460256,38.333161],"type":"Point"}},{"type":"Feature","properties":{"name":"黄骅港"},"geometry":{"coordinates":[117.792041,38.283437],"type":"Point"}},{"type":"Feature","properties":{"name":"北杨庄"},"geometry":{"coordinates":[114.556366,39.912741],"type":"Point"}},{"type":"Feature","properties":{"name":"单侯"},"geometry":{"coordinates":[114.510105,39.905969],"type":"Point"}},{"type":"Feature","properties":{"name":"崔家寨"},"geometry":{"coordinates":[114.46902,39.92304],"type":"Point"}},{"type":"Feature","properties":{"name":"兴福镇"},"geometry":{"coordinates":[118.27486,37.013396],"type":"Point"}},{"type":"Feature","properties":{"name":"西属巴"},"geometry":{"coordinates":[111.138314,37.613509],"type":"Point"}},{"type":"Feature","properties":{"name":"吕梁北"},"geometry":{"coordinates":[111.170903,37.67647],"type":"Point"}},{"type":"Feature","properties":{"name":"三交东"},"geometry":{"coordinates":[111.015228,37.772104],"type":"Point"}},{"type":"Feature","properties":{"name":"早阳"},"geometry":{"coordinates":[109.18166,32.776909],"type":"Point"}},{"type":"Feature","properties":{"name":"赵湾"},"geometry":{"coordinates":[109.16254,32.999981],"type":"Point"}},{"type":"Feature","properties":{"name":"回龙镇"},"geometry":{"coordinates":[109.163059,33.503014],"type":"Point"}},{"type":"Feature","properties":{"name":"塔儿坪"},"geometry":{"coordinates":[109.084391,33.716691],"type":"Point"}},{"type":"Feature","properties":{"name":"藁城南"},"geometry":{"coordinates":[114.849009,37.985436],"type":"Point"}},{"type":"Feature","properties":{"name":"田东北"},"geometry":{"coordinates":[107.13781,23.685693],"type":"Point"}},{"type":"Feature","properties":{"name":"那何"},"geometry":{"coordinates":[107.291875,23.556639],"type":"Point"}},{"type":"Feature","properties":{"name":"南宁西"},"geometry":{"coordinates":[107.971103,22.891204],"type":"Point"}},{"type":"Feature","properties":{"name":"隆安东"},"geometry":{"coordinates":[107.702013,23.137833],"type":"Point"}},{"type":"Feature","properties":{"name":"广南县"},"geometry":{"coordinates":[105.049578,24.036645],"type":"Point"}},{"type":"Feature","properties":{"name":"白腊寨"},"geometry":{"coordinates":[105.300472,23.854036],"type":"Point"}},{"type":"Feature","properties":{"name":"富宁"},"geometry":{"coordinates":[105.581803,23.677269],"type":"Point"}},{"type":"Feature","properties":{"name":"弥家河"},"geometry":{"coordinates":[109.354646,35.634008],"type":"Point"}},{"type":"Feature","properties":{"name":"督河村"},"geometry":{"coordinates":[109.348301,35.863324],"type":"Point"}},{"type":"Feature","properties":{"name":"延安北"},"geometry":{"coordinates":[109.618322,36.669504],"type":"Point"}},{"type":"Feature","properties":{"name":"靖边"},"geometry":{"coordinates":[108.750937,37.618751],"type":"Point"}},{"type":"Feature","properties":{"name":"宁条梁"},"geometry":{"coordinates":[108.350066,37.591778],"type":"Point"}},{"type":"Feature","properties":{"name":"白沙铺"},"geometry":{"coordinates":[115.069928,29.960731],"type":"Point"}},{"type":"Feature","properties":{"name":"海州"},"geometry":{"coordinates":[119.095006,34.553182],"type":"Point"}},{"type":"Feature","properties":{"name":"董集"},"geometry":{"coordinates":[119.230533,34.432041],"type":"Point"}},{"type":"Feature","properties":{"name":"灌云东"},"geometry":{"coordinates":[119.476003,34.345896],"type":"Point"}},{"type":"Feature","properties":{"name":"田楼"},"geometry":{"coordinates":[119.583356,34.278699],"type":"Point"}},{"type":"Feature","properties":{"name":"响水县"},"geometry":{"coordinates":[119.682582,34.193252],"type":"Point"}},{"type":"Feature","properties":{"name":"滨海港"},"geometry":{"coordinates":[119.855021,34.059907],"type":"Point"}},{"type":"Feature","properties":{"name":"阜宁东"},"geometry":{"coordinates":[119.934298,33.800545],"type":"Point"}},{"type":"Feature","properties":{"name":"盐城北"},"geometry":{"coordinates":[120.097683,33.450122],"type":"Point"}},{"type":"Feature","properties":{"name":"连云港"},"geometry":{"coordinates":[119.157792,34.610055],"type":"Point"}},{"type":"Feature","properties":{"name":"芝兰庄"},"geometry":{"coordinates":[119.873994,36.332497],"type":"Point"}},{"type":"Feature","properties":{"name":"海天"},"geometry":{"coordinates":[119.565009,36.970476],"type":"Point"}},{"type":"Feature","properties":{"name":"柳林河"},"geometry":{"coordinates":[112.344733,37.976062],"type":"Point"}},{"type":"Feature","properties":{"name":"西张"},"geometry":{"coordinates":[112.467713,37.952017],"type":"Point"}},{"type":"Feature","properties":{"name":"古东"},"geometry":{"coordinates":[112.224518,37.920433],"type":"Point"}},{"type":"Feature","properties":{"name":"古交"},"geometry":{"coordinates":[112.156009,37.91773],"type":"Point"}},{"type":"Feature","properties":{"name":"镇城底"},"geometry":{"coordinates":[112.057778,37.94966],"type":"Point"}},{"type":"Feature","properties":{"name":"上兰村"},"geometry":{"coordinates":[112.443345,38.012151],"type":"Point"}},{"type":"Feature","properties":{"name":"向阳店"},"geometry":{"coordinates":[112.504517,37.993425],"type":"Point"}},{"type":"Feature","properties":{"name":"三给村"},"geometry":{"coordinates":[112.486326,37.908454],"type":"Point"}},{"type":"Feature","properties":{"name":"白文"},"geometry":{"coordinates":[111.052506,38.12449],"type":"Point"}},{"type":"Feature","properties":{"name":"白文东"},"geometry":{"coordinates":[111.09033,38.152154],"type":"Point"}},{"type":"Feature","properties":{"name":"黑茶山"},"geometry":{"coordinates":[111.243621,38.167953],"type":"Point"}},{"type":"Feature","properties":{"name":"敦厚"},"geometry":{"coordinates":[111.458187,38.1738],"type":"Point"}},{"type":"Feature","properties":{"name":"岚县"},"geometry":{"coordinates":[111.638298,38.250797],"type":"Point"}},{"type":"Feature","properties":{"name":"娄烦"},"geometry":{"coordinates":[111.834387,38.074446],"type":"Point"}},{"type":"Feature","properties":{"name":"静游"},"geometry":{"coordinates":[111.817507,38.164727],"type":"Point"}},{"type":"Feature","properties":{"name":"社科"},"geometry":{"coordinates":[111.768112,38.222422],"type":"Point"}},{"type":"Feature","properties":{"name":"静乐"},"geometry":{"coordinates":[111.935885,38.378348],"type":"Point"}},{"type":"Feature","properties":{"name":"永安镇"},"geometry":{"coordinates":[111.98737,38.490131],"type":"Point"}},{"type":"Feature","properties":{"name":"小石家庄"},"geometry":{"coordinates":[112.026936,38.585605],"type":"Point"}},{"type":"Feature","properties":{"name":"化北屯"},"geometry":{"coordinates":[112.102189,38.686446],"type":"Point"}},{"type":"Feature","properties":{"name":"东寨"},"geometry":{"coordinates":[112.097664,38.796866],"type":"Point"}},{"type":"Feature","properties":{"name":"马营海"},"geometry":{"coordinates":[112.191492,38.859814],"type":"Point"}},{"type":"Feature","properties":{"name":"姜庄"},"geometry":{"coordinates":[112.247828,38.973122],"type":"Point"}},{"type":"Feature","properties":{"name":"金沟屯"},"geometry":{"coordinates":[117.510768,41.057728],"type":"Point"}},{"type":"Feature","properties":{"name":"滦河沿"},"geometry":{"coordinates":[117.539271,41.079974],"type":"Point"}},{"type":"Feature","properties":{"name":"梁底下"},"geometry":{"coordinates":[117.619238,41.106733],"type":"Point"}},{"type":"Feature","properties":{"name":"白旗"},"geometry":{"coordinates":[117.665731,41.157315],"type":"Point"}},{"type":"Feature","properties":{"name":"超梁沟"},"geometry":{"coordinates":[117.689326,41.231224],"type":"Point"}},{"type":"Feature","properties":{"name":"王家塔"},"geometry":{"coordinates":[110.026552,39.684965],"type":"Point"}},{"type":"Feature","properties":{"name":"铜匠川"},"geometry":{"coordinates":[110.070085,39.728021],"type":"Point"}},{"type":"Feature","properties":{"name":"敖包沟"},"geometry":{"coordinates":[109.999604,39.730315],"type":"Point"}},{"type":"Feature","properties":{"name":"韩家村"},"geometry":{"coordinates":[109.909378,39.905003],"type":"Point"}},{"type":"Feature","properties":{"name":"朝脑沟"},"geometry":{"coordinates":[109.912851,40.017558],"type":"Point"}},{"type":"Feature","properties":{"name":"纳林沟门"},"geometry":{"coordinates":[109.908025,40.125543],"type":"Point"}},{"type":"Feature","properties":{"name":"关碾房"},"geometry":{"coordinates":[109.971208,40.305747],"type":"Point"}},{"type":"Feature","properties":{"name":"沙坝子"},"geometry":{"coordinates":[109.963834,40.202692],"type":"Point"}},{"type":"Feature","properties":{"name":"大塔北"},"geometry":{"coordinates":[109.965808,40.198791],"type":"Point"}},{"type":"Feature","properties":{"name":"大树湾"},"geometry":{"coordinates":[109.921811,40.492308],"type":"Point"}},{"type":"Feature","properties":{"name":"万水泉南"},"geometry":{"coordinates":[109.891048,40.577497],"type":"Point"}},{"type":"Feature","properties":{"name":"高沙窝"},"geometry":{"coordinates":[106.988325,38.040176],"type":"Point"}},{"type":"Feature","properties":{"name":"梅园"},"geometry":{"coordinates":[106.696568,38.034888],"type":"Point"}},{"type":"Feature","properties":{"name":"石槽村"},"geometry":{"coordinates":[106.688319,37.946329],"type":"Point"}},{"type":"Feature","properties":{"name":"宁东南"},"geometry":{"coordinates":[106.650667,38.107957],"type":"Point"}},{"type":"Feature","properties":{"name":"灵武"},"geometry":{"coordinates":[106.362968,38.157701],"type":"Point"}},{"type":"Feature","properties":{"name":"黎家新庄"},"geometry":{"coordinates":[106.568547,38.149067],"type":"Point"}},{"type":"Feature","properties":{"name":"鸭子荡"},"geometry":{"coordinates":[106.55095,38.185452],"type":"Point"}},{"type":"Feature","properties":{"name":"枣泉"},"geometry":{"coordinates":[106.538636,37.930429],"type":"Point"}},{"type":"Feature","properties":{"name":"羊场湾"},"geometry":{"coordinates":[106.584631,38.002936],"type":"Point"}},{"type":"Feature","properties":{"name":"青州市"},"geometry":{"coordinates":[118.497898,36.771629],"type":"Point"}},{"type":"Feature","properties":{"name":"板窑"},"geometry":{"coordinates":[107.41033,37.446633],"type":"Point"}},{"type":"Feature","properties":{"name":"红柳沟"},"geometry":{"coordinates":[107.287973,37.403048],"type":"Point"}},{"type":"Feature","properties":{"name":"红井子"},"geometry":{"coordinates":[107.149302,37.442632],"type":"Point"}},{"type":"Feature","properties":{"name":"大水坑"},"geometry":{"coordinates":[107.001698,37.475719],"type":"Point"}},{"type":"Feature","properties":{"name":"汪水塘"},"geometry":{"coordinates":[106.773712,37.497464],"type":"Point"}},{"type":"Feature","properties":{"name":"太阳山"},"geometry":{"coordinates":[106.563662,37.451256],"type":"Point"}},{"type":"Feature","properties":{"name":"红沟窑"},"geometry":{"coordinates":[106.430509,37.42412],"type":"Point"}},{"type":"Feature","properties":{"name":"水套"},"geometry":{"coordinates":[106.292497,37.448814],"type":"Point"}},{"type":"Feature","properties":{"name":"中宁东"},"geometry":{"coordinates":[105.698466,37.449302],"type":"Point"}},{"type":"Feature","properties":{"name":"河西电厂"},"geometry":{"coordinates":[109.797879,40.571389],"type":"Point"}},{"type":"Feature","properties":{"name":"麻池"},"geometry":{"coordinates":[109.831795,40.562941],"type":"Point"}},{"type":"Feature","properties":{"name":"哈业脑包"},"geometry":{"coordinates":[109.72877,40.699204],"type":"Point"}},{"type":"Feature","properties":{"name":"金泉"},"geometry":{"coordinates":[108.620623,41.286153],"type":"Point"}},{"type":"Feature","properties":{"name":"金泉南"},"geometry":{"coordinates":[108.619487,41.282306],"type":"Point"}},{"type":"Feature","properties":{"name":"清徐"},"geometry":{"coordinates":[112.307032,37.556679],"type":"Point"}},{"type":"Feature","properties":{"name":"吴城镇"},"geometry":{"coordinates":[111.380401,37.455178],"type":"Point"}},{"type":"Feature","properties":{"name":"穆村"},"geometry":{"coordinates":[110.832357,37.421424],"type":"Point"}},{"type":"Feature","properties":{"name":"水冶南"},"geometry":{"coordinates":[114.173442,36.106395],"type":"Point"}},{"type":"Feature","properties":{"name":"鹤壁北"},"geometry":{"coordinates":[114.168935,35.965157],"type":"Point"}},{"type":"Feature","properties":{"name":"安阳西"},"geometry":{"coordinates":[114.261599,36.115804],"type":"Point"}},{"type":"Feature","properties":{"name":"水冶"},"geometry":{"coordinates":[114.145247,36.137345],"type":"Point"}},{"type":"Feature","properties":{"name":"石涧"},"geometry":{"coordinates":[114.092821,36.174242],"type":"Point"}},{"type":"Feature","properties":{"name":"李珍"},"geometry":{"coordinates":[114.059444,36.229361],"type":"Point"}},{"type":"Feature","properties":{"name":"磊口"},"geometry":{"coordinates":[113.996359,36.155559],"type":"Point"}},{"type":"Feature","properties":{"name":"林县"},"geometry":{"coordinates":[113.909569,36.16975],"type":"Point"}},{"type":"Feature","properties":{"name":"西安国际港"},"geometry":{"coordinates":[109.060382,34.412871],"type":"Point"}},{"type":"Feature","properties":{"name":"临汾北"},"geometry":{"coordinates":[111.555489,36.136445],"type":"Point"}},{"type":"Feature","properties":{"name":"石庄"},"geometry":{"coordinates":[111.582909,37.216503],"type":"Point"}},{"type":"Feature","properties":{"name":"东槽"},"geometry":{"coordinates":[111.654013,37.170142],"type":"Point"}},{"type":"Feature","properties":{"name":"小景"},"geometry":{"coordinates":[111.529323,37.221413],"type":"Point"}},{"type":"Feature","properties":{"name":"会沟"},"geometry":{"coordinates":[111.468739,37.273654],"type":"Point"}},{"type":"Feature","properties":{"name":"三角庄"},"geometry":{"coordinates":[111.386037,37.30594],"type":"Point"}},{"type":"Feature","properties":{"name":"枝柯"},"geometry":{"coordinates":[111.321748,37.309315],"type":"Point"}},{"type":"Feature","properties":{"name":"柳沟村"},"geometry":{"coordinates":[111.244542,37.317419],"type":"Point"}},{"type":"Feature","properties":{"name":"朱家店"},"geometry":{"coordinates":[111.138762,37.420751],"type":"Point"}},{"type":"Feature","properties":{"name":"离石"},"geometry":{"coordinates":[111.08722,37.48058],"type":"Point"}},{"type":"Feature","properties":{"name":"王家会"},"geometry":{"coordinates":[111.029754,37.477765],"type":"Point"}},{"type":"Feature","properties":{"name":"大辛庄"},"geometry":{"coordinates":[113.093977,36.242925],"type":"Point"}},{"type":"Feature","properties":{"name":"彭山北"},"geometry":{"coordinates":[103.859591,30.210395],"type":"Point"}},{"type":"Feature","properties":{"name":"吴家山"},"geometry":{"coordinates":[114.065822,30.614142],"type":"Point"}},{"type":"Feature","properties":{"name":"西固"},"geometry":{"coordinates":[103.603682,36.103923],"type":"Point"}},{"type":"Feature","properties":{"name":"天津西"},"geometry":{"coordinates":[117.15712,39.157355],"type":"Point"}},{"type":"Feature","properties":{"name":"珠恩嘎达布其"},"geometry":{"coordinates":[116.310394,45.760256],"type":"Point"}},{"type":"Feature","properties":{"name":"新沟"},"geometry":{"coordinates":[113.968495,30.685595],"type":"Point"}},{"type":"Feature","properties":{"name":"李冰广场"},"geometry":{"coordinates":[103.631002,30.987594],"type":"Point"}},{"type":"Feature","properties":{"name":"龙江"},"geometry":{"coordinates":[123.172034,47.327078],"type":"Point"}},{"type":"Feature","properties":{"name":"昆明西"},"geometry":{"coordinates":[102.644763,25.031926],"type":"Point"}},{"type":"Feature","properties":{"name":"东兴"},"geometry":{"coordinates":[110.188997,40.555828],"type":"Point"}},{"type":"Feature","properties":{"name":"福利区"},"geometry":{"coordinates":[103.627491,36.095935],"type":"Point"}},{"type":"Feature","properties":{"name":"西安北"},"geometry":{"coordinates":[108.934025,34.377668],"type":"Point"}},{"type":"Feature","properties":{"name":"坡底下"},"geometry":{"coordinates":[103.512817,36.137301],"type":"Point"}},{"type":"Feature","properties":{"name":"佳木斯西"},"geometry":{"coordinates":[130.257432,46.77191],"type":"Point"}},{"type":"Feature","properties":{"name":"汾河"},"geometry":{"coordinates":[112.532732,37.947895],"type":"Point"}},{"type":"Feature","properties":{"name":"长乐东"},"geometry":{"coordinates":[119.553148,25.859214],"type":"Point"}},{"type":"Feature","properties":{"name":"长乐南"},"geometry":{"coordinates":[119.591247,25.757416],"type":"Point"}},{"type":"Feature","properties":{"name":"长乐"},"geometry":{"coordinates":[119.480664,25.927061],"type":"Point"}},{"type":"Feature","properties":{"name":"咸塘"},"geometry":{"coordinates":[112.738985,26.962771],"type":"Point"}},{"type":"Feature","properties":{"name":"永福"},"geometry":{"coordinates":[109.991289,24.998255],"type":"Point"}},{"type":"Feature","properties":{"name":"威海北"},"geometry":{"coordinates":[122.043017,37.495327],"type":"Point"}},{"type":"Feature","properties":{"name":"透堡"},"geometry":{"coordinates":[119.616003,26.342934],"type":"Point"}},{"type":"Feature","properties":{"name":"延庆北"},"geometry":{"coordinates":[115.991957,40.474714],"type":"Point"}},{"type":"Feature","properties":{"name":"台阁牧"},"geometry":{"coordinates":[111.474266,40.745654],"type":"Point"}},{"type":"Feature","properties":{"name":"가림"},"geometry":{"coordinates":[128.260705,41.508088],"type":"Point"}},{"type":"Feature","properties":{"name":"阳原"},"geometry":{"coordinates":[114.16067,40.124268],"type":"Point"}},{"type":"Feature","properties":{"name":"白蜡坪"},"geometry":{"coordinates":[107.26899,31.071601],"type":"Point"}},{"type":"Feature","properties":{"name":"浠水"},"geometry":{"coordinates":[115.236401,30.435493],"type":"Point"}},{"type":"Feature","properties":{"name":"乌兰察布"},"geometry":{"coordinates":[113.15239,40.963263],"type":"Point"}},{"type":"Feature","properties":{"name":"兴和西"},"geometry":{"coordinates":[113.806618,40.847647],"type":"Point"}},{"type":"Feature","properties":{"name":"怀仁东"},"geometry":{"coordinates":[113.156462,39.791863],"type":"Point"}},{"type":"Feature","properties":{"name":"蒲坝"},"geometry":{"coordinates":[102.304839,27.22945],"type":"Point"}},{"type":"Feature","properties":{"name":"青杠"},"geometry":{"coordinates":[102.160367,27.005025],"type":"Point"}},{"type":"Feature","properties":{"name":"弯坵"},"geometry":{"coordinates":[102.195378,27.086123],"type":"Point"}},{"type":"Feature","properties":{"name":"炉桥"},"geometry":{"coordinates":[117.225497,32.554059],"type":"Point"}},{"type":"Feature","properties":{"name":"南江口"},"geometry":{"coordinates":[111.783016,23.121775],"type":"Point"}},{"type":"Feature","properties":{"name":"郁南"},"geometry":{"coordinates":[111.464128,23.247955],"type":"Point"}},{"type":"Feature","properties":{"name":"清水河东"},"geometry":{"coordinates":[104.942631,25.231511],"type":"Point"}},{"type":"Feature","properties":{"name":"巴中"},"geometry":{"coordinates":[106.761277,31.876461],"type":"Point"}},{"type":"Feature","properties":{"name":"永州"},"geometry":{"coordinates":[111.565525,26.457663],"type":"Point"}},{"type":"Feature","properties":{"name":"绵竹"},"geometry":{"coordinates":[104.210515,31.342659],"type":"Point"}},{"type":"Feature","properties":{"name":"小柴旦"},"geometry":{"coordinates":[95.586326,37.588462],"type":"Point"}},{"type":"Feature","properties":{"name":"滨州"},"geometry":{"coordinates":[118.012214,37.453255],"type":"Point"}},{"type":"Feature","properties":{"name":"阳信"},"geometry":{"coordinates":[117.61257,37.568653],"type":"Point"}},{"type":"Feature","properties":{"name":"鹿寨北"},"geometry":{"coordinates":[109.649899,24.643514],"type":"Point"}},{"type":"Feature","properties":{"name":"青茅"},"geometry":{"coordinates":[109.343059,24.395174],"type":"Point"}},{"type":"Feature","properties":{"name":"黄腊"},"geometry":{"coordinates":[109.759625,24.790015],"type":"Point"}},{"type":"Feature","properties":{"name":"永福南"},"geometry":{"coordinates":[109.994071,25.001301],"type":"Point"}},{"type":"Feature","properties":{"name":"二塘"},"geometry":{"coordinates":[110.191702,25.227368],"type":"Point"}},{"type":"Feature","properties":{"name":"平南南"},"geometry":{"coordinates":[110.427377,23.420147],"type":"Point"}},{"type":"Feature","properties":{"name":"广水"},"geometry":{"coordinates":[114.031155,31.633776],"type":"Point"}},{"type":"Feature","properties":{"name":"花园"},"geometry":{"coordinates":[113.971444,31.246684],"type":"Point"}},{"type":"Feature","properties":{"name":"柴桑"},"geometry":{"coordinates":[115.844603,29.632048],"type":"Point"}},{"type":"Feature","properties":{"name":"应县"},"geometry":{"coordinates":[113.056404,39.623884],"type":"Point"}},{"type":"Feature","properties":{"name":"山阴"},"geometry":{"coordinates":[112.933944,39.465877],"type":"Point"}},{"type":"Feature","properties":{"name":"薛孤"},"geometry":{"coordinates":[112.734919,38.806597],"type":"Point"}},{"type":"Feature","properties":{"name":"原平西"},"geometry":{"coordinates":[112.668537,38.738117],"type":"Point"}},{"type":"Feature","properties":{"name":"沈家河"},"geometry":{"coordinates":[106.281054,36.094274],"type":"Point"}},{"type":"Feature","properties":{"name":"七营"},"geometry":{"coordinates":[106.140098,36.501708],"type":"Point"}},{"type":"Feature","properties":{"name":"常平"},"geometry":{"coordinates":[114.00038,22.98718],"type":"Point"}},{"type":"Feature","properties":{"name":"如东"},"geometry":{"coordinates":[121.17284,32.448513],"type":"Point"}},{"type":"Feature","properties":{"name":"安匠"},"geometry":{"coordinates":[117.723237,40.762534],"type":"Point"}},{"type":"Feature","properties":{"name":"承德南"},"geometry":{"coordinates":[117.958314,40.882785],"type":"Point"}},{"type":"Feature","properties":{"name":"兴隆县西"},"geometry":{"coordinates":[117.475632,40.412679],"type":"Point"}},{"type":"Feature","properties":{"name":"曲江"},"geometry":{"coordinates":[102.844139,23.9632],"type":"Point"}},{"type":"Feature","properties":{"name":"尼日"},"geometry":{"coordinates":[102.86063,29.205528],"type":"Point"}},{"type":"Feature","properties":{"name":"飞来峡"},"geometry":{"coordinates":[113.269148,23.819801],"type":"Point"}},{"type":"Feature","properties":{"name":"九龙岗"},"geometry":{"coordinates":[117.099981,32.614695],"type":"Point"}},{"type":"Feature","properties":{"name":"淮南西"},"geometry":{"coordinates":[116.958369,32.622583],"type":"Point"}},{"type":"Feature","properties":{"name":"建水北"},"geometry":{"coordinates":[102.842503,23.729537],"type":"Point"}},{"type":"Feature","properties":{"name":"李浩寨"},"geometry":{"coordinates":[102.836323,23.834396],"type":"Point"}},{"type":"Feature","properties":{"name":"燕子洞"},"geometry":{"coordinates":[103.050226,23.626251],"type":"Point"}},{"type":"Feature","properties":{"name":"柿花树"},"geometry":{"coordinates":[102.747853,24.033791],"type":"Point"}},{"type":"Feature","properties":{"name":"甸苴坝"},"geometry":{"coordinates":[102.585393,24.210014],"type":"Point"}},{"type":"Feature","properties":{"name":"晋宁东"},"geometry":{"coordinates":[102.776241,24.726858],"type":"Point"}},{"type":"Feature","properties":{"name":"化城"},"geometry":{"coordinates":[102.831031,24.783126],"type":"Point"}},{"type":"Feature","properties":{"name":"广通北"},"geometry":{"coordinates":[101.763488,25.167268],"type":"Point"}},{"type":"Feature","properties":{"name":"双湄村"},"geometry":{"coordinates":[102.289163,24.999135],"type":"Point"}},{"type":"Feature","properties":{"name":"禄丰南"},"geometry":{"coordinates":[102.062213,25.122726],"type":"Point"}},{"type":"Feature","properties":{"name":"迎宾路"},"geometry":{"coordinates":[103.639923,30.983535],"type":"Point"}},{"type":"Feature","properties":{"name":"临夏"},"geometry":{"coordinates":[103.250403,35.599115],"type":"Point"}},{"type":"Feature","properties":{"name":"驻马哨"},"geometry":{"coordinates":[103.323826,23.627099],"type":"Point"}},{"type":"Feature","properties":{"name":"大塔"},"geometry":{"coordinates":[103.291903,23.646039],"type":"Point"}},{"type":"Feature","properties":{"name":"玉林山"},"geometry":{"coordinates":[103.283788,23.667955],"type":"Point"}},{"type":"Feature","properties":{"name":"开远"},"geometry":{"coordinates":[103.247151,23.715781],"type":"Point"}},{"type":"Feature","properties":{"name":"十里村"},"geometry":{"coordinates":[103.249444,23.756904],"type":"Point"}},{"type":"Feature","properties":{"name":"郯城北"},"geometry":{"coordinates":[118.383682,34.716896],"type":"Point"}},{"type":"Feature","properties":{"name":"伶俐"},"geometry":{"coordinates":[108.759673,22.858218],"type":"Point"}},{"type":"Feature","properties":{"name":"六个鸡"},"geometry":{"coordinates":[107.784645,26.571674],"type":"Point"}},{"type":"Feature","properties":{"name":"新开铺"},"geometry":{"coordinates":[112.973296,28.144256],"type":"Point"}},{"type":"Feature","properties":{"name":"大托铺"},"geometry":{"coordinates":[112.955284,28.057413],"type":"Point"}},{"type":"Feature","properties":{"name":"临湘"},"geometry":{"coordinates":[113.478078,29.477298],"type":"Point"}},{"type":"Feature","properties":{"name":"金山店"},"geometry":{"coordinates":[114.824625,30.136862],"type":"Point"}},{"type":"Feature","properties":{"name":"灵乡"},"geometry":{"coordinates":[114.748959,30.010148],"type":"Point"}},{"type":"Feature","properties":{"name":"路口铺"},"geometry":{"coordinates":[113.362177,29.512526],"type":"Point"}},{"type":"Feature","properties":{"name":"蒲江"},"geometry":{"coordinates":[103.49472,30.194357],"type":"Point"}},{"type":"Feature","properties":{"name":"西来"},"geometry":{"coordinates":[103.514602,30.312907],"type":"Point"}},{"type":"Feature","properties":{"name":"朝阳湖"},"geometry":{"coordinates":[103.443335,30.16983],"type":"Point"}},{"type":"Feature","properties":{"name":"崇州"},"geometry":{"coordinates":[103.680377,30.612727],"type":"Point"}},{"type":"Feature","properties":{"name":"邛崃"},"geometry":{"coordinates":[103.482813,30.413754],"type":"Point"}},{"type":"Feature","properties":{"name":"大邑"},"geometry":{"coordinates":[103.533181,30.563061],"type":"Point"}},{"type":"Feature","properties":{"name":"东营"},"geometry":{"coordinates":[118.466314,37.454591],"type":"Point"}},{"type":"Feature","properties":{"name":"北运河"},"geometry":{"coordinates":[117.172425,39.1638],"type":"Point"}},{"type":"Feature","properties":{"name":"贺职"},"geometry":{"coordinates":[111.834713,39.096235],"type":"Point"}},{"type":"Feature","properties":{"name":"三岔"},"geometry":{"coordinates":[111.684864,39.125981],"type":"Point"}},{"type":"Feature","properties":{"name":"王家寨"},"geometry":{"coordinates":[111.286318,38.982687],"type":"Point"}},{"type":"Feature","properties":{"name":"保德"},"geometry":{"coordinates":[111.07497,38.958868],"type":"Point"}},{"type":"Feature","properties":{"name":"阴塔"},"geometry":{"coordinates":[111.382145,39.05045],"type":"Point"}},{"type":"Feature","properties":{"name":"朔州西"},"geometry":{"coordinates":[112.401084,39.297653],"type":"Point"}},{"type":"Feature","properties":{"name":"寇庄"},"geometry":{"coordinates":[112.305029,39.282441],"type":"Point"}},{"type":"Feature","properties":{"name":"九圪塔"},"geometry":{"coordinates":[112.290721,39.202517],"type":"Point"}},{"type":"Feature","properties":{"name":"芜湖北"},"geometry":{"coordinates":[118.250748,31.357451],"type":"Point"}},{"type":"Feature","properties":{"name":"寿县"},"geometry":{"coordinates":[116.800552,32.595076],"type":"Point"}},{"type":"Feature","properties":{"name":"凤台南"},"geometry":{"coordinates":[116.617278,32.638567],"type":"Point"}},{"type":"Feature","properties":{"name":"阜阳西"},"geometry":{"coordinates":[115.747628,32.884941],"type":"Point"}},{"type":"Feature","properties":{"name":"东胜"},"geometry":{"coordinates":[109.970301,39.814587],"type":"Point"}},{"type":"Feature","properties":{"name":"商洛"},"geometry":{"coordinates":[110.013206,33.823512],"type":"Point"}},{"type":"Feature","properties":{"name":"通海"},"geometry":{"coordinates":[102.667341,24.119183],"type":"Point"}},{"type":"Feature","properties":{"name":"近会"},"geometry":{"coordinates":[104.918514,36.709072],"type":"Point"}},{"type":"Feature","properties":{"name":"三门峡"},"geometry":{"coordinates":[111.227568,34.761855],"type":"Point"}},{"type":"Feature","properties":{"name":"上海虹桥"},"geometry":{"coordinates":[121.3162,31.195978],"type":"Point"}},{"type":"Feature","properties":{"name":"渭南北"},"geometry":{"coordinates":[109.475878,34.536898],"type":"Point"}},{"type":"Feature","properties":{"name":"湖东"},"geometry":{"coordinates":[113.474864,39.998104],"type":"Point"}},{"type":"Feature","properties":{"name":"大同县"},"geometry":{"coordinates":[113.651529,40.017253],"type":"Point"}},{"type":"Feature","properties":{"name":"沙城东"},"geometry":{"coordinates":[115.574337,40.354153],"type":"Point"}},{"type":"Feature","properties":{"name":"卢龙北"},"geometry":{"coordinates":[118.908697,40.0432],"type":"Point"}},{"type":"Feature","properties":{"name":"费县"},"geometry":{"coordinates":[117.973701,35.278445],"type":"Point"}},{"type":"Feature","properties":{"name":"三塔镇"},"geometry":{"coordinates":[115.702893,32.767646],"type":"Point"}},{"type":"Feature","properties":{"name":"塘头厦"},"geometry":{"coordinates":[114.096653,22.79865],"type":"Point"}},{"type":"Feature","properties":{"name":"平湖"},"geometry":{"coordinates":[114.119527,22.694882],"type":"Point"}},{"type":"Feature","properties":{"name":"樟木头"},"geometry":{"coordinates":[114.062638,22.904367],"type":"Point"}},{"type":"Feature","properties":{"name":"黄冈"},"geometry":{"coordinates":[114.938678,30.488294],"type":"Point"}},{"type":"Feature","properties":{"name":"东莞东"},"geometry":{"coordinates":[114.033974,22.969789],"type":"Point"}},{"type":"Feature","properties":{"name":"西黄村"},"geometry":{"coordinates":[116.197697,39.929618],"type":"Point"}},{"type":"Feature","properties":{"name":"横店东"},"geometry":{"coordinates":[114.3283,30.800852],"type":"Point"}},{"type":"Feature","properties":{"name":"武汉东"},"geometry":{"coordinates":[114.425206,30.488616],"type":"Point"}},{"type":"Feature","properties":{"name":"西湾堡"},"geometry":{"coordinates":[114.354843,40.573569],"type":"Point"}},{"type":"Feature","properties":{"name":"六盘水南"},"geometry":{"coordinates":[104.852019,26.561291],"type":"Point"}},{"type":"Feature","properties":{"name":"曹家湾"},"geometry":{"coordinates":[104.816764,26.595418],"type":"Point"}},{"type":"Feature","properties":{"name":"且午"},"geometry":{"coordinates":[104.261332,26.388484],"type":"Point"}},{"type":"Feature","properties":{"name":"背开柱"},"geometry":{"coordinates":[104.419309,26.567091],"type":"Point"}},{"type":"Feature","properties":{"name":"扒挪块"},"geometry":{"coordinates":[104.494301,26.629274],"type":"Point"}},{"type":"Feature","properties":{"name":"葡萄菁"},"geometry":{"coordinates":[104.722661,26.656013],"type":"Point"}},{"type":"Feature","properties":{"name":"三明"},"geometry":{"coordinates":[117.585316,26.232922],"type":"Point"}},{"type":"Feature","properties":{"name":"漳平西"},"geometry":{"coordinates":[117.3557,25.325267],"type":"Point"}},{"type":"Feature","properties":{"name":"永安南"},"geometry":{"coordinates":[117.385191,25.941449],"type":"Point"}},{"type":"Feature","properties":{"name":"孔家庄"},"geometry":{"coordinates":[114.721986,40.757797],"type":"Point"}},{"type":"Feature","properties":{"name":"尚志南"},"geometry":{"coordinates":[127.946826,45.193829],"type":"Point"}},{"type":"Feature","properties":{"name":"古营盘"},"geometry":{"coordinates":[113.104825,40.974641],"type":"Point"}},{"type":"Feature","properties":{"name":"集宁南"},"geometry":{"coordinates":[113.092264,41.029876],"type":"Point"}},{"type":"Feature","properties":{"name":"旗下营东"},"geometry":{"coordinates":[112.204755,40.96353],"type":"Point"}},{"type":"Feature","properties":{"name":"卓资东"},"geometry":{"coordinates":[112.612246,40.922834],"type":"Point"}},{"type":"Feature","properties":{"name":"兴和北"},"geometry":{"coordinates":[113.835305,40.891325],"type":"Point"}},{"type":"Feature","properties":{"name":"怀安"},"geometry":{"coordinates":[114.393582,40.684415],"type":"Point"}},{"type":"Feature","properties":{"name":"曹妃甸南"},"geometry":{"coordinates":[118.538305,38.947123],"type":"Point"}},{"type":"Feature","properties":{"name":"曹妃甸西"},"geometry":{"coordinates":[118.437,38.984907],"type":"Point"}},{"type":"Feature","properties":{"name":"曹妃甸北"},"geometry":{"coordinates":[118.451117,39.145258],"type":"Point"}},{"type":"Feature","properties":{"name":"后吕村"},"geometry":{"coordinates":[116.164995,39.830289],"type":"Point"}},{"type":"Feature","properties":{"name":"枫林"},"geometry":{"coordinates":[115.403929,29.753184],"type":"Point"}},{"type":"Feature","properties":{"name":"华容东"},"geometry":{"coordinates":[114.781454,30.534262],"type":"Point"}},{"type":"Feature","properties":{"name":"太仓港"},"geometry":{"coordinates":[121.052028,31.627236],"type":"Point"}},{"type":"Feature","properties":{"name":"常熟"},"geometry":{"coordinates":[120.776135,31.699229],"type":"Point"}},{"type":"Feature","properties":{"name":"张家港北"},"geometry":{"coordinates":[120.687907,31.887804],"type":"Point"}},{"type":"Feature","properties":{"name":"张家港"},"geometry":{"coordinates":[120.669211,31.81936],"type":"Point"}},{"type":"Feature","properties":{"name":"阜宁南"},"geometry":{"coordinates":[119.639003,33.573925],"type":"Point"}},{"type":"Feature","properties":{"name":"淮安东"},"geometry":{"coordinates":[119.182541,33.570418],"type":"Point"}},{"type":"Feature","properties":{"name":"高邮"},"geometry":{"coordinates":[119.500205,32.775665],"type":"Point"}},{"type":"Feature","properties":{"name":"三门峡西"},"geometry":{"coordinates":[111.074739,34.68792],"type":"Point"}},{"type":"Feature","properties":{"name":"柳江"},"geometry":{"coordinates":[109.311718,24.264767],"type":"Point"}},{"type":"Feature","properties":{"name":"龙桥"},"geometry":{"coordinates":[117.437922,31.136761],"type":"Point"}},{"type":"Feature","properties":{"name":"桐城东"},"geometry":{"coordinates":[117.034403,31.027666],"type":"Point"}},{"type":"Feature","properties":{"name":"陵城"},"geometry":{"coordinates":[116.577959,37.293216],"type":"Point"}},{"type":"Feature","properties":{"name":"柳州南"},"geometry":{"coordinates":[109.363829,24.28122],"type":"Point"}},{"type":"Feature","properties":{"name":"福塘"},"geometry":{"coordinates":[109.208028,24.335154],"type":"Point"}},{"type":"Feature","properties":{"name":"成团"},"geometry":{"coordinates":[109.231754,24.261858],"type":"Point"}},{"type":"Feature","properties":{"name":"洛满"},"geometry":{"coordinates":[109.186005,24.409427],"type":"Point"}},{"type":"Feature","properties":{"name":"鄢陵"},"geometry":{"coordinates":[114.134177,34.065279],"type":"Point"}},{"type":"Feature","properties":{"name":"白云机场南"},"geometry":{"coordinates":[113.298076,23.385764],"type":"Point"}},{"type":"Feature","properties":{"name":"白云机场东"},"geometry":{"coordinates":[113.314736,23.367128],"type":"Point"}},{"type":"Feature","properties":{"name":"岑村"},"geometry":{"coordinates":[113.376809,23.161355],"type":"Point"}},{"type":"Feature","properties":{"name":"新津南"},"geometry":{"coordinates":[103.853839,30.351515],"type":"Point"}},{"type":"Feature","properties":{"name":"东花园北"},"geometry":{"coordinates":[115.788601,40.341593],"type":"Point"}},{"type":"Feature","properties":{"name":"怀来"},"geometry":{"coordinates":[115.558135,40.376679],"type":"Point"}},{"type":"Feature","properties":{"name":"宣化北"},"geometry":{"coordinates":[115.042534,40.631614],"type":"Point"}},{"type":"Feature","properties":{"name":"下花园北"},"geometry":{"coordinates":[115.295301,40.502108],"type":"Point"}},{"type":"Feature","properties":{"name":"新都东"},"geometry":{"coordinates":[104.192033,30.802022],"type":"Point"}},{"type":"Feature","properties":{"name":"侯马西"},"geometry":{"coordinates":[111.282051,35.601681],"type":"Point"}},{"type":"Feature","properties":{"name":"界首市"},"geometry":{"coordinates":[115.371627,33.269354],"type":"Point"}},{"type":"Feature","properties":{"name":"胡家营"},"geometry":{"coordinates":[110.211699,32.810238],"type":"Point"}},{"type":"Feature","properties":{"name":"独山"},"geometry":{"coordinates":[107.543559,25.867409],"type":"Point"}},{"type":"Feature","properties":{"name":"宾阳"},"geometry":{"coordinates":[109.087948,23.219532],"type":"Point"}},{"type":"Feature","properties":{"name":"石门县北"},"geometry":{"coordinates":[111.427996,29.60279],"type":"Point"}},{"type":"Feature","properties":{"name":"梁平"},"geometry":{"coordinates":[107.812284,30.717948],"type":"Point"}},{"type":"Feature","properties":{"name":"容县"},"geometry":{"coordinates":[110.527139,22.862187],"type":"Point"}},{"type":"Feature","properties":{"name":"北流"},"geometry":{"coordinates":[110.317411,22.732767],"type":"Point"}},{"type":"Feature","properties":{"name":"叶集"},"geometry":{"coordinates":[115.932116,31.836173],"type":"Point"}},{"type":"Feature","properties":{"name":"石门县南"},"geometry":{"coordinates":[111.419337,29.569066],"type":"Point"}},{"type":"Feature","properties":{"name":"中仓"},"geometry":{"coordinates":[116.657085,39.896065],"type":"Point"}},{"type":"Feature","properties":{"name":"邕宁"},"geometry":{"coordinates":[108.526252,22.821635],"type":"Point"}},{"type":"Feature","properties":{"name":"下两"},"geometry":{"coordinates":[106.774193,32.070788],"type":"Point"}},{"type":"Feature","properties":{"name":"平昌"},"geometry":{"coordinates":[107.072148,31.554713],"type":"Point"}},{"type":"Feature","properties":{"name":"延庆"},"geometry":{"coordinates":[115.977405,40.434977],"type":"Point"}},{"type":"Feature","properties":{"name":"福泉"},"geometry":{"coordinates":[107.532262,26.628355],"type":"Point"}},{"type":"Feature","properties":{"name":"黄丝"},"geometry":{"coordinates":[107.407686,26.589591],"type":"Point"}},{"type":"Feature","properties":{"name":"盘塘"},"geometry":{"coordinates":[111.566425,29.200372],"type":"Point"}},{"type":"Feature","properties":{"name":"柳枝"},"geometry":{"coordinates":[109.890365,34.527968],"type":"Point"}},{"type":"Feature","properties":{"name":"吕梁"},"geometry":{"coordinates":[111.131137,37.567396],"type":"Point"}},{"type":"Feature","properties":{"name":"靖西"},"geometry":{"coordinates":[106.387429,23.150179],"type":"Point"}},{"type":"Feature","properties":{"name":"田心"},"geometry":{"coordinates":[113.12532,27.871237],"type":"Point"}},{"type":"Feature","properties":{"name":"株洲北"},"geometry":{"coordinates":[113.112338,27.885373],"type":"Point"}},{"type":"Feature","properties":{"name":"临汝镇"},"geometry":{"coordinates":[112.618903,34.267293],"type":"Point"}},{"type":"Feature","properties":{"name":"庙下"},"geometry":{"coordinates":[112.705877,34.218412],"type":"Point"}},{"type":"Feature","properties":{"name":"王堂"},"geometry":{"coordinates":[112.782766,34.202563],"type":"Point"}},{"type":"Feature","properties":{"name":"戎庄"},"geometry":{"coordinates":[112.839403,34.116604],"type":"Point"}},{"type":"Feature","properties":{"name":"小屯街"},"geometry":{"coordinates":[112.927523,34.053226],"type":"Point"}},{"type":"Feature","properties":{"name":"商酒务"},"geometry":{"coordinates":[112.980618,33.954358],"type":"Point"}},{"type":"Feature","properties":{"name":"多尔本毛道"},"geometry":{"coordinates":[105.740006,40.503842],"type":"Point"}},{"type":"Feature","properties":{"name":"向韶"},"geometry":{"coordinates":[112.646819,27.788968],"type":"Point"}},{"type":"Feature","properties":{"name":"姜畬"},"geometry":{"coordinates":[112.783037,27.853488],"type":"Point"}},{"type":"Feature","properties":{"name":"云湖桥"},"geometry":{"coordinates":[112.71017,27.823146],"type":"Point"}},{"type":"Feature","properties":{"name":"松山湖北"},"geometry":{"coordinates":[113.892081,22.961169],"type":"Point"}},{"type":"Feature","properties":{"name":"土溪"},"geometry":{"coordinates":[107.057081,31.017526],"type":"Point"}},{"type":"Feature","properties":{"name":"石板梁"},"geometry":{"coordinates":[107.890093,30.74113],"type":"Point"}},{"type":"Feature","properties":{"name":"肃北"},"geometry":{"coordinates":[94.770942,39.541109],"type":"Point"}},{"type":"Feature","properties":{"name":"水坝河"},"geometry":{"coordinates":[94.650078,39.519003],"type":"Point"}},{"type":"Feature","properties":{"name":"石坝"},"geometry":{"coordinates":[105.843833,37.067501],"type":"Point"}},{"type":"Feature","properties":{"name":"罗城"},"geometry":{"coordinates":[109.121525,24.844744],"type":"Point"}},{"type":"Feature","properties":{"name":"九里山"},"geometry":{"coordinates":[112.661623,33.385491],"type":"Point"}},{"type":"Feature","properties":{"name":"北召店"},"geometry":{"coordinates":[112.757529,33.474616],"type":"Point"}},{"type":"Feature","properties":{"name":"交界"},"geometry":{"coordinates":[112.797246,33.594368],"type":"Point"}},{"type":"Feature","properties":{"name":"瀼河"},"geometry":{"coordinates":[112.85662,33.698821],"type":"Point"}},{"type":"Feature","properties":{"name":"溆浦"},"geometry":{"coordinates":[110.573369,27.929719],"type":"Point"}},{"type":"Feature","properties":{"name":"水团"},"geometry":{"coordinates":[109.63067,26.039365],"type":"Point"}},{"type":"Feature","properties":{"name":"蓬安"},"geometry":{"coordinates":[106.419673,31.002597],"type":"Point"}},{"type":"Feature","properties":{"name":"古砦"},"geometry":{"coordinates":[109.102962,24.743472],"type":"Point"}},{"type":"Feature","properties":{"name":"月华"},"geometry":{"coordinates":[102.178828,28.136957],"type":"Point"}},{"type":"Feature","properties":{"name":"信宜"},"geometry":{"coordinates":[110.960927,22.332725],"type":"Point"}},{"type":"Feature","properties":{"name":"高州"},"geometry":{"coordinates":[110.884361,21.898596],"type":"Point"}},{"type":"Feature","properties":{"name":"霞洞"},"geometry":{"coordinates":[111.102729,21.742861],"type":"Point"}},{"type":"Feature","properties":{"name":"张家界"},"geometry":{"coordinates":[110.481734,29.106652],"type":"Point"}},{"type":"Feature","properties":{"name":"庐江南"},"geometry":{"coordinates":[117.29153,31.12539],"type":"Point"}},{"type":"Feature","properties":{"name":"文化"},"geometry":{"coordinates":[107.756849,30.821988],"type":"Point"}},{"type":"Feature","properties":{"name":"富川"},"geometry":{"coordinates":[111.356813,24.795021],"type":"Point"}},{"type":"Feature","properties":{"name":"化州"},"geometry":{"coordinates":[110.647481,21.655775],"type":"Point"}},{"type":"Feature","properties":{"name":"绥阳"},"geometry":{"coordinates":[130.892757,44.426278],"type":"Point"}},{"type":"Feature","properties":{"name":"梧州"},"geometry":{"coordinates":[111.23484,23.48963],"type":"Point"}},{"type":"Feature","properties":{"name":"云浮东"},"geometry":{"coordinates":[112.133222,23.015018],"type":"Point"}},{"type":"Feature","properties":{"name":"福安"},"geometry":{"coordinates":[119.71283,26.837436],"type":"Point"}},{"type":"Feature","properties":{"name":"郭磊庄"},"geometry":{"coordinates":[114.544246,40.719085],"type":"Point"}},{"type":"Feature","properties":{"name":"闽清"},"geometry":{"coordinates":[118.903114,26.21629],"type":"Point"}},{"type":"Feature","properties":{"name":"公平墟"},"geometry":{"coordinates":[112.862487,26.20987],"type":"Point"}},{"type":"Feature","properties":{"name":"沾化"},"geometry":{"coordinates":[118.107219,37.660443],"type":"Point"}},{"type":"Feature","properties":{"name":"东风港"},"geometry":{"coordinates":[118.01828,38.047996],"type":"Point"}},{"type":"Feature","properties":{"name":"滨州东"},"geometry":{"coordinates":[118.062868,37.410002],"type":"Point"}},{"type":"Feature","properties":{"name":"防城港"},"geometry":{"coordinates":[108.356984,21.629484],"type":"Point"}},{"type":"Feature","properties":{"name":"白石渡"},"geometry":{"coordinates":[113.028948,25.400411],"type":"Point"}},{"type":"Feature","properties":{"name":"红岛"},"geometry":{"coordinates":[120.186549,36.245944],"type":"Point"}},{"type":"Feature","properties":{"name":"曹妃甸东"},"geometry":{"coordinates":[118.584556,39.217377],"type":"Point"}},{"type":"Feature","properties":{"name":"航海广场"},"geometry":{"coordinates":[113.700243,34.721988],"type":"Point"}},{"type":"Feature","properties":{"name":"冯庄"},"geometry":{"coordinates":[113.661273,34.721615],"type":"Point"}},{"type":"Feature","properties":{"name":"三门峡南"},"geometry":{"coordinates":[111.154218,34.749586],"type":"Point"}},{"type":"Feature","properties":{"name":"沙琅"},"geometry":{"coordinates":[111.193916,21.80358],"type":"Point"}},{"type":"Feature","properties":{"name":"江油北"},"geometry":{"coordinates":[105.07226,31.985374],"type":"Point"}},{"type":"Feature","properties":{"name":"江华"},"geometry":{"coordinates":[111.550123,25.182901],"type":"Point"}},{"type":"Feature","properties":{"name":"大路铺"},"geometry":{"coordinates":[111.483987,25.00729],"type":"Point"}},{"type":"Feature","properties":{"name":"祁东"},"geometry":{"coordinates":[112.06054,26.762704],"type":"Point"}},{"type":"Feature","properties":{"name":"资阳"},"geometry":{"coordinates":[104.649896,30.127414],"type":"Point"}},{"type":"Feature","properties":{"name":"东安东"},"geometry":{"coordinates":[111.331919,26.381067],"type":"Point"}},{"type":"Feature","properties":{"name":"岳池"},"geometry":{"coordinates":[106.467294,30.539551],"type":"Point"}},{"type":"Feature","properties":{"name":"镇江关"},"geometry":{"coordinates":[103.720687,32.331756],"type":"Point"}},{"type":"Feature","properties":{"name":"衡阳南"},"geometry":{"coordinates":[112.666327,26.812416],"type":"Point"}},{"type":"Feature","properties":{"name":"六安"},"geometry":{"coordinates":[116.494464,31.716997],"type":"Point"}},{"type":"Feature","properties":{"name":"南园村"},"geometry":{"coordinates":[110.33075,40.548986],"type":"Point"}},{"type":"Feature","properties":{"name":"三卜素"},"geometry":{"coordinates":[110.786895,40.605814],"type":"Point"}},{"type":"Feature","properties":{"name":"萨拉齐东"},"geometry":{"coordinates":[110.54438,40.564418],"type":"Point"}},{"type":"Feature","properties":{"name":"巴中东"},"geometry":{"coordinates":[106.870005,31.842366],"type":"Point"}},{"type":"Feature","properties":{"name":"白岩"},"geometry":{"coordinates":[106.714153,31.041977],"type":"Point"}},{"type":"Feature","properties":{"name":"准格尔"},"geometry":{"coordinates":[111.23617,40.125505],"type":"Point"}},{"type":"Feature","properties":{"name":"托克托东"},"geometry":{"coordinates":[111.296139,40.250831],"type":"Point"}},{"type":"Feature","properties":{"name":"托克托"},"geometry":{"coordinates":[111.310992,40.283742],"type":"Point"}},{"type":"Feature","properties":{"name":"新凤凰"},"geometry":{"coordinates":[109.730383,28.048529],"type":"Point"}},{"type":"Feature","properties":{"name":"利略"},"geometry":{"coordinates":[109.706571,28.135369],"type":"Point"}},{"type":"Feature","properties":{"name":"周家寨"},"geometry":{"coordinates":[109.70163,28.189043],"type":"Point"}},{"type":"Feature","properties":{"name":"吉首南"},"geometry":{"coordinates":[109.699913,28.257834],"type":"Point"}},{"type":"Feature","properties":{"name":"何家塔"},"geometry":{"coordinates":[111.300398,40.032445],"type":"Point"}},{"type":"Feature","properties":{"name":"东胜东"},"geometry":{"coordinates":[110.09972,39.752971],"type":"Point"}},{"type":"Feature","properties":{"name":"大院东"},"geometry":{"coordinates":[110.971355,40.034318],"type":"Point"}},{"type":"Feature","properties":{"name":"济南南"},"geometry":{"coordinates":[116.932634,36.626385],"type":"Point"}},{"type":"Feature","properties":{"name":"文江"},"geometry":{"coordinates":[104.57098,28.392998],"type":"Point"}},{"type":"Feature","properties":{"name":"南溪北"},"geometry":{"coordinates":[104.883286,28.973208],"type":"Point"}},{"type":"Feature","properties":{"name":"翔安"},"geometry":{"coordinates":[118.264142,24.689351],"type":"Point"}},{"type":"Feature","properties":{"name":"渔溪"},"geometry":{"coordinates":[119.29119,25.575563],"type":"Point"}},{"type":"Feature","properties":{"name":"滠口"},"geometry":{"coordinates":[114.346063,30.728665],"type":"Point"}},{"type":"Feature","properties":{"name":"朱砂古镇"},"geometry":{"coordinates":[109.133345,27.51984],"type":"Point"}},{"type":"Feature","properties":{"name":"额济纳"},"geometry":{"coordinates":[101.031769,41.896897],"type":"Point"}},{"type":"Feature","properties":{"name":"颍南"},"geometry":{"coordinates":[115.826078,32.860266],"type":"Point"}},{"type":"Feature","properties":{"name":"珠琳"},"geometry":{"coordinates":[104.625378,23.968099],"type":"Point"}},{"type":"Feature","properties":{"name":"六景"},"geometry":{"coordinates":[108.885188,22.884153],"type":"Point"}},{"type":"Feature","properties":{"name":"安庆北"},"geometry":{"coordinates":[117.003394,30.566929],"type":"Point"}},{"type":"Feature","properties":{"name":"苏州"},"geometry":{"coordinates":[120.606676,31.331883],"type":"Point"}},{"type":"Feature","properties":{"name":"介休"},"geometry":{"coordinates":[111.913084,37.017974],"type":"Point"}},{"type":"Feature","properties":{"name":"佑君"},"geometry":{"coordinates":[102.151083,27.79084],"type":"Point"}},{"type":"Feature","properties":{"name":"弄弄坪"},"geometry":{"coordinates":[101.68381,26.557754],"type":"Point"}},{"type":"Feature","properties":{"name":"渡口"},"geometry":{"coordinates":[101.699978,26.571856],"type":"Point"}},{"type":"Feature","properties":{"name":"倮果"},"geometry":{"coordinates":[101.788091,26.604228],"type":"Point"}},{"type":"Feature","properties":{"name":"密地"},"geometry":{"coordinates":[101.740614,26.584291],"type":"Point"}},{"type":"Feature","properties":{"name":"巴关河"},"geometry":{"coordinates":[101.603771,26.591269],"type":"Point"}},{"type":"Feature","properties":{"name":"格里坪"},"geometry":{"coordinates":[101.55148,26.597272],"type":"Point"}},{"type":"Feature","properties":{"name":"农垦四团"},"geometry":{"coordinates":[106.595214,40.773572],"type":"Point"}},{"type":"Feature","properties":{"name":"呼和温都尔"},"geometry":{"coordinates":[106.837401,40.927157],"type":"Point"}},{"type":"Feature","properties":{"name":"冷水铺"},"geometry":{"coordinates":[109.498174,27.424181],"type":"Point"}},{"type":"Feature","properties":{"name":"太和北"},"geometry":{"coordinates":[115.573172,33.223986],"type":"Point"}},{"type":"Feature","properties":{"name":"勐腊"},"geometry":{"coordinates":[101.587014,21.428062],"type":"Point"}},{"type":"Feature","properties":{"name":"集宁"},"geometry":{"coordinates":[113.104421,41.042314],"type":"Point"}},{"type":"Feature","properties":{"name":"西双版纳"},"geometry":{"coordinates":[100.771934,21.986305],"type":"Point"}},{"type":"Feature","properties":{"name":"宁洱"},"geometry":{"coordinates":[101.062935,23.051001],"type":"Point"}},{"type":"Feature","properties":{"name":"那丽"},"geometry":{"coordinates":[108.899231,21.864259],"type":"Point"}},{"type":"Feature","properties":{"name":"黍地沟"},"geometry":{"coordinates":[113.339178,40.218955],"type":"Point"}},{"type":"Feature","properties":{"name":"北社"},"geometry":{"coordinates":[113.049611,36.76353],"type":"Point"}},{"type":"Feature","properties":{"name":"旧城"},"geometry":{"coordinates":[112.913723,36.824986],"type":"Point"}},{"type":"Feature","properties":{"name":"포평청년"},"geometry":{"coordinates":[127.232339,41.499357],"type":"Point"}},{"type":"Feature","properties":{"name":"沿滩"},"geometry":{"coordinates":[104.927756,29.18468],"type":"Point"}},{"type":"Feature","properties":{"name":"李雅庄"},"geometry":{"coordinates":[118.017953,37.817954],"type":"Point"}},{"type":"Feature","properties":{"name":"杨寨"},"geometry":{"coordinates":[113.980303,31.474385],"type":"Point"}},{"type":"Feature","properties":{"name":"王木匠"},"geometry":{"coordinates":[118.575602,36.752027],"type":"Point"}},{"type":"Feature","properties":{"name":"永泰庄"},"geometry":{"coordinates":[116.34833,40.036679],"type":"Point"}},{"type":"Feature","properties":{"name":"昌平西山口"},"geometry":{"coordinates":[116.189381,40.243313],"type":"Point"}},{"type":"Feature","properties":{"name":"昌平东关"},"geometry":{"coordinates":[116.256715,40.220548],"type":"Point"}},{"type":"Feature","properties":{"name":"展览中心"},"geometry":{"coordinates":[113.656527,22.904873],"type":"Point"}},{"type":"Feature","properties":{"name":"华山北"},"geometry":{"coordinates":[110.093034,34.583201],"type":"Point"}},{"type":"Feature","properties":{"name":"马辛庄"},"geometry":{"coordinates":[113.273131,39.988502],"type":"Point"}},{"type":"Feature","properties":{"name":"青州市北"},"geometry":{"coordinates":[118.572263,36.831219],"type":"Point"}},{"type":"Feature","properties":{"name":"西乌旗"},"geometry":{"coordinates":[117.556732,44.623076],"type":"Point"}},{"type":"Feature","properties":{"name":"南分路"},"geometry":{"coordinates":[116.797164,31.750009],"type":"Point"}},{"type":"Feature","properties":{"name":"宝清"},"geometry":{"coordinates":[132.193515,46.351716],"type":"Point"}},{"type":"Feature","properties":{"name":"石梯"},"geometry":{"coordinates":[107.148064,31.24351],"type":"Point"}},{"type":"Feature","properties":{"name":"西乡"},"geometry":{"coordinates":[107.75656,32.996264],"type":"Point"}},{"type":"Feature","properties":{"name":"深圳北"},"geometry":{"coordinates":[114.023947,22.612037],"type":"Point"}},{"type":"Feature","properties":{"name":"蚌埠"},"geometry":{"coordinates":[117.371815,32.944828],"type":"Point"}},{"type":"Feature","properties":{"name":"红花"},"geometry":{"coordinates":[118.278206,34.450772],"type":"Point"}},{"type":"Feature","properties":{"name":"归昌"},"geometry":{"coordinates":[118.307831,34.51599],"type":"Point"}},{"type":"Feature","properties":{"name":"绍兴东"},"geometry":{"coordinates":[120.848994,30.057183],"type":"Point"}},{"type":"Feature","properties":{"name":"鹧鸪江"},"geometry":{"coordinates":[109.41636,24.391326],"type":"Point"}},{"type":"Feature","properties":{"name":"玉洞"},"geometry":{"coordinates":[108.374124,22.693596],"type":"Point"}},{"type":"Feature","properties":{"name":"麓谷"},"geometry":{"coordinates":[112.858909,28.251907],"type":"Point"}},{"type":"Feature","properties":{"name":"后河芦"},"geometry":{"coordinates":[113.612605,34.721246],"type":"Point"}},{"type":"Feature","properties":{"name":"红星四场"},"geometry":{"coordinates":[93.902663,42.632224],"type":"Point"}},{"type":"Feature","properties":{"name":"平度"},"geometry":{"coordinates":[119.973092,36.806737],"type":"Point"}},{"type":"Feature","properties":{"name":"横车"},"geometry":{"coordinates":[115.348898,30.315351],"type":"Point"}},{"type":"Feature","properties":{"name":"团风"},"geometry":{"coordinates":[114.8933,30.750615],"type":"Point"}},{"type":"Feature","properties":{"name":"新洲"},"geometry":{"coordinates":[114.904298,30.880693],"type":"Point"}},{"type":"Feature","properties":{"name":"周铁岗"},"geometry":{"coordinates":[114.955881,31.044935],"type":"Point"}},{"type":"Feature","properties":{"name":"西张店"},"geometry":{"coordinates":[114.874299,31.430446],"type":"Point"}},{"type":"Feature","properties":{"name":"泗店"},"geometry":{"coordinates":[114.882714,31.559484],"type":"Point"}},{"type":"Feature","properties":{"name":"吕店"},"geometry":{"coordinates":[115.223507,32.25952],"type":"Point"}},{"type":"Feature","properties":{"name":"衢州东"},"geometry":{"coordinates":[118.962337,28.974616],"type":"Point"}},{"type":"Feature","properties":{"name":"永茂"},"geometry":{"coordinates":[110.272908,29.005504],"type":"Point"}},{"type":"Feature","properties":{"name":"甲竹"},"geometry":{"coordinates":[93.685789,29.175064],"type":"Point"}},{"type":"Feature","properties":{"name":"巴玉"},"geometry":{"coordinates":[92.377652,29.229958],"type":"Point"}},{"type":"Feature","properties":{"name":"怀化东"},"geometry":{"coordinates":[110.045253,27.574092],"type":"Point"}},{"type":"Feature","properties":{"name":"永州东"},"geometry":{"coordinates":[111.591423,26.452497],"type":"Point"}},{"type":"Feature","properties":{"name":"高溪市"},"geometry":{"coordinates":[111.657781,26.523062],"type":"Point"}},{"type":"Feature","properties":{"name":"屏山"},"geometry":{"coordinates":[104.358267,28.852479],"type":"Point"}},{"type":"Feature","properties":{"name":"钱清"},"geometry":{"coordinates":[120.402424,30.118572],"type":"Point"}},{"type":"Feature","properties":{"name":"羊坪"},"geometry":{"coordinates":[108.820943,27.175886],"type":"Point"}},{"type":"Feature","properties":{"name":"寿光北"},"geometry":{"coordinates":[118.780269,36.925277],"type":"Point"}},{"type":"Feature","properties":{"name":"杜科"},"geometry":{"coordinates":[118.078915,36.80011],"type":"Point"}},{"type":"Feature","properties":{"name":"二十里堡"},"geometry":{"coordinates":[119.126269,36.660067],"type":"Point"}},{"type":"Feature","properties":{"name":"桃村东"},"geometry":{"coordinates":[121.172683,37.193981],"type":"Point"}},{"type":"Feature","properties":{"name":"诸往"},"geometry":{"coordinates":[121.357453,37.012852],"type":"Point"}},{"type":"Feature","properties":{"name":"下初"},"geometry":{"coordinates":[121.600159,37.024748],"type":"Point"}},{"type":"Feature","properties":{"name":"铺集"},"geometry":{"coordinates":[121.859671,37.099508],"type":"Point"}},{"type":"Feature","properties":{"name":"草庙子"},"geometry":{"coordinates":[122.099281,37.314387],"type":"Point"}},{"type":"Feature","properties":{"name":"威海南"},"geometry":{"coordinates":[122.140262,37.414381],"type":"Point"}},{"type":"Feature","properties":{"name":"邵东"},"geometry":{"coordinates":[111.742351,27.277642],"type":"Point"}},{"type":"Feature","properties":{"name":"隆回"},"geometry":{"coordinates":[111.029506,27.149792],"type":"Point"}},{"type":"Feature","properties":{"name":"龙湖"},"geometry":{"coordinates":[116.646978,23.536453],"type":"Point"}},{"type":"Feature","properties":{"name":"鱼池村"},"geometry":{"coordinates":[116.887246,36.200637],"type":"Point"}},{"type":"Feature","properties":{"name":"官庄"},"geometry":{"coordinates":[114.500907,37.20057],"type":"Point"}},{"type":"Feature","properties":{"name":"徐州"},"geometry":{"coordinates":[117.201762,34.266395],"type":"Point"}},{"type":"Feature","properties":{"name":"格尔木西"},"geometry":{"coordinates":[94.774539,36.357764],"type":"Point"}},{"type":"Feature","properties":{"name":"思濛"},"geometry":{"coordinates":[103.703405,29.944533],"type":"Point"}},{"type":"Feature","properties":{"name":"南漳"},"geometry":{"coordinates":[111.861277,31.803318],"type":"Point"}},{"type":"Feature","properties":{"name":"平顶山西"},"geometry":{"coordinates":[113.080725,33.81852],"type":"Point"}},{"type":"Feature","properties":{"name":"郑州航空港"},"geometry":{"coordinates":[113.926891,34.489162],"type":"Point"}},{"type":"Feature","properties":{"name":"禹州"},"geometry":{"coordinates":[113.564665,34.125572],"type":"Point"}},{"type":"Feature","properties":{"name":"城阳"},"geometry":{"coordinates":[120.359669,36.299312],"type":"Point"}},{"type":"Feature","properties":{"name":"惠州"},"geometry":{"coordinates":[114.410493,23.153923],"type":"Point"}},{"type":"Feature","properties":{"name":"黄平"},"geometry":{"coordinates":[108.095723,26.870557],"type":"Point"}},{"type":"Feature","properties":{"name":"楚雄"},"geometry":{"coordinates":[101.542702,25.085304],"type":"Point"}},{"type":"Feature","properties":{"name":"腰站街"},"geometry":{"coordinates":[101.655394,25.0913],"type":"Point"}},{"type":"Feature","properties":{"name":"洛湾三江"},"geometry":{"coordinates":[106.823081,26.685579],"type":"Point"}},{"type":"Feature","properties":{"name":"潮州"},"geometry":{"coordinates":[116.579338,23.641748],"type":"Point"}},{"type":"Feature","properties":{"name":"汕头"},"geometry":{"coordinates":[116.75243,23.374688],"type":"Point"}},{"type":"Feature","properties":{"name":"江村"},"geometry":{"coordinates":[113.213293,23.308722],"type":"Point"}},{"type":"Feature","properties":{"name":"宁德"},"geometry":{"coordinates":[119.57938,26.672944],"type":"Point"}},{"type":"Feature","properties":{"name":"霞浦"},"geometry":{"coordinates":[120.028237,26.912747],"type":"Point"}},{"type":"Feature","properties":{"name":"岑溪"},"geometry":{"coordinates":[110.943589,22.906351],"type":"Point"}},{"type":"Feature","properties":{"name":"招远北"},"geometry":{"coordinates":[120.206764,37.481466],"type":"Point"}},{"type":"Feature","properties":{"name":"陈官营"},"geometry":{"coordinates":[103.658007,36.086945],"type":"Point"}},{"type":"Feature","properties":{"name":"韶关东"},"geometry":{"coordinates":[113.599267,24.797109],"type":"Point"}},{"type":"Feature","properties":{"name":"云东海"},"geometry":{"coordinates":[112.840519,23.22051],"type":"Point"}},{"type":"Feature","properties":{"name":"端州"},"geometry":{"coordinates":[112.508349,23.113383],"type":"Point"}},{"type":"Feature","properties":{"name":"水坑"},"geometry":{"coordinates":[112.564657,23.199839],"type":"Point"}},{"type":"Feature","properties":{"name":"四会"},"geometry":{"coordinates":[112.749326,23.273123],"type":"Point"}},{"type":"Feature","properties":{"name":"大沙"},"geometry":{"coordinates":[112.765606,23.250955],"type":"Point"}},{"type":"Feature","properties":{"name":"依坑"},"geometry":{"coordinates":[112.701392,23.271371],"type":"Point"}},{"type":"Feature","properties":{"name":"腰古"},"geometry":{"coordinates":[112.291649,22.890132],"type":"Point"}},{"type":"Feature","properties":{"name":"安口"},"geometry":{"coordinates":[113.411259,25.038429],"type":"Point"}},{"type":"Feature","properties":{"name":"黄岗"},"geometry":{"coordinates":[113.555321,24.853672],"type":"Point"}},{"type":"Feature","properties":{"name":"孔滩"},"geometry":{"coordinates":[104.675499,29.141097],"type":"Point"}},{"type":"Feature","properties":{"name":"白马北"},"geometry":{"coordinates":[104.991114,29.54392],"type":"Point"}},{"type":"Feature","properties":{"name":"排楼"},"geometry":{"coordinates":[109.925263,27.335617],"type":"Point"}},{"type":"Feature","properties":{"name":"南山北"},"geometry":{"coordinates":[109.205627,18.319312],"type":"Point"}},{"type":"Feature","properties":{"name":"缆车上站"},"geometry":{"coordinates":[107.067801,29.829657],"type":"Point"}},{"type":"Feature","properties":{"name":"缆车下站"},"geometry":{"coordinates":[107.068265,29.827418],"type":"Point"}},{"type":"Feature","properties":{"name":"学庄"},"geometry":{"coordinates":[107.563279,25.698422],"type":"Point"}},{"type":"Feature","properties":{"name":"宾西北"},"geometry":{"coordinates":[127.143391,45.790068],"type":"Point"}},{"type":"Feature","properties":{"name":"日兴屯"},"geometry":{"coordinates":[128.271582,45.825416],"type":"Point"}},{"type":"Feature","properties":{"name":"双龙湖"},"geometry":{"coordinates":[128.490375,45.827798],"type":"Point"}},{"type":"Feature","properties":{"name":"胜利镇"},"geometry":{"coordinates":[127.987332,45.786634],"type":"Point"}},{"type":"Feature","properties":{"name":"宾州"},"geometry":{"coordinates":[127.45338,45.772979],"type":"Point"}},{"type":"Feature","properties":{"name":"宾安"},"geometry":{"coordinates":[127.740634,45.796307],"type":"Point"}},{"type":"Feature","properties":{"name":"得莫利"},"geometry":{"coordinates":[129.02597,45.875258],"type":"Point"}},{"type":"Feature","properties":{"name":"方正"},"geometry":{"coordinates":[128.800095,45.865397],"type":"Point"}},{"type":"Feature","properties":{"name":"高楞"},"geometry":{"coordinates":[129.267529,45.986667],"type":"Point"}},{"type":"Feature","properties":{"name":"达连河"},"geometry":{"coordinates":[129.457408,46.146473],"type":"Point"}},{"type":"Feature","properties":{"name":"依兰"},"geometry":{"coordinates":[129.600027,46.277181],"type":"Point"}},{"type":"Feature","properties":{"name":"宏克力"},"geometry":{"coordinates":[129.851693,46.515302],"type":"Point"}},{"type":"Feature","properties":{"name":"兴华"},"geometry":{"coordinates":[130.047054,46.671946],"type":"Point"}},{"type":"Feature","properties":{"name":"河塱"},"geometry":{"coordinates":[111.8637,22.556046],"type":"Point"}},{"type":"Feature","properties":{"name":"河邦"},"geometry":{"coordinates":[111.866036,22.604119],"type":"Point"}},{"type":"Feature","properties":{"name":"乐亭"},"geometry":{"coordinates":[118.878222,39.417739],"type":"Point"}},{"type":"Feature","properties":{"name":"三阳"},"geometry":{"coordinates":[118.801882,30.029486],"type":"Point"}},{"type":"Feature","properties":{"name":"水花"},"geometry":{"coordinates":[108.277195,26.996584],"type":"Point"}},{"type":"Feature","properties":{"name":"长汀"},"geometry":{"coordinates":[116.339386,25.831801],"type":"Point"}},{"type":"Feature","properties":{"name":"颍上"},"geometry":{"coordinates":[116.301382,32.741398],"type":"Point"}},{"type":"Feature","properties":{"name":"朋普"},"geometry":{"coordinates":[103.341582,23.978304],"type":"Point"}},{"type":"Feature","properties":{"name":"鄂州北"},"geometry":{"coordinates":[114.805355,30.470829],"type":"Point"}},{"type":"Feature","properties":{"name":"礼泉南"},"geometry":{"coordinates":[108.403205,34.462918],"type":"Point"}},{"type":"Feature","properties":{"name":"西安西"},"geometry":{"coordinates":[108.751602,34.271253],"type":"Point"}},{"type":"Feature","properties":{"name":"平山塘"},"geometry":{"coordinates":[113.089971,27.420821],"type":"Point"}},{"type":"Feature","properties":{"name":"高炉子"},"geometry":{"coordinates":[106.936482,27.811395],"type":"Point"}},{"type":"Feature","properties":{"name":"凉风垭"},"geometry":{"coordinates":[106.828909,28.240694],"type":"Point"}},{"type":"Feature","properties":{"name":"十里冲"},"geometry":{"coordinates":[113.033819,27.881864],"type":"Point"}},{"type":"Feature","properties":{"name":"株洲"},"geometry":{"coordinates":[113.151682,27.838836],"type":"Point"}},{"type":"Feature","properties":{"name":"长宁"},"geometry":{"coordinates":[104.926511,28.600051],"type":"Point"}},{"type":"Feature","properties":{"name":"兴文"},"geometry":{"coordinates":[105.243998,28.338386],"type":"Point"}},{"type":"Feature","properties":{"name":"天空之镜站"},"geometry":{"coordinates":[99.078602,36.752889],"type":"Point"}},{"type":"Feature","properties":{"name":"天路映辰站"},"geometry":{"coordinates":[99.080521,36.743193],"type":"Point"}},{"type":"Feature","properties":{"name":"三门"},"geometry":{"coordinates":[113.116086,27.598871],"type":"Point"}},{"type":"Feature","properties":{"name":"赤木岭"},"geometry":{"coordinates":[101.705294,25.170116],"type":"Point"}},{"type":"Feature","properties":{"name":"苹林"},"geometry":{"coordinates":[117.087984,25.176652],"type":"Point"}},{"type":"Feature","properties":{"name":"基太"},"geometry":{"coordinates":[117.346383,25.338216],"type":"Point"}},{"type":"Feature","properties":{"name":"雁石"},"geometry":{"coordinates":[117.149191,25.250664],"type":"Point"}},{"type":"Feature","properties":{"name":"铁山洋"},"geometry":{"coordinates":[117.056189,25.144182],"type":"Point"}},{"type":"Feature","properties":{"name":"潮安"},"geometry":{"coordinates":[116.691731,23.47631],"type":"Point"}},{"type":"Feature","properties":{"name":"桃选"},"geometry":{"coordinates":[131.005793,45.759521],"type":"Point"}},{"type":"Feature","properties":{"name":"沃卡"},"geometry":{"coordinates":[92.216414,29.263396],"type":"Point"}},{"type":"Feature","properties":{"name":"小林"},"geometry":{"coordinates":[113.734596,32.272339],"type":"Point"}},{"type":"Feature","properties":{"name":"富阳"},"geometry":{"coordinates":[119.987997,30.003282],"type":"Point"}},{"type":"Feature","properties":{"name":"桐庐"},"geometry":{"coordinates":[119.727288,29.791664],"type":"Point"}},{"type":"Feature","properties":{"name":"建德"},"geometry":{"coordinates":[119.42268,29.575276],"type":"Point"}},{"type":"Feature","properties":{"name":"千岛湖"},"geometry":{"coordinates":[119.186863,29.737719],"type":"Point"}},{"type":"Feature","properties":{"name":"长安镇"},"geometry":{"coordinates":[120.439159,30.457296],"type":"Point"}},{"type":"Feature","properties":{"name":"海口东"},"geometry":{"coordinates":[110.338717,19.985684],"type":"Point"}},{"type":"Feature","properties":{"name":"防城港北"},"geometry":{"coordinates":[108.373476,21.716423],"type":"Point"}},{"type":"Feature","properties":{"name":"泸州港"},"geometry":{"coordinates":[105.45052,28.948006],"type":"Point"}},{"type":"Feature","properties":{"name":"纳溪"},"geometry":{"coordinates":[105.362059,28.756677],"type":"Point"}},{"type":"Feature","properties":{"name":"叙永"},"geometry":{"coordinates":[105.421707,28.165454],"type":"Point"}},{"type":"Feature","properties":{"name":"潮汕"},"geometry":{"coordinates":[116.58283,23.542404],"type":"Point"}},{"type":"Feature","properties":{"name":"荆门北"},"geometry":{"coordinates":[112.247851,31.176477],"type":"Point"}},{"type":"Feature","properties":{"name":"安庆西"},"geometry":{"coordinates":[116.859292,30.675126],"type":"Point"}},{"type":"Feature","properties":{"name":"莲江口"},"geometry":{"coordinates":[130.314399,46.870935],"type":"Point"}},{"type":"Feature","properties":{"name":"归德乡"},"geometry":{"coordinates":[104.757985,29.845445],"type":"Point"}},{"type":"Feature","properties":{"name":"陶家沟"},"geometry":{"coordinates":[104.814329,29.805651],"type":"Point"}},{"type":"Feature","properties":{"name":"株洲南"},"geometry":{"coordinates":[113.162828,27.771984],"type":"Point"}},{"type":"Feature","properties":{"name":"凤台"},"geometry":{"coordinates":[116.722902,32.760591],"type":"Point"}},{"type":"Feature","properties":{"name":"亚沟"},"geometry":{"coordinates":[127.070039,45.480455],"type":"Point"}},{"type":"Feature","properties":{"name":"双城北"},"geometry":{"coordinates":[126.265101,45.424192],"type":"Point"}},{"type":"Feature","properties":{"name":"延平西"},"geometry":{"coordinates":[118.107984,26.570722],"type":"Point"}},{"type":"Feature","properties":{"name":"泉州南"},"geometry":{"coordinates":[118.580187,24.740034],"type":"Point"}},{"type":"Feature","properties":{"name":"北京通州"},"geometry":{"coordinates":[116.700146,39.907971],"type":"Point"}},{"type":"Feature","properties":{"name":"玉田南"},"geometry":{"coordinates":[117.808383,39.696312],"type":"Point"}},{"type":"Feature","properties":{"name":"唐山西"},"geometry":{"coordinates":[118.017098,39.695123],"type":"Point"}},{"type":"Feature","properties":{"name":"宝坻"},"geometry":{"coordinates":[117.276864,39.663222],"type":"Point"}},{"type":"Feature","properties":{"name":"陈江南"},"geometry":{"coordinates":[114.321871,23.008746],"type":"Point"}},{"type":"Feature","properties":{"name":"沥林北"},"geometry":{"coordinates":[114.224855,22.98177],"type":"Point"}},{"type":"Feature","properties":{"name":"银瓶"},"geometry":{"coordinates":[114.151516,22.96922],"type":"Point"}},{"type":"Feature","properties":{"name":"龙丰"},"geometry":{"coordinates":[114.389688,23.06593],"type":"Point"}},{"type":"Feature","properties":{"name":"樟木头东"},"geometry":{"coordinates":[114.100134,22.960725],"type":"Point"}},{"type":"Feature","properties":{"name":"常平东"},"geometry":{"coordinates":[114.035461,22.96506],"type":"Point"}},{"type":"Feature","properties":{"name":"狮山北"},"geometry":{"coordinates":[112.966027,23.156357],"type":"Point"}},{"type":"Feature","properties":{"name":"大旺"},"geometry":{"coordinates":[112.807108,23.256332],"type":"Point"}},{"type":"Feature","properties":{"name":"惠环"},"geometry":{"coordinates":[114.361006,23.032664],"type":"Point"}},{"type":"Feature","properties":{"name":"泊头镇"},"geometry":{"coordinates":[118.073958,37.60039],"type":"Point"}},{"type":"Feature","properties":{"name":"松坝"},"geometry":{"coordinates":[106.954024,27.91912],"type":"Point"}},{"type":"Feature","properties":{"name":"娄山关"},"geometry":{"coordinates":[106.896401,28.037235],"type":"Point"}},{"type":"Feature","properties":{"name":"福山北"},"geometry":{"coordinates":[121.187077,37.527431],"type":"Point"}},{"type":"Feature","properties":{"name":"烟台北"},"geometry":{"coordinates":[121.375619,37.587402],"type":"Point"}},{"type":"Feature","properties":{"name":"珠玑"},"geometry":{"coordinates":[121.325171,37.544017],"type":"Point"}},{"type":"Feature","properties":{"name":"福山东"},"geometry":{"coordinates":[121.300431,37.454262],"type":"Point"}},{"type":"Feature","properties":{"name":"烟台西港"},"geometry":{"coordinates":[121.087228,37.709374],"type":"Point"}},{"type":"Feature","properties":{"name":"济南东"},"geometry":{"coordinates":[117.153874,36.748478],"type":"Point"}},{"type":"Feature","properties":{"name":"曲阜东"},"geometry":{"coordinates":[117.064341,35.556547],"type":"Point"}},{"type":"Feature","properties":{"name":"德州"},"geometry":{"coordinates":[116.282671,37.448666],"type":"Point"}},{"type":"Feature","properties":{"name":"胶州北"},"geometry":{"coordinates":[120.050536,36.396011],"type":"Point"}},{"type":"Feature","properties":{"name":"临淄北"},"geometry":{"coordinates":[118.335125,36.905608],"type":"Point"}},{"type":"Feature","properties":{"name":"峡山"},"geometry":{"coordinates":[119.527241,36.523814],"type":"Point"}},{"type":"Feature","properties":{"name":"姚哥庄"},"geometry":{"coordinates":[119.831991,36.357035],"type":"Point"}},{"type":"Feature","properties":{"name":"蓝村西"},"geometry":{"coordinates":[120.151709,36.373159],"type":"Point"}},{"type":"Feature","properties":{"name":"潍坊"},"geometry":{"coordinates":[119.091531,36.696141],"type":"Point"}},{"type":"Feature","properties":{"name":"潍坊北"},"geometry":{"coordinates":[119.189424,36.795798],"type":"Point"}},{"type":"Feature","properties":{"name":"潍坊西"},"geometry":{"coordinates":[119.02019,36.710703],"type":"Point"}},{"type":"Feature","properties":{"name":"莱西"},"geometry":{"coordinates":[120.524697,36.823495],"type":"Point"}},{"type":"Feature","properties":{"name":"大明湖"},"geometry":{"coordinates":[117.021948,36.681188],"type":"Point"}},{"type":"Feature","properties":{"name":"潍坊东"},"geometry":{"coordinates":[119.238086,36.650818],"type":"Point"}},{"type":"Feature","properties":{"name":"德州东"},"geometry":{"coordinates":[116.455821,37.408934],"type":"Point"}},{"type":"Feature","properties":{"name":"淄博"},"geometry":{"coordinates":[118.050324,36.786846],"type":"Point"}},{"type":"Feature","properties":{"name":"红柳川"},"geometry":{"coordinates":[103.959126,36.508646],"type":"Point"}},{"type":"Feature","properties":{"name":"应城东"},"geometry":{"coordinates":[113.634565,30.925212],"type":"Point"}},{"type":"Feature","properties":{"name":"柴村"},"geometry":{"coordinates":[115.213637,35.737454],"type":"Point"}},{"type":"Feature","properties":{"name":"菏泽"},"geometry":{"coordinates":[115.501915,35.231304],"type":"Point"}},{"type":"Feature","properties":{"name":"菏泽南"},"geometry":{"coordinates":[115.445414,35.222911],"type":"Point"}},{"type":"Feature","properties":{"name":"合肥北城"},"geometry":{"coordinates":[117.2467,32.065354],"type":"Point"}},{"type":"Feature","properties":{"name":"合肥"},"geometry":{"coordinates":[117.311886,31.887866],"type":"Point"}},{"type":"Feature","properties":{"name":"东兴市"},"geometry":{"coordinates":[108.013031,21.578387],"type":"Point"}},{"type":"Feature","properties":{"name":"信阳"},"geometry":{"coordinates":[114.077327,32.130793],"type":"Point"}},{"type":"Feature","properties":{"name":"铜陵北"},"geometry":{"coordinates":[118.016081,31.015707],"type":"Point"}},{"type":"Feature","properties":{"name":"宣城"},"geometry":{"coordinates":[118.769307,30.949699],"type":"Point"}},{"type":"Feature","properties":{"name":"田柳"},"geometry":{"coordinates":[118.801649,37.002116],"type":"Point"}},{"type":"Feature","properties":{"name":"古荣"},"geometry":{"coordinates":[90.776647,29.763112],"type":"Point"}},{"type":"Feature","properties":{"name":"马乡"},"geometry":{"coordinates":[90.719841,29.898863],"type":"Point"}},{"type":"Feature","properties":{"name":"当雄"},"geometry":{"coordinates":[91.104614,30.474626],"type":"Point"}},{"type":"Feature","properties":{"name":"五道梁"},"geometry":{"coordinates":[93.08123,35.195595],"type":"Point"}},{"type":"Feature","properties":{"name":"华泰"},"geometry":{"coordinates":[118.459506,36.993266],"type":"Point"}},{"type":"Feature","properties":{"name":"安多南"},"geometry":{"coordinates":[91.582957,32.166894],"type":"Point"}},{"type":"Feature","properties":{"name":"拉萨西"},"geometry":{"coordinates":[90.965527,29.644684],"type":"Point"}},{"type":"Feature","properties":{"name":"白山市"},"geometry":{"coordinates":[126.452309,41.950126],"type":"Point"}},{"type":"Feature","properties":{"name":"福泉东"},"geometry":{"coordinates":[107.536712,26.754587],"type":"Point"}},{"type":"Feature","properties":{"name":"雪查玛"},"geometry":{"coordinates":[91.516278,32.533662],"type":"Point"}},{"type":"Feature","properties":{"name":"罗玛"},"geometry":{"coordinates":[91.848778,31.314407],"type":"Point"}},{"type":"Feature","properties":{"name":"西平西"},"geometry":{"coordinates":[113.74045,22.997435],"type":"Point"}},{"type":"Feature","properties":{"name":"寮步"},"geometry":{"coordinates":[113.846321,22.992013],"type":"Point"}},{"type":"Feature","properties":{"name":"大朗镇"},"geometry":{"coordinates":[113.943747,22.95704],"type":"Point"}},{"type":"Feature","properties":{"name":"瓦窑田"},"geometry":{"coordinates":[104.642705,25.390397],"type":"Point"}},{"type":"Feature","properties":{"name":"大杨树东"},"geometry":{"coordinates":[124.65365,49.710222],"type":"Point"}},{"type":"Feature","properties":{"name":"新香坊北"},"geometry":{"coordinates":[126.89996,45.73722],"type":"Point"}},{"type":"Feature","properties":{"name":"阿城北"},"geometry":{"coordinates":[127.017519,45.587488],"type":"Point"}},{"type":"Feature","properties":{"name":"青龙山"},"geometry":{"coordinates":[116.796446,33.871201],"type":"Point"}},{"type":"Feature","properties":{"name":"铁炉"},"geometry":{"coordinates":[113.532398,34.779315],"type":"Point"}},{"type":"Feature","properties":{"name":"图木舒克"},"geometry":{"coordinates":[78.989811,39.893358],"type":"Point"}},{"type":"Feature","properties":{"name":"泊头"},"geometry":{"coordinates":[116.581249,38.06081],"type":"Point"}},{"type":"Feature","properties":{"name":"日阿尺曲"},"geometry":{"coordinates":[92.725963,34.497006],"type":"Point"}},{"type":"Feature","properties":{"name":"乌丽"},"geometry":{"coordinates":[92.593375,34.345609],"type":"Point"}},{"type":"Feature","properties":{"name":"开心岭"},"geometry":{"coordinates":[92.332074,34.089825],"type":"Point"}},{"type":"Feature","properties":{"name":"通天河"},"geometry":{"coordinates":[92.356695,33.900992],"type":"Point"}},{"type":"Feature","properties":{"name":"布玛德"},"geometry":{"coordinates":[91.931651,33.444459],"type":"Point"}},{"type":"Feature","properties":{"name":"纳赤台"},"geometry":{"coordinates":[94.554691,35.872443],"type":"Point"}},{"type":"Feature","properties":{"name":"昆仑桥"},"geometry":{"coordinates":[94.675789,35.910549],"type":"Point"}},{"type":"Feature","properties":{"name":"甘隆"},"geometry":{"coordinates":[94.818243,35.992431],"type":"Point"}},{"type":"Feature","properties":{"name":"富海"},"geometry":{"coordinates":[124.857295,47.864726],"type":"Point"}},{"type":"Feature","properties":{"name":"自贡南"},"geometry":{"coordinates":[104.73199,29.304241],"type":"Point"}},{"type":"Feature","properties":{"name":"兰棱"},"geometry":{"coordinates":[126.183165,45.219481],"type":"Point"}},{"type":"Feature","properties":{"name":"文登东"},"geometry":{"coordinates":[122.25343,37.240432],"type":"Point"}},{"type":"Feature","properties":{"name":"柳州西"},"geometry":{"coordinates":[109.36591,24.350192],"type":"Point"}},{"type":"Feature","properties":{"name":"伊春"},"geometry":{"coordinates":[128.92027,47.727325],"type":"Point"}},{"type":"Feature","properties":{"name":"育英"},"geometry":{"coordinates":[122.623658,52.963241],"type":"Point"}},{"type":"Feature","properties":{"name":"后章村"},"geometry":{"coordinates":[116.176962,40.128713],"type":"Point"}},{"type":"Feature","properties":{"name":"太子城"},"geometry":{"coordinates":[115.441134,40.912367],"type":"Point"}},{"type":"Feature","properties":{"name":"温江"},"geometry":{"coordinates":[103.811894,30.637414],"type":"Point"}},{"type":"Feature","properties":{"name":"八达岭长城"},"geometry":{"coordinates":[116.005052,40.360328],"type":"Point"}},{"type":"Feature","properties":{"name":"沙口路"},"geometry":{"coordinates":[113.634013,34.771408],"type":"Point"}},{"type":"Feature","properties":{"name":"月季公园"},"geometry":{"coordinates":[113.615762,34.766633],"type":"Point"}},{"type":"Feature","properties":{"name":"陇海西路"},"geometry":{"coordinates":[113.607539,34.738064],"type":"Point"}},{"type":"Feature","properties":{"name":"齐礼阎"},"geometry":{"coordinates":[113.621908,34.721869],"type":"Point"}},{"type":"Feature","properties":{"name":"京广南路"},"geometry":{"coordinates":[113.650668,34.721571],"type":"Point"}},{"type":"Feature","properties":{"name":"城东南路"},"geometry":{"coordinates":[113.683426,34.721952],"type":"Point"}},{"type":"Feature","properties":{"name":"中原福塔"},"geometry":{"coordinates":[113.726407,34.721995],"type":"Point"}},{"type":"Feature","properties":{"name":"康宁街"},"geometry":{"coordinates":[113.767638,34.751735],"type":"Point"}},{"type":"Feature","properties":{"name":"南山"},"geometry":{"coordinates":[113.918703,22.527154],"type":"Point"}},{"type":"Feature","properties":{"name":"碧海湾"},"geometry":{"coordinates":[113.850281,22.578797],"type":"Point"}},{"type":"Feature","properties":{"name":"福永"},"geometry":{"coordinates":[113.800942,22.676185],"type":"Point"}},{"type":"Feature","properties":{"name":"东乌旗"},"geometry":{"coordinates":[116.860363,45.532938],"type":"Point"}},{"type":"Feature","properties":{"name":"羊角沟"},"geometry":{"coordinates":[118.829705,37.241405],"type":"Point"}},{"type":"Feature","properties":{"name":"厦门北"},"geometry":{"coordinates":[118.068635,24.639738],"type":"Point"}},{"type":"Feature","properties":{"name":"下元"},"geometry":{"coordinates":[113.482394,23.11561],"type":"Point"}},{"type":"Feature","properties":{"name":"兰州东"},"geometry":{"coordinates":[103.890225,36.030118],"type":"Point"}},{"type":"Feature","properties":{"name":"双流机场"},"geometry":{"coordinates":[103.95488,30.572041],"type":"Point"}},{"type":"Feature","properties":{"name":"柯士甸 Austin"},"geometry":{"coordinates":[114.166601,22.304236],"type":"Point"}},{"type":"Feature","properties":{"name":"新乡北"},"geometry":{"coordinates":[113.910874,35.392601],"type":"Point"}},{"type":"Feature","properties":{"name":"张家界西"},"geometry":{"coordinates":[110.458002,29.171368],"type":"Point"}},{"type":"Feature","properties":{"name":"鹤壁时丰"},"geometry":{"coordinates":[114.229373,35.968214],"type":"Point"}},{"type":"Feature","properties":{"name":"郑州东"},"geometry":{"coordinates":[113.773253,34.760194],"type":"Point"}},{"type":"Feature","properties":{"name":"新郑机场"},"geometry":{"coordinates":[113.847427,34.527196],"type":"Point"}},{"type":"Feature","properties":{"name":"新郑"},"geometry":{"coordinates":[113.769239,34.383579],"type":"Point"}},{"type":"Feature","properties":{"name":"官亭"},"geometry":{"coordinates":[113.7656,34.296446],"type":"Point"}},{"type":"Feature","properties":{"name":"新安"},"geometry":{"coordinates":[113.889563,22.550747],"type":"Point"}},{"type":"Feature","properties":{"name":"鲤鱼门"},"geometry":{"coordinates":[113.898502,22.535066],"type":"Point"}},{"type":"Feature","properties":{"name":"深圳坪山"},"geometry":{"coordinates":[114.322196,22.710374],"type":"Point"}},{"type":"Feature","properties":{"name":"运粮河"},"geometry":{"coordinates":[114.190344,34.797107],"type":"Point"}},{"type":"Feature","properties":{"name":"宋城路"},"geometry":{"coordinates":[114.278562,34.785753],"type":"Point"}},{"type":"Feature","properties":{"name":"青岭"},"geometry":{"coordinates":[128.210889,46.420624],"type":"Point"}},{"type":"Feature","properties":{"name":"八道河"},"geometry":{"coordinates":[128.445093,46.423134],"type":"Point"}},{"type":"Feature","properties":{"name":"长春岭"},"geometry":{"coordinates":[127.151696,46.433917],"type":"Point"}},{"type":"Feature","properties":{"name":"双桥"},"geometry":{"coordinates":[116.56411,39.899341],"type":"Point"}},{"type":"Feature","properties":{"name":"武清"},"geometry":{"coordinates":[117.009901,39.371064],"type":"Point"}},{"type":"Feature","properties":{"name":"西北河"},"geometry":{"coordinates":[127.763774,46.371453],"type":"Point"}},{"type":"Feature","properties":{"name":"赤湾"},"geometry":{"coordinates":[113.892504,22.48224],"type":"Point"}},{"type":"Feature","properties":{"name":"建设"},"geometry":{"coordinates":[128.789608,46.029595],"type":"Point"}},{"type":"Feature","properties":{"name":"四马"},"geometry":{"coordinates":[128.759284,46.085898],"type":"Point"}},{"type":"Feature","properties":{"name":"葛家"},"geometry":{"coordinates":[127.436844,46.421058],"type":"Point"}},{"type":"Feature","properties":{"name":"密云"},"geometry":{"coordinates":[116.845128,40.351008],"type":"Point"}},{"type":"Feature","properties":{"name":"安阳"},"geometry":{"coordinates":[114.334324,36.104595],"type":"Point"}},{"type":"Feature","properties":{"name":"常山"},"geometry":{"coordinates":[118.555674,28.925766],"type":"Point"}},{"type":"Feature","properties":{"name":"狮子营"},"geometry":{"coordinates":[113.543696,35.250372],"type":"Point"}},{"type":"Feature","properties":{"name":"留庄"},"geometry":{"coordinates":[112.502915,34.935095],"type":"Point"}},{"type":"Feature","properties":{"name":"杏花营"},"geometry":{"coordinates":[114.260943,34.776037],"type":"Point"}},{"type":"Feature","properties":{"name":"关林"},"geometry":{"coordinates":[112.507424,34.635391],"type":"Point"}},{"type":"Feature","properties":{"name":"洛阳东"},"geometry":{"coordinates":[112.479729,34.698427],"type":"Point"}},{"type":"Feature","properties":{"name":"罗王"},"geometry":{"coordinates":[114.684965,34.797832],"type":"Point"}},{"type":"Feature","properties":{"name":"寿光西"},"geometry":{"coordinates":[118.702317,36.964953],"type":"Point"}},{"type":"Feature","properties":{"name":"寿光"},"geometry":{"coordinates":[118.650561,36.85004],"type":"Point"}},{"type":"Feature","properties":{"name":"大兴机场"},"geometry":{"coordinates":[116.410556,39.513361],"type":"Point"}},{"type":"Feature","properties":{"name":"北京大兴"},"geometry":{"coordinates":[116.322295,39.719166],"type":"Point"}},{"type":"Feature","properties":{"name":"广安门"},"geometry":{"coordinates":[116.338252,39.880245],"type":"Point"}},{"type":"Feature","properties":{"name":"大红门"},"geometry":{"coordinates":[116.372836,39.826921],"type":"Point"}},{"type":"Feature","properties":{"name":"大兴新城"},"geometry":{"coordinates":[116.359482,39.734074],"type":"Point"}},{"type":"Feature","properties":{"name":"雄安"},"geometry":{"coordinates":[116.154145,39.055576],"type":"Point"}},{"type":"Feature","properties":{"name":"固安东"},"geometry":{"coordinates":[116.398316,39.371059],"type":"Point"}},{"type":"Feature","properties":{"name":"霸州北"},"geometry":{"coordinates":[116.320973,39.184951],"type":"Point"}},{"type":"Feature","properties":{"name":"桂湾"},"geometry":{"coordinates":[113.892867,22.534431],"type":"Point"}},{"type":"Feature","properties":{"name":"前湾公园"},"geometry":{"coordinates":[113.885397,22.519797],"type":"Point"}},{"type":"Feature","properties":{"name":"妈湾"},"geometry":{"coordinates":[113.880971,22.511203],"type":"Point"}},{"type":"Feature","properties":{"name":"铁路公园"},"geometry":{"coordinates":[113.88539,22.505346],"type":"Point"}},{"type":"Feature","properties":{"name":"荔湾"},"geometry":{"coordinates":[113.888293,22.501168],"type":"Point"}},{"type":"Feature","properties":{"name":"河口南"},"geometry":{"coordinates":[103.453872,36.163698],"type":"Point"}},{"type":"Feature","properties":{"name":"中原"},"geometry":{"coordinates":[113.616197,34.765496],"type":"Point"}},{"type":"Feature","properties":{"name":"浩勒报吉南"},"geometry":{"coordinates":[108.917611,39.308725],"type":"Point"}},{"type":"Feature","properties":{"name":"墨江"},"geometry":{"coordinates":[101.739133,23.43708],"type":"Point"}},{"type":"Feature","properties":{"name":"佛山"},"geometry":{"coordinates":[113.09838,23.049985],"type":"Point"}},{"type":"Feature","properties":{"name":"邵岗集"},"geometry":{"coordinates":[114.095049,34.754078],"type":"Point"}},{"type":"Feature","properties":{"name":"关帝庙"},"geometry":{"coordinates":[113.468583,34.793535],"type":"Point"}},{"type":"Feature","properties":{"name":"上街"},"geometry":{"coordinates":[113.271173,34.826429],"type":"Point"}},{"type":"Feature","properties":{"name":"鼎湖山"},"geometry":{"coordinates":[112.581982,23.176651],"type":"Point"}},{"type":"Feature","properties":{"name":"荥阳"},"geometry":{"coordinates":[113.379008,34.800237],"type":"Point"}},{"type":"Feature","properties":{"name":"穆沟"},"geometry":{"coordinates":[113.163592,34.816395],"type":"Point"}},{"type":"Feature","properties":{"name":"圃田西"},"geometry":{"coordinates":[113.706971,34.735298],"type":"Point"}},{"type":"Feature","properties":{"name":"石子山"},"geometry":{"coordinates":[106.440954,29.857608],"type":"Point"}},{"type":"Feature","properties":{"name":"歌乐山"},"geometry":{"coordinates":[106.43383,29.626938],"type":"Point"}},{"type":"Feature","properties":{"name":"福州"},"geometry":{"coordinates":[119.315632,26.116809],"type":"Point"}},{"type":"Feature","properties":{"name":"乔村"},"geometry":{"coordinates":[112.915061,39.935683],"type":"Point"}},{"type":"Feature","properties":{"name":"太和东"},"geometry":{"coordinates":[115.722101,33.158019],"type":"Point"}},{"type":"Feature","properties":{"name":"延平"},"geometry":{"coordinates":[118.267951,26.593842],"type":"Point"}},{"type":"Feature","properties":{"name":"延平东"},"geometry":{"coordinates":[118.209801,26.629425],"type":"Point"}},{"type":"Feature","properties":{"name":"汾水镇"},"geometry":{"coordinates":[119.270952,35.145332],"type":"Point"}},{"type":"Feature","properties":{"name":"Камышовая"},"geometry":{"coordinates":[130.640198,42.677407],"type":"Point"}},{"type":"Feature","properties":{"name":"杭州南"},"geometry":{"coordinates":[120.29005,30.174689],"type":"Point"}},{"type":"Feature","properties":{"name":"倒湖"},"geometry":{"coordinates":[117.454112,29.687082],"type":"Point"}},{"type":"Feature","properties":{"name":"义乌西"},"geometry":{"coordinates":[119.971377,29.316312],"type":"Point"}},{"type":"Feature","properties":{"name":"兴隆庄"},"geometry":{"coordinates":[114.511906,34.782267],"type":"Point"}},{"type":"Feature","properties":{"name":"东莞西"},"geometry":{"coordinates":[113.620754,23.011576],"type":"Point"}},{"type":"Feature","properties":{"name":"深圳机场"},"geometry":{"coordinates":[113.805897,22.624294],"type":"Point"}},{"type":"Feature","properties":{"name":"中堂"},"geometry":{"coordinates":[113.616313,23.078792],"type":"Point"}},{"type":"Feature","properties":{"name":"望牛墩"},"geometry":{"coordinates":[113.622872,23.039338],"type":"Point"}},{"type":"Feature","properties":{"name":"洪梅"},"geometry":{"coordinates":[113.612685,22.983174],"type":"Point"}},{"type":"Feature","properties":{"name":"厚街"},"geometry":{"coordinates":[113.645583,22.900505],"type":"Point"}},{"type":"Feature","properties":{"name":"虎门北"},"geometry":{"coordinates":[113.666506,22.861872],"type":"Point"}},{"type":"Feature","properties":{"name":"虎门东"},"geometry":{"coordinates":[113.688356,22.831393],"type":"Point"}},{"type":"Feature","properties":{"name":"长安西"},"geometry":{"coordinates":[113.724082,22.788276],"type":"Point"}},{"type":"Feature","properties":{"name":"长安"},"geometry":{"coordinates":[113.758767,22.781851],"type":"Point"}},{"type":"Feature","properties":{"name":"沙井西"},"geometry":{"coordinates":[113.788219,22.736359],"type":"Point"}},{"type":"Feature","properties":{"name":"福海西"},"geometry":{"coordinates":[113.784491,22.692802],"type":"Point"}},{"type":"Feature","properties":{"name":"深圳机场北"},"geometry":{"coordinates":[113.792616,22.653813],"type":"Point"}},{"type":"Feature","properties":{"name":"虎门"},"geometry":{"coordinates":[113.668289,22.863216],"type":"Point"}},{"type":"Feature","properties":{"name":"八方山"},"geometry":{"coordinates":[112.928757,28.234148],"type":"Point"}},{"type":"Feature","properties":{"name":"首经贸"},"geometry":{"coordinates":[116.314072,39.843179],"type":"Point"}},{"type":"Feature","properties":{"name":"亚布力西"},"geometry":{"coordinates":[128.580564,44.90811],"type":"Point"}},{"type":"Feature","properties":{"name":"一面坡北"},"geometry":{"coordinates":[128.080443,45.083712],"type":"Point"}},{"type":"Feature","properties":{"name":"焦作东"},"geometry":{"coordinates":[113.584771,35.035019],"type":"Point"}},{"type":"Feature","properties":{"name":"中卫南"},"geometry":{"coordinates":[105.175193,37.472179],"type":"Point"}},{"type":"Feature","properties":{"name":"深圳"},"geometry":{"coordinates":[114.112095,22.534276],"type":"Point"}},{"type":"Feature","properties":{"name":"常平南"},"geometry":{"coordinates":[113.997956,22.975253],"type":"Point"}},{"type":"Feature","properties":{"name":"东莞"},"geometry":{"coordinates":[113.85442,23.091229],"type":"Point"}},{"type":"Feature","properties":{"name":"光明城"},"geometry":{"coordinates":[113.9499,22.73558],"type":"Point"}},{"type":"Feature","properties":{"name":"定远"},"geometry":{"coordinates":[117.836913,32.577463],"type":"Point"}},{"type":"Feature","properties":{"name":"梅州东"},"geometry":{"coordinates":[116.168362,24.290208],"type":"Point"}},{"type":"Feature","properties":{"name":"洛埠"},"geometry":{"coordinates":[109.520769,24.438288],"type":"Point"}},{"type":"Feature","properties":{"name":"怀柔南"},"geometry":{"coordinates":[116.69887,40.277193],"type":"Point"}},{"type":"Feature","properties":{"name":"双水镇"},"geometry":{"coordinates":[112.951512,22.42835],"type":"Point"}},{"type":"Feature","properties":{"name":"清河"},"geometry":{"coordinates":[116.309093,40.040003],"type":"Point"}},{"type":"Feature","properties":{"name":"银镇"},"geometry":{"coordinates":[118.034282,41.90369],"type":"Point"}},{"type":"Feature","properties":{"name":"睢宁"},"geometry":{"coordinates":[117.931473,33.953858],"type":"Point"}},{"type":"Feature","properties":{"name":"宅科"},"geometry":{"coordinates":[118.83817,37.106796],"type":"Point"}},{"type":"Feature","properties":{"name":"寒亭"},"geometry":{"coordinates":[119.15799,37.074405],"type":"Point"}},{"type":"Feature","properties":{"name":"昌邑北"},"geometry":{"coordinates":[119.376609,36.966],"type":"Point"}},{"type":"Feature","properties":{"name":"平度北"},"geometry":{"coordinates":[119.671195,37.000274],"type":"Point"}},{"type":"Feature","properties":{"name":"莱州南"},"geometry":{"coordinates":[119.766124,37.066057],"type":"Point"}},{"type":"Feature","properties":{"name":"朱桥"},"geometry":{"coordinates":[120.039457,37.371125],"type":"Point"}},{"type":"Feature","properties":{"name":"龙口西"},"geometry":{"coordinates":[120.325492,37.578098],"type":"Point"}},{"type":"Feature","properties":{"name":"龙口港"},"geometry":{"coordinates":[120.317108,37.684557],"type":"Point"}},{"type":"Feature","properties":{"name":"广平"},"geometry":{"coordinates":[114.93477,36.496581],"type":"Point"}},{"type":"Feature","properties":{"name":"泉州东"},"geometry":{"coordinates":[118.765844,24.924722],"type":"Point"}},{"type":"Feature","properties":{"name":"江岭"},"geometry":{"coordinates":[119.753892,29.046341],"type":"Point"}},{"type":"Feature","properties":{"name":"江门北"},"geometry":{"coordinates":[112.924452,22.762598],"type":"Point"}},{"type":"Feature","properties":{"name":"湄池"},"geometry":{"coordinates":[120.28788,29.911423],"type":"Point"}},{"type":"Feature","properties":{"name":"枣庄东"},"geometry":{"coordinates":[117.543093,34.867699],"type":"Point"}},{"type":"Feature","properties":{"name":"隆昌北"},"geometry":{"coordinates":[105.287435,29.468376],"type":"Point"}},{"type":"Feature","properties":{"name":"贵安"},"geometry":{"coordinates":[106.480592,26.469605],"type":"Point"}},{"type":"Feature","properties":{"name":"杭州东"},"geometry":{"coordinates":[120.208203,30.293549],"type":"Point"}},{"type":"Feature","properties":{"name":"临平南"},"geometry":{"coordinates":[120.291782,30.38286],"type":"Point"}},{"type":"Feature","properties":{"name":"海宁西"},"geometry":{"coordinates":[120.387379,30.440953],"type":"Point"}},{"type":"Feature","properties":{"name":"桐乡"},"geometry":{"coordinates":[120.56364,30.539587],"type":"Point"}},{"type":"Feature","properties":{"name":"嘉兴南"},"geometry":{"coordinates":[120.795528,30.69329],"type":"Point"}},{"type":"Feature","properties":{"name":"嘉善南"},"geometry":{"coordinates":[120.931535,30.790449],"type":"Point"}},{"type":"Feature","properties":{"name":"上海松江"},"geometry":{"coordinates":[121.225902,30.985103],"type":"Point"}},{"type":"Feature","properties":{"name":"上海"},"geometry":{"coordinates":[121.451165,31.251557],"type":"Point"}},{"type":"Feature","properties":{"name":"金山园区"},"geometry":{"coordinates":[121.363572,30.832192],"type":"Point"}},{"type":"Feature","properties":{"name":"商河"},"geometry":{"coordinates":[117.093361,37.436382],"type":"Point"}},{"type":"Feature","properties":{"name":"新龙华"},"geometry":{"coordinates":[121.436559,31.162459],"type":"Point"}},{"type":"Feature","properties":{"name":"阳高南"},"geometry":{"coordinates":[113.793699,40.311972],"type":"Point"}},{"type":"Feature","properties":{"name":"即墨"},"geometry":{"coordinates":[120.264715,36.368098],"type":"Point"}},{"type":"Feature","properties":{"name":"紫金山东"},"geometry":{"coordinates":[118.901157,32.072776],"type":"Point"}},{"type":"Feature","properties":{"name":"新墩"},"geometry":{"coordinates":[114.191309,30.619607],"type":"Point"}},{"type":"Feature","properties":{"name":"舵落口"},"geometry":{"coordinates":[114.12337,30.606168],"type":"Point"}},{"type":"Feature","properties":{"name":"丹水池"},"geometry":{"coordinates":[114.339737,30.658447],"type":"Point"}},{"type":"Feature","properties":{"name":"红安"},"geometry":{"coordinates":[114.627067,31.005587],"type":"Point"}},{"type":"Feature","properties":{"name":"红安西"},"geometry":{"coordinates":[114.626445,31.006217],"type":"Point"}},{"type":"Feature","properties":{"name":"长安集"},"geometry":{"coordinates":[117.124075,31.789132],"type":"Point"}},{"type":"Feature","properties":{"name":"大福"},"geometry":{"coordinates":[113.572371,30.447555],"type":"Point"}},{"type":"Feature","properties":{"name":"成都西"},"geometry":{"coordinates":[103.977504,30.687915],"type":"Point"}},{"type":"Feature","properties":{"name":"新昌"},"geometry":{"coordinates":[111.498721,30.631905],"type":"Point"}},{"type":"Feature","properties":{"name":"红土"},"geometry":{"coordinates":[111.582052,30.651522],"type":"Point"}},{"type":"Feature","properties":{"name":"鸦雀岭"},"geometry":{"coordinates":[111.614674,30.665079],"type":"Point"}},{"type":"Feature","properties":{"name":"晓溪塔"},"geometry":{"coordinates":[111.343818,30.782258],"type":"Point"}},{"type":"Feature","properties":{"name":"团林铺"},"geometry":{"coordinates":[112.160674,30.876054],"type":"Point"}},{"type":"Feature","properties":{"name":"冷水镇"},"geometry":{"coordinates":[112.416986,31.10475],"type":"Point"}},{"type":"Feature","properties":{"name":"钟祥"},"geometry":{"coordinates":[112.610856,31.178427],"type":"Point"}},{"type":"Feature","properties":{"name":"东桥"},"geometry":{"coordinates":[112.831623,31.197165],"type":"Point"}},{"type":"Feature","properties":{"name":"孙桥"},"geometry":{"coordinates":[112.930956,31.139867],"type":"Point"}},{"type":"Feature","properties":{"name":"曹武"},"geometry":{"coordinates":[113.255948,30.939842],"type":"Point"}},{"type":"Feature","properties":{"name":"隔蒲"},"geometry":{"coordinates":[113.723565,30.958663],"type":"Point"}},{"type":"Feature","properties":{"name":"化工"},"geometry":{"coordinates":[113.715856,30.907684],"type":"Point"}},{"type":"Feature","properties":{"name":"下辛店"},"geometry":{"coordinates":[113.800442,30.84503],"type":"Point"}},{"type":"Feature","properties":{"name":"宋埠"},"geometry":{"coordinates":[114.793192,31.088893],"type":"Point"}},{"type":"Feature","properties":{"name":"中驿"},"geometry":{"coordinates":[114.881437,31.130422],"type":"Point"}},{"type":"Feature","properties":{"name":"武陟"},"geometry":{"coordinates":[113.444851,35.089386],"type":"Point"}},{"type":"Feature","properties":{"name":"合川"},"geometry":{"coordinates":[106.274572,29.961571],"type":"Point"}},{"type":"Feature","properties":{"name":"成都东"},"geometry":{"coordinates":[104.138922,30.631298],"type":"Point"}},{"type":"Feature","properties":{"name":"淮口南"},"geometry":{"coordinates":[104.574042,30.734926],"type":"Point"}},{"type":"Feature","properties":{"name":"积金南"},"geometry":{"coordinates":[104.870821,30.688965],"type":"Point"}},{"type":"Feature","properties":{"name":"南昌东"},"geometry":{"coordinates":[116.016155,28.617241],"type":"Point"}},{"type":"Feature","properties":{"name":"昌北机场"},"geometry":{"coordinates":[115.91295,28.858196],"type":"Point"}},{"type":"Feature","properties":{"name":"鄂州西"},"geometry":{"coordinates":[114.846107,30.404189],"type":"Point"}},{"type":"Feature","properties":{"name":"萧县北"},"geometry":{"coordinates":[116.93624,34.237856],"type":"Point"}},{"type":"Feature","properties":{"name":"岭头"},"geometry":{"coordinates":[117.477201,25.781436],"type":"Point"}},{"type":"Feature","properties":{"name":"西洋"},"geometry":{"coordinates":[117.423951,25.822024],"type":"Point"}},{"type":"Feature","properties":{"name":"永浆"},"geometry":{"coordinates":[117.387983,25.943063],"type":"Point"}},{"type":"Feature","properties":{"name":"西坑"},"geometry":{"coordinates":[117.393892,26.050167],"type":"Point"}},{"type":"Feature","properties":{"name":"西陂"},"geometry":{"coordinates":[117.548357,25.116047],"type":"Point"}},{"type":"Feature","properties":{"name":"溪南坂"},"geometry":{"coordinates":[117.557777,24.902903],"type":"Point"}},{"type":"Feature","properties":{"name":"百色东"},"geometry":{"coordinates":[106.696317,23.832058],"type":"Point"}},{"type":"Feature","properties":{"name":"雁石南"},"geometry":{"coordinates":[117.148976,25.244022],"type":"Point"}},{"type":"Feature","properties":{"name":"双洋"},"geometry":{"coordinates":[117.368419,25.622079],"type":"Point"}},{"type":"Feature","properties":{"name":"灵宝西"},"geometry":{"coordinates":[110.683656,34.577976],"type":"Point"}},{"type":"Feature","properties":{"name":"沙坪坝"},"geometry":{"coordinates":[106.456232,29.556804],"type":"Point"}},{"type":"Feature","properties":{"name":"重庆西"},"geometry":{"coordinates":[106.432226,29.503019],"type":"Point"}},{"type":"Feature","properties":{"name":"无为"},"geometry":{"coordinates":[117.963907,31.306367],"type":"Point"}},{"type":"Feature","properties":{"name":"同田湾"},"geometry":{"coordinates":[109.910713,27.629066],"type":"Point"}},{"type":"Feature","properties":{"name":"中山北"},"geometry":{"coordinates":[113.377045,22.560825],"type":"Point"}},{"type":"Feature","properties":{"name":"禾家村"},"geometry":{"coordinates":[110.627013,29.175105],"type":"Point"}},{"type":"Feature","properties":{"name":"江坂"},"geometry":{"coordinates":[119.179618,26.139677],"type":"Point"}},{"type":"Feature","properties":{"name":"白沙镇"},"geometry":{"coordinates":[119.071683,26.205196],"type":"Point"}},{"type":"Feature","properties":{"name":"大目埕"},"geometry":{"coordinates":[118.994653,26.20446],"type":"Point"}},{"type":"Feature","properties":{"name":"浦后"},"geometry":{"coordinates":[118.780793,26.317682],"type":"Point"}},{"type":"Feature","properties":{"name":"水口"},"geometry":{"coordinates":[118.730766,26.382828],"type":"Point"}},{"type":"Feature","properties":{"name":"古田"},"geometry":{"coordinates":[118.618344,26.432655],"type":"Point"}},{"type":"Feature","properties":{"name":"樟湖板"},"geometry":{"coordinates":[118.496422,26.413126],"type":"Point"}},{"type":"Feature","properties":{"name":"葫芦山"},"geometry":{"coordinates":[118.38482,26.515972],"type":"Point"}},{"type":"Feature","properties":{"name":"安济"},"geometry":{"coordinates":[118.283878,26.581398],"type":"Point"}},{"type":"Feature","properties":{"name":"洋丹仔"},"geometry":{"coordinates":[118.259411,26.598505],"type":"Point"}},{"type":"Feature","properties":{"name":"陈墩"},"geometry":{"coordinates":[118.229676,26.6992],"type":"Point"}},{"type":"Feature","properties":{"name":"南雅"},"geometry":{"coordinates":[118.298383,26.860333],"type":"Point"}},{"type":"Feature","properties":{"name":"建瓯"},"geometry":{"coordinates":[118.289401,27.026973],"type":"Point"}},{"type":"Feature","properties":{"name":"徐墩"},"geometry":{"coordinates":[118.228989,27.152739],"type":"Point"}},{"type":"Feature","properties":{"name":"杨墩"},"geometry":{"coordinates":[118.178237,27.237098],"type":"Point"}},{"type":"Feature","properties":{"name":"宜兴"},"geometry":{"coordinates":[119.808674,31.314287],"type":"Point"}},{"type":"Feature","properties":{"name":"曾口"},"geometry":{"coordinates":[106.915373,31.728245],"type":"Point"}},{"type":"Feature","properties":{"name":"邵阳"},"geometry":{"coordinates":[111.455578,27.21587],"type":"Point"}},{"type":"Feature","properties":{"name":"益阳东"},"geometry":{"coordinates":[112.384933,28.511535],"type":"Point"}},{"type":"Feature","properties":{"name":"益阳西"},"geometry":{"coordinates":[112.242299,28.545898],"type":"Point"}},{"type":"Feature","properties":{"name":"桃花江"},"geometry":{"coordinates":[112.142472,28.570149],"type":"Point"}},{"type":"Feature","properties":{"name":"德山"},"geometry":{"coordinates":[111.709816,28.93858],"type":"Point"}},{"type":"Feature","properties":{"name":"常德东"},"geometry":{"coordinates":[111.718058,29.001966],"type":"Point"}},{"type":"Feature","properties":{"name":"岩寺"},"geometry":{"coordinates":[118.360088,29.839255],"type":"Point"}},{"type":"Feature","properties":{"name":"岩前"},"geometry":{"coordinates":[118.074352,29.816056],"type":"Point"}},{"type":"Feature","properties":{"name":"金字牌"},"geometry":{"coordinates":[117.811021,29.847019],"type":"Point"}},{"type":"Feature","properties":{"name":"侯潭"},"geometry":{"coordinates":[117.671433,29.809187],"type":"Point"}},{"type":"Feature","properties":{"name":"榆中"},"geometry":{"coordinates":[104.168614,35.851522],"type":"Point"}},{"type":"Feature","properties":{"name":"宝鸡南"},"geometry":{"coordinates":[107.227871,34.335645],"type":"Point"}},{"type":"Feature","properties":{"name":"隆安"},"geometry":{"coordinates":[107.678602,23.177275],"type":"Point"}},{"type":"Feature","properties":{"name":"湛江西"},"geometry":{"coordinates":[110.283847,21.245635],"type":"Point"}},{"type":"Feature","properties":{"name":"蒲阳"},"geometry":{"coordinates":[103.642239,31.020617],"type":"Point"}},{"type":"Feature","properties":{"name":"风火山"},"geometry":{"coordinates":[92.899329,34.774279],"type":"Point"}},{"type":"Feature","properties":{"name":"曲吾"},"geometry":{"coordinates":[93.031706,35.073362],"type":"Point"}},{"type":"Feature","properties":{"name":"江克栋"},"geometry":{"coordinates":[92.856714,34.633614],"type":"Point"}},{"type":"Feature","properties":{"name":"秀水河"},"geometry":{"coordinates":[92.934337,34.90046],"type":"Point"}},{"type":"Feature","properties":{"name":"楚玛尔河"},"geometry":{"coordinates":[93.486528,35.376119],"type":"Point"}},{"type":"Feature","properties":{"name":"清水桥"},"geometry":{"coordinates":[93.705799,35.499282],"type":"Point"}},{"type":"Feature","properties":{"name":"昂嘎"},"geometry":{"coordinates":[90.669622,29.987646],"type":"Point"}},{"type":"Feature","properties":{"name":"达琼果"},"geometry":{"coordinates":[90.79842,30.3061],"type":"Point"}},{"type":"Feature","properties":{"name":"宁中"},"geometry":{"coordinates":[90.939159,30.395569],"type":"Point"}},{"type":"Feature","properties":{"name":"龙仁"},"geometry":{"coordinates":[91.308972,30.528427],"type":"Point"}},{"type":"Feature","properties":{"name":"桑列"},"geometry":{"coordinates":[91.534717,30.673685],"type":"Point"}},{"type":"Feature","properties":{"name":"噶恰"},"geometry":{"coordinates":[91.764529,31.594548],"type":"Point"}},{"type":"Feature","properties":{"name":"布强格"},"geometry":{"coordinates":[91.863494,33.252023],"type":"Point"}},{"type":"Feature","properties":{"name":"塘岗"},"geometry":{"coordinates":[92.157692,33.748287],"type":"Point"}},{"type":"Feature","properties":{"name":"杭州"},"geometry":{"coordinates":[120.178353,30.245968],"type":"Point"}},{"type":"Feature","properties":{"name":"花庄"},"geometry":{"coordinates":[103.165915,36.190313],"type":"Point"}},{"type":"Feature","properties":{"name":"小桥"},"geometry":{"coordinates":[101.785543,36.634527],"type":"Point"}},{"type":"Feature","properties":{"name":"西宁东"},"geometry":{"coordinates":[101.883119,36.572372],"type":"Point"}},{"type":"Feature","properties":{"name":"曹家堡"},"geometry":{"coordinates":[102.002982,36.529851],"type":"Point"}},{"type":"Feature","properties":{"name":"铁依孜"},"geometry":{"coordinates":[86.612016,41.033977],"type":"Point"}},{"type":"Feature","properties":{"name":"三江"},"geometry":{"coordinates":[106.698878,28.95048],"type":"Point"}},{"type":"Feature","properties":{"name":"林芝"},"geometry":{"coordinates":[94.436331,29.529741],"type":"Point"}},{"type":"Feature","properties":{"name":"岗嘎"},"geometry":{"coordinates":[94.336748,29.323707],"type":"Point"}},{"type":"Feature","properties":{"name":"米林"},"geometry":{"coordinates":[94.21177,29.23153],"type":"Point"}},{"type":"Feature","properties":{"name":"朗县"},"geometry":{"coordinates":[93.035071,29.047821],"type":"Point"}},{"type":"Feature","properties":{"name":"热当"},"geometry":{"coordinates":[92.763716,29.091905],"type":"Point"}},{"type":"Feature","properties":{"name":"加查"},"geometry":{"coordinates":[92.567833,29.143592],"type":"Point"}},{"type":"Feature","properties":{"name":"桑日"},"geometry":{"coordinates":[92.0241,29.25805],"type":"Point"}},{"type":"Feature","properties":{"name":"扎其"},"geometry":{"coordinates":[91.445571,29.253193],"type":"Point"}},{"type":"Feature","properties":{"name":"贡嘎"},"geometry":{"coordinates":[91.038472,29.290139],"type":"Point"}},{"type":"Feature","properties":{"name":"青川"},"geometry":{"coordinates":[105.330109,32.187723],"type":"Point"}},{"type":"Feature","properties":{"name":"朝天"},"geometry":{"coordinates":[106.068771,32.707099],"type":"Point"}},{"type":"Feature","properties":{"name":"辛集南"},"geometry":{"coordinates":[115.204753,37.882056],"type":"Point"}},{"type":"Feature","properties":{"name":"长兴"},"geometry":{"coordinates":[119.970615,31.044002],"type":"Point"}},{"type":"Feature","properties":{"name":"湖州"},"geometry":{"coordinates":[120.017577,30.865094],"type":"Point"}},{"type":"Feature","properties":{"name":"德清西"},"geometry":{"coordinates":[119.953562,30.537745],"type":"Point"}},{"type":"Feature","properties":{"name":"梅峰"},"geometry":{"coordinates":[119.956738,30.701865],"type":"Point"}},{"type":"Feature","properties":{"name":"妙西"},"geometry":{"coordinates":[120.011934,30.790819],"type":"Point"}},{"type":"Feature","properties":{"name":"德清"},"geometry":{"coordinates":[120.05682,30.547025],"type":"Point"}},{"type":"Feature","properties":{"name":"长兴南"},"geometry":{"coordinates":[119.899554,30.992734],"type":"Point"}},{"type":"Feature","properties":{"name":"湖州西"},"geometry":{"coordinates":[120.001404,30.898012],"type":"Point"}},{"type":"Feature","properties":{"name":"恒山"},"geometry":{"coordinates":[130.92132,45.216108],"type":"Point"}},{"type":"Feature","properties":{"name":"侯家庙"},"geometry":{"coordinates":[115.114862,40.585434],"type":"Point"}},{"type":"Feature","properties":{"name":"栖凤渡"},"geometry":{"coordinates":[113.00601,26.002992],"type":"Point"}},{"type":"Feature","properties":{"name":"夹浦"},"geometry":{"coordinates":[119.897045,31.097224],"type":"Point"}},{"type":"Feature","properties":{"name":"东花园"},"geometry":{"coordinates":[115.794402,40.346073],"type":"Point"}},{"type":"Feature","properties":{"name":"恰尔巴格"},"geometry":{"coordinates":[78.749405,40.081671],"type":"Point"}},{"type":"Feature","properties":{"name":"博乐 بۆرتالا ᠪᠣᠷᠣᠲᠠᠯ᠎ᠠ"},"geometry":{"coordinates":[82.110926,44.90175],"type":"Point"}},{"type":"Feature","properties":{"name":"博乐东 شەرقىي بۆرتالا ᠵᠡᠭᠦᠨ ᠪᠣᠷᠣᠲᠠᠯ᠎ᠠ"},"geometry":{"coordinates":[82.64791,44.931526],"type":"Point"}},{"type":"Feature","properties":{"name":"雅安"},"geometry":{"coordinates":[103.054698,30.031316],"type":"Point"}},{"type":"Feature","properties":{"name":"天山"},"geometry":{"coordinates":[88.532558,43.206455],"type":"Point"}},{"type":"Feature","properties":{"name":"漳湾"},"geometry":{"coordinates":[119.575505,26.738145],"type":"Point"}},{"type":"Feature","properties":{"name":"宁德北"},"geometry":{"coordinates":[119.603955,26.729002],"type":"Point"}},{"type":"Feature","properties":{"name":"洋河口"},"geometry":{"coordinates":[120.062394,36.136938],"type":"Point"}},{"type":"Feature","properties":{"name":"太仓"},"geometry":{"coordinates":[121.191743,31.513574],"type":"Point"}},{"type":"Feature","properties":{"name":"安亭西"},"geometry":{"coordinates":[121.152455,31.313119],"type":"Point"}},{"type":"Feature","properties":{"name":"肇庆"},"geometry":{"coordinates":[112.445836,23.08471],"type":"Point"}},{"type":"Feature","properties":{"name":"峨山"},"geometry":{"coordinates":[102.387954,24.19085],"type":"Point"}},{"type":"Feature","properties":{"name":"赵家屯"},"geometry":{"coordinates":[127.229474,46.452576],"type":"Point"}},{"type":"Feature","properties":{"name":"存车场"},"geometry":{"coordinates":[127.126196,46.449606],"type":"Point"}},{"type":"Feature","properties":{"name":"阳邑"},"geometry":{"coordinates":[113.896294,36.737788],"type":"Point"}},{"type":"Feature","properties":{"name":"武安"},"geometry":{"coordinates":[114.20618,36.676568],"type":"Point"}},{"type":"Feature","properties":{"name":"丹灶"},"geometry":{"coordinates":[112.89489,23.01357],"type":"Point"}},{"type":"Feature","properties":{"name":"丽江东"},"geometry":{"coordinates":[100.290885,26.871074],"type":"Point"}},{"type":"Feature","properties":{"name":"仁和"},"geometry":{"coordinates":[100.264173,26.70773],"type":"Point"}},{"type":"Feature","properties":{"name":"居延海"},"geometry":{"coordinates":[101.395923,42.282722],"type":"Point"}},{"type":"Feature","properties":{"name":"天鹅湖西"},"geometry":{"coordinates":[101.503071,42.010755],"type":"Point"}},{"type":"Feature","properties":{"name":"查干得日斯"},"geometry":{"coordinates":[105.962468,40.398984],"type":"Point"}},{"type":"Feature","properties":{"name":"毛德呼热"},"geometry":{"coordinates":[106.30213,40.510462],"type":"Point"}},{"type":"Feature","properties":{"name":"天鹅湖"},"geometry":{"coordinates":[101.637912,42.012029],"type":"Point"}},{"type":"Feature","properties":{"name":"辉森乌拉西"},"geometry":{"coordinates":[102.160264,41.91046],"type":"Point"}},{"type":"Feature","properties":{"name":"沃博尔"},"geometry":{"coordinates":[102.66677,41.859134],"type":"Point"}},{"type":"Feature","properties":{"name":"塔拉哈尔"},"geometry":{"coordinates":[103.168337,41.656469],"type":"Point"}},{"type":"Feature","properties":{"name":"阿达日嘎"},"geometry":{"coordinates":[103.629659,41.412528],"type":"Point"}},{"type":"Feature","properties":{"name":"苏宏图"},"geometry":{"coordinates":[104.160226,41.246228],"type":"Point"}},{"type":"Feature","properties":{"name":"互做布其"},"geometry":{"coordinates":[104.659018,41.148509],"type":"Point"}},{"type":"Feature","properties":{"name":"格勒"},"geometry":{"coordinates":[105.021519,41.116616],"type":"Point"}},{"type":"Feature","properties":{"name":"莫尔格"},"geometry":{"coordinates":[105.342634,40.970362],"type":"Point"}},{"type":"Feature","properties":{"name":"图克木庙"},"geometry":{"coordinates":[105.691725,40.715329],"type":"Point"}},{"type":"Feature","properties":{"name":"盐坨"},"geometry":{"coordinates":[119.219699,34.667515],"type":"Point"}},{"type":"Feature","properties":{"name":"平陵城"},"geometry":{"coordinates":[117.287652,36.73091],"type":"Point"}},{"type":"Feature","properties":{"name":"云县"},"geometry":{"coordinates":[100.126468,24.401673],"type":"Point"}},{"type":"Feature","properties":{"name":"王玉庄"},"geometry":{"coordinates":[114.651427,40.753167],"type":"Point"}},{"type":"Feature","properties":{"name":"如皋南"},"geometry":{"coordinates":[120.623071,32.347378],"type":"Point"}},{"type":"Feature","properties":{"name":"遂平"},"geometry":{"coordinates":[114.030104,33.145969],"type":"Point"}},{"type":"Feature","properties":{"name":"平川西"},"geometry":{"coordinates":[104.726519,36.760143],"type":"Point"}},{"type":"Feature","properties":{"name":"桐梓东"},"geometry":{"coordinates":[106.833012,28.118677],"type":"Point"}},{"type":"Feature","properties":{"name":"金阳南"},"geometry":{"coordinates":[106.582389,26.606314],"type":"Point"}},{"type":"Feature","properties":{"name":"湖潮东"},"geometry":{"coordinates":[106.509882,26.435602],"type":"Point"}},{"type":"Feature","properties":{"name":"芦官"},"geometry":{"coordinates":[106.489136,26.427528],"type":"Point"}},{"type":"Feature","properties":{"name":"花溪西"},"geometry":{"coordinates":[106.514608,26.524386],"type":"Point"}},{"type":"Feature","properties":{"name":"金阳"},"geometry":{"coordinates":[106.584796,26.651347],"type":"Point"}},{"type":"Feature","properties":{"name":"党武"},"geometry":{"coordinates":[106.604582,26.407155],"type":"Point"}},{"type":"Feature","properties":{"name":"花溪大学城"},"geometry":{"coordinates":[106.62237,26.39774],"type":"Point"}},{"type":"Feature","properties":{"name":"威信"},"geometry":{"coordinates":[105.056042,27.823281],"type":"Point"}},{"type":"Feature","properties":{"name":"亚龙湾"},"geometry":{"coordinates":[109.598292,18.304352],"type":"Point"}},{"type":"Feature","properties":{"name":"白洞"},"geometry":{"coordinates":[113.055662,40.000863],"type":"Point"}},{"type":"Feature","properties":{"name":"庐江西"},"geometry":{"coordinates":[117.212452,31.269807],"type":"Point"}},{"type":"Feature","properties":{"name":"郎溪南"},"geometry":{"coordinates":[119.151433,30.940258],"type":"Point"}},{"type":"Feature","properties":{"name":"赣榆北"},"geometry":{"coordinates":[119.197192,35.042462],"type":"Point"}},{"type":"Feature","properties":{"name":"赣榆"},"geometry":{"coordinates":[119.106024,34.879782],"type":"Point"}},{"type":"Feature","properties":{"name":"钦州港"},"geometry":{"coordinates":[108.610292,21.752838],"type":"Point"}},{"type":"Feature","properties":{"name":"钦州北"},"geometry":{"coordinates":[108.647466,22.05851],"type":"Point"}},{"type":"Feature","properties":{"name":"盐城"},"geometry":{"coordinates":[120.17961,33.374672],"type":"Point"}},{"type":"Feature","properties":{"name":"宁波东"},"geometry":{"coordinates":[121.580994,29.850857],"type":"Point"}},{"type":"Feature","properties":{"name":"宁波北"},"geometry":{"coordinates":[121.519995,29.951668],"type":"Point"}},{"type":"Feature","properties":{"name":"云龙"},"geometry":{"coordinates":[121.58802,29.776474],"type":"Point"}},{"type":"Feature","properties":{"name":"南宁东"},"geometry":{"coordinates":[108.409928,22.844774],"type":"Point"}},{"type":"Feature","properties":{"name":"柳州"},"geometry":{"coordinates":[109.383325,24.310585],"type":"Point"}},{"type":"Feature","properties":{"name":"根竹"},"geometry":{"coordinates":[109.528389,23.108131],"type":"Point"}},{"type":"Feature","properties":{"name":"沙井"},"geometry":{"coordinates":[108.25064,22.758193],"type":"Point"}},{"type":"Feature","properties":{"name":"吴圩"},"geometry":{"coordinates":[108.243575,22.646281],"type":"Point"}},{"type":"Feature","properties":{"name":"大王滩"},"geometry":{"coordinates":[108.279829,22.613968],"type":"Point"}},{"type":"Feature","properties":{"name":"康熙岭"},"geometry":{"coordinates":[108.522251,21.930091],"type":"Point"}},{"type":"Feature","properties":{"name":"茅岭"},"geometry":{"coordinates":[108.447506,21.849944],"type":"Point"}},{"type":"Feature","properties":{"name":"大马"},"geometry":{"coordinates":[108.912839,21.840734],"type":"Point"}},{"type":"Feature","properties":{"name":"北海港"},"geometry":{"coordinates":[109.072995,21.458141],"type":"Point"}},{"type":"Feature","properties":{"name":"合浦"},"geometry":{"coordinates":[109.1831,21.624646],"type":"Point"}},{"type":"Feature","properties":{"name":"瓯海"},"geometry":{"coordinates":[120.571856,27.931197],"type":"Point"}},{"type":"Feature","properties":{"name":"温州南"},"geometry":{"coordinates":[120.581614,27.969284],"type":"Point"}},{"type":"Feature","properties":{"name":"普者黑"},"geometry":{"coordinates":[104.177119,23.971252],"type":"Point"}},{"type":"Feature","properties":{"name":"峰洞"},"geometry":{"coordinates":[107.522613,25.541694],"type":"Point"}},{"type":"Feature","properties":{"name":"温州"},"geometry":{"coordinates":[120.681051,27.983324],"type":"Point"}},{"type":"Feature","properties":{"name":"元谋"},"geometry":{"coordinates":[101.840937,25.741502],"type":"Point"}},{"type":"Feature","properties":{"name":"新碧"},"geometry":{"coordinates":[120.096649,28.750433],"type":"Point"}},{"type":"Feature","properties":{"name":"平湖南"},"geometry":{"coordinates":[114.131885,22.661001],"type":"Point"}},{"type":"Feature","properties":{"name":"沾益"},"geometry":{"coordinates":[103.803522,25.608738],"type":"Point"}},{"type":"Feature","properties":{"name":"曲靖北"},"geometry":{"coordinates":[103.78063,25.592843],"type":"Point"}},{"type":"Feature","properties":{"name":"洛羊镇"},"geometry":{"coordinates":[102.836414,24.938722],"type":"Point"}},{"type":"Feature","properties":{"name":"六盘水"},"geometry":{"coordinates":[104.850112,26.59408],"type":"Point"}},{"type":"Feature","properties":{"name":"六盘水东"},"geometry":{"coordinates":[105.031577,26.523993],"type":"Point"}},{"type":"Feature","properties":{"name":"长箐"},"geometry":{"coordinates":[105.271149,26.317414],"type":"Point"}},{"type":"Feature","properties":{"name":"六枝南"},"geometry":{"coordinates":[105.434879,26.230948],"type":"Point"}},{"type":"Feature","properties":{"name":"黄桶北"},"geometry":{"coordinates":[105.687978,26.208089],"type":"Point"}},{"type":"Feature","properties":{"name":"马龙"},"geometry":{"coordinates":[103.620547,25.488336],"type":"Point"}},{"type":"Feature","properties":{"name":"照福铺"},"geometry":{"coordinates":[103.366014,25.415139],"type":"Point"}},{"type":"Feature","properties":{"name":"云约"},"geometry":{"coordinates":[108.461401,21.609422],"type":"Point"}},{"type":"Feature","properties":{"name":"佛山西"},"geometry":{"coordinates":[113.028338,23.082031],"type":"Point"}},{"type":"Feature","properties":{"name":"大田"},"geometry":{"coordinates":[113.197841,23.267902],"type":"Point"}},{"type":"Feature","properties":{"name":"江门东"},"geometry":{"coordinates":[113.097687,22.563878],"type":"Point"}},{"type":"Feature","properties":{"name":"高栏港"},"geometry":{"coordinates":[113.216406,21.96625],"type":"Point"}},{"type":"Feature","properties":{"name":"姜堰"},"geometry":{"coordinates":[120.114288,32.535609],"type":"Point"}},{"type":"Feature","properties":{"name":"碧江"},"geometry":{"coordinates":[113.257192,22.952487],"type":"Point"}},{"type":"Feature","properties":{"name":"北滘"},"geometry":{"coordinates":[113.258615,22.918005],"type":"Point"}},{"type":"Feature","properties":{"name":"顺德"},"geometry":{"coordinates":[113.271373,22.877689],"type":"Point"}},{"type":"Feature","properties":{"name":"顺德学院"},"geometry":{"coordinates":[113.314382,22.825384],"type":"Point"}},{"type":"Feature","properties":{"name":"南头"},"geometry":{"coordinates":[113.303491,22.715776],"type":"Point"}},{"type":"Feature","properties":{"name":"珠海"},"geometry":{"coordinates":[113.543941,22.218096],"type":"Point"}},{"type":"Feature","properties":{"name":"前山"},"geometry":{"coordinates":[113.520574,22.237375],"type":"Point"}},{"type":"Feature","properties":{"name":"明珠"},"geometry":{"coordinates":[113.510377,22.271396],"type":"Point"}},{"type":"Feature","properties":{"name":"唐家湾"},"geometry":{"coordinates":[113.546359,22.365933],"type":"Point"}},{"type":"Feature","properties":{"name":"珠海北"},"geometry":{"coordinates":[113.546882,22.403748],"type":"Point"}},{"type":"Feature","properties":{"name":"南朗"},"geometry":{"coordinates":[113.528246,22.489105],"type":"Point"}},{"type":"Feature","properties":{"name":"中山"},"geometry":{"coordinates":[113.42824,22.546707],"type":"Point"}},{"type":"Feature","properties":{"name":"东升"},"geometry":{"coordinates":[113.279308,22.607312],"type":"Point"}},{"type":"Feature","properties":{"name":"小榄"},"geometry":{"coordinates":[113.264583,22.650559],"type":"Point"}},{"type":"Feature","properties":{"name":"谷城北"},"geometry":{"coordinates":[111.624903,32.308009],"type":"Point"}},{"type":"Feature","properties":{"name":"武当山西"},"geometry":{"coordinates":[111.008617,32.539967],"type":"Point"}},{"type":"Feature","properties":{"name":"襄阳东"},"geometry":{"coordinates":[112.290446,32.016389],"type":"Point"}},{"type":"Feature","properties":{"name":"襄州"},"geometry":{"coordinates":[112.220428,32.099245],"type":"Point"}},{"type":"Feature","properties":{"name":"连江"},"geometry":{"coordinates":[119.562702,26.197736],"type":"Point"}},{"type":"Feature","properties":{"name":"太姥山"},"geometry":{"coordinates":[120.219741,27.129883],"type":"Point"}},{"type":"Feature","properties":{"name":"平阳"},"geometry":{"coordinates":[120.540844,27.629223],"type":"Point"}},{"type":"Feature","properties":{"name":"瑞安"},"geometry":{"coordinates":[120.577022,27.769926],"type":"Point"}},{"type":"Feature","properties":{"name":"瑞安北"},"geometry":{"coordinates":[120.59068,27.829494],"type":"Point"}},{"type":"Feature","properties":{"name":"温州北"},"geometry":{"coordinates":[120.691331,28.07103],"type":"Point"}},{"type":"Feature","properties":{"name":"乐清"},"geometry":{"coordinates":[120.855542,28.087703],"type":"Point"}},{"type":"Feature","properties":{"name":"乐清东"},"geometry":{"coordinates":[120.987496,28.200276],"type":"Point"}},{"type":"Feature","properties":{"name":"雁荡山"},"geometry":{"coordinates":[121.147823,28.344496],"type":"Point"}},{"type":"Feature","properties":{"name":"温岭"},"geometry":{"coordinates":[121.320831,28.482196],"type":"Point"}},{"type":"Feature","properties":{"name":"台州南"},"geometry":{"coordinates":[121.316479,28.548458],"type":"Point"}},{"type":"Feature","properties":{"name":"台州西"},"geometry":{"coordinates":[121.286474,28.689153],"type":"Point"}},{"type":"Feature","properties":{"name":"临海"},"geometry":{"coordinates":[121.242483,28.883023],"type":"Point"}},{"type":"Feature","properties":{"name":"三门县"},"geometry":{"coordinates":[121.358779,29.057886],"type":"Point"}},{"type":"Feature","properties":{"name":"宁海"},"geometry":{"coordinates":[121.414941,29.339327],"type":"Point"}},{"type":"Feature","properties":{"name":"奉化"},"geometry":{"coordinates":[121.460225,29.630491],"type":"Point"}},{"type":"Feature","properties":{"name":"宁波"},"geometry":{"coordinates":[121.532657,29.864633],"type":"Point"}},{"type":"Feature","properties":{"name":"庄桥"},"geometry":{"coordinates":[121.531325,29.926142],"type":"Point"}},{"type":"Feature","properties":{"name":"余姚北"},"geometry":{"coordinates":[121.163712,30.100827],"type":"Point"}},{"type":"Feature","properties":{"name":"绍兴北"},"geometry":{"coordinates":[120.534439,30.101974],"type":"Point"}},{"type":"Feature","properties":{"name":"成都"},"geometry":{"coordinates":[104.070828,30.700132],"type":"Point"}},{"type":"Feature","properties":{"name":"羊马"},"geometry":{"coordinates":[103.756334,30.62048],"type":"Point"}},{"type":"Feature","properties":{"name":"名山"},"geometry":{"coordinates":[103.187994,30.059893],"type":"Point"}},{"type":"Feature","properties":{"name":"广元东"},"geometry":{"coordinates":[105.831347,32.440172],"type":"Point"}},{"type":"Feature","properties":{"name":"广元南"},"geometry":{"coordinates":[105.794279,32.419566],"type":"Point"}},{"type":"Feature","properties":{"name":"蜀山"},"geometry":{"coordinates":[121.202883,30.041375],"type":"Point"}},{"type":"Feature","properties":{"name":"上虞"},"geometry":{"coordinates":[120.852758,30.004175],"type":"Point"}},{"type":"Feature","properties":{"name":"慈城"},"geometry":{"coordinates":[121.445419,29.97772],"type":"Point"}},{"type":"Feature","properties":{"name":"广元西"},"geometry":{"coordinates":[105.818955,32.466323],"type":"Point"}},{"type":"Feature","properties":{"name":"福州南"},"geometry":{"coordinates":[119.386696,25.989257],"type":"Point"}},{"type":"Feature","properties":{"name":"夏格庄"},"geometry":{"coordinates":[120.440898,36.65133],"type":"Point"}},{"type":"Feature","properties":{"name":"启东"},"geometry":{"coordinates":[121.640786,31.858888],"type":"Point"}},{"type":"Feature","properties":{"name":"吕四"},"geometry":{"coordinates":[121.673976,32.023868],"type":"Point"}},{"type":"Feature","properties":{"name":"海门"},"geometry":{"coordinates":[121.178397,31.927879],"type":"Point"}},{"type":"Feature","properties":{"name":"丰顺村"},"geometry":{"coordinates":[121.38044,31.893209],"type":"Point"}},{"type":"Feature","properties":{"name":"武夷山北"},"geometry":{"coordinates":[118.040358,27.781033],"type":"Point"}},{"type":"Feature","properties":{"name":"南平市"},"geometry":{"coordinates":[118.088467,27.475876],"type":"Point"}},{"type":"Feature","properties":{"name":"宝鸡"},"geometry":{"coordinates":[107.148171,34.374243],"type":"Point"}},{"type":"Feature","properties":{"name":"宿州东"},"geometry":{"coordinates":[117.245828,33.677243],"type":"Point"}},{"type":"Feature","properties":{"name":"徐州东"},"geometry":{"coordinates":[117.300205,34.269163],"type":"Point"}},{"type":"Feature","properties":{"name":"济南西"},"geometry":{"coordinates":[116.886005,36.668804],"type":"Point"}},{"type":"Feature","properties":{"name":"广阳"},"geometry":{"coordinates":[116.699873,39.51156],"type":"Point"}},{"type":"Feature","properties":{"name":"石家庄"},"geometry":{"coordinates":[114.478129,38.009503],"type":"Point"}},{"type":"Feature","properties":{"name":"坪田"},"geometry":{"coordinates":[113.199381,29.412465],"type":"Point"}},{"type":"Feature","properties":{"name":"陕州"},"geometry":{"coordinates":[111.047493,34.661633],"type":"Point"}},{"type":"Feature","properties":{"name":"灵宝东"},"geometry":{"coordinates":[110.986944,34.571673],"type":"Point"}},{"type":"Feature","properties":{"name":"构林南"},"geometry":{"coordinates":[112.095555,32.431475],"type":"Point"}},{"type":"Feature","properties":{"name":"襄州北"},"geometry":{"coordinates":[112.131231,32.249539],"type":"Point"}},{"type":"Feature","properties":{"name":"靖边北"},"geometry":{"coordinates":[109.013128,37.649552],"type":"Point"}},{"type":"Feature","properties":{"name":"延安东"},"geometry":{"coordinates":[109.596305,36.809817],"type":"Point"}},{"type":"Feature","properties":{"name":"新桥"},"geometry":{"coordinates":[121.319146,31.061403],"type":"Point"}},{"type":"Feature","properties":{"name":"新塘南"},"geometry":{"coordinates":[113.598465,23.134746],"type":"Point"}},{"type":"Feature","properties":{"name":"和顺县"},"geometry":{"coordinates":[113.560503,37.314326],"type":"Point"}},{"type":"Feature","properties":{"name":"七龙星"},"geometry":{"coordinates":[106.43177,29.232611],"type":"Point"}},{"type":"Feature","properties":{"name":"延安"},"geometry":{"coordinates":[109.476124,36.556702],"type":"Point"}},{"type":"Feature","properties":{"name":"百子湾"},"geometry":{"coordinates":[116.51193,39.875445],"type":"Point"}},{"type":"Feature","properties":{"name":"长沙西"},"geometry":{"coordinates":[112.820513,28.265378],"type":"Point"}},{"type":"Feature","properties":{"name":"银川南"},"geometry":{"coordinates":[106.113757,38.403355],"type":"Point"}},{"type":"Feature","properties":{"name":"白银市"},"geometry":{"coordinates":[104.16721,36.558415],"type":"Point"}},{"type":"Feature","properties":{"name":"唐山北"},"geometry":{"coordinates":[118.11283,39.815419],"type":"Point"}},{"type":"Feature","properties":{"name":"南宁"},"geometry":{"coordinates":[108.31081,22.83016],"type":"Point"}},{"type":"Feature","properties":{"name":"百色"},"geometry":{"coordinates":[106.660725,23.888148],"type":"Point"}},{"type":"Feature","properties":{"name":"宜州"},"geometry":{"coordinates":[108.623289,24.481694],"type":"Point"}},{"type":"Feature","properties":{"name":"桂林西"},"geometry":{"coordinates":[110.262512,25.357405],"type":"Point"}},{"type":"Feature","properties":{"name":"狼窝铺"},"geometry":{"coordinates":[118.288778,39.840234],"type":"Point"}},{"type":"Feature","properties":{"name":"七道桥"},"geometry":{"coordinates":[118.070536,39.523437],"type":"Point"}},{"type":"Feature","properties":{"name":"龙家营"},"geometry":{"coordinates":[119.677058,39.961479],"type":"Point"}},{"type":"Feature","properties":{"name":"北京西"},"geometry":{"coordinates":[116.315103,39.89367],"type":"Point"}},{"type":"Feature","properties":{"name":"长辛店"},"geometry":{"coordinates":[116.200456,39.827234],"type":"Point"}},{"type":"Feature","properties":{"name":"犀浦东"},"geometry":{"coordinates":[103.988555,30.73903],"type":"Point"}},{"type":"Feature","properties":{"name":"宁化"},"geometry":{"coordinates":[116.723299,26.250161],"type":"Point"}},{"type":"Feature","properties":{"name":"伊屋"},"geometry":{"coordinates":[116.732113,26.360886],"type":"Point"}},{"type":"Feature","properties":{"name":"水茜"},"geometry":{"coordinates":[116.737536,26.468768],"type":"Point"}},{"type":"Feature","properties":{"name":"黄沙潭"},"geometry":{"coordinates":[116.749349,26.53088],"type":"Point"}},{"type":"Feature","properties":{"name":"均口"},"geometry":{"coordinates":[116.765871,26.636723],"type":"Point"}},{"type":"Feature","properties":{"name":"黄岭"},"geometry":{"coordinates":[116.823249,26.734553],"type":"Point"}},{"type":"Feature","properties":{"name":"建宁南"},"geometry":{"coordinates":[116.849942,26.81622],"type":"Point"}},{"type":"Feature","properties":{"name":"文亨"},"geometry":{"coordinates":[116.711476,25.629484],"type":"Point"}},{"type":"Feature","properties":{"name":"冠豸山"},"geometry":{"coordinates":[116.717441,25.743351],"type":"Point"}},{"type":"Feature","properties":{"name":"杨源"},"geometry":{"coordinates":[116.794603,25.84673],"type":"Point"}},{"type":"Feature","properties":{"name":"邓家"},"geometry":{"coordinates":[116.83268,25.946401],"type":"Point"}},{"type":"Feature","properties":{"name":"田源"},"geometry":{"coordinates":[116.84269,26.055467],"type":"Point"}},{"type":"Feature","properties":{"name":"严坊"},"geometry":{"coordinates":[116.836435,26.146925],"type":"Point"}},{"type":"Feature","properties":{"name":"清流"},"geometry":{"coordinates":[116.810317,26.218324],"type":"Point"}},{"type":"Feature","properties":{"name":"滦县"},"geometry":{"coordinates":[118.699767,39.756924],"type":"Point"}},{"type":"Feature","properties":{"name":"卑家店"},"geometry":{"coordinates":[118.491502,39.746068],"type":"Point"}},{"type":"Feature","properties":{"name":"古冶"},"geometry":{"coordinates":[118.434488,39.727875],"type":"Point"}},{"type":"Feature","properties":{"name":"唐山南"},"geometry":{"coordinates":[118.190287,39.610808],"type":"Point"}},{"type":"Feature","properties":{"name":"胥各庄"},"geometry":{"coordinates":[118.109599,39.555876],"type":"Point"}},{"type":"Feature","properties":{"name":"雪峰"},"geometry":{"coordinates":[118.477611,25.004199],"type":"Point"}},{"type":"Feature","properties":{"name":"南安北"},"geometry":{"coordinates":[118.357206,25.033603],"type":"Point"}},{"type":"Feature","properties":{"name":"安溪东"},"geometry":{"coordinates":[118.250314,25.064221],"type":"Point"}},{"type":"Feature","properties":{"name":"后寮"},"geometry":{"coordinates":[118.176091,25.158036],"type":"Point"}},{"type":"Feature","properties":{"name":"永春"},"geometry":{"coordinates":[118.122548,25.333236],"type":"Point"}},{"type":"Feature","properties":{"name":"马跳"},"geometry":{"coordinates":[118.143576,25.412186],"type":"Point"}},{"type":"Feature","properties":{"name":"德化"},"geometry":{"coordinates":[118.177747,25.506886],"type":"Point"}},{"type":"Feature","properties":{"name":"洋田"},"geometry":{"coordinates":[118.063781,25.587272],"type":"Point"}},{"type":"Feature","properties":{"name":"内山村"},"geometry":{"coordinates":[117.946494,25.642203],"type":"Point"}},{"type":"Feature","properties":{"name":"大田北"},"geometry":{"coordinates":[117.841493,25.706864],"type":"Point"}},{"type":"Feature","properties":{"name":"小湖"},"geometry":{"coordinates":[117.757795,25.683883],"type":"Point"}},{"type":"Feature","properties":{"name":"广前"},"geometry":{"coordinates":[117.561929,25.713254],"type":"Point"}},{"type":"Feature","properties":{"name":"石门庵"},"geometry":{"coordinates":[117.437292,25.790087],"type":"Point"}},{"type":"Feature","properties":{"name":"葛州"},"geometry":{"coordinates":[117.40649,25.862361],"type":"Point"}},{"type":"Feature","properties":{"name":"三元西"},"geometry":{"coordinates":[117.38001,26.176551],"type":"Point"}},{"type":"Feature","properties":{"name":"下村"},"geometry":{"coordinates":[117.307656,26.249641],"type":"Point"}},{"type":"Feature","properties":{"name":"明溪"},"geometry":{"coordinates":[117.213628,26.239884],"type":"Point"}},{"type":"Feature","properties":{"name":"西家山"},"geometry":{"coordinates":[117.090998,26.233282],"type":"Point"}},{"type":"Feature","properties":{"name":"温郊"},"geometry":{"coordinates":[117.021132,26.238498],"type":"Point"}},{"type":"Feature","properties":{"name":"元山"},"geometry":{"coordinates":[116.942232,26.234225],"type":"Point"}},{"type":"Feature","properties":{"name":"妥楼岭"},"geometry":{"coordinates":[116.59833,26.280371],"type":"Point"}},{"type":"Feature","properties":{"name":"石人沟"},"geometry":{"coordinates":[117.878687,40.21402],"type":"Point"}},{"type":"Feature","properties":{"name":"崇左南"},"geometry":{"coordinates":[107.391084,22.357491],"type":"Point"}},{"type":"Feature","properties":{"name":"滦南"},"geometry":{"coordinates":[118.7154,39.500655],"type":"Point"}},{"type":"Feature","properties":{"name":"曹妃甸港"},"geometry":{"coordinates":[118.46087,39.07296],"type":"Point"}},{"type":"Feature","properties":{"name":"南堡北"},"geometry":{"coordinates":[118.199321,39.276588],"type":"Point"}},{"type":"Feature","properties":{"name":"唐海南"},"geometry":{"coordinates":[118.426204,39.237368],"type":"Point"}},{"type":"Feature","properties":{"name":"唐山"},"geometry":{"coordinates":[118.111698,39.624239],"type":"Point"}},{"type":"Feature","properties":{"name":"芜湖南"},"geometry":{"coordinates":[118.374221,31.250634],"type":"Point"}},{"type":"Feature","properties":{"name":"玉门沟"},"geometry":{"coordinates":[112.447751,37.873058],"type":"Point"}},{"type":"Feature","properties":{"name":"晋源"},"geometry":{"coordinates":[112.476662,37.783839],"type":"Point"}},{"type":"Feature","properties":{"name":"西草寨"},"geometry":{"coordinates":[112.484526,37.659694],"type":"Point"}},{"type":"Feature","properties":{"name":"北格"},"geometry":{"coordinates":[112.54181,37.653069],"type":"Point"}},{"type":"Feature","properties":{"name":"中鼎物流园"},"geometry":{"coordinates":[112.635645,37.686752],"type":"Point"}},{"type":"Feature","properties":{"name":"皇后园"},"geometry":{"coordinates":[112.566658,37.970384],"type":"Point"}},{"type":"Feature","properties":{"name":"榆次"},"geometry":{"coordinates":[112.724292,37.696165],"type":"Point"}},{"type":"Feature","properties":{"name":"陆家浜"},"geometry":{"coordinates":[121.046661,31.345291],"type":"Point"}},{"type":"Feature","properties":{"name":"塘库"},"geometry":{"coordinates":[109.484092,25.613091],"type":"Point"}},{"type":"Feature","properties":{"name":"老堡"},"geometry":{"coordinates":[109.475638,25.671536],"type":"Point"}},{"type":"Feature","properties":{"name":"程村"},"geometry":{"coordinates":[109.541615,25.767591],"type":"Point"}},{"type":"Feature","properties":{"name":"顺义"},"geometry":{"coordinates":[116.639445,40.1249],"type":"Point"}},{"type":"Feature","properties":{"name":"聂各庄"},"geometry":{"coordinates":[116.103261,40.097413],"type":"Point"}},{"type":"Feature","properties":{"name":"东园"},"geometry":{"coordinates":[116.088032,40.275161],"type":"Point"}},{"type":"Feature","properties":{"name":"南口"},"geometry":{"coordinates":[116.123183,40.238042],"type":"Point"}},{"type":"Feature","properties":{"name":"瓦塘"},"geometry":{"coordinates":[111.010199,38.619515],"type":"Point"}},{"type":"Feature","properties":{"name":"襄阳北"},"geometry":{"coordinates":[112.156551,32.122315],"type":"Point"}},{"type":"Feature","properties":{"name":"襄阳南"},"geometry":{"coordinates":[112.162537,32.014088],"type":"Point"}},{"type":"Feature","properties":{"name":"瑞山"},"geometry":{"coordinates":[119.673815,32.195989],"type":"Point"}},{"type":"Feature","properties":{"name":"柳州北"},"geometry":{"coordinates":[109.403819,24.332351],"type":"Point"}},{"type":"Feature","properties":{"name":"古北口"},"geometry":{"coordinates":[117.135282,40.690579],"type":"Point"}},{"type":"Feature","properties":{"name":"八达岭"},"geometry":{"coordinates":[115.995302,40.358817],"type":"Point"}},{"type":"Feature","properties":{"name":"昌平北"},"geometry":{"coordinates":[116.226941,40.230023],"type":"Point"}},{"type":"Feature","properties":{"name":"怀柔北"},"geometry":{"coordinates":[116.686869,40.407992],"type":"Point"}},{"type":"Feature","properties":{"name":"雁栖湖"},"geometry":{"coordinates":[116.653326,40.37263],"type":"Point"}},{"type":"Feature","properties":{"name":"牛栏山"},"geometry":{"coordinates":[116.64244,40.202167],"type":"Point"}},{"type":"Feature","properties":{"name":"怀柔"},"geometry":{"coordinates":[116.643128,40.316016],"type":"Point"}},{"type":"Feature","properties":{"name":"山海关"},"geometry":{"coordinates":[119.761904,39.998599],"type":"Point"}},{"type":"Feature","properties":{"name":"大朗"},"geometry":{"coordinates":[113.227051,23.250092],"type":"Point"}},{"type":"Feature","properties":{"name":"江高镇"},"geometry":{"coordinates":[113.221203,23.286162],"type":"Point"}},{"type":"Feature","properties":{"name":"山岭子"},"geometry":{"coordinates":[117.476056,39.156651],"type":"Point"}},{"type":"Feature","properties":{"name":"兴安北"},"geometry":{"coordinates":[110.663019,25.676583],"type":"Point"}},{"type":"Feature","properties":{"name":"郭塘"},"geometry":{"coordinates":[113.208889,23.331095],"type":"Point"}},{"type":"Feature","properties":{"name":"五象南"},"geometry":{"coordinates":[108.42592,22.715435],"type":"Point"}},{"type":"Feature","properties":{"name":"大家洼"},"geometry":{"coordinates":[118.95969,37.127562],"type":"Point"}},{"type":"Feature","properties":{"name":"莱芜东"},"geometry":{"coordinates":[117.687921,36.229426],"type":"Point"}},{"type":"Feature","properties":{"name":"梅家埠"},"geometry":{"coordinates":[118.445002,34.957211],"type":"Point"}},{"type":"Feature","properties":{"name":"居庸关"},"geometry":{"coordinates":[116.060366,40.299382],"type":"Point"}},{"type":"Feature","properties":{"name":"三堡"},"geometry":{"coordinates":[116.034973,40.324148],"type":"Point"}},{"type":"Feature","properties":{"name":"苏州西"},"geometry":{"coordinates":[120.548283,31.345691],"type":"Point"}},{"type":"Feature","properties":{"name":"前洲"},"geometry":{"coordinates":[120.233283,31.682306],"type":"Point"}},{"type":"Feature","properties":{"name":"黄瓜园"},"geometry":{"coordinates":[101.862141,25.8268],"type":"Point"}},{"type":"Feature","properties":{"name":"二道沙河"},"geometry":{"coordinates":[109.993278,40.626176],"type":"Point"}},{"type":"Feature","properties":{"name":"广州"},"geometry":{"coordinates":[113.252264,23.152623],"type":"Point"}},{"type":"Feature","properties":{"name":"黄河涯"},"geometry":{"coordinates":[116.326575,37.354034],"type":"Point"}},{"type":"Feature","properties":{"name":"张辛"},"geometry":{"coordinates":[116.68038,40.011101],"type":"Point"}},{"type":"Feature","properties":{"name":"射阳"},"geometry":{"coordinates":[120.014432,33.683782],"type":"Point"}},{"type":"Feature","properties":{"name":"齐齐哈尔南"},"geometry":{"coordinates":[123.965312,47.282481],"type":"Point"}},{"type":"Feature","properties":{"name":"齐齐哈尔"},"geometry":{"coordinates":[123.990047,47.338497],"type":"Point"}},{"type":"Feature","properties":{"name":"阳泉东"},"geometry":{"coordinates":[113.595149,37.884751],"type":"Point"}},{"type":"Feature","properties":{"name":"白羊墅"},"geometry":{"coordinates":[113.643243,37.847699],"type":"Point"}},{"type":"Feature","properties":{"name":"淮南南"},"geometry":{"coordinates":[117.035919,32.544252],"type":"Point"}},{"type":"Feature","properties":{"name":"安庆"},"geometry":{"coordinates":[117.060052,30.551504],"type":"Point"}},{"type":"Feature","properties":{"name":"新高山"},"geometry":{"coordinates":[112.929489,40.088429],"type":"Point"}},{"type":"Feature","properties":{"name":"斜河涧线路所"},"geometry":{"coordinates":[116.052577,39.970069],"type":"Point"}},{"type":"Feature","properties":{"name":"定州"},"geometry":{"coordinates":[114.967103,38.529838],"type":"Point"}},{"type":"Feature","properties":{"name":"广州东"},"geometry":{"coordinates":[113.319621,23.153652],"type":"Point"}},{"type":"Feature","properties":{"name":"唐山东"},"geometry":{"coordinates":[118.191707,39.759111],"type":"Point"}},{"type":"Feature","properties":{"name":"全旺"},"geometry":{"coordinates":[119.055938,28.950568],"type":"Point"}},{"type":"Feature","properties":{"name":"龙游南"},"geometry":{"coordinates":[119.151001,28.846848],"type":"Point"}},{"type":"Feature","properties":{"name":"紅磡 Hung Hom"},"geometry":{"coordinates":[114.182248,22.302901],"type":"Point"}},{"type":"Feature","properties":{"name":"长汀镇"},"geometry":{"coordinates":[128.931607,44.463589],"type":"Point"}},{"type":"Feature","properties":{"name":"北京东"},"geometry":{"coordinates":[116.478656,39.901096],"type":"Point"}},{"type":"Feature","properties":{"name":"黎塘"},"geometry":{"coordinates":[109.128756,23.196591],"type":"Point"}},{"type":"Feature","properties":{"name":"融安"},"geometry":{"coordinates":[109.407595,25.187836],"type":"Point"}},{"type":"Feature","properties":{"name":"香港西九龍 Hong Kong West Kowloon"},"geometry":{"coordinates":[114.164927,22.303681],"type":"Point"}},{"type":"Feature","properties":{"name":"松阳"},"geometry":{"coordinates":[119.418157,28.449899],"type":"Point"}},{"type":"Feature","properties":{"name":"五部"},"geometry":{"coordinates":[119.391113,28.310927],"type":"Point"}},{"type":"Feature","properties":{"name":"双平"},"geometry":{"coordinates":[119.323968,28.200478],"type":"Point"}},{"type":"Feature","properties":{"name":"道太"},"geometry":{"coordinates":[119.220416,28.12227],"type":"Point"}},{"type":"Feature","properties":{"name":"龙泉市"},"geometry":{"coordinates":[119.127728,28.03557],"type":"Point"}},{"type":"Feature","properties":{"name":"兰巨"},"geometry":{"coordinates":[119.072886,27.973802],"type":"Point"}},{"type":"Feature","properties":{"name":"查田"},"geometry":{"coordinates":[118.994841,27.879185],"type":"Point"}},{"type":"Feature","properties":{"name":"田丁寨"},"geometry":{"coordinates":[118.975457,27.739388],"type":"Point"}},{"type":"Feature","properties":{"name":"庆元"},"geometry":{"coordinates":[118.956739,27.617353],"type":"Point"}},{"type":"Feature","properties":{"name":"松溪"},"geometry":{"coordinates":[118.823292,27.537116],"type":"Point"}},{"type":"Feature","properties":{"name":"茶平"},"geometry":{"coordinates":[118.813186,27.452788],"type":"Point"}},{"type":"Feature","properties":{"name":"政和"},"geometry":{"coordinates":[118.846535,27.329958],"type":"Point"}},{"type":"Feature","properties":{"name":"小绍"},"geometry":{"coordinates":[118.870426,27.271801],"type":"Point"}},{"type":"Feature","properties":{"name":"地州"},"geometry":{"coordinates":[118.850426,27.085798],"type":"Point"}},{"type":"Feature","properties":{"name":"大碑"},"geometry":{"coordinates":[118.902104,26.932881],"type":"Point"}},{"type":"Feature","properties":{"name":"龟潭"},"geometry":{"coordinates":[119.075832,26.892513],"type":"Point"}},{"type":"Feature","properties":{"name":"礼门"},"geometry":{"coordinates":[119.262664,26.952349],"type":"Point"}},{"type":"Feature","properties":{"name":"周宁"},"geometry":{"coordinates":[119.374795,26.938844],"type":"Point"}},{"type":"Feature","properties":{"name":"支提山"},"geometry":{"coordinates":[119.459718,26.824217],"type":"Point"}},{"type":"Feature","properties":{"name":"屏南"},"geometry":{"coordinates":[119.122486,26.900209],"type":"Point"}},{"type":"Feature","properties":{"name":"北界"},"geometry":{"coordinates":[119.23071,28.755928],"type":"Point"}},{"type":"Feature","properties":{"name":"砀山"},"geometry":{"coordinates":[116.324801,34.417328],"type":"Point"}},{"type":"Feature","properties":{"name":"虞城县"},"geometry":{"coordinates":[115.85903,34.408645],"type":"Point"}},{"type":"Feature","properties":{"name":"前亭"},"geometry":{"coordinates":[117.294952,34.419443],"type":"Point"}},{"type":"Feature","properties":{"name":"青山泉"},"geometry":{"coordinates":[117.366723,34.424959],"type":"Point"}},{"type":"Feature","properties":{"name":"贾汪"},"geometry":{"coordinates":[117.436112,34.432671],"type":"Point"}},{"type":"Feature","properties":{"name":"万寨"},"geometry":{"coordinates":[117.186731,34.341726],"type":"Point"}},{"type":"Feature","properties":{"name":"利国"},"geometry":{"coordinates":[117.340848,34.557272],"type":"Point"}},{"type":"Feature","properties":{"name":"高家营"},"geometry":{"coordinates":[117.192387,34.194501],"type":"Point"}},{"type":"Feature","properties":{"name":"三铺"},"geometry":{"coordinates":[117.165538,34.131321],"type":"Point"}},{"type":"Feature","properties":{"name":"犀浦"},"geometry":{"coordinates":[103.970459,30.75953],"type":"Point"}},{"type":"Feature","properties":{"name":"郫县"},"geometry":{"coordinates":[103.906209,30.810948],"type":"Point"}},{"type":"Feature","properties":{"name":"彭州"},"geometry":{"coordinates":[103.923025,30.981183],"type":"Point"}},{"type":"Feature","properties":{"name":"步行街"},"geometry":{"coordinates":[103.938133,30.961356],"type":"Point"}},{"type":"Feature","properties":{"name":"彭州南"},"geometry":{"coordinates":[103.938311,30.94345],"type":"Point"}},{"type":"Feature","properties":{"name":"郫县西"},"geometry":{"coordinates":[103.879225,30.825652],"type":"Point"}},{"type":"Feature","properties":{"name":"安德"},"geometry":{"coordinates":[103.81005,30.876532],"type":"Point"}},{"type":"Feature","properties":{"name":"都江堰"},"geometry":{"coordinates":[103.636567,30.959346],"type":"Point"}},{"type":"Feature","properties":{"name":"青城山"},"geometry":{"coordinates":[103.605081,30.894901],"type":"Point"}},{"type":"Feature","properties":{"name":"丈亭"},"geometry":{"coordinates":[121.285042,30.018189],"type":"Point"}},{"type":"Feature","properties":{"name":"彬州东"},"geometry":{"coordinates":[108.120157,35.036179],"type":"Point"}},{"type":"Feature","properties":{"name":"咸阳北"},"geometry":{"coordinates":[108.669671,34.420293],"type":"Point"}},{"type":"Feature","properties":{"name":"雷麻店"},"geometry":{"coordinates":[117.028659,31.789495],"type":"Point"}},{"type":"Feature","properties":{"name":"黄埔"},"geometry":{"coordinates":[113.43856,23.096457],"type":"Point"}},{"type":"Feature","properties":{"name":"戴集"},"geometry":{"coordinates":[117.186625,32.396994],"type":"Point"}},{"type":"Feature","properties":{"name":"中垾"},"geometry":{"coordinates":[117.753841,31.667042],"type":"Point"}},{"type":"Feature","properties":{"name":"刘府"},"geometry":{"coordinates":[117.329419,32.800399],"type":"Point"}},{"type":"Feature","properties":{"name":"西泉街"},"geometry":{"coordinates":[117.274042,32.762945],"type":"Point"}},{"type":"Feature","properties":{"name":"武店"},"geometry":{"coordinates":[117.284841,32.694988],"type":"Point"}},{"type":"Feature","properties":{"name":"年家岗"},"geometry":{"coordinates":[117.256715,32.612077],"type":"Point"}},{"type":"Feature","properties":{"name":"水家湖"},"geometry":{"coordinates":[117.164088,32.485362],"type":"Point"}},{"type":"Feature","properties":{"name":"孟庙"},"geometry":{"coordinates":[114.011125,33.627409],"type":"Point"}},{"type":"Feature","properties":{"name":"三汊埠"},"geometry":{"coordinates":[114.056363,30.94268],"type":"Point"}},{"type":"Feature","properties":{"name":"孝感"},"geometry":{"coordinates":[113.924101,30.957805],"type":"Point"}},{"type":"Feature","properties":{"name":"李家寨"},"geometry":{"coordinates":[114.094144,31.89764],"type":"Point"}},{"type":"Feature","properties":{"name":"李新店"},"geometry":{"coordinates":[114.041785,32.538058],"type":"Point"}},{"type":"Feature","properties":{"name":"安家湾"},"geometry":{"coordinates":[105.949456,32.388231],"type":"Point"}},{"type":"Feature","properties":{"name":"潖江口"},"geometry":{"coordinates":[113.22484,23.750233],"type":"Point"}},{"type":"Feature","properties":{"name":"沙口"},"geometry":{"coordinates":[113.521548,24.419561],"type":"Point"}},{"type":"Feature","properties":{"name":"海棠寺"},"geometry":{"coordinates":[113.635122,34.778668],"type":"Point"}},{"type":"Feature","properties":{"name":"沙河市"},"geometry":{"coordinates":[114.491162,36.860751],"type":"Point"}},{"type":"Feature","properties":{"name":"小康庄"},"geometry":{"coordinates":[114.490885,37.009896],"type":"Point"}},{"type":"Feature","properties":{"name":"上陵"},"geometry":{"coordinates":[114.98434,24.604248],"type":"Point"}},{"type":"Feature","properties":{"name":"商丘北"},"geometry":{"coordinates":[115.660002,34.486414],"type":"Point"}},{"type":"Feature","properties":{"name":"北京北"},"geometry":{"coordinates":[116.346187,39.945906],"type":"Point"}},{"type":"Feature","properties":{"name":"张阁庄"},"geometry":{"coordinates":[115.759689,34.412849],"type":"Point"}},{"type":"Feature","properties":{"name":"圃田"},"geometry":{"coordinates":[113.798028,34.736739],"type":"Point"}},{"type":"Feature","properties":{"name":"郜营"},"geometry":{"coordinates":[112.142867,32.165559],"type":"Point"}},{"type":"Feature","properties":{"name":"耿坡"},"geometry":{"coordinates":[112.115173,32.315832],"type":"Point"}},{"type":"Feature","properties":{"name":"宝丰"},"geometry":{"coordinates":[113.040788,33.856835],"type":"Point"}},{"type":"Feature","properties":{"name":"开平南"},"geometry":{"coordinates":[112.670671,22.321982],"type":"Point"}},{"type":"Feature","properties":{"name":"东坡"},"geometry":{"coordinates":[112.916408,35.38549],"type":"Point"}},{"type":"Feature","properties":{"name":"郑州北"},"geometry":{"coordinates":[113.617183,34.790167],"type":"Point"}},{"type":"Feature","properties":{"name":"五里堡"},"geometry":{"coordinates":[113.678418,34.711806],"type":"Point"}},{"type":"Feature","properties":{"name":"东双桥"},"geometry":{"coordinates":[113.585318,34.854365],"type":"Point"}},{"type":"Feature","properties":{"name":"南阳西"},"geometry":{"coordinates":[112.434154,33.002797],"type":"Point"}},{"type":"Feature","properties":{"name":"新乡西"},"geometry":{"coordinates":[113.81292,35.279168],"type":"Point"}},{"type":"Feature","properties":{"name":"马棚"},"geometry":{"coordinates":[112.081897,32.131631],"type":"Point"}},{"type":"Feature","properties":{"name":"铁山庙"},"geometry":{"coordinates":[113.516576,33.329601],"type":"Point"}},{"type":"Feature","properties":{"name":"梁八台"},"geometry":{"coordinates":[113.495089,33.36398],"type":"Point"}},{"type":"Feature","properties":{"name":"平顶山东"},"geometry":{"coordinates":[113.38657,33.737219],"type":"Point"}},{"type":"Feature","properties":{"name":"平顶山"},"geometry":{"coordinates":[113.297877,33.72015],"type":"Point"}},{"type":"Feature","properties":{"name":"漯河东"},"geometry":{"coordinates":[114.063289,33.545631],"type":"Point"}},{"type":"Feature","properties":{"name":"首山"},"geometry":{"coordinates":[113.419292,33.817282],"type":"Point"}},{"type":"Feature","properties":{"name":"范庄"},"geometry":{"coordinates":[113.450355,33.803962],"type":"Point"}},{"type":"Feature","properties":{"name":"西贾"},"geometry":{"coordinates":[113.365251,34.157064],"type":"Point"}},{"type":"Feature","properties":{"name":"阜阳北"},"geometry":{"coordinates":[115.864686,32.97233],"type":"Point"}},{"type":"Feature","properties":{"name":"颍泉"},"geometry":{"coordinates":[115.852468,32.96971],"type":"Point"}},{"type":"Feature","properties":{"name":"江西村"},"geometry":{"coordinates":[108.119391,22.775207],"type":"Point"}},{"type":"Feature","properties":{"name":"南化"},"geometry":{"coordinates":[108.278993,22.792652],"type":"Point"}},{"type":"Feature","properties":{"name":"安靖"},"geometry":{"coordinates":[104.034279,30.739919],"type":"Point"}},{"type":"Feature","properties":{"name":"南平镇"},"geometry":{"coordinates":[106.960546,29.118813],"type":"Point"}},{"type":"Feature","properties":{"name":"万盛"},"geometry":{"coordinates":[106.871422,28.975666],"type":"Point"}},{"type":"Feature","properties":{"name":"砚石台"},"geometry":{"coordinates":[106.92527,29.001849],"type":"Point"}},{"type":"Feature","properties":{"name":"三江东"},"geometry":{"coordinates":[106.73718,28.93681],"type":"Point"}},{"type":"Feature","properties":{"name":"谷口河"},"geometry":{"coordinates":[106.873305,28.945054],"type":"Point"}},{"type":"Feature","properties":{"name":"万盛东"},"geometry":{"coordinates":[106.932516,28.945747],"type":"Point"}},{"type":"Feature","properties":{"name":"黎明"},"geometry":{"coordinates":[126.678401,45.641758],"type":"Point"}},{"type":"Feature","properties":{"name":"焦作西"},"geometry":{"coordinates":[113.055947,35.208937],"type":"Point"}},{"type":"Feature","properties":{"name":"南通西"},"geometry":{"coordinates":[120.761125,32.103596],"type":"Point"}},{"type":"Feature","properties":{"name":"万盛南"},"geometry":{"coordinates":[106.905093,28.949123],"type":"Point"}},{"type":"Feature","properties":{"name":"临泽"},"geometry":{"coordinates":[100.158409,39.156294],"type":"Point"}},{"type":"Feature","properties":{"name":"小营"},"geometry":{"coordinates":[118.088957,37.281006],"type":"Point"}},{"type":"Feature","properties":{"name":"潍坊港"},"geometry":{"coordinates":[119.061145,37.116163],"type":"Point"}},{"type":"Feature","properties":{"name":"利津南"},"geometry":{"coordinates":[118.16902,37.406459],"type":"Point"}},{"type":"Feature","properties":{"name":"利津"},"geometry":{"coordinates":[118.187608,37.469532],"type":"Point"}},{"type":"Feature","properties":{"name":"惠阳东"},"geometry":{"coordinates":[114.501747,22.803788],"type":"Point"}},{"type":"Feature","properties":{"name":"大亚湾"},"geometry":{"coordinates":[114.541681,22.758256],"type":"Point"}},{"type":"Feature","properties":{"name":"白沙洲"},"geometry":{"coordinates":[112.618286,26.830082],"type":"Point"}},{"type":"Feature","properties":{"name":"廿里堡"},"geometry":{"coordinates":[106.277604,35.937813],"type":"Point"}},{"type":"Feature","properties":{"name":"合肥西"},"geometry":{"coordinates":[117.228256,31.873908],"type":"Point"}},{"type":"Feature","properties":{"name":"蜀山东"},"geometry":{"coordinates":[117.210919,31.834182],"type":"Point"}},{"type":"Feature","properties":{"name":"后马庄"},"geometry":{"coordinates":[117.323478,34.225234],"type":"Point"}},{"type":"Feature","properties":{"name":"青岛北"},"geometry":{"coordinates":[120.368056,36.169241],"type":"Point"}},{"type":"Feature","properties":{"name":"娄山"},"geometry":{"coordinates":[120.378915,36.22052],"type":"Point"}},{"type":"Feature","properties":{"name":"舞阳"},"geometry":{"coordinates":[113.611609,33.429255],"type":"Point"}},{"type":"Feature","properties":{"name":"马庄"},"geometry":{"coordinates":[116.452039,33.626252],"type":"Point"}},{"type":"Feature","properties":{"name":"淮北"},"geometry":{"coordinates":[116.797149,33.96902],"type":"Point"}},{"type":"Feature","properties":{"name":"漳县"},"geometry":{"coordinates":[104.1556,34.71818],"type":"Point"}},{"type":"Feature","properties":{"name":"临江铺"},"geometry":{"coordinates":[104.520474,33.971276],"type":"Point"}},{"type":"Feature","properties":{"name":"雅园"},"geometry":{"coordinates":[104.555217,33.615264],"type":"Point"}},{"type":"Feature","properties":{"name":"枫相院"},"geometry":{"coordinates":[105.277362,32.954037],"type":"Point"}},{"type":"Feature","properties":{"name":"桔柑"},"geometry":{"coordinates":[105.101358,33.288098],"type":"Point"}},{"type":"Feature","properties":{"name":"梁家坪"},"geometry":{"coordinates":[104.471145,35.709757],"type":"Point"}},{"type":"Feature","properties":{"name":"范镇"},"geometry":{"coordinates":[117.392604,36.218475],"type":"Point"}},{"type":"Feature","properties":{"name":"西桐古"},"geometry":{"coordinates":[118.148048,36.561863],"type":"Point"}},{"type":"Feature","properties":{"name":"刘征"},"geometry":{"coordinates":[118.205042,36.697498],"type":"Point"}},{"type":"Feature","properties":{"name":"南仇"},"geometry":{"coordinates":[118.249241,36.747566],"type":"Point"}},{"type":"Feature","properties":{"name":"临淄"},"geometry":{"coordinates":[118.3026,36.804884],"type":"Point"}},{"type":"Feature","properties":{"name":"董家口南"},"geometry":{"coordinates":[119.749078,35.654609],"type":"Point"}},{"type":"Feature","properties":{"name":"灵井"},"geometry":{"coordinates":[113.673291,34.066425],"type":"Point"}},{"type":"Feature","properties":{"name":"辛安"},"geometry":{"coordinates":[113.699433,33.44646],"type":"Point"}},{"type":"Feature","properties":{"name":"舞钢"},"geometry":{"coordinates":[113.520229,33.340624],"type":"Point"}},{"type":"Feature","properties":{"name":"寺坡"},"geometry":{"coordinates":[113.512491,33.284524],"type":"Point"}},{"type":"Feature","properties":{"name":"荆山"},"geometry":{"coordinates":[113.329159,33.690156],"type":"Point"}},{"type":"Feature","properties":{"name":"申西"},"geometry":{"coordinates":[113.329248,33.747903],"type":"Point"}},{"type":"Feature","properties":{"name":"苗圃"},"geometry":{"coordinates":[113.137215,33.807588],"type":"Point"}},{"type":"Feature","properties":{"name":"余官营"},"geometry":{"coordinates":[113.134369,33.809061],"type":"Point"}},{"type":"Feature","properties":{"name":"权庄"},"geometry":{"coordinates":[117.363159,36.720795],"type":"Point"}},{"type":"Feature","properties":{"name":"董家镇"},"geometry":{"coordinates":[117.268867,36.758597],"type":"Point"}},{"type":"Feature","properties":{"name":"晏城北"},"geometry":{"coordinates":[116.690962,36.837208],"type":"Point"}},{"type":"Feature","properties":{"name":"叶县"},"geometry":{"coordinates":[113.340937,33.612721],"type":"Point"}},{"type":"Feature","properties":{"name":"矿区铁路中心站"},"geometry":{"coordinates":[113.298362,33.751877],"type":"Point"}},{"type":"Feature","properties":{"name":"柏楼"},"geometry":{"coordinates":[113.336841,33.723358],"type":"Point"}},{"type":"Feature","properties":{"name":"姚孟"},"geometry":{"coordinates":[113.22716,33.752834],"type":"Point"}},{"type":"Feature","properties":{"name":"泗安"},"geometry":{"coordinates":[119.666848,30.918766],"type":"Point"}},{"type":"Feature","properties":{"name":"新城乡"},"geometry":{"coordinates":[106.195167,34.820212],"type":"Point"}},{"type":"Feature","properties":{"name":"天河"},"geometry":{"coordinates":[106.250486,34.889053],"type":"Point"}},{"type":"Feature","properties":{"name":"长武"},"geometry":{"coordinates":[107.817838,35.272852],"type":"Point"}},{"type":"Feature","properties":{"name":"长庆桥"},"geometry":{"coordinates":[107.747615,35.314698],"type":"Point"}},{"type":"Feature","properties":{"name":"新集"},"geometry":{"coordinates":[106.800199,33.025645],"type":"Point"}},{"type":"Feature","properties":{"name":"城厢"},"geometry":{"coordinates":[104.315125,30.837277],"type":"Point"}},{"type":"Feature","properties":{"name":"集北"},"geometry":{"coordinates":[109.492813,34.898439],"type":"Point"}},{"type":"Feature","properties":{"name":"石窑店"},"geometry":{"coordinates":[110.435883,39.122122],"type":"Point"}},{"type":"Feature","properties":{"name":"临潼北"},"geometry":{"coordinates":[109.201864,34.400572],"type":"Point"}},{"type":"Feature","properties":{"name":"南五台"},"geometry":{"coordinates":[108.985627,34.016702],"type":"Point"}},{"type":"Feature","properties":{"name":"杨家河"},"geometry":{"coordinates":[107.592734,34.654741],"type":"Point"}},{"type":"Feature","properties":{"name":"棕溪"},"geometry":{"coordinates":[109.55656,32.871689],"type":"Point"}},{"type":"Feature","properties":{"name":"青莲"},"geometry":{"coordinates":[104.699269,31.6735],"type":"Point"}},{"type":"Feature","properties":{"name":"旌阳"},"geometry":{"coordinates":[104.339927,31.096372],"type":"Point"}},{"type":"Feature","properties":{"name":"五塘"},"geometry":{"coordinates":[108.682208,22.959212],"type":"Point"}},{"type":"Feature","properties":{"name":"青神"},"geometry":{"coordinates":[103.76767,29.851494],"type":"Point"}},{"type":"Feature","properties":{"name":"鲜滩"},"geometry":{"coordinates":[103.755479,29.994129],"type":"Point"}},{"type":"Feature","properties":{"name":"经久"},"geometry":{"coordinates":[102.20967,27.770445],"type":"Point"}},{"type":"Feature","properties":{"name":"黄联关"},"geometry":{"coordinates":[102.200847,27.685107],"type":"Point"}},{"type":"Feature","properties":{"name":"黄水塘"},"geometry":{"coordinates":[102.18866,27.607764],"type":"Point"}},{"type":"Feature","properties":{"name":"麻栗"},"geometry":{"coordinates":[102.190849,27.540122],"type":"Point"}},{"type":"Feature","properties":{"name":"衡阳西"},"geometry":{"coordinates":[112.596154,26.886281],"type":"Point"}},{"type":"Feature","properties":{"name":"三塘"},"geometry":{"coordinates":[112.486283,26.864239],"type":"Point"}},{"type":"Feature","properties":{"name":"谭子山"},"geometry":{"coordinates":[112.333348,26.83896],"type":"Point"}},{"type":"Feature","properties":{"name":"鸡笼街"},"geometry":{"coordinates":[112.241217,26.845945],"type":"Point"}},{"type":"Feature","properties":{"name":"白鹤铺"},"geometry":{"coordinates":[112.173,26.778078],"type":"Point"}},{"type":"Feature","properties":{"name":"祁东西"},"geometry":{"coordinates":[112.000526,26.800205],"type":"Point"}},{"type":"Feature","properties":{"name":"白地市"},"geometry":{"coordinates":[111.932456,26.781704],"type":"Point"}},{"type":"Feature","properties":{"name":"大村甸"},"geometry":{"coordinates":[111.771634,26.664985],"type":"Point"}},{"type":"Feature","properties":{"name":"黄阳司"},"geometry":{"coordinates":[111.700228,26.598809],"type":"Point"}},{"type":"Feature","properties":{"name":"滩头湾"},"geometry":{"coordinates":[111.540463,26.42792],"type":"Point"}},{"type":"Feature","properties":{"name":"蓝家村"},"geometry":{"coordinates":[111.486444,26.413663],"type":"Point"}},{"type":"Feature","properties":{"name":"井头墟"},"geometry":{"coordinates":[111.400578,26.397199],"type":"Point"}},{"type":"Feature","properties":{"name":"紫溪"},"geometry":{"coordinates":[111.242059,26.333999],"type":"Point"}},{"type":"Feature","properties":{"name":"黄土井"},"geometry":{"coordinates":[111.233326,26.252296],"type":"Point"}},{"type":"Feature","properties":{"name":"庙头"},"geometry":{"coordinates":[111.219843,26.169874],"type":"Point"}},{"type":"Feature","properties":{"name":"黄沙河"},"geometry":{"coordinates":[111.212161,26.095006],"type":"Point"}},{"type":"Feature","properties":{"name":"永岁"},"geometry":{"coordinates":[111.130853,26.028821],"type":"Point"}},{"type":"Feature","properties":{"name":"全州南"},"geometry":{"coordinates":[111.036511,25.956093],"type":"Point"}},{"type":"Feature","properties":{"name":"才湾"},"geometry":{"coordinates":[110.954842,25.939108],"type":"Point"}},{"type":"Feature","properties":{"name":"绍水"},"geometry":{"coordinates":[110.85723,25.878442],"type":"Point"}},{"type":"Feature","properties":{"name":"咸水"},"geometry":{"coordinates":[110.78595,25.81407],"type":"Point"}},{"type":"Feature","properties":{"name":"百里村"},"geometry":{"coordinates":[110.737141,25.731979],"type":"Point"}},{"type":"Feature","properties":{"name":"南塘"},"geometry":{"coordinates":[110.695488,25.676374],"type":"Point"}},{"type":"Feature","properties":{"name":"严关乡"},"geometry":{"coordinates":[110.568579,25.609989],"type":"Point"}},{"type":"Feature","properties":{"name":"凉风桥"},"geometry":{"coordinates":[110.405992,25.50669],"type":"Point"}},{"type":"Feature","properties":{"name":"三街"},"geometry":{"coordinates":[110.370218,25.463437],"type":"Point"}},{"type":"Feature","properties":{"name":"灵川"},"geometry":{"coordinates":[110.309945,25.39789],"type":"Point"}},{"type":"Feature","properties":{"name":"横山"},"geometry":{"coordinates":[110.128511,25.16892],"type":"Point"}},{"type":"Feature","properties":{"name":"大溪河"},"geometry":{"coordinates":[110.054793,25.092443],"type":"Point"}},{"type":"Feature","properties":{"name":"塘堡"},"geometry":{"coordinates":[110.008244,25.040889],"type":"Point"}},{"type":"Feature","properties":{"name":"葡萄"},"geometry":{"coordinates":[109.994797,24.912659],"type":"Point"}},{"type":"Feature","properties":{"name":"亲睦村"},"geometry":{"coordinates":[109.995221,24.829883],"type":"Point"}},{"type":"Feature","properties":{"name":"石祥"},"geometry":{"coordinates":[109.99971,24.861819],"type":"Point"}},{"type":"Feature","properties":{"name":"矮岭"},"geometry":{"coordinates":[109.941416,24.804094],"type":"Point"}},{"type":"Feature","properties":{"name":"波寨"},"geometry":{"coordinates":[109.881123,24.778429],"type":"Point"}},{"type":"Feature","properties":{"name":"大端河"},"geometry":{"coordinates":[109.856371,24.705482],"type":"Point"}},{"type":"Feature","properties":{"name":"黄冕"},"geometry":{"coordinates":[109.849526,24.670894],"type":"Point"}},{"type":"Feature","properties":{"name":"幽兰"},"geometry":{"coordinates":[109.813864,24.6123],"type":"Point"}},{"type":"Feature","properties":{"name":"新村"},"geometry":{"coordinates":[109.801208,24.552605],"type":"Point"}},{"type":"Feature","properties":{"name":"对亭"},"geometry":{"coordinates":[109.674555,24.436284],"type":"Point"}},{"type":"Feature","properties":{"name":"雒容"},"geometry":{"coordinates":[109.600187,24.408734],"type":"Point"}},{"type":"Feature","properties":{"name":"白山"},"geometry":{"coordinates":[109.265266,24.048802],"type":"Point"}},{"type":"Feature","properties":{"name":"凤凰"},"geometry":{"coordinates":[109.279095,23.926758],"type":"Point"}},{"type":"Feature","properties":{"name":"良江"},"geometry":{"coordinates":[109.188234,23.648652],"type":"Point"}},{"type":"Feature","properties":{"name":"平塘"},"geometry":{"coordinates":[109.149179,23.558168],"type":"Point"}},{"type":"Feature","properties":{"name":"小平阳"},"geometry":{"coordinates":[109.148506,23.417351],"type":"Point"}},{"type":"Feature","properties":{"name":"稔竹"},"geometry":{"coordinates":[109.035576,23.106095],"type":"Point"}},{"type":"Feature","properties":{"name":"维罗"},"geometry":{"coordinates":[108.037144,22.750513],"type":"Point"}},{"type":"Feature","properties":{"name":"凭祥北"},"geometry":{"coordinates":[106.754827,22.106743],"type":"Point"}},{"type":"Feature","properties":{"name":"南充西"},"geometry":{"coordinates":[106.010495,30.806682],"type":"Point"}},{"type":"Feature","properties":{"name":"大通"},"geometry":{"coordinates":[105.827783,30.730909],"type":"Point"}},{"type":"Feature","properties":{"name":"隘口"},"geometry":{"coordinates":[106.714473,22.005008],"type":"Point"}},{"type":"Feature","properties":{"name":"遂宁西"},"geometry":{"coordinates":[105.447659,30.557146],"type":"Point"}},{"type":"Feature","properties":{"name":"星光"},"geometry":{"coordinates":[105.352579,30.581171],"type":"Point"}},{"type":"Feature","properties":{"name":"仓山镇"},"geometry":{"coordinates":[105.057473,30.631742],"type":"Point"}},{"type":"Feature","properties":{"name":"玉峰"},"geometry":{"coordinates":[105.162727,30.596789],"type":"Point"}},{"type":"Feature","properties":{"name":"会龙"},"geometry":{"coordinates":[105.004462,30.66178],"type":"Point"}},{"type":"Feature","properties":{"name":"梓潼"},"geometry":{"coordinates":[104.939071,30.691037],"type":"Point"}},{"type":"Feature","properties":{"name":"积金"},"geometry":{"coordinates":[104.867454,30.689935],"type":"Point"}},{"type":"Feature","properties":{"name":"转龙"},"geometry":{"coordinates":[104.789529,30.69522],"type":"Point"}},{"type":"Feature","properties":{"name":"隆盛"},"geometry":{"coordinates":[104.697661,30.700539],"type":"Point"}},{"type":"Feature","properties":{"name":"高板"},"geometry":{"coordinates":[104.634763,30.72318],"type":"Point"}},{"type":"Feature","properties":{"name":"锦州北"},"geometry":{"coordinates":[121.121419,41.179248],"type":"Point"}},{"type":"Feature","properties":{"name":"温家店"},"geometry":{"coordinates":[104.439952,30.814992],"type":"Point"}},{"type":"Feature","properties":{"name":"道观音"},"geometry":{"coordinates":[104.501548,30.768047],"type":"Point"}},{"type":"Feature","properties":{"name":"六景东"},"geometry":{"coordinates":[108.976523,22.802636],"type":"Point"}},{"type":"Feature","properties":{"name":"沙坪"},"geometry":{"coordinates":[108.945908,22.501628],"type":"Point"}},{"type":"Feature","properties":{"name":"陆屋"},"geometry":{"coordinates":[108.87441,22.306713],"type":"Point"}},{"type":"Feature","properties":{"name":"平吉"},"geometry":{"coordinates":[108.732644,22.14645],"type":"Point"}},{"type":"Feature","properties":{"name":"旺乡岭"},"geometry":{"coordinates":[109.059895,21.719263],"type":"Point"}},{"type":"Feature","properties":{"name":"大溶江北"},"geometry":{"coordinates":[110.455153,25.575476],"type":"Point"}},{"type":"Feature","properties":{"name":"松川"},"geometry":{"coordinates":[110.807309,25.856468],"type":"Point"}},{"type":"Feature","properties":{"name":"庙头西"},"geometry":{"coordinates":[111.20744,26.154274],"type":"Point"}},{"type":"Feature","properties":{"name":"谭子山南"},"geometry":{"coordinates":[112.329632,26.830693],"type":"Point"}},{"type":"Feature","properties":{"name":"武村"},"geometry":{"coordinates":[112.572505,34.997172],"type":"Point"}},{"type":"Feature","properties":{"name":"伊川"},"geometry":{"coordinates":[112.483295,34.41703],"type":"Point"}},{"type":"Feature","properties":{"name":"草店"},"geometry":{"coordinates":[112.787737,33.65783],"type":"Point"}},{"type":"Feature","properties":{"name":"蒲山店"},"geometry":{"coordinates":[112.580878,33.110438],"type":"Point"}},{"type":"Feature","properties":{"name":"韩堂"},"geometry":{"coordinates":[112.371025,32.932362],"type":"Point"}},{"type":"Feature","properties":{"name":"夏集"},"geometry":{"coordinates":[112.141309,32.783315],"type":"Point"}},{"type":"Feature","properties":{"name":"构林"},"geometry":{"coordinates":[112.079567,32.495406],"type":"Point"}},{"type":"Feature","properties":{"name":"房庄"},"geometry":{"coordinates":[113.454123,33.413887],"type":"Point"}},{"type":"Feature","properties":{"name":"仙台"},"geometry":{"coordinates":[113.437923,33.533053],"type":"Point"}},{"type":"Feature","properties":{"name":"洛岗"},"geometry":{"coordinates":[113.545975,33.71893],"type":"Point"}},{"type":"Feature","properties":{"name":"褚河"},"geometry":{"coordinates":[113.564414,34.105202],"type":"Point"}},{"type":"Feature","properties":{"name":"苏桥西"},"geometry":{"coordinates":[113.76294,34.121957],"type":"Point"}},{"type":"Feature","properties":{"name":"苏桥"},"geometry":{"coordinates":[113.788387,34.130454],"type":"Point"}},{"type":"Feature","properties":{"name":"大刘"},"geometry":{"coordinates":[113.909148,33.511006],"type":"Point"}},{"type":"Feature","properties":{"name":"吴城"},"geometry":{"coordinates":[113.747476,33.458619],"type":"Point"}},{"type":"Feature","properties":{"name":"漯河南"},"geometry":{"coordinates":[114.009326,33.542885],"type":"Point"}},{"type":"Feature","properties":{"name":"丁营"},"geometry":{"coordinates":[113.632712,33.729355],"type":"Point"}},{"type":"Feature","properties":{"name":"邓李"},"geometry":{"coordinates":[113.523986,33.697003],"type":"Point"}},{"type":"Feature","properties":{"name":"伏牛溪"},"geometry":{"coordinates":[106.467679,29.399649],"type":"Point"}},{"type":"Feature","properties":{"name":"茄子溪"},"geometry":{"coordinates":[106.500205,29.428525],"type":"Point"}},{"type":"Feature","properties":{"name":"大渡口"},"geometry":{"coordinates":[106.491521,29.4715],"type":"Point"}},{"type":"Feature","properties":{"name":"虎掌"},"geometry":{"coordinates":[112.591665,34.294331],"type":"Point"}},{"type":"Feature","properties":{"name":"半坡"},"geometry":{"coordinates":[112.711817,34.375623],"type":"Point"}},{"type":"Feature","properties":{"name":"马岭山"},"geometry":{"coordinates":[112.789779,34.379031],"type":"Point"}},{"type":"Feature","properties":{"name":"安庙"},"geometry":{"coordinates":[112.981844,34.359105],"type":"Point"}},{"type":"Feature","properties":{"name":"白坪"},"geometry":{"coordinates":[113.076096,34.373092],"type":"Point"}},{"type":"Feature","properties":{"name":"告成"},"geometry":{"coordinates":[113.153566,34.399157],"type":"Point"}},{"type":"Feature","properties":{"name":"刘碑"},"geometry":{"coordinates":[113.201388,34.414209],"type":"Point"}},{"type":"Feature","properties":{"name":"平陌"},"geometry":{"coordinates":[113.305182,34.458341],"type":"Point"}},{"type":"Feature","properties":{"name":"大平"},"geometry":{"coordinates":[113.280772,34.444987],"type":"Point"}},{"type":"Feature","properties":{"name":"超化"},"geometry":{"coordinates":[113.415734,34.449496],"type":"Point"}},{"type":"Feature","properties":{"name":"花石"},"geometry":{"coordinates":[113.285063,34.268549],"type":"Point"}},{"type":"Feature","properties":{"name":"方岗"},"geometry":{"coordinates":[113.348841,34.176009],"type":"Point"}},{"type":"Feature","properties":{"name":"黄榆店"},"geometry":{"coordinates":[113.46902,34.073399],"type":"Point"}},{"type":"Feature","properties":{"name":"襄城"},"geometry":{"coordinates":[113.462545,33.877103],"type":"Point"}},{"type":"Feature","properties":{"name":"十三矿"},"geometry":{"coordinates":[113.38121,33.882024],"type":"Point"}},{"type":"Feature","properties":{"name":"彭庄"},"geometry":{"coordinates":[113.005208,33.855794],"type":"Point"}},{"type":"Feature","properties":{"name":"料石厂"},"geometry":{"coordinates":[112.967668,33.844338],"type":"Point"}},{"type":"Feature","properties":{"name":"军营沟"},"geometry":{"coordinates":[112.898713,33.8657],"type":"Point"}},{"type":"Feature","properties":{"name":"大庄矿"},"geometry":{"coordinates":[112.884491,33.871411],"type":"Point"}},{"type":"Feature","properties":{"name":"高庄"},"geometry":{"coordinates":[112.862318,33.901087],"type":"Point"}},{"type":"Feature","properties":{"name":"九矿"},"geometry":{"coordinates":[113.197392,33.788729],"type":"Point"}},{"type":"Feature","properties":{"name":"七矿"},"geometry":{"coordinates":[113.260301,33.755509],"type":"Point"}},{"type":"Feature","properties":{"name":"五矿"},"geometry":{"coordinates":[113.224674,33.78267],"type":"Point"}},{"type":"Feature","properties":{"name":"大庄"},"geometry":{"coordinates":[112.879676,33.879274],"type":"Point"}},{"type":"Feature","properties":{"name":"八矿"},"geometry":{"coordinates":[113.426443,33.754514],"type":"Point"}},{"type":"Feature","properties":{"name":"黄庄"},"geometry":{"coordinates":[113.595016,33.644822],"type":"Point"}},{"type":"Feature","properties":{"name":"龙桂"},"geometry":{"coordinates":[106.096924,31.067615],"type":"Point"}},{"type":"Feature","properties":{"name":"南充南"},"geometry":{"coordinates":[106.04953,30.581209],"type":"Point"}},{"type":"Feature","properties":{"name":"观音坝"},"geometry":{"coordinates":[105.862508,32.5963],"type":"Point"}},{"type":"Feature","properties":{"name":"走马岭"},"geometry":{"coordinates":[105.7057,32.412401],"type":"Point"}},{"type":"Feature","properties":{"name":"竹园坝"},"geometry":{"coordinates":[105.331868,32.228892],"type":"Point"}},{"type":"Feature","properties":{"name":"斑竹园"},"geometry":{"coordinates":[105.171937,32.202192],"type":"Point"}},{"type":"Feature","properties":{"name":"二郎庙"},"geometry":{"coordinates":[105.095061,32.04102],"type":"Point"}},{"type":"Feature","properties":{"name":"双河口"},"geometry":{"coordinates":[104.874919,31.864837],"type":"Point"}},{"type":"Feature","properties":{"name":"绵阳北"},"geometry":{"coordinates":[104.723248,31.559492],"type":"Point"}},{"type":"Feature","properties":{"name":"三合场"},"geometry":{"coordinates":[104.74303,31.735012],"type":"Point"}},{"type":"Feature","properties":{"name":"黄许镇"},"geometry":{"coordinates":[104.406587,31.236697],"type":"Point"}},{"type":"Feature","properties":{"name":"昌邑"},"geometry":{"coordinates":[119.457438,36.795517],"type":"Point"}},{"type":"Feature","properties":{"name":"狮岭"},"geometry":{"coordinates":[113.143072,23.45667],"type":"Point"}},{"type":"Feature","properties":{"name":"范店子"},"geometry":{"coordinates":[103.459737,29.32507],"type":"Point"}},{"type":"Feature","properties":{"name":"金口河南"},"geometry":{"coordinates":[103.008659,29.190466],"type":"Point"}},{"type":"Feature","properties":{"name":"特克"},"geometry":{"coordinates":[102.858791,29.114592],"type":"Point"}},{"type":"Feature","properties":{"name":"曼滩"},"geometry":{"coordinates":[102.634439,28.863596],"type":"Point"}},{"type":"Feature","properties":{"name":"安洛"},"geometry":{"coordinates":[102.495484,28.520003],"type":"Point"}},{"type":"Feature","properties":{"name":"喜德西"},"geometry":{"coordinates":[102.275581,28.35759],"type":"Point"}},{"type":"Feature","properties":{"name":"黄水塘南"},"geometry":{"coordinates":[102.192591,27.585689],"type":"Point"}},{"type":"Feature","properties":{"name":"德昌西"},"geometry":{"coordinates":[102.164687,27.400166],"type":"Point"}},{"type":"Feature","properties":{"name":"开远南站"},"geometry":{"coordinates":[103.282554,23.683151],"type":"Point"}},{"type":"Feature","properties":{"name":"竹园"},"geometry":{"coordinates":[103.393978,24.106559],"type":"Point"}},{"type":"Feature","properties":{"name":"久长"},"geometry":{"coordinates":[106.694292,26.961676],"type":"Point"}},{"type":"Feature","properties":{"name":"大港南"},"geometry":{"coordinates":[119.672708,32.135253],"type":"Point"}},{"type":"Feature","properties":{"name":"洪安乡"},"geometry":{"coordinates":[104.333461,30.710529],"type":"Point"}},{"type":"Feature","properties":{"name":"盐城大丰"},"geometry":{"coordinates":[120.336942,33.186104],"type":"Point"}},{"type":"Feature","properties":{"name":"五凤溪"},"geometry":{"coordinates":[104.492591,30.624171],"type":"Point"}},{"type":"Feature","properties":{"name":"石桥镇"},"geometry":{"coordinates":[104.518626,30.420091],"type":"Point"}},{"type":"Feature","properties":{"name":"灵仙庙"},"geometry":{"coordinates":[104.485374,30.577744],"type":"Point"}},{"type":"Feature","properties":{"name":"养马河"},"geometry":{"coordinates":[104.503695,30.508311],"type":"Point"}},{"type":"Feature","properties":{"name":"庙子沟"},"geometry":{"coordinates":[104.612134,30.295506],"type":"Point"}},{"type":"Feature","properties":{"name":"临江寺"},"geometry":{"coordinates":[104.616852,30.22599],"type":"Point"}},{"type":"Feature","properties":{"name":"墨池坝"},"geometry":{"coordinates":[104.664087,30.205568],"type":"Point"}},{"type":"Feature","properties":{"name":"登瀛崖"},"geometry":{"coordinates":[104.727089,29.909851],"type":"Point"}},{"type":"Feature","properties":{"name":"长沙埂"},"geometry":{"coordinates":[104.660692,30.005034],"type":"Point"}},{"type":"Feature","properties":{"name":"顺河场"},"geometry":{"coordinates":[104.659208,29.944722],"type":"Point"}},{"type":"Feature","properties":{"name":"银山镇"},"geometry":{"coordinates":[104.972983,29.683442],"type":"Point"}},{"type":"Feature","properties":{"name":"茅店子"},"geometry":{"coordinates":[104.909951,29.739919],"type":"Point"}},{"type":"Feature","properties":{"name":"史家乡"},"geometry":{"coordinates":[104.997524,29.639439],"type":"Point"}},{"type":"Feature","properties":{"name":"牌楼"},"geometry":{"coordinates":[105.063277,29.568995],"type":"Point"}},{"type":"Feature","properties":{"name":"椑木镇"},"geometry":{"coordinates":[105.092706,29.509636],"type":"Point"}},{"type":"Feature","properties":{"name":"李市镇"},"geometry":{"coordinates":[105.393379,29.315832],"type":"Point"}},{"type":"Feature","properties":{"name":"石柱槽"},"geometry":{"coordinates":[107.593881,31.456793],"type":"Point"}},{"type":"Feature","properties":{"name":"临巴溪"},"geometry":{"coordinates":[107.067706,30.88592],"type":"Point"}},{"type":"Feature","properties":{"name":"望溪"},"geometry":{"coordinates":[106.950952,30.645721],"type":"Point"}},{"type":"Feature","properties":{"name":"尚庄"},"geometry":{"coordinates":[113.606229,34.46882],"type":"Point"}},{"type":"Feature","properties":{"name":"新郑北"},"geometry":{"coordinates":[113.726196,34.405624],"type":"Point"}},{"type":"Feature","properties":{"name":"元坝"},"geometry":{"coordinates":[105.967952,32.32201],"type":"Point"}},{"type":"Feature","properties":{"name":"尚武"},"geometry":{"coordinates":[106.120981,32.227699],"type":"Point"}},{"type":"Feature","properties":{"name":"白水"},"geometry":{"coordinates":[106.026331,32.259546],"type":"Point"}},{"type":"Feature","properties":{"name":"嘉川"},"geometry":{"coordinates":[106.20286,32.21071],"type":"Point"}},{"type":"Feature","properties":{"name":"旺苍"},"geometry":{"coordinates":[106.262032,32.231427],"type":"Point"}},{"type":"Feature","properties":{"name":"普济"},"geometry":{"coordinates":[106.453573,32.23916],"type":"Point"}},{"type":"Feature","properties":{"name":"黄洋"},"geometry":{"coordinates":[106.359889,32.240633],"type":"Point"}},{"type":"Feature","properties":{"name":"乐坝"},"geometry":{"coordinates":[106.676098,32.261765],"type":"Point"}},{"type":"Feature","properties":{"name":"三江坝"},"geometry":{"coordinates":[106.533867,32.240985],"type":"Point"}},{"type":"Feature","properties":{"name":"坑坑店"},"geometry":{"coordinates":[106.606575,32.25726],"type":"Point"}},{"type":"Feature","properties":{"name":"兰草"},"geometry":{"coordinates":[107.010699,31.627675],"type":"Point"}},{"type":"Feature","properties":{"name":"白衣"},"geometry":{"coordinates":[107.089921,31.449023],"type":"Point"}},{"type":"Feature","properties":{"name":"石桥"},"geometry":{"coordinates":[107.119632,31.328016],"type":"Point"}},{"type":"Feature","properties":{"name":"文崇"},"geometry":{"coordinates":[107.185681,31.168892],"type":"Point"}},{"type":"Feature","properties":{"name":"银盏坳"},"geometry":{"coordinates":[113.131667,23.571135],"type":"Point"}},{"type":"Feature","properties":{"name":"铁佛"},"geometry":{"coordinates":[104.622094,29.783608],"type":"Point"}},{"type":"Feature","properties":{"name":"连界"},"geometry":{"coordinates":[104.499301,29.745562],"type":"Point"}},{"type":"Feature","properties":{"name":"王场"},"geometry":{"coordinates":[104.674758,29.071885],"type":"Point"}},{"type":"Feature","properties":{"name":"俞冲"},"geometry":{"coordinates":[104.696956,29.220511],"type":"Point"}},{"type":"Feature","properties":{"name":"敬梓场"},"geometry":{"coordinates":[104.660795,28.981673],"type":"Point"}},{"type":"Feature","properties":{"name":"一步滩"},"geometry":{"coordinates":[104.682543,28.889203],"type":"Point"}},{"type":"Feature","properties":{"name":"宜宾南"},"geometry":{"coordinates":[104.541647,28.70752],"type":"Point"}},{"type":"Feature","properties":{"name":"宜宾北"},"geometry":{"coordinates":[104.623116,28.805359],"type":"Point"}},{"type":"Feature","properties":{"name":"豆坝"},"geometry":{"coordinates":[104.481384,28.658549],"type":"Point"}},{"type":"Feature","properties":{"name":"方山"},"geometry":{"coordinates":[105.342062,28.821554],"type":"Point"}},{"type":"Feature","properties":{"name":"护国"},"geometry":{"coordinates":[105.35746,28.576843],"type":"Point"}},{"type":"Feature","properties":{"name":"兴隆"},"geometry":{"coordinates":[105.376143,28.299305],"type":"Point"}},{"type":"Feature","properties":{"name":"江门镇"},"geometry":{"coordinates":[105.352824,28.44643],"type":"Point"}},{"type":"Feature","properties":{"name":"福溪"},"geometry":{"coordinates":[104.686246,28.670433],"type":"Point"}},{"type":"Feature","properties":{"name":"南岸坝"},"geometry":{"coordinates":[104.649852,28.750325],"type":"Point"}},{"type":"Feature","properties":{"name":"巡场"},"geometry":{"coordinates":[104.704982,28.453834],"type":"Point"}},{"type":"Feature","properties":{"name":"赛金桥"},"geometry":{"coordinates":[104.746289,28.563594],"type":"Point"}},{"type":"Feature","properties":{"name":"金沙湾"},"geometry":{"coordinates":[104.714378,28.476137],"type":"Point"}},{"type":"Feature","properties":{"name":"武家岩"},"geometry":{"coordinates":[104.712625,28.425337],"type":"Point"}},{"type":"Feature","properties":{"name":"小尚"},"geometry":{"coordinates":[113.138419,35.2016],"type":"Point"}},{"type":"Feature","properties":{"name":"柏山"},"geometry":{"coordinates":[113.096242,35.210112],"type":"Point"}},{"type":"Feature","properties":{"name":"卷子榜"},"geometry":{"coordinates":[104.765121,28.40082],"type":"Point"}},{"type":"Feature","properties":{"name":"北马村"},"geometry":{"coordinates":[113.293677,35.259902],"type":"Point"}},{"type":"Feature","properties":{"name":"文昌宫"},"geometry":{"coordinates":[104.643853,28.48085],"type":"Point"}},{"type":"Feature","properties":{"name":"孝儿"},"geometry":{"coordinates":[104.674433,28.268032],"type":"Point"}},{"type":"Feature","properties":{"name":"沐滩"},"geometry":{"coordinates":[104.660557,28.191972],"type":"Point"}},{"type":"Feature","properties":{"name":"苏泊淖尔"},"geometry":{"coordinates":[101.133794,42.309045],"type":"Point"}},{"type":"Feature","properties":{"name":"安富镇"},"geometry":{"coordinates":[105.446944,29.343041],"type":"Point"}},{"type":"Feature","properties":{"name":"广顺场"},"geometry":{"coordinates":[105.52234,29.371383],"type":"Point"}},{"type":"Feature","properties":{"name":"峰高铺"},"geometry":{"coordinates":[105.670455,29.430369],"type":"Point"}},{"type":"Feature","properties":{"name":"大足"},"geometry":{"coordinates":[105.739169,29.432219],"type":"Point"}},{"type":"Feature","properties":{"name":"双石桥"},"geometry":{"coordinates":[105.833744,29.400841],"type":"Point"}},{"type":"Feature","properties":{"name":"栏杆滩"},"geometry":{"coordinates":[105.925278,29.298632],"type":"Point"}},{"type":"Feature","properties":{"name":"民福寺"},"geometry":{"coordinates":[106.466855,29.155072],"type":"Point"}},{"type":"Feature","properties":{"name":"夏坝"},"geometry":{"coordinates":[106.507094,29.075953],"type":"Point"}},{"type":"Feature","properties":{"name":"綦江北"},"geometry":{"coordinates":[106.595438,29.013129],"type":"Point"}},{"type":"Feature","properties":{"name":"转关口"},"geometry":{"coordinates":[106.690216,28.995693],"type":"Point"}},{"type":"Feature","properties":{"name":"东升坝"},"geometry":{"coordinates":[106.678354,28.886859],"type":"Point"}},{"type":"Feature","properties":{"name":"两河口"},"geometry":{"coordinates":[106.716595,28.833936],"type":"Point"}},{"type":"Feature","properties":{"name":"镇紫街"},"geometry":{"coordinates":[106.671088,28.790014],"type":"Point"}},{"type":"Feature","properties":{"name":"赶水北"},"geometry":{"coordinates":[106.698222,28.765437],"type":"Point"}},{"type":"Feature","properties":{"name":"岔滩"},"geometry":{"coordinates":[106.763804,28.718266],"type":"Point"}},{"type":"Feature","properties":{"name":"官牛犋"},"geometry":{"coordinates":[111.206953,39.959104],"type":"Point"}},{"type":"Feature","properties":{"name":"水江"},"geometry":{"coordinates":[107.279553,29.258244],"type":"Point"}},{"type":"Feature","properties":{"name":"鸭江"},"geometry":{"coordinates":[107.395425,29.453315],"type":"Point"}},{"type":"Feature","properties":{"name":"关龙桥"},"geometry":{"coordinates":[107.996924,30.749472],"type":"Point"}},{"type":"Feature","properties":{"name":"三正"},"geometry":{"coordinates":[108.156629,30.769336],"type":"Point"}},{"type":"Feature","properties":{"name":"申家沟"},"geometry":{"coordinates":[107.755127,30.748897],"type":"Point"}},{"type":"Feature","properties":{"name":"古雄"},"geometry":{"coordinates":[118.656417,31.919931],"type":"Point"}},{"type":"Feature","properties":{"name":"冷水江东"},"geometry":{"coordinates":[111.461565,27.661214],"type":"Point"}},{"type":"Feature","properties":{"name":"清镇西"},"geometry":{"coordinates":[106.376122,26.805031],"type":"Point"}},{"type":"Feature","properties":{"name":"太原西"},"geometry":{"coordinates":[112.488737,37.879403],"type":"Point"}},{"type":"Feature","properties":{"name":"晋城东"},"geometry":{"coordinates":[112.978398,35.5343],"type":"Point"}},{"type":"Feature","properties":{"name":"高平东"},"geometry":{"coordinates":[112.958847,35.733734],"type":"Point"}},{"type":"Feature","properties":{"name":"长治东"},"geometry":{"coordinates":[113.159081,36.229074],"type":"Point"}},{"type":"Feature","properties":{"name":"襄垣东"},"geometry":{"coordinates":[113.077221,36.534487],"type":"Point"}},{"type":"Feature","properties":{"name":"武乡"},"geometry":{"coordinates":[112.792202,36.849761],"type":"Point"}},{"type":"Feature","properties":{"name":"太谷东"},"geometry":{"coordinates":[112.620597,37.452436],"type":"Point"}},{"type":"Feature","properties":{"name":"龙坑"},"geometry":{"coordinates":[106.885493,27.564991],"type":"Point"}},{"type":"Feature","properties":{"name":"修文县"},"geometry":{"coordinates":[106.7489,26.854589],"type":"Point"}},{"type":"Feature","properties":{"name":"冷坝"},"geometry":{"coordinates":[105.17019,26.429293],"type":"Point"}},{"type":"Feature","properties":{"name":"丹徒"},"geometry":{"coordinates":[119.513195,32.119296],"type":"Point"}},{"type":"Feature","properties":{"name":"杭州西"},"geometry":{"coordinates":[119.98214,30.30076],"type":"Point"}},{"type":"Feature","properties":{"name":"宿迁"},"geometry":{"coordinates":[118.27631,33.874978],"type":"Point"}},{"type":"Feature","properties":{"name":"刘庄"},"geometry":{"coordinates":[118.666899,37.319989],"type":"Point"}},{"type":"Feature","properties":{"name":"黄金坳"},"geometry":{"coordinates":[109.944287,27.662344],"type":"Point"}},{"type":"Feature","properties":{"name":"象鼻子"},"geometry":{"coordinates":[109.97017,27.589288],"type":"Point"}},{"type":"Feature","properties":{"name":"鸭咀岩"},"geometry":{"coordinates":[109.960968,27.474845],"type":"Point"}},{"type":"Feature","properties":{"name":"公坪"},"geometry":{"coordinates":[109.874251,27.549133],"type":"Point"}},{"type":"Feature","properties":{"name":"丁庄"},"geometry":{"coordinates":[116.421658,37.281814],"type":"Point"}},{"type":"Feature","properties":{"name":"凤凰店"},"geometry":{"coordinates":[116.689623,37.302548],"type":"Point"}},{"type":"Feature","properties":{"name":"临邑"},"geometry":{"coordinates":[116.83898,37.312595],"type":"Point"}},{"type":"Feature","properties":{"name":"理合务"},"geometry":{"coordinates":[116.987,37.372338],"type":"Point"}},{"type":"Feature","properties":{"name":"新鸿路"},"geometry":{"coordinates":[104.099526,30.665428],"type":"Point"}},{"type":"Feature","properties":{"name":"顺江路"},"geometry":{"coordinates":[104.090589,30.637485],"type":"Point"}},{"type":"Feature","properties":{"name":"三官堂"},"geometry":{"coordinates":[104.092068,30.630801],"type":"Point"}},{"type":"Feature","properties":{"name":"秦王川"},"geometry":{"coordinates":[103.766371,36.47037],"type":"Point"}},{"type":"Feature","properties":{"name":"韩庙"},"geometry":{"coordinates":[117.231722,37.499551],"type":"Point"}},{"type":"Feature","properties":{"name":"洋湖"},"geometry":{"coordinates":[117.364956,37.549894],"type":"Point"}},{"type":"Feature","properties":{"name":"钓马杨"},"geometry":{"coordinates":[117.491277,37.566775],"type":"Point"}},{"type":"Feature","properties":{"name":"雷家"},"geometry":{"coordinates":[117.740651,37.532348],"type":"Point"}},{"type":"Feature","properties":{"name":"堡集"},"geometry":{"coordinates":[117.889901,37.489934],"type":"Point"}},{"type":"Feature","properties":{"name":"滨州北"},"geometry":{"coordinates":[118.059058,37.44497],"type":"Point"}},{"type":"Feature","properties":{"name":"滨州大唐"},"geometry":{"coordinates":[118.041686,37.461023],"type":"Point"}},{"type":"Feature","properties":{"name":"龙居"},"geometry":{"coordinates":[118.294159,37.39759],"type":"Point"}},{"type":"Feature","properties":{"name":"史口"},"geometry":{"coordinates":[118.384427,37.408055],"type":"Point"}},{"type":"Feature","properties":{"name":"史口东"},"geometry":{"coordinates":[118.437454,37.373737],"type":"Point"}},{"type":"Feature","properties":{"name":"小清河西"},"geometry":{"coordinates":[118.708268,37.263898],"type":"Point"}},{"type":"Feature","properties":{"name":"官台"},"geometry":{"coordinates":[118.803391,37.153808],"type":"Point"}},{"type":"Feature","properties":{"name":"青岛机场"},"geometry":{"coordinates":[120.089839,36.359235],"type":"Point"}},{"type":"Feature","properties":{"name":"十里店"},"geometry":{"coordinates":[104.14145,30.681593],"type":"Point"}},{"type":"Feature","properties":{"name":"东郊记忆"},"geometry":{"coordinates":[104.126341,30.67083],"type":"Point"}},{"type":"Feature","properties":{"name":"杉板桥"},"geometry":{"coordinates":[104.116879,30.66666],"type":"Point"}},{"type":"Feature","properties":{"name":"万年路"},"geometry":{"coordinates":[104.112483,30.657341],"type":"Point"}},{"type":"Feature","properties":{"name":"净居寺"},"geometry":{"coordinates":[104.101841,30.624871],"type":"Point"}},{"type":"Feature","properties":{"name":"川大望江校区"},"geometry":{"coordinates":[104.073045,30.627568],"type":"Point"}},{"type":"Feature","properties":{"name":"李楼"},"geometry":{"coordinates":[117.477937,32.882253],"type":"Point"}},{"type":"Feature","properties":{"name":"烟台西"},"geometry":{"coordinates":[121.049508,37.657193],"type":"Point"}},{"type":"Feature","properties":{"name":"怀化西"},"geometry":{"coordinates":[109.942197,27.512032],"type":"Point"}},{"type":"Feature","properties":{"name":"塘口"},"geometry":{"coordinates":[110.301871,21.328456],"type":"Point"}},{"type":"Feature","properties":{"name":"黄略"},"geometry":{"coordinates":[110.325764,21.366467],"type":"Point"}},{"type":"Feature","properties":{"name":"惠州北"},"geometry":{"coordinates":[114.375259,23.182871],"type":"Point"}},{"type":"Feature","properties":{"name":"东莞南"},"geometry":{"coordinates":[114.063536,22.848057],"type":"Point"}},{"type":"Feature","properties":{"name":"博罗北"},"geometry":{"coordinates":[114.557209,23.480387],"type":"Point"}},{"type":"Feature","properties":{"name":"河源北"},"geometry":{"coordinates":[115.001776,23.886228],"type":"Point"}},{"type":"Feature","properties":{"name":"田荣"},"geometry":{"coordinates":[117.385137,32.843229],"type":"Point"}},{"type":"Feature","properties":{"name":"阜阳"},"geometry":{"coordinates":[115.863962,32.91667],"type":"Point"}},{"type":"Feature","properties":{"name":"小梁庄"},"geometry":{"coordinates":[115.820044,33.001286],"type":"Point"}},{"type":"Feature","properties":{"name":"丫口寨"},"geometry":{"coordinates":[100.107179,24.134641],"type":"Point"}},{"type":"Feature","properties":{"name":"红旗屯"},"geometry":{"coordinates":[106.151791,24.362638],"type":"Point"}},{"type":"Feature","properties":{"name":"乐里河"},"geometry":{"coordinates":[106.289553,24.237212],"type":"Point"}},{"type":"Feature","properties":{"name":"汪甸"},"geometry":{"coordinates":[106.319685,24.211154],"type":"Point"}},{"type":"Feature","properties":{"name":"田丁"},"geometry":{"coordinates":[106.396582,24.149782],"type":"Point"}},{"type":"Feature","properties":{"name":"喜屯"},"geometry":{"coordinates":[106.456098,24.101703],"type":"Point"}},{"type":"Feature","properties":{"name":"下塘"},"geometry":{"coordinates":[106.531195,24.045701],"type":"Point"}},{"type":"Feature","properties":{"name":"永乐镇"},"geometry":{"coordinates":[106.601636,23.974541],"type":"Point"}},{"type":"Feature","properties":{"name":"惠东"},"geometry":{"coordinates":[114.737185,22.935497],"type":"Point"}},{"type":"Feature","properties":{"name":"河阳"},"geometry":{"coordinates":[107.476889,26.101629],"type":"Point"}},{"type":"Feature","properties":{"name":"墨冲"},"geometry":{"coordinates":[107.469663,26.047676],"type":"Point"}},{"type":"Feature","properties":{"name":"甲猫"},"geometry":{"coordinates":[107.507509,25.955429],"type":"Point"}},{"type":"Feature","properties":{"name":"金龙"},"geometry":{"coordinates":[105.673839,26.928008],"type":"Point"}},{"type":"Feature","properties":{"name":"普定"},"geometry":{"coordinates":[105.70881,26.286461],"type":"Point"}},{"type":"Feature","properties":{"name":"太白"},"geometry":{"coordinates":[106.849547,28.396925],"type":"Point"}},{"type":"Feature","properties":{"name":"蒙渡"},"geometry":{"coordinates":[106.839363,28.436448],"type":"Point"}},{"type":"Feature","properties":{"name":"三元坝"},"geometry":{"coordinates":[106.833515,28.494039],"type":"Point"}},{"type":"Feature","properties":{"name":"鹤壁"},"geometry":{"coordinates":[114.267439,35.760152],"type":"Point"}},{"type":"Feature","properties":{"name":"广武"},"geometry":{"coordinates":[113.546949,34.89643],"type":"Point"}},{"type":"Feature","properties":{"name":"岳阳"},"geometry":{"coordinates":[113.114072,29.379302],"type":"Point"}},{"type":"Feature","properties":{"name":"乐昌"},"geometry":{"coordinates":[113.351882,25.131925],"type":"Point"}},{"type":"Feature","properties":{"name":"广州北"},"geometry":{"coordinates":[113.198433,23.379447],"type":"Point"}},{"type":"Feature","properties":{"name":"元田坝"},"geometry":{"coordinates":[106.836211,28.193937],"type":"Point"}},{"type":"Feature","properties":{"name":"新场"},"geometry":{"coordinates":[106.838368,28.29483],"type":"Point"}},{"type":"Feature","properties":{"name":"红花园"},"geometry":{"coordinates":[106.846863,28.068579],"type":"Point"}},{"type":"Feature","properties":{"name":"汇塘河"},"geometry":{"coordinates":[106.919384,27.972179],"type":"Point"}},{"type":"Feature","properties":{"name":"乌江"},"geometry":{"coordinates":[106.789837,27.332006],"type":"Point"}},{"type":"Feature","properties":{"name":"养龙司"},"geometry":{"coordinates":[106.782964,27.234184],"type":"Point"}},{"type":"Feature","properties":{"name":"董家坪"},"geometry":{"coordinates":[106.787787,27.27995],"type":"Point"}},{"type":"Feature","properties":{"name":"盘脚营"},"geometry":{"coordinates":[106.717571,27.141251],"type":"Point"}},{"type":"Feature","properties":{"name":"小寨坝"},"geometry":{"coordinates":[106.735717,27.186233],"type":"Point"}},{"type":"Feature","properties":{"name":"阳朗"},"geometry":{"coordinates":[106.743246,27.041882],"type":"Point"}},{"type":"Feature","properties":{"name":"新萝村"},"geometry":{"coordinates":[106.720822,26.999432],"type":"Point"}},{"type":"Feature","properties":{"name":"蓬莱村"},"geometry":{"coordinates":[106.728799,26.757498],"type":"Point"}},{"type":"Feature","properties":{"name":"大关冲"},"geometry":{"coordinates":[106.727195,26.809812],"type":"Point"}},{"type":"Feature","properties":{"name":"大龙"},"geometry":{"coordinates":[109.024685,27.289503],"type":"Point"}},{"type":"Feature","properties":{"name":"蕉溪"},"geometry":{"coordinates":[108.553159,27.079312],"type":"Point"}},{"type":"Feature","properties":{"name":"桐木寨"},"geometry":{"coordinates":[107.994086,26.688767],"type":"Point"}},{"type":"Feature","properties":{"name":"加劳"},"geometry":{"coordinates":[108.005381,26.734806],"type":"Point"}},{"type":"Feature","properties":{"name":"黑石铺"},"geometry":{"coordinates":[112.954261,28.113933],"type":"Point"}},{"type":"Feature","properties":{"name":"淇县"},"geometry":{"coordinates":[114.181582,35.6103],"type":"Point"}},{"type":"Feature","properties":{"name":"新乡"},"geometry":{"coordinates":[113.853557,35.306365],"type":"Point"}},{"type":"Feature","properties":{"name":"岳阳北"},"geometry":{"coordinates":[113.150961,29.400412],"type":"Point"}},{"type":"Feature","properties":{"name":"长沙北"},"geometry":{"coordinates":[112.940358,28.346203],"type":"Point"}},{"type":"Feature","properties":{"name":"良乡"},"geometry":{"coordinates":[116.150645,39.739821],"type":"Point"}},{"type":"Feature","properties":{"name":"高碑店"},"geometry":{"coordinates":[115.8527,39.327841],"type":"Point"}},{"type":"Feature","properties":{"name":"凯里西"},"geometry":{"coordinates":[107.665437,26.548713],"type":"Point"}},{"type":"Feature","properties":{"name":"半边街"},"geometry":{"coordinates":[107.290022,26.581209],"type":"Point"}},{"type":"Feature","properties":{"name":"麻芝铺"},"geometry":{"coordinates":[107.027212,26.458899],"type":"Point"}},{"type":"Feature","properties":{"name":"田林"},"geometry":{"coordinates":[106.230591,24.288238],"type":"Point"}},{"type":"Feature","properties":{"name":"永寿西"},"geometry":{"coordinates":[108.113258,34.69677],"type":"Point"}},{"type":"Feature","properties":{"name":"天龙"},"geometry":{"coordinates":[106.17102,26.367923],"type":"Point"}},{"type":"Feature","properties":{"name":"幺铺"},"geometry":{"coordinates":[105.840432,26.176269],"type":"Point"}},{"type":"Feature","properties":{"name":"两所屯"},"geometry":{"coordinates":[106.009641,26.268579],"type":"Point"}},{"type":"Feature","properties":{"name":"那玉"},"geometry":{"coordinates":[105.426754,26.25098],"type":"Point"}},{"type":"Feature","properties":{"name":"新窑"},"geometry":{"coordinates":[105.375173,26.234598],"type":"Point"}},{"type":"Feature","properties":{"name":"清镇"},"geometry":{"coordinates":[106.491754,26.530381],"type":"Point"}},{"type":"Feature","properties":{"name":"瓮安"},"geometry":{"coordinates":[107.467705,27.133482],"type":"Point"}},{"type":"Feature","properties":{"name":"牛场"},"geometry":{"coordinates":[107.465073,26.873194],"type":"Point"}},{"type":"Feature","properties":{"name":"平定营"},"geometry":{"coordinates":[107.430421,27.001191],"type":"Point"}},{"type":"Feature","properties":{"name":"渡船寨"},"geometry":{"coordinates":[104.730086,26.169846],"type":"Point"}},{"type":"Feature","properties":{"name":"大坑口"},"geometry":{"coordinates":[113.589883,24.53956],"type":"Point"}},{"type":"Feature","properties":{"name":"冬瓜铺"},"geometry":{"coordinates":[113.483121,24.350517],"type":"Point"}},{"type":"Feature","properties":{"name":"野马寨"},"geometry":{"coordinates":[104.799556,26.682843],"type":"Point"}},{"type":"Feature","properties":{"name":"裕民"},"geometry":{"coordinates":[104.842413,26.633259],"type":"Point"}},{"type":"Feature","properties":{"name":"大湾"},"geometry":{"coordinates":[104.612731,26.778854],"type":"Point"}},{"type":"Feature","properties":{"name":"花土坡"},"geometry":{"coordinates":[103.838553,27.253229],"type":"Point"}},{"type":"Feature","properties":{"name":"二塘区"},"geometry":{"coordinates":[104.652764,26.75591],"type":"Point"}},{"type":"Feature","properties":{"name":"迤那"},"geometry":{"coordinates":[103.886323,27.08483],"type":"Point"}},{"type":"Feature","properties":{"name":"李子沟"},"geometry":{"coordinates":[104.046778,26.97436],"type":"Point"}},{"type":"Feature","properties":{"name":"金钟"},"geometry":{"coordinates":[104.402965,26.782862],"type":"Point"}},{"type":"Feature","properties":{"name":"石丫口"},"geometry":{"coordinates":[104.584255,26.750781],"type":"Point"}},{"type":"Feature","properties":{"name":"火铺"},"geometry":{"coordinates":[104.431604,25.673408],"type":"Point"}},{"type":"Feature","properties":{"name":"威箐"},"geometry":{"coordinates":[104.554981,25.541051],"type":"Point"}},{"type":"Feature","properties":{"name":"板其"},"geometry":{"coordinates":[105.674567,24.828556],"type":"Point"}},{"type":"Feature","properties":{"name":"文佃"},"geometry":{"coordinates":[105.735076,24.764765],"type":"Point"}},{"type":"Feature","properties":{"name":"尾芽"},"geometry":{"coordinates":[105.601027,24.852103],"type":"Point"}},{"type":"Feature","properties":{"name":"沙厂坪"},"geometry":{"coordinates":[105.435816,24.987301],"type":"Point"}},{"type":"Feature","properties":{"name":"尾下"},"geometry":{"coordinates":[105.47812,24.950467],"type":"Point"}},{"type":"Feature","properties":{"name":"白水河"},"geometry":{"coordinates":[105.288986,25.014164],"type":"Point"}},{"type":"Feature","properties":{"name":"乌石"},"geometry":{"coordinates":[113.592229,24.569271],"type":"Point"}},{"type":"Feature","properties":{"name":"河头"},"geometry":{"coordinates":[113.462006,24.262703],"type":"Point"}},{"type":"Feature","properties":{"name":"冗贝"},"geometry":{"coordinates":[105.345895,25.000678],"type":"Point"}},{"type":"Feature","properties":{"name":"龙广"},"geometry":{"coordinates":[105.169341,25.111392],"type":"Point"}},{"type":"Feature","properties":{"name":"品甸"},"geometry":{"coordinates":[104.808606,25.273524],"type":"Point"}},{"type":"Feature","properties":{"name":"横江"},"geometry":{"coordinates":[104.341669,28.555347],"type":"Point"}},{"type":"Feature","properties":{"name":"小儿坪"},"geometry":{"coordinates":[104.262542,28.500927],"type":"Point"}},{"type":"Feature","properties":{"name":"铜鼓溪"},"geometry":{"coordinates":[104.252623,28.41468],"type":"Point"}},{"type":"Feature","properties":{"name":"临江溪"},"geometry":{"coordinates":[104.227122,28.174398],"type":"Point"}},{"type":"Feature","properties":{"name":"豆沙关"},"geometry":{"coordinates":[104.130765,28.022727],"type":"Point"}},{"type":"Feature","properties":{"name":"沙沙坡"},"geometry":{"coordinates":[104.046806,28.016595],"type":"Point"}},{"type":"Feature","properties":{"name":"小关溪"},"geometry":{"coordinates":[103.954483,27.974558],"type":"Point"}},{"type":"Feature","properties":{"name":"苍坪"},"geometry":{"coordinates":[103.979245,27.692928],"type":"Point"}},{"type":"Feature","properties":{"name":"邓家湾"},"geometry":{"coordinates":[104.00611,27.607322],"type":"Point"}},{"type":"Feature","properties":{"name":"田梁子"},"geometry":{"coordinates":[103.961218,27.555745],"type":"Point"}},{"type":"Feature","properties":{"name":"昭通北"},"geometry":{"coordinates":[103.789305,27.44],"type":"Point"}},{"type":"Feature","properties":{"name":"二道桥"},"geometry":{"coordinates":[103.866368,27.48411],"type":"Point"}},{"type":"Feature","properties":{"name":"街洞"},"geometry":{"coordinates":[113.060491,25.962125],"type":"Point"}},{"type":"Feature","properties":{"name":"新霞流市"},"geometry":{"coordinates":[112.827604,27.066625],"type":"Point"}},{"type":"Feature","properties":{"name":"大浦街"},"geometry":{"coordinates":[112.774235,26.992233],"type":"Point"}},{"type":"Feature","properties":{"name":"周家坳"},"geometry":{"coordinates":[112.666958,26.84891],"type":"Point"}},{"type":"Feature","properties":{"name":"易家湾"},"geometry":{"coordinates":[113.016744,27.967422],"type":"Point"}},{"type":"Feature","properties":{"name":"七斗冲"},"geometry":{"coordinates":[113.163222,27.779005],"type":"Point"}},{"type":"Feature","properties":{"name":"渌口"},"geometry":{"coordinates":[113.137096,27.711121],"type":"Point"}},{"type":"Feature","properties":{"name":"昭陵"},"geometry":{"coordinates":[113.161352,27.542865],"type":"Point"}},{"type":"Feature","properties":{"name":"淦田"},"geometry":{"coordinates":[113.147968,27.503202],"type":"Point"}},{"type":"Feature","properties":{"name":"朱亭"},"geometry":{"coordinates":[113.054102,27.389373],"type":"Point"}},{"type":"Feature","properties":{"name":"石湾"},"geometry":{"coordinates":[112.954082,27.298278],"type":"Point"}},{"type":"Feature","properties":{"name":"高家坊"},"geometry":{"coordinates":[112.996042,28.506292],"type":"Point"}},{"type":"Feature","properties":{"name":"桥头驿"},"geometry":{"coordinates":[112.933574,28.399291],"type":"Point"}},{"type":"Feature","properties":{"name":"普棚"},"geometry":{"coordinates":[100.961205,25.338004],"type":"Point"}},{"type":"Feature","properties":{"name":"云南驿"},"geometry":{"coordinates":[100.703131,25.382318],"type":"Point"}},{"type":"Feature","properties":{"name":"坊子"},"geometry":{"coordinates":[119.162793,36.600906],"type":"Point"}},{"type":"Feature","properties":{"name":"辋川"},"geometry":{"coordinates":[118.868246,25.064504],"type":"Point"}},{"type":"Feature","properties":{"name":"斗尾"},"geometry":{"coordinates":[118.978865,25.015585],"type":"Point"}},{"type":"Feature","properties":{"name":"肖厝"},"geometry":{"coordinates":[118.876365,25.135729],"type":"Point"}},{"type":"Feature","properties":{"name":"施厝"},"geometry":{"coordinates":[118.923237,25.179972],"type":"Point"}},{"type":"Feature","properties":{"name":"祥云"},"geometry":{"coordinates":[100.557082,25.453695],"type":"Point"}},{"type":"Feature","properties":{"name":"者桑"},"geometry":{"coordinates":[106.014873,23.761801],"type":"Point"}},{"type":"Feature","properties":{"name":"腻革龙"},"geometry":{"coordinates":[103.754111,23.89289],"type":"Point"}},{"type":"Feature","properties":{"name":"湖滨"},"geometry":{"coordinates":[113.087617,29.306548],"type":"Point"}},{"type":"Feature","properties":{"name":"黄秀桥"},"geometry":{"coordinates":[113.124189,29.060704],"type":"Point"}},{"type":"Feature","properties":{"name":"桃林"},"geometry":{"coordinates":[113.101188,28.944974],"type":"Point"}},{"type":"Feature","properties":{"name":"汨罗"},"geometry":{"coordinates":[113.070569,28.817099],"type":"Point"}},{"type":"Feature","properties":{"name":"古培塘"},"geometry":{"coordinates":[113.052919,28.738758],"type":"Point"}},{"type":"Feature","properties":{"name":"川山坪"},"geometry":{"coordinates":[113.043157,28.60526],"type":"Point"}},{"type":"Feature","properties":{"name":"云溪"},"geometry":{"coordinates":[113.272685,29.475192],"type":"Point"}},{"type":"Feature","properties":{"name":"蒲圻"},"geometry":{"coordinates":[113.871467,29.701729],"type":"Point"}},{"type":"Feature","properties":{"name":"茶岭"},"geometry":{"coordinates":[113.789292,29.631536],"type":"Point"}},{"type":"Feature","properties":{"name":"赵李桥"},"geometry":{"coordinates":[113.713991,29.567558],"type":"Point"}},{"type":"Feature","properties":{"name":"松林"},"geometry":{"coordinates":[103.8405,25.682266],"type":"Point"}},{"type":"Feature","properties":{"name":"革居"},"geometry":{"coordinates":[104.69264,25.114099],"type":"Point"}},{"type":"Feature","properties":{"name":"芦沟"},"geometry":{"coordinates":[104.381591,24.951116],"type":"Point"}},{"type":"Feature","properties":{"name":"中寨"},"geometry":{"coordinates":[104.194315,24.77194],"type":"Point"}},{"type":"Feature","properties":{"name":"师宗"},"geometry":{"coordinates":[104.017207,24.828727],"type":"Point"}},{"type":"Feature","properties":{"name":"长坡岭"},"geometry":{"coordinates":[103.91615,24.841222],"type":"Point"}},{"type":"Feature","properties":{"name":"秧草地"},"geometry":{"coordinates":[103.835075,24.822958],"type":"Point"}},{"type":"Feature","properties":{"name":"宜耐"},"geometry":{"coordinates":[103.597447,24.843499],"type":"Point"}},{"type":"Feature","properties":{"name":"茂舍祖"},"geometry":{"coordinates":[103.41548,24.859856],"type":"Point"}},{"type":"Feature","properties":{"name":"班猫箐"},"geometry":{"coordinates":[103.199555,24.933219],"type":"Point"}},{"type":"Feature","properties":{"name":"施家嘴"},"geometry":{"coordinates":[102.98908,24.953088],"type":"Point"}},{"type":"Feature","properties":{"name":"横沟桥"},"geometry":{"coordinates":[114.35261,29.930556],"type":"Point"}},{"type":"Feature","properties":{"name":"官塘驿"},"geometry":{"coordinates":[114.083995,29.779752],"type":"Point"}},{"type":"Feature","properties":{"name":"渔坝村"},"geometry":{"coordinates":[101.937372,25.167728],"type":"Point"}},{"type":"Feature","properties":{"name":"勤丰营"},"geometry":{"coordinates":[102.300823,25.148086],"type":"Point"}},{"type":"Feature","properties":{"name":"牧羊村"},"geometry":{"coordinates":[102.42016,24.988735],"type":"Point"}},{"type":"Feature","properties":{"name":"余家湾"},"geometry":{"coordinates":[114.297566,30.505699],"type":"Point"}},{"type":"Feature","properties":{"name":"大花岭"},"geometry":{"coordinates":[114.301464,30.414406],"type":"Point"}},{"type":"Feature","properties":{"name":"纸坊"},"geometry":{"coordinates":[114.302679,30.35575],"type":"Point"}},{"type":"Feature","properties":{"name":"乌龙泉"},"geometry":{"coordinates":[114.325281,30.255594],"type":"Point"}},{"type":"Feature","properties":{"name":"山坡"},"geometry":{"coordinates":[114.343541,30.106009],"type":"Point"}},{"type":"Feature","properties":{"name":"贺胜桥"},"geometry":{"coordinates":[114.354297,30.039797],"type":"Point"}},{"type":"Feature","properties":{"name":"桃花村"},"geometry":{"coordinates":[102.521958,24.904088],"type":"Point"}},{"type":"Feature","properties":{"name":"中谊村"},"geometry":{"coordinates":[102.587412,24.737458],"type":"Point"}},{"type":"Feature","properties":{"name":"中滩"},"geometry":{"coordinates":[102.571645,24.782129],"type":"Point"}},{"type":"Feature","properties":{"name":"诸葛城"},"geometry":{"coordinates":[100.181013,26.124475],"type":"Point"}},{"type":"Feature","properties":{"name":"花兰箐"},"geometry":{"coordinates":[100.16548,26.392643],"type":"Point"}},{"type":"Feature","properties":{"name":"拉市海"},"geometry":{"coordinates":[100.167263,26.884427],"type":"Point"}},{"type":"Feature","properties":{"name":"大理西"},"geometry":{"coordinates":[100.150401,25.575077],"type":"Point"}},{"type":"Feature","properties":{"name":"漾濞"},"geometry":{"coordinates":[99.96231,25.662821],"type":"Point"}},{"type":"Feature","properties":{"name":"北斗"},"geometry":{"coordinates":[99.71506,25.519958],"type":"Point"}},{"type":"Feature","properties":{"name":"初一铺"},"geometry":{"coordinates":[99.595759,25.43753],"type":"Point"}},{"type":"Feature","properties":{"name":"保山北"},"geometry":{"coordinates":[99.229159,25.21405],"type":"Point"}},{"type":"Feature","properties":{"name":"江顶寺"},"geometry":{"coordinates":[99.349253,25.292331],"type":"Point"}},{"type":"Feature","properties":{"name":"保山"},"geometry":{"coordinates":[99.177146,25.156643],"type":"Point"}},{"type":"Feature","properties":{"name":"霍家寨"},"geometry":{"coordinates":[99.02804,25.059079],"type":"Point"}},{"type":"Feature","properties":{"name":"蒲缥"},"geometry":{"coordinates":[99.000889,25.027815],"type":"Point"}},{"type":"Feature","properties":{"name":"上坝"},"geometry":{"coordinates":[98.95165,24.942981],"type":"Point"}},{"type":"Feature","properties":{"name":"永新"},"geometry":{"coordinates":[98.942893,24.840229],"type":"Point"}},{"type":"Feature","properties":{"name":"龙陵"},"geometry":{"coordinates":[98.680832,24.542777],"type":"Point"}},{"type":"Feature","properties":{"name":"芒市"},"geometry":{"coordinates":[98.533315,24.454658],"type":"Point"}},{"type":"Feature","properties":{"name":"芒市西"},"geometry":{"coordinates":[98.426896,24.370197],"type":"Point"}},{"type":"Feature","properties":{"name":"巍山"},"geometry":{"coordinates":[100.293172,25.232415],"type":"Point"}},{"type":"Feature","properties":{"name":"大仓"},"geometry":{"coordinates":[100.265153,25.359631],"type":"Point"}},{"type":"Feature","properties":{"name":"南涧"},"geometry":{"coordinates":[100.305536,25.018497],"type":"Point"}},{"type":"Feature","properties":{"name":"若巴谷"},"geometry":{"coordinates":[100.169635,24.823745],"type":"Point"}},{"type":"Feature","properties":{"name":"小湾东"},"geometry":{"coordinates":[100.144159,24.713796],"type":"Point"}},{"type":"Feature","properties":{"name":"茂兰"},"geometry":{"coordinates":[100.211332,24.571918],"type":"Point"}},{"type":"Feature","properties":{"name":"临沧"},"geometry":{"coordinates":[100.111505,23.933437],"type":"Point"}},{"type":"Feature","properties":{"name":"研和"},"geometry":{"coordinates":[102.494151,24.284883],"type":"Point"}},{"type":"Feature","properties":{"name":"化念"},"geometry":{"coordinates":[102.231139,24.046531],"type":"Point"}},{"type":"Feature","properties":{"name":"元江"},"geometry":{"coordinates":[102.006456,23.702575],"type":"Point"}},{"type":"Feature","properties":{"name":"南溪河"},"geometry":{"coordinates":[101.937096,23.6246],"type":"Point"}},{"type":"Feature","properties":{"name":"他郎河"},"geometry":{"coordinates":[101.678257,23.323254],"type":"Point"}},{"type":"Feature","properties":{"name":"过尧"},"geometry":{"coordinates":[101.452188,23.148188],"type":"Point"}},{"type":"Feature","properties":{"name":"磨黑"},"geometry":{"coordinates":[101.168106,23.139947],"type":"Point"}},{"type":"Feature","properties":{"name":"东风"},"geometry":{"coordinates":[118.224462,36.795924],"type":"Point"}},{"type":"Feature","properties":{"name":"金岭镇"},"geometry":{"coordinates":[118.186038,36.793355],"type":"Point"}},{"type":"Feature","properties":{"name":"湖田"},"geometry":{"coordinates":[118.126001,36.779934],"type":"Point"}},{"type":"Feature","properties":{"name":"信丰西"},"geometry":{"coordinates":[114.895449,25.35348],"type":"Point"}},{"type":"Feature","properties":{"name":"普通"},"geometry":{"coordinates":[118.417678,36.756896],"type":"Point"}},{"type":"Feature","properties":{"name":"岞山"},"geometry":{"coordinates":[119.400536,36.563404],"type":"Point"}},{"type":"Feature","properties":{"name":"黄旗堡"},"geometry":{"coordinates":[119.349877,36.579739],"type":"Point"}},{"type":"Feature","properties":{"name":"七里营"},"geometry":{"coordinates":[113.779923,35.214336],"type":"Point"}},{"type":"Feature","properties":{"name":"亢村"},"geometry":{"coordinates":[113.720232,35.140987],"type":"Point"}},{"type":"Feature","properties":{"name":"普洱"},"geometry":{"coordinates":[100.941206,22.778488],"type":"Point"}},{"type":"Feature","properties":{"name":"普文"},"geometry":{"coordinates":[100.93947,22.511055],"type":"Point"}},{"type":"Feature","properties":{"name":"野象谷"},"geometry":{"coordinates":[100.853781,22.114551],"type":"Point"}},{"type":"Feature","properties":{"name":"橄榄坝"},"geometry":{"coordinates":[100.945374,21.872814],"type":"Point"}},{"type":"Feature","properties":{"name":"曼飞龙"},"geometry":{"coordinates":[100.833807,21.895147],"type":"Point"}},{"type":"Feature","properties":{"name":"曼么"},"geometry":{"coordinates":[101.073771,21.831793],"type":"Point"}},{"type":"Feature","properties":{"name":"梭罗河"},"geometry":{"coordinates":[101.199274,21.796001],"type":"Point"}},{"type":"Feature","properties":{"name":"关累"},"geometry":{"coordinates":[101.295596,21.737966],"type":"Point"}},{"type":"Feature","properties":{"name":"勐远"},"geometry":{"coordinates":[101.373491,21.652805],"type":"Point"}},{"type":"Feature","properties":{"name":"曼勒"},"geometry":{"coordinates":[101.440512,21.579354],"type":"Point"}},{"type":"Feature","properties":{"name":"勐腊北"},"geometry":{"coordinates":[101.527828,21.478916],"type":"Point"}},{"type":"Feature","properties":{"name":"大龙哈"},"geometry":{"coordinates":[101.63273,21.378613],"type":"Point"}},{"type":"Feature","properties":{"name":"汤阴"},"geometry":{"coordinates":[114.33931,35.913059],"type":"Point"}},{"type":"Feature","properties":{"name":"宜沟"},"geometry":{"coordinates":[114.303658,35.805862],"type":"Point"}},{"type":"Feature","properties":{"name":"卫辉"},"geometry":{"coordinates":[114.055472,35.431857],"type":"Point"}},{"type":"Feature","properties":{"name":"石岩寨"},"geometry":{"coordinates":[103.152447,23.563227],"type":"Point"}},{"type":"Feature","properties":{"name":"琉璃河"},"geometry":{"coordinates":[116.035593,39.596202],"type":"Point"}},{"type":"Feature","properties":{"name":"漕河"},"geometry":{"coordinates":[115.551644,38.934986],"type":"Point"}},{"type":"Feature","properties":{"name":"格以头"},"geometry":{"coordinates":[104.107769,25.963199],"type":"Point"}},{"type":"Feature","properties":{"name":"小箐"},"geometry":{"coordinates":[104.16889,26.000014],"type":"Point"}},{"type":"Feature","properties":{"name":"大松树"},"geometry":{"coordinates":[104.264397,26.032276],"type":"Point"}},{"type":"Feature","properties":{"name":"喜鹊乐"},"geometry":{"coordinates":[104.44578,26.163236],"type":"Point"}},{"type":"Feature","properties":{"name":"羊尾哨"},"geometry":{"coordinates":[104.233339,25.69114],"type":"Point"}},{"type":"Feature","properties":{"name":"塘子"},"geometry":{"coordinates":[103.257111,25.435528],"type":"Point"}},{"type":"Feature","properties":{"name":"天生桥"},"geometry":{"coordinates":[103.240368,25.636175],"type":"Point"}},{"type":"Feature","properties":{"name":"寻甸"},"geometry":{"coordinates":[103.254277,25.538654],"type":"Point"}},{"type":"Feature","properties":{"name":"五茂林"},"geometry":{"coordinates":[100.252225,25.481457],"type":"Point"}},{"type":"Feature","properties":{"name":"韩家岭"},"geometry":{"coordinates":[113.22856,39.982394],"type":"Point"}},{"type":"Feature","properties":{"name":"里八庄"},"geometry":{"coordinates":[113.183356,39.899761],"type":"Point"}},{"type":"Feature","properties":{"name":"宋家庄"},"geometry":{"coordinates":[113.011326,39.754751],"type":"Point"}},{"type":"Feature","properties":{"name":"金沙滩"},"geometry":{"coordinates":[112.910685,39.671535],"type":"Point"}},{"type":"Feature","properties":{"name":"北周庄"},"geometry":{"coordinates":[112.841934,39.598665],"type":"Point"}},{"type":"Feature","properties":{"name":"东榆林"},"geometry":{"coordinates":[112.758509,39.43987],"type":"Point"}},{"type":"Feature","properties":{"name":"袁树林"},"geometry":{"coordinates":[112.671794,39.383763],"type":"Point"}},{"type":"Feature","properties":{"name":"芦庄"},"geometry":{"coordinates":[112.494092,38.889305],"type":"Point"}},{"type":"Feature","properties":{"name":"上阳武"},"geometry":{"coordinates":[112.568619,38.841754],"type":"Point"}},{"type":"Feature","properties":{"name":"大牛店"},"geometry":{"coordinates":[112.607438,38.804984],"type":"Point"}},{"type":"Feature","properties":{"name":"梅家庄"},"geometry":{"coordinates":[112.667971,38.757023],"type":"Point"}},{"type":"Feature","properties":{"name":"唐林岗"},"geometry":{"coordinates":[112.719517,38.673835],"type":"Point"}},{"type":"Feature","properties":{"name":"忻口"},"geometry":{"coordinates":[112.740734,38.6102],"type":"Point"}},{"type":"Feature","properties":{"name":"部落"},"geometry":{"coordinates":[112.73603,38.563996],"type":"Point"}},{"type":"Feature","properties":{"name":"南塔底"},"geometry":{"coordinates":[112.629201,38.020318],"type":"Point"}},{"type":"Feature","properties":{"name":"店坡"},"geometry":{"coordinates":[110.918199,34.974868],"type":"Point"}},{"type":"Feature","properties":{"name":"测石"},"geometry":{"coordinates":[113.387343,37.860795],"type":"Point"}},{"type":"Feature","properties":{"name":"乱流"},"geometry":{"coordinates":[113.693238,37.858496],"type":"Point"}},{"type":"Feature","properties":{"name":"赛鱼"},"geometry":{"coordinates":[113.511252,37.87361],"type":"Point"}},{"type":"Feature","properties":{"name":"坡头"},"geometry":{"coordinates":[113.440967,37.853688],"type":"Point"}},{"type":"Feature","properties":{"name":"芹泉"},"geometry":{"coordinates":[113.278415,37.861985],"type":"Point"}},{"type":"Feature","properties":{"name":"马首"},"geometry":{"coordinates":[113.144723,37.834132],"type":"Point"}},{"type":"Feature","properties":{"name":"段廷"},"geometry":{"coordinates":[112.977792,37.73418],"type":"Point"}},{"type":"Feature","properties":{"name":"东赵"},"geometry":{"coordinates":[112.894581,37.704373],"type":"Point"}},{"type":"Feature","properties":{"name":"北合流"},"geometry":{"coordinates":[112.809448,37.686963],"type":"Point"}},{"type":"Feature","properties":{"name":"平定"},"geometry":{"coordinates":[113.633137,37.796922],"type":"Point"}},{"type":"Feature","properties":{"name":"北庄口"},"geometry":{"coordinates":[113.655313,37.763134],"type":"Point"}},{"type":"Feature","properties":{"name":"宁艾"},"geometry":{"coordinates":[113.673176,37.69125],"type":"Point"}},{"type":"Feature","properties":{"name":"昔阳"},"geometry":{"coordinates":[113.671103,37.626562],"type":"Point"}},{"type":"Feature","properties":{"name":"北亩"},"geometry":{"coordinates":[113.653869,37.54845],"type":"Point"}},{"type":"Feature","properties":{"name":"广州新塘"},"geometry":{"coordinates":[113.600518,23.136754],"type":"Point"}},{"type":"Feature","properties":{"name":"石牌"},"geometry":{"coordinates":[113.365103,23.142861],"type":"Point"}},{"type":"Feature","properties":{"name":"石窑坪"},"geometry":{"coordinates":[113.612374,37.507511],"type":"Point"}},{"type":"Feature","properties":{"name":"泽城"},"geometry":{"coordinates":[113.569121,36.872424],"type":"Point"}},{"type":"Feature","properties":{"name":"铁石"},"geometry":{"coordinates":[118.263443,36.772433],"type":"Point"}},{"type":"Feature","properties":{"name":"古店"},"geometry":{"coordinates":[113.29891,40.172456],"type":"Point"}},{"type":"Feature","properties":{"name":"堡子湾"},"geometry":{"coordinates":[113.279924,40.33444],"type":"Point"}},{"type":"Feature","properties":{"name":"解家庄"},"geometry":{"coordinates":[113.418017,40.05296],"type":"Point"}},{"type":"Feature","properties":{"name":"南沙北"},"geometry":{"coordinates":[113.485244,22.868715],"type":"Point"}},{"type":"Feature","properties":{"name":"老营镇"},"geometry":{"coordinates":[111.885975,39.528123],"type":"Point"}},{"type":"Feature","properties":{"name":"峙峪"},"geometry":{"coordinates":[112.327602,39.377592],"type":"Point"}},{"type":"Feature","properties":{"name":"陈家沟"},"geometry":{"coordinates":[112.270163,39.052441],"type":"Point"}},{"type":"Feature","properties":{"name":"李家坪"},"geometry":{"coordinates":[111.910025,38.983558],"type":"Point"}},{"type":"Feature","properties":{"name":"阳坪"},"geometry":{"coordinates":[111.401721,38.662763],"type":"Point"}},{"type":"Feature","properties":{"name":"吕家沟"},"geometry":{"coordinates":[111.218692,38.671285],"type":"Point"}},{"type":"Feature","properties":{"name":"魏家滩"},"geometry":{"coordinates":[111.10607,38.664974],"type":"Point"}},{"type":"Feature","properties":{"name":"八里铺"},"geometry":{"coordinates":[112.370798,40.13351],"type":"Point"}},{"type":"Feature","properties":{"name":"高家堡"},"geometry":{"coordinates":[112.447191,39.78593],"type":"Point"}},{"type":"Feature","properties":{"name":"唐之洼"},"geometry":{"coordinates":[114.125768,39.392043],"type":"Point"}},{"type":"Feature","properties":{"name":"金山铺"},"geometry":{"coordinates":[113.63393,39.289965],"type":"Point"}},{"type":"Feature","properties":{"name":"华岩"},"geometry":{"coordinates":[113.360681,39.190974],"type":"Point"}},{"type":"Feature","properties":{"name":"集义庄"},"geometry":{"coordinates":[113.461629,39.225916],"type":"Point"}},{"type":"Feature","properties":{"name":"崞阳镇"},"geometry":{"coordinates":[112.767152,38.898487],"type":"Point"}},{"type":"Feature","properties":{"name":"郝村"},"geometry":{"coordinates":[112.76424,37.524416],"type":"Point"}},{"type":"Feature","properties":{"name":"北田受"},"geometry":{"coordinates":[112.821966,37.470756],"type":"Point"}},{"type":"Feature","properties":{"name":"郴州西"},"geometry":{"coordinates":[112.964531,25.739132],"type":"Point"}},{"type":"Feature","properties":{"name":"红崖"},"geometry":{"coordinates":[112.856833,37.464796],"type":"Point"}},{"type":"Feature","properties":{"name":"佛峪"},"geometry":{"coordinates":[112.889231,37.440886],"type":"Point"}},{"type":"Feature","properties":{"name":"牛晶坪"},"geometry":{"coordinates":[112.914147,37.440279],"type":"Point"}},{"type":"Feature","properties":{"name":"路家庄"},"geometry":{"coordinates":[112.92931,37.364872],"type":"Point"}},{"type":"Feature","properties":{"name":"石会"},"geometry":{"coordinates":[112.972302,37.316594],"type":"Point"}},{"type":"Feature","properties":{"name":"阳乐"},"geometry":{"coordinates":[112.947613,37.282167],"type":"Point"}},{"type":"Feature","properties":{"name":"社城"},"geometry":{"coordinates":[112.956277,37.215621],"type":"Point"}},{"type":"Feature","properties":{"name":"台曲"},"geometry":{"coordinates":[112.948642,36.989426],"type":"Point"}},{"type":"Feature","properties":{"name":"东河"},"geometry":{"coordinates":[112.853572,36.942065],"type":"Point"}},{"type":"Feature","properties":{"name":"韩村"},"geometry":{"coordinates":[112.92005,36.955228],"type":"Point"}},{"type":"Feature","properties":{"name":"聂村"},"geometry":{"coordinates":[112.805169,36.826238],"type":"Point"}},{"type":"Feature","properties":{"name":"南王"},"geometry":{"coordinates":[112.725749,36.806083],"type":"Point"}},{"type":"Feature","properties":{"name":"段柳"},"geometry":{"coordinates":[112.721,36.698381],"type":"Point"}},{"type":"Feature","properties":{"name":"魏家坡"},"geometry":{"coordinates":[112.750593,36.630784],"type":"Point"}},{"type":"Feature","properties":{"name":"虒亭"},"geometry":{"coordinates":[112.800603,36.581153],"type":"Point"}},{"type":"Feature","properties":{"name":"夏店"},"geometry":{"coordinates":[112.930595,36.507507],"type":"Point"}},{"type":"Feature","properties":{"name":"南陈铺"},"geometry":{"coordinates":[112.902666,35.728275],"type":"Point"}},{"type":"Feature","properties":{"name":"东元庆"},"geometry":{"coordinates":[112.933783,35.571577],"type":"Point"}},{"type":"Feature","properties":{"name":"兴县"},"geometry":{"coordinates":[111.051297,38.361924],"type":"Point"}},{"type":"Feature","properties":{"name":"耒阳西"},"geometry":{"coordinates":[112.78305,26.417581],"type":"Point"}},{"type":"Feature","properties":{"name":"草庙"},"geometry":{"coordinates":[118.501848,36.706983],"type":"Point"}},{"type":"Feature","properties":{"name":"弥河"},"geometry":{"coordinates":[118.550015,36.626551],"type":"Point"}},{"type":"Feature","properties":{"name":"临朐"},"geometry":{"coordinates":[118.521277,36.52213],"type":"Point"}},{"type":"Feature","properties":{"name":"冶源"},"geometry":{"coordinates":[118.497146,36.447533],"type":"Point"}},{"type":"Feature","properties":{"name":"张家河"},"geometry":{"coordinates":[118.529338,36.70629],"type":"Point"}},{"type":"Feature","properties":{"name":"骆驼村"},"geometry":{"coordinates":[113.663799,37.123595],"type":"Point"}},{"type":"Feature","properties":{"name":"松烟"},"geometry":{"coordinates":[113.688073,37.176912],"type":"Point"}},{"type":"Feature","properties":{"name":"平松"},"geometry":{"coordinates":[113.635891,37.277661],"type":"Point"}},{"type":"Feature","properties":{"name":"新柳"},"geometry":{"coordinates":[113.140575,36.79221],"type":"Point"}},{"type":"Feature","properties":{"name":"南峧"},"geometry":{"coordinates":[113.558258,36.57373],"type":"Point"}},{"type":"Feature","properties":{"name":"洪掌"},"geometry":{"coordinates":[113.338647,36.330014],"type":"Point"}},{"type":"Feature","properties":{"name":"东阳关"},"geometry":{"coordinates":[113.472191,36.545016],"type":"Point"}},{"type":"Feature","properties":{"name":"常村"},"geometry":{"coordinates":[113.319484,36.433649],"type":"Point"}},{"type":"Feature","properties":{"name":"漫流河"},"geometry":{"coordinates":[113.316567,36.378483],"type":"Point"}},{"type":"Feature","properties":{"name":"珠海长隆"},"geometry":{"coordinates":[113.536058,22.107154],"type":"Point"}},{"type":"Feature","properties":{"name":"清远"},"geometry":{"coordinates":[113.129463,23.696286],"type":"Point"}},{"type":"Feature","properties":{"name":"漯河西"},"geometry":{"coordinates":[113.957598,33.574368],"type":"Point"}},{"type":"Feature","properties":{"name":"新会"},"geometry":{"coordinates":[113.065886,22.520326],"type":"Point"}},{"type":"Feature","properties":{"name":"北沟东"},"geometry":{"coordinates":[118.413578,34.358759],"type":"Point"}},{"type":"Feature","properties":{"name":"大许南"},"geometry":{"coordinates":[117.595534,34.256891],"type":"Point"}},{"type":"Feature","properties":{"name":"邳州东"},"geometry":{"coordinates":[118.008105,34.324903],"type":"Point"}},{"type":"Feature","properties":{"name":"杜生"},"geometry":{"coordinates":[116.59041,38.388678],"type":"Point"}},{"type":"Feature","properties":{"name":"沧州北"},"geometry":{"coordinates":[116.82954,38.369199],"type":"Point"}},{"type":"Feature","properties":{"name":"石家庄南"},"geometry":{"coordinates":[114.416771,37.975055],"type":"Point"}},{"type":"Feature","properties":{"name":"新沂西"},"geometry":{"coordinates":[118.295456,34.38065],"type":"Point"}},{"type":"Feature","properties":{"name":"白塔埠"},"geometry":{"coordinates":[118.931447,34.565144],"type":"Point"}},{"type":"Feature","properties":{"name":"大庙"},"geometry":{"coordinates":[117.36522,34.263942],"type":"Point"}},{"type":"Feature","properties":{"name":"大许家"},"geometry":{"coordinates":[117.552994,34.279419],"type":"Point"}},{"type":"Feature","properties":{"name":"阿湖镇"},"geometry":{"coordinates":[118.590938,34.464865],"type":"Point"}},{"type":"Feature","properties":{"name":"徐塘庄"},"geometry":{"coordinates":[118.495862,34.427406],"type":"Point"}},{"type":"Feature","properties":{"name":"包庄"},"geometry":{"coordinates":[119.032625,34.582485],"type":"Point"}},{"type":"Feature","properties":{"name":"瓦窑"},"geometry":{"coordinates":[118.223437,34.376913],"type":"Point"}},{"type":"Feature","properties":{"name":"炮车"},"geometry":{"coordinates":[118.042733,34.333204],"type":"Point"}},{"type":"Feature","properties":{"name":"大湖"},"geometry":{"coordinates":[117.282779,34.247449],"type":"Point"}},{"type":"Feature","properties":{"name":"窑场"},"geometry":{"coordinates":[117.232461,34.239973],"type":"Point"}},{"type":"Feature","properties":{"name":"白马河"},"geometry":{"coordinates":[114.449844,37.161716],"type":"Point"}},{"type":"Feature","properties":{"name":"西河口"},"geometry":{"coordinates":[114.158502,37.185548],"type":"Point"}},{"type":"Feature","properties":{"name":"皇寺"},"geometry":{"coordinates":[114.368729,37.199524],"type":"Point"}},{"type":"Feature","properties":{"name":"东张马"},"geometry":{"coordinates":[114.284858,37.180777],"type":"Point"}},{"type":"Feature","properties":{"name":"将军川"},"geometry":{"coordinates":[114.029901,37.198951],"type":"Point"}},{"type":"Feature","properties":{"name":"浆水镇"},"geometry":{"coordinates":[113.902657,37.207004],"type":"Point"}},{"type":"Feature","properties":{"name":"白岸"},"geometry":{"coordinates":[113.7925,37.115482],"type":"Point"}},{"type":"Feature","properties":{"name":"路罗"},"geometry":{"coordinates":[113.829917,37.157463],"type":"Point"}},{"type":"Feature","properties":{"name":"桐城南"},"geometry":{"coordinates":[116.959339,30.875254],"type":"Point"}},{"type":"Feature","properties":{"name":"东光"},"geometry":{"coordinates":[116.525318,37.891819],"type":"Point"}},{"type":"Feature","properties":{"name":"吴桥"},"geometry":{"coordinates":[116.380587,37.626311],"type":"Point"}},{"type":"Feature","properties":{"name":"黄骅东"},"geometry":{"coordinates":[117.376141,38.377322],"type":"Point"}},{"type":"Feature","properties":{"name":"窦庄子"},"geometry":{"coordinates":[117.302338,38.561802],"type":"Point"}},{"type":"Feature","properties":{"name":"羊三木"},"geometry":{"coordinates":[117.318746,38.467166],"type":"Point"}},{"type":"Feature","properties":{"name":"三平"},"geometry":{"coordinates":[116.996279,39.961491],"type":"Point"}},{"type":"Feature","properties":{"name":"大厂县"},"geometry":{"coordinates":[116.916193,39.951495],"type":"Point"}},{"type":"Feature","properties":{"name":"平安城"},"geometry":{"coordinates":[117.779002,40.042154],"type":"Point"}},{"type":"Feature","properties":{"name":"东都"},"geometry":{"coordinates":[117.7102,35.849534],"type":"Point"}},{"type":"Feature","properties":{"name":"高塘"},"geometry":{"coordinates":[115.767462,29.38583],"type":"Point"}},{"type":"Feature","properties":{"name":"台头"},"geometry":{"coordinates":[115.312874,32.41476],"type":"Point"}},{"type":"Feature","properties":{"name":"黄州"},"geometry":{"coordinates":[115.000339,30.588973],"type":"Point"}},{"type":"Feature","properties":{"name":"蕲春"},"geometry":{"coordinates":[115.441453,30.2449],"type":"Point"}},{"type":"Feature","properties":{"name":"小池口"},"geometry":{"coordinates":[116.003819,29.814763],"type":"Point"}},{"type":"Feature","properties":{"name":"马回岭"},"geometry":{"coordinates":[115.807256,29.461899],"type":"Point"}},{"type":"Feature","properties":{"name":"古城东"},"geometry":{"coordinates":[115.80622,33.528061],"type":"Point"}},{"type":"Feature","properties":{"name":"北师店"},"geometry":{"coordinates":[117.812325,35.976128],"type":"Point"}},{"type":"Feature","properties":{"name":"柏庄村"},"geometry":{"coordinates":[118.69806,39.610343],"type":"Point"}},{"type":"Feature","properties":{"name":"新泰"},"geometry":{"coordinates":[117.745292,35.906937],"type":"Point"}},{"type":"Feature","properties":{"name":"莱钢"},"geometry":{"coordinates":[117.797434,36.056961],"type":"Point"}},{"type":"Feature","properties":{"name":"深州"},"geometry":{"coordinates":[115.607835,38.010868],"type":"Point"}},{"type":"Feature","properties":{"name":"定陶"},"geometry":{"coordinates":[115.590283,35.065647],"type":"Point"}},{"type":"Feature","properties":{"name":"颜庄"},"geometry":{"coordinates":[117.763788,36.144949],"type":"Point"}},{"type":"Feature","properties":{"name":"双城堡"},"geometry":{"coordinates":[126.286457,45.394229],"type":"Point"}},{"type":"Feature","properties":{"name":"闹海营"},"geometry":{"coordinates":[117.717076,41.293523],"type":"Point"}},{"type":"Feature","properties":{"name":"汤头沟"},"geometry":{"coordinates":[117.715288,41.443165],"type":"Point"}},{"type":"Feature","properties":{"name":"河洛营"},"geometry":{"coordinates":[117.729825,41.378911],"type":"Point"}},{"type":"Feature","properties":{"name":"张三营"},"geometry":{"coordinates":[117.752561,41.583236],"type":"Point"}},{"type":"Feature","properties":{"name":"沙坨子"},"geometry":{"coordinates":[117.73931,41.502878],"type":"Point"}},{"type":"Feature","properties":{"name":"东大坝"},"geometry":{"coordinates":[117.811278,41.656795],"type":"Point"}},{"type":"Feature","properties":{"name":"庙宫"},"geometry":{"coordinates":[117.857802,41.71509],"type":"Point"}},{"type":"Feature","properties":{"name":"广德号"},"geometry":{"coordinates":[117.930983,41.875763],"type":"Point"}},{"type":"Feature","properties":{"name":"腰栈"},"geometry":{"coordinates":[117.866262,41.855731],"type":"Point"}},{"type":"Feature","properties":{"name":"宁阳东"},"geometry":{"coordinates":[117.023602,35.928761],"type":"Point"}},{"type":"Feature","properties":{"name":"牛王村"},"geometry":{"coordinates":[116.810622,35.566956],"type":"Point"}},{"type":"Feature","properties":{"name":"华丰"},"geometry":{"coordinates":[117.153472,35.864668],"type":"Point"}},{"type":"Feature","properties":{"name":"徂阳"},"geometry":{"coordinates":[117.301231,35.860189],"type":"Point"}},{"type":"Feature","properties":{"name":"谷里"},"geometry":{"coordinates":[117.535501,35.92495],"type":"Point"}},{"type":"Feature","properties":{"name":"大协"},"geometry":{"coordinates":[117.604294,35.902542],"type":"Point"}},{"type":"Feature","properties":{"name":"新汶"},"geometry":{"coordinates":[117.670228,35.878972],"type":"Point"}},{"type":"Feature","properties":{"name":"燕郊"},"geometry":{"coordinates":[116.819814,39.94101],"type":"Point"}},{"type":"Feature","properties":{"name":"永和"},"geometry":{"coordinates":[118.343926,40.776181],"type":"Point"}},{"type":"Feature","properties":{"name":"洪洼"},"geometry":{"coordinates":[117.263278,34.82598],"type":"Point"}},{"type":"Feature","properties":{"name":"山家林"},"geometry":{"coordinates":[117.36266,34.847909],"type":"Point"}},{"type":"Feature","properties":{"name":"邹坞"},"geometry":{"coordinates":[117.43388,34.850612],"type":"Point"}},{"type":"Feature","properties":{"name":"章丘"},"geometry":{"coordinates":[117.493903,36.722161],"type":"Point"}},{"type":"Feature","properties":{"name":"内江东"},"geometry":{"coordinates":[105.05279,29.563262],"type":"Point"}},{"type":"Feature","properties":{"name":"平原"},"geometry":{"coordinates":[116.434077,37.168877],"type":"Point"}},{"type":"Feature","properties":{"name":"济西"},"geometry":{"coordinates":[116.856195,36.666021],"type":"Point"}},{"type":"Feature","properties":{"name":"水屯"},"geometry":{"coordinates":[116.868831,36.625193],"type":"Point"}},{"type":"Feature","properties":{"name":"天宝"},"geometry":{"coordinates":[117.378512,35.962347],"type":"Point"}},{"type":"Feature","properties":{"name":"龙坪"},"geometry":{"coordinates":[111.997791,22.522638],"type":"Point"}},{"type":"Feature","properties":{"name":"三水"},"geometry":{"coordinates":[112.882966,23.162562],"type":"Point"}},{"type":"Feature","properties":{"name":"日照南"},"geometry":{"coordinates":[119.481736,35.334349],"type":"Point"}},{"type":"Feature","properties":{"name":"周宅子"},"geometry":{"coordinates":[117.223507,34.355874],"type":"Point"}},{"type":"Feature","properties":{"name":"普连集"},"geometry":{"coordinates":[115.583088,34.926517],"type":"Point"}},{"type":"Feature","properties":{"name":"堂邑"},"geometry":{"coordinates":[115.763306,36.496035],"type":"Point"}},{"type":"Feature","properties":{"name":"解庄"},"geometry":{"coordinates":[115.863536,36.530286],"type":"Point"}},{"type":"Feature","properties":{"name":"算王庄"},"geometry":{"coordinates":[115.302095,35.252799],"type":"Point"}},{"type":"Feature","properties":{"name":"沙土集"},"geometry":{"coordinates":[115.724687,35.270454],"type":"Point"}},{"type":"Feature","properties":{"name":"龙堌集"},"geometry":{"coordinates":[115.884738,35.28259],"type":"Point"}},{"type":"Feature","properties":{"name":"龙拱港"},"geometry":{"coordinates":[116.501013,35.363211],"type":"Point"}},{"type":"Feature","properties":{"name":"兖州西"},"geometry":{"coordinates":[116.741947,35.492671],"type":"Point"}},{"type":"Feature","properties":{"name":"凫村"},"geometry":{"coordinates":[116.951595,35.478218],"type":"Point"}},{"type":"Feature","properties":{"name":"阮家村"},"geometry":{"coordinates":[116.995246,35.544921],"type":"Point"}},{"type":"Feature","properties":{"name":"南陶洛"},"geometry":{"coordinates":[117.086209,35.615548],"type":"Point"}},{"type":"Feature","properties":{"name":"泉林"},"geometry":{"coordinates":[117.513972,35.600583],"type":"Point"}},{"type":"Feature","properties":{"name":"坪上"},"geometry":{"coordinates":[119.066556,35.181558],"type":"Point"}},{"type":"Feature","properties":{"name":"铁牛庙"},"geometry":{"coordinates":[119.102187,35.208026],"type":"Point"}},{"type":"Feature","properties":{"name":"姜家坡"},"geometry":{"coordinates":[120.320057,36.579799],"type":"Point"}},{"type":"Feature","properties":{"name":"静海"},"geometry":{"coordinates":[116.92454,38.93182],"type":"Point"}},{"type":"Feature","properties":{"name":"兖州"},"geometry":{"coordinates":[116.835866,35.556338],"type":"Point"}},{"type":"Feature","properties":{"name":"税郭"},"geometry":{"coordinates":[117.705723,34.828924],"type":"Point"}},{"type":"Feature","properties":{"name":"岚山"},"geometry":{"coordinates":[119.37081,35.123074],"type":"Point"}},{"type":"Feature","properties":{"name":"十二里阁"},"geometry":{"coordinates":[116.777156,36.757572],"type":"Point"}},{"type":"Feature","properties":{"name":"滕州"},"geometry":{"coordinates":[117.14741,35.080543],"type":"Point"}},{"type":"Feature","properties":{"name":"穆庄"},"geometry":{"coordinates":[116.687383,36.220255],"type":"Point"}},{"type":"Feature","properties":{"name":"天平店"},"geometry":{"coordinates":[117.005891,36.183153],"type":"Point"}},{"type":"Feature","properties":{"name":"肥城"},"geometry":{"coordinates":[116.774709,36.22245],"type":"Point"}},{"type":"Feature","properties":{"name":"湖屯"},"geometry":{"coordinates":[116.592126,36.198991],"type":"Point"}},{"type":"Feature","properties":{"name":"农中"},"geometry":{"coordinates":[118.087626,36.875728],"type":"Point"}},{"type":"Feature","properties":{"name":"纯化"},"geometry":{"coordinates":[118.264409,37.266743],"type":"Point"}},{"type":"Feature","properties":{"name":"普达"},"geometry":{"coordinates":[101.719948,26.512028],"type":"Point"}},{"type":"Feature","properties":{"name":"大昆仑"},"geometry":{"coordinates":[117.906471,36.585528],"type":"Point"}},{"type":"Feature","properties":{"name":"淄川"},"geometry":{"coordinates":[117.969113,36.658982],"type":"Point"}},{"type":"Feature","properties":{"name":"南定"},"geometry":{"coordinates":[118.029198,36.742398],"type":"Point"}},{"type":"Feature","properties":{"name":"许昌北"},"geometry":{"coordinates":[113.924251,34.144447],"type":"Point"}},{"type":"Feature","properties":{"name":"沈丘北"},"geometry":{"coordinates":[115.1016,33.424626],"type":"Point"}},{"type":"Feature","properties":{"name":"西华"},"geometry":{"coordinates":[114.604579,33.795177],"type":"Point"}},{"type":"Feature","properties":{"name":"占杨"},"geometry":{"coordinates":[113.937759,34.710214],"type":"Point"}},{"type":"Feature","properties":{"name":"内黄集"},"geometry":{"coordinates":[114.961999,34.759367],"type":"Point"}},{"type":"Feature","properties":{"name":"谢集"},"geometry":{"coordinates":[115.47469,34.518084],"type":"Point"}},{"type":"Feature","properties":{"name":"商丘东"},"geometry":{"coordinates":[115.727039,34.332489],"type":"Point"}},{"type":"Feature","properties":{"name":"九郎山"},"geometry":{"coordinates":[113.071836,27.921872],"type":"Point"}},{"type":"Feature","properties":{"name":"田心东"},"geometry":{"coordinates":[113.124217,27.899368],"type":"Point"}},{"type":"Feature","properties":{"name":"大丰"},"geometry":{"coordinates":[113.149762,27.882601],"type":"Point"}},{"type":"Feature","properties":{"name":"胡庄"},"geometry":{"coordinates":[114.604611,35.826143],"type":"Point"}},{"type":"Feature","properties":{"name":"井店南"},"geometry":{"coordinates":[114.705746,35.816347],"type":"Point"}},{"type":"Feature","properties":{"name":"西坪"},"geometry":{"coordinates":[111.081199,33.458646],"type":"Point"}},{"type":"Feature","properties":{"name":"丁河"},"geometry":{"coordinates":[111.319985,33.355068],"type":"Point"}},{"type":"Feature","properties":{"name":"屈原岗"},"geometry":{"coordinates":[111.585886,33.255043],"type":"Point"}},{"type":"Feature","properties":{"name":"曲屯"},"geometry":{"coordinates":[112.030402,33.048955],"type":"Point"}},{"type":"Feature","properties":{"name":"白秋"},"geometry":{"coordinates":[112.680815,32.738208],"type":"Point"}},{"type":"Feature","properties":{"name":"溧河"},"geometry":{"coordinates":[112.519392,32.915196],"type":"Point"}},{"type":"Feature","properties":{"name":"安棚"},"geometry":{"coordinates":[113.098521,32.568137],"type":"Point"}},{"type":"Feature","properties":{"name":"月河店"},"geometry":{"coordinates":[113.551952,32.361392],"type":"Point"}},{"type":"Feature","properties":{"name":"淮源"},"geometry":{"coordinates":[113.252969,32.435301],"type":"Point"}},{"type":"Feature","properties":{"name":"龙泉村"},"geometry":{"coordinates":[113.848618,35.225885],"type":"Point"}},{"type":"Feature","properties":{"name":"塔铺"},"geometry":{"coordinates":[114.121983,35.227618],"type":"Point"}},{"type":"Feature","properties":{"name":"文庄村"},"geometry":{"coordinates":[114.86308,35.308498],"type":"Point"}},{"type":"Feature","properties":{"name":"宋阁"},"geometry":{"coordinates":[115.319256,33.297594],"type":"Point"}},{"type":"Feature","properties":{"name":"商水"},"geometry":{"coordinates":[114.566666,33.573364],"type":"Point"}},{"type":"Feature","properties":{"name":"谭庄"},"geometry":{"coordinates":[114.338087,33.575802],"type":"Point"}},{"type":"Feature","properties":{"name":"郑郭"},"geometry":{"coordinates":[114.991759,33.395021],"type":"Point"}},{"type":"Feature","properties":{"name":"项城"},"geometry":{"coordinates":[114.885201,33.413903],"type":"Point"}},{"type":"Feature","properties":{"name":"沈丘"},"geometry":{"coordinates":[115.081278,33.362315],"type":"Point"}},{"type":"Feature","properties":{"name":"纸店"},"geometry":{"coordinates":[115.271235,33.317158],"type":"Point"}},{"type":"Feature","properties":{"name":"郏县"},"geometry":{"coordinates":[113.241453,34.093347],"type":"Point"}},{"type":"Feature","properties":{"name":"向阳"},"geometry":{"coordinates":[113.315112,34.127706],"type":"Point"}},{"type":"Feature","properties":{"name":"马场坪"},"geometry":{"coordinates":[107.594533,26.616149],"type":"Point"}},{"type":"Feature","properties":{"name":"太湖南"},"geometry":{"coordinates":[116.357932,30.410779],"type":"Point"}},{"type":"Feature","properties":{"name":"潜山"},"geometry":{"coordinates":[116.612055,30.576305],"type":"Point"}},{"type":"Feature","properties":{"name":"宿松东"},"geometry":{"coordinates":[116.170298,30.153337],"type":"Point"}},{"type":"Feature","properties":{"name":"胶西"},"geometry":{"coordinates":[119.872764,36.26803],"type":"Point"}},{"type":"Feature","properties":{"name":"杨楼"},"geometry":{"coordinates":[116.849747,34.331515],"type":"Point"}},{"type":"Feature","properties":{"name":"李庄"},"geometry":{"coordinates":[116.484306,34.39284],"type":"Point"}},{"type":"Feature","properties":{"name":"黄口"},"geometry":{"coordinates":[116.692158,34.361174],"type":"Point"}},{"type":"Feature","properties":{"name":"闸河"},"geometry":{"coordinates":[116.920115,33.78342],"type":"Point"}},{"type":"Feature","properties":{"name":"朱庄"},"geometry":{"coordinates":[117.02659,33.726702],"type":"Point"}},{"type":"Feature","properties":{"name":"蒿沟"},"geometry":{"coordinates":[117.227365,33.693923],"type":"Point"}},{"type":"Feature","properties":{"name":"王集村"},"geometry":{"coordinates":[117.425361,33.635586],"type":"Point"}},{"type":"Feature","properties":{"name":"长沟"},"geometry":{"coordinates":[117.746137,33.549471],"type":"Point"}},{"type":"Feature","properties":{"name":"黑塔"},"geometry":{"coordinates":[118.039907,33.56256],"type":"Point"}},{"type":"Feature","properties":{"name":"下塘集"},"geometry":{"coordinates":[117.211956,32.197275],"type":"Point"}},{"type":"Feature","properties":{"name":"合肥北"},"geometry":{"coordinates":[117.286484,31.919162],"type":"Point"}},{"type":"Feature","properties":{"name":"桥头集"},"geometry":{"coordinates":[117.548406,31.756047],"type":"Point"}},{"type":"Feature","properties":{"name":"袁寨"},"geometry":{"coordinates":[115.942523,32.871619],"type":"Point"}},{"type":"Feature","properties":{"name":"破碎"},"geometry":{"coordinates":[101.753743,26.589344],"type":"Point"}},{"type":"Feature","properties":{"name":"小攀枝花"},"geometry":{"coordinates":[101.734912,26.604973],"type":"Point"}},{"type":"Feature","properties":{"name":"矿山"},"geometry":{"coordinates":[101.756467,26.624512],"type":"Point"}},{"type":"Feature","properties":{"name":"北部"},"geometry":{"coordinates":[101.698511,26.571804],"type":"Point"}},{"type":"Feature","properties":{"name":"徐楼"},"geometry":{"coordinates":[116.749517,33.835947],"type":"Point"}},{"type":"Feature","properties":{"name":"青疃"},"geometry":{"coordinates":[116.422342,33.620903],"type":"Point"}},{"type":"Feature","properties":{"name":"涡阳"},"geometry":{"coordinates":[116.234779,33.490449],"type":"Point"}},{"type":"Feature","properties":{"name":"利辛西"},"geometry":{"coordinates":[116.1228,33.207382],"type":"Point"}},{"type":"Feature","properties":{"name":"南照"},"geometry":{"coordinates":[115.987335,32.640313],"type":"Point"}},{"type":"Feature","properties":{"name":"六十里铺"},"geometry":{"coordinates":[115.985458,32.739798],"type":"Point"}},{"type":"Feature","properties":{"name":"临水镇"},"geometry":{"coordinates":[115.962063,32.522316],"type":"Point"}},{"type":"Feature","properties":{"name":"白莲"},"geometry":{"coordinates":[116.004956,32.247962],"type":"Point"}},{"type":"Feature","properties":{"name":"河口集"},"geometry":{"coordinates":[116.075379,32.137595],"type":"Point"}},{"type":"Feature","properties":{"name":"吴集"},"geometry":{"coordinates":[115.96117,32.346339],"type":"Point"}},{"type":"Feature","properties":{"name":"曹庙"},"geometry":{"coordinates":[116.189336,31.959324],"type":"Point"}},{"type":"Feature","properties":{"name":"姚李庙"},"geometry":{"coordinates":[116.155079,31.776491],"type":"Point"}},{"type":"Feature","properties":{"name":"梓树庄"},"geometry":{"coordinates":[116.799132,31.764923],"type":"Point"}},{"type":"Feature","properties":{"name":"丰乐"},"geometry":{"coordinates":[117.140701,31.617988],"type":"Point"}},{"type":"Feature","properties":{"name":"瓜形"},"geometry":{"coordinates":[116.684269,30.701001],"type":"Point"}},{"type":"Feature","properties":{"name":"范岗"},"geometry":{"coordinates":[116.878008,30.98439],"type":"Point"}},{"type":"Feature","properties":{"name":"杨树店"},"geometry":{"coordinates":[116.845369,30.854597],"type":"Point"}},{"type":"Feature","properties":{"name":"小池"},"geometry":{"coordinates":[116.411561,30.52054],"type":"Point"}},{"type":"Feature","properties":{"name":"张旗杆"},"geometry":{"coordinates":[117.194071,31.174792],"type":"Point"}},{"type":"Feature","properties":{"name":"洪巷"},"geometry":{"coordinates":[117.635001,31.147064],"type":"Point"}},{"type":"Feature","properties":{"name":"襄安"},"geometry":{"coordinates":[117.777344,31.2089],"type":"Point"}},{"type":"Feature","properties":{"name":"无为南"},"geometry":{"coordinates":[117.924683,31.157341],"type":"Point"}},{"type":"Feature","properties":{"name":"上周村"},"geometry":{"coordinates":[118.036566,31.017244],"type":"Point"}},{"type":"Feature","properties":{"name":"黄梅山"},"geometry":{"coordinates":[118.482479,31.606564],"type":"Point"}},{"type":"Feature","properties":{"name":"峨桥"},"geometry":{"coordinates":[118.266848,31.173392],"type":"Point"}},{"type":"Feature","properties":{"name":"钟鸣"},"geometry":{"coordinates":[118.049171,30.986332],"type":"Point"}},{"type":"Feature","properties":{"name":"顺安"},"geometry":{"coordinates":[117.947637,30.946263],"type":"Point"}},{"type":"Feature","properties":{"name":"缸窑湖"},"geometry":{"coordinates":[117.788002,30.784385],"type":"Point"}},{"type":"Feature","properties":{"name":"铜陵南"},"geometry":{"coordinates":[117.817809,30.860765],"type":"Point"}},{"type":"Feature","properties":{"name":"新河镇"},"geometry":{"coordinates":[117.807409,30.724349],"type":"Point"}},{"type":"Feature","properties":{"name":"茅坦"},"geometry":{"coordinates":[117.742513,30.674585],"type":"Point"}},{"type":"Feature","properties":{"name":"秋浦"},"geometry":{"coordinates":[117.447094,30.574734],"type":"Point"}},{"type":"Feature","properties":{"name":"涓桥"},"geometry":{"coordinates":[117.399975,30.518964],"type":"Point"}},{"type":"Feature","properties":{"name":"殷汇"},"geometry":{"coordinates":[117.298686,30.416542],"type":"Point"}},{"type":"Feature","properties":{"name":"唐田"},"geometry":{"coordinates":[117.197915,30.343176],"type":"Point"}},{"type":"Feature","properties":{"name":"张溪"},"geometry":{"coordinates":[117.098402,30.257004],"type":"Point"}},{"type":"Feature","properties":{"name":"建新"},"geometry":{"coordinates":[116.941288,30.108314],"type":"Point"}},{"type":"Feature","properties":{"name":"誓节渡"},"geometry":{"coordinates":[119.211229,30.939964],"type":"Point"}},{"type":"Feature","properties":{"name":"建国"},"geometry":{"coordinates":[118.878351,30.947726],"type":"Point"}},{"type":"Feature","properties":{"name":"吴川"},"geometry":{"coordinates":[110.765251,21.511909],"type":"Point"}},{"type":"Feature","properties":{"name":"灌南"},"geometry":{"coordinates":[119.274459,34.100124],"type":"Point"}},{"type":"Feature","properties":{"name":"涟水"},"geometry":{"coordinates":[119.191524,33.777459],"type":"Point"}},{"type":"Feature","properties":{"name":"灌云"},"geometry":{"coordinates":[119.302878,34.289383],"type":"Point"}},{"type":"Feature","properties":{"name":"宝应"},"geometry":{"coordinates":[119.382792,33.217237],"type":"Point"}},{"type":"Feature","properties":{"name":"云台山"},"geometry":{"coordinates":[119.283614,34.690538],"type":"Point"}},{"type":"Feature","properties":{"name":"浦口北"},"geometry":{"coordinates":[118.67893,32.192801],"type":"Point"}},{"type":"Feature","properties":{"name":"殷庄"},"geometry":{"coordinates":[118.75843,32.293509],"type":"Point"}},{"type":"Feature","properties":{"name":"扬州北"},"geometry":{"coordinates":[119.45852,32.44664],"type":"Point"}},{"type":"Feature","properties":{"name":"泰安镇"},"geometry":{"coordinates":[119.513529,32.454889],"type":"Point"}},{"type":"Feature","properties":{"name":"泰州西"},"geometry":{"coordinates":[119.868873,32.531369],"type":"Point"}},{"type":"Feature","properties":{"name":"南莫"},"geometry":{"coordinates":[120.270859,32.57307],"type":"Point"}},{"type":"Feature","properties":{"name":"赵甸"},"geometry":{"coordinates":[120.770675,32.149648],"type":"Point"}},{"type":"Feature","properties":{"name":"高流"},"geometry":{"coordinates":[118.511132,34.310329],"type":"Point"}},{"type":"Feature","properties":{"name":"袁北"},"geometry":{"coordinates":[118.969855,33.67887],"type":"Point"}},{"type":"Feature","properties":{"name":"仇桥"},"geometry":{"coordinates":[119.393658,33.542136],"type":"Point"}},{"type":"Feature","properties":{"name":"大丰西"},"geometry":{"coordinates":[120.303024,33.17082],"type":"Point"}},{"type":"Feature","properties":{"name":"兴化"},"geometry":{"coordinates":[120.29891,33.020347],"type":"Point"}},{"type":"Feature","properties":{"name":"雅周"},"geometry":{"coordinates":[120.371342,32.368792],"type":"Point"}},{"type":"Feature","properties":{"name":"靖江"},"geometry":{"coordinates":[120.299865,32.034212],"type":"Point"}},{"type":"Feature","properties":{"name":"月城"},"geometry":{"coordinates":[120.249719,31.808995],"type":"Point"}},{"type":"Feature","properties":{"name":"宜兴北"},"geometry":{"coordinates":[119.826982,31.419378],"type":"Point"}},{"type":"Feature","properties":{"name":"申亭"},"geometry":{"coordinates":[120.168372,28.811561],"type":"Point"}},{"type":"Feature","properties":{"name":"壶镇"},"geometry":{"coordinates":[120.230955,28.836711],"type":"Point"}},{"type":"Feature","properties":{"name":"磐安南"},"geometry":{"coordinates":[120.33993,28.911447],"type":"Point"}},{"type":"Feature","properties":{"name":"仁川"},"geometry":{"coordinates":[120.380946,28.902824],"type":"Point"}},{"type":"Feature","properties":{"name":"西场"},"geometry":{"coordinates":[120.604942,32.489396],"type":"Point"}},{"type":"Feature","properties":{"name":"云梦东"},"geometry":{"coordinates":[113.778936,31.04813],"type":"Point"}},{"type":"Feature","properties":{"name":"安陆西"},"geometry":{"coordinates":[113.647051,31.256784],"type":"Point"}},{"type":"Feature","properties":{"name":"随州南"},"geometry":{"coordinates":[113.357461,31.653186],"type":"Point"}},{"type":"Feature","properties":{"name":"随县"},"geometry":{"coordinates":[113.20445,31.767863],"type":"Point"}},{"type":"Feature","properties":{"name":"仙居南"},"geometry":{"coordinates":[120.747959,28.822881],"type":"Point"}},{"type":"Feature","properties":{"name":"下各"},"geometry":{"coordinates":[120.85818,28.848613],"type":"Point"}},{"type":"Feature","properties":{"name":"田市"},"geometry":{"coordinates":[120.622565,28.805033],"type":"Point"}},{"type":"Feature","properties":{"name":"土地堂"},"geometry":{"coordinates":[114.322695,30.204475],"type":"Point"}},{"type":"Feature","properties":{"name":"马坪"},"geometry":{"coordinates":[113.552495,31.586128],"type":"Point"}},{"type":"Feature","properties":{"name":"平林"},"geometry":{"coordinates":[113.605031,31.418633],"type":"Point"}},{"type":"Feature","properties":{"name":"厉山"},"geometry":{"coordinates":[113.254075,31.891928],"type":"Point"}},{"type":"Feature","properties":{"name":"唐县镇"},"geometry":{"coordinates":[113.127443,31.970062],"type":"Point"}},{"type":"Feature","properties":{"name":"随阳店"},"geometry":{"coordinates":[112.981739,32.030167],"type":"Point"}},{"type":"Feature","properties":{"name":"兴隆集"},"geometry":{"coordinates":[112.873072,32.047384],"type":"Point"}},{"type":"Feature","properties":{"name":"老河口"},"geometry":{"coordinates":[111.676651,32.389902],"type":"Point"}},{"type":"Feature","properties":{"name":"余家湖"},"geometry":{"coordinates":[112.150947,31.941179],"type":"Point"}},{"type":"Feature","properties":{"name":"王树岗"},"geometry":{"coordinates":[112.129973,31.880947],"type":"Point"}},{"type":"Feature","properties":{"name":"朱市"},"geometry":{"coordinates":[112.119945,31.727646],"type":"Point"}},{"type":"Feature","properties":{"name":"上大堰"},"geometry":{"coordinates":[112.210687,31.571149],"type":"Point"}},{"type":"Feature","properties":{"name":"临海东"},"geometry":{"coordinates":[121.252187,28.75236],"type":"Point"}},{"type":"Feature","properties":{"name":"杜桥"},"geometry":{"coordinates":[121.46408,28.779874],"type":"Point"}},{"type":"Feature","properties":{"name":"临海南"},"geometry":{"coordinates":[121.128814,28.811167],"type":"Point"}},{"type":"Feature","properties":{"name":"漳河"},"geometry":{"coordinates":[112.084064,30.96666],"type":"Point"}},{"type":"Feature","properties":{"name":"小烟墩"},"geometry":{"coordinates":[111.848848,30.884967],"type":"Point"}},{"type":"Feature","properties":{"name":"安福寺"},"geometry":{"coordinates":[111.581684,30.513363],"type":"Point"}},{"type":"Feature","properties":{"name":"玉泉寺"},"geometry":{"coordinates":[111.689269,30.778032],"type":"Point"}},{"type":"Feature","properties":{"name":"岩屋庙"},"geometry":{"coordinates":[111.735067,30.842888],"type":"Point"}},{"type":"Feature","properties":{"name":"枝江"},"geometry":{"coordinates":[111.571929,30.461162],"type":"Point"}},{"type":"Feature","properties":{"name":"西斋"},"geometry":{"coordinates":[111.629855,29.978491],"type":"Point"}},{"type":"Feature","properties":{"name":"桃子岭"},"geometry":{"coordinates":[111.543235,30.236207],"type":"Point"}},{"type":"Feature","properties":{"name":"黄康"},"geometry":{"coordinates":[111.646632,32.241272],"type":"Point"}},{"type":"Feature","properties":{"name":"白浪"},"geometry":{"coordinates":[110.873492,32.569673],"type":"Point"}},{"type":"Feature","properties":{"name":"小花果"},"geometry":{"coordinates":[110.426485,32.693289],"type":"Point"}},{"type":"Feature","properties":{"name":"濯港"},"geometry":{"coordinates":[115.894188,30.017414],"type":"Point"}},{"type":"Feature","properties":{"name":"自贡"},"geometry":{"coordinates":[104.878244,29.357442],"type":"Point"}},{"type":"Feature","properties":{"name":"湘潭东"},"geometry":{"coordinates":[112.965295,27.861499],"type":"Point"}},{"type":"Feature","properties":{"name":"安化"},"geometry":{"coordinates":[111.095238,28.037758],"type":"Point"}},{"type":"Feature","properties":{"name":"洪濑"},"geometry":{"coordinates":[118.560376,25.020309],"type":"Point"}},{"type":"Feature","properties":{"name":"黄塘"},"geometry":{"coordinates":[118.722639,25.000124],"type":"Point"}},{"type":"Feature","properties":{"name":"九龙塘"},"geometry":{"coordinates":[106.841744,28.362325],"type":"Point"}},{"type":"Feature","properties":{"name":"公积坂"},"geometry":{"coordinates":[110.361446,40.557305],"type":"Point"}},{"type":"Feature","properties":{"name":"古城湾"},"geometry":{"coordinates":[110.099688,40.551226],"type":"Point"}},{"type":"Feature","properties":{"name":"山底岭"},"geometry":{"coordinates":[110.742416,21.671946],"type":"Point"}},{"type":"Feature","properties":{"name":"迎水桥"},"geometry":{"coordinates":[105.104444,37.509178],"type":"Point"}},{"type":"Feature","properties":{"name":"仲恺"},"geometry":{"coordinates":[114.261845,23.029419],"type":"Point"}},{"type":"Feature","properties":{"name":"泮春"},"geometry":{"coordinates":[113.573322,28.346399],"type":"Point"}},{"type":"Feature","properties":{"name":"三口"},"geometry":{"coordinates":[113.766624,28.356324],"type":"Point"}},{"type":"Feature","properties":{"name":"椒花"},"geometry":{"coordinates":[113.975315,28.33456],"type":"Point"}},{"type":"Feature","properties":{"name":"双江"},"geometry":{"coordinates":[112.391407,27.738574],"type":"Point"}},{"type":"Feature","properties":{"name":"棋梓桥"},"geometry":{"coordinates":[112.195376,27.733333],"type":"Point"}},{"type":"Feature","properties":{"name":"普安堂"},"geometry":{"coordinates":[112.25529,27.721302],"type":"Point"}},{"type":"Feature","properties":{"name":"胜昔桥"},"geometry":{"coordinates":[112.092882,27.765329],"type":"Point"}},{"type":"Feature","properties":{"name":"娄底东"},"geometry":{"coordinates":[112.041739,27.757907],"type":"Point"}},{"type":"Feature","properties":{"name":"百亩井"},"geometry":{"coordinates":[111.940747,27.713602],"type":"Point"}},{"type":"Feature","properties":{"name":"杨市"},"geometry":{"coordinates":[111.820056,27.623027],"type":"Point"}},{"type":"Feature","properties":{"name":"石泉"},"geometry":{"coordinates":[111.558838,27.621933],"type":"Point"}},{"type":"Feature","properties":{"name":"金竹山"},"geometry":{"coordinates":[111.495498,27.604838],"type":"Point"}},{"type":"Feature","properties":{"name":"冷水江西"},"geometry":{"coordinates":[111.412687,27.660714],"type":"Point"}},{"type":"Feature","properties":{"name":"川水"},"geometry":{"coordinates":[110.618106,27.975447],"type":"Point"}},{"type":"Feature","properties":{"name":"大江口"},"geometry":{"coordinates":[110.391884,27.866266],"type":"Point"}},{"type":"Feature","properties":{"name":"小龙门"},"geometry":{"coordinates":[110.170168,27.809009],"type":"Point"}},{"type":"Feature","properties":{"name":"峡谷"},"geometry":{"coordinates":[115.715308,39.946495],"type":"Point"}},{"type":"Feature","properties":{"name":"双龙峡"},"geometry":{"coordinates":[115.71145,39.952347],"type":"Point"}},{"type":"Feature","properties":{"name":"泸阳"},"geometry":{"coordinates":[110.094657,27.601997],"type":"Point"}},{"type":"Feature","properties":{"name":"波洲"},"geometry":{"coordinates":[109.281082,27.382744],"type":"Point"}},{"type":"Feature","properties":{"name":"新晃"},"geometry":{"coordinates":[109.191688,27.351838],"type":"Point"}},{"type":"Feature","properties":{"name":"宝峰"},"geometry":{"coordinates":[102.583328,24.594137],"type":"Point"}},{"type":"Feature","properties":{"name":"娄底西"},"geometry":{"coordinates":[111.952248,27.689555],"type":"Point"}},{"type":"Feature","properties":{"name":"双峰北"},"geometry":{"coordinates":[112.007869,27.561666],"type":"Point"}},{"type":"Feature","properties":{"name":"鞍山西道"},"geometry":{"coordinates":[117.142996,39.1155],"type":"Point"}},{"type":"Feature","properties":{"name":"新安镇"},"geometry":{"coordinates":[111.485449,29.666755],"type":"Point"}},{"type":"Feature","properties":{"name":"江高"},"geometry":{"coordinates":[113.219013,23.280145],"type":"Point"}},{"type":"Feature","properties":{"name":"高兴"},"geometry":{"coordinates":[106.731553,30.279194],"type":"Point"}},{"type":"Feature","properties":{"name":"官坝"},"geometry":{"coordinates":[110.22817,28.937863],"type":"Point"}},{"type":"Feature","properties":{"name":"回龙"},"geometry":{"coordinates":[110.18501,28.879673],"type":"Point"}},{"type":"Feature","properties":{"name":"新永顺"},"geometry":{"coordinates":[110.129839,28.819915],"type":"Point"}},{"type":"Feature","properties":{"name":"施溶溪"},"geometry":{"coordinates":[110.058572,28.77507],"type":"Point"}},{"type":"Feature","properties":{"name":"古丈"},"geometry":{"coordinates":[109.941243,28.623636],"type":"Point"}},{"type":"Feature","properties":{"name":"排口"},"geometry":{"coordinates":[109.908376,28.576836],"type":"Point"}},{"type":"Feature","properties":{"name":"万岩"},"geometry":{"coordinates":[109.839216,28.528387],"type":"Point"}},{"type":"Feature","properties":{"name":"龙鼻咀"},"geometry":{"coordinates":[109.840825,28.477257],"type":"Point"}},{"type":"Feature","properties":{"name":"马颈坳"},"geometry":{"coordinates":[109.804067,28.410491],"type":"Point"}},{"type":"Feature","properties":{"name":"湘泉"},"geometry":{"coordinates":[109.785006,28.386534],"type":"Point"}},{"type":"Feature","properties":{"name":"大坡"},"geometry":{"coordinates":[109.876175,27.820817],"type":"Point"}},{"type":"Feature","properties":{"name":"凉亭坳"},"geometry":{"coordinates":[109.919757,27.753865],"type":"Point"}},{"type":"Feature","properties":{"name":"冷水井"},"geometry":{"coordinates":[109.881419,27.268682],"type":"Point"}},{"type":"Feature","properties":{"name":"黔城"},"geometry":{"coordinates":[109.833438,27.203014],"type":"Point"}},{"type":"Feature","properties":{"name":"大沙田"},"geometry":{"coordinates":[109.784137,27.161754],"type":"Point"}},{"type":"Feature","properties":{"name":"江市"},"geometry":{"coordinates":[109.741409,27.116075],"type":"Point"}},{"type":"Feature","properties":{"name":"园冲"},"geometry":{"coordinates":[109.757448,26.972741],"type":"Point"}},{"type":"Feature","properties":{"name":"相见"},"geometry":{"coordinates":[109.744046,27.04593],"type":"Point"}},{"type":"Feature","properties":{"name":"白腊桥"},"geometry":{"coordinates":[109.694008,26.764353],"type":"Point"}},{"type":"Feature","properties":{"name":"连山"},"geometry":{"coordinates":[109.70969,26.81205],"type":"Point"}},{"type":"Feature","properties":{"name":"太阳坪"},"geometry":{"coordinates":[109.718914,26.707275],"type":"Point"}},{"type":"Feature","properties":{"name":"流坪"},"geometry":{"coordinates":[109.67028,26.460195],"type":"Point"}},{"type":"Feature","properties":{"name":"艮山口"},"geometry":{"coordinates":[109.692658,26.64032],"type":"Point"}},{"type":"Feature","properties":{"name":"八家旺"},"geometry":{"coordinates":[109.679262,26.523794],"type":"Point"}},{"type":"Feature","properties":{"name":"江口"},"geometry":{"coordinates":[109.662057,26.353888],"type":"Point"}},{"type":"Feature","properties":{"name":"地阳坪"},"geometry":{"coordinates":[109.612694,26.278372],"type":"Point"}},{"type":"Feature","properties":{"name":"塘豹"},"geometry":{"coordinates":[109.617494,26.20957],"type":"Point"}},{"type":"Feature","properties":{"name":"泥江口"},"geometry":{"coordinates":[112.296236,28.40604],"type":"Point"}},{"type":"Feature","properties":{"name":"横市"},"geometry":{"coordinates":[112.223077,28.152561],"type":"Point"}},{"type":"Feature","properties":{"name":"灰山港"},"geometry":{"coordinates":[112.246976,28.305606],"type":"Point"}},{"type":"Feature","properties":{"name":"老粮仓"},"geometry":{"coordinates":[112.218309,28.079952],"type":"Point"}},{"type":"Feature","properties":{"name":"青山桥"},"geometry":{"coordinates":[112.076908,27.950778],"type":"Point"}},{"type":"Feature","properties":{"name":"壶天"},"geometry":{"coordinates":[112.051821,27.836565],"type":"Point"}},{"type":"Feature","properties":{"name":"李家冲"},"geometry":{"coordinates":[111.387926,27.152452],"type":"Point"}},{"type":"Feature","properties":{"name":"易江桥"},"geometry":{"coordinates":[111.3943,26.784189],"type":"Point"}},{"type":"Feature","properties":{"name":"白仓"},"geometry":{"coordinates":[111.312361,26.90175],"type":"Point"}},{"type":"Feature","properties":{"name":"芦洪市"},"geometry":{"coordinates":[111.479922,26.62154],"type":"Point"}},{"type":"Feature","properties":{"name":"楠木塘"},"geometry":{"coordinates":[111.564109,26.385493],"type":"Point"}},{"type":"Feature","properties":{"name":"富家桥"},"geometry":{"coordinates":[111.593566,26.137389],"type":"Point"}},{"type":"Feature","properties":{"name":"尚仁里"},"geometry":{"coordinates":[111.650811,25.89054],"type":"Point"}},{"type":"Feature","properties":{"name":"理家坪"},"geometry":{"coordinates":[111.657962,25.666842],"type":"Point"}},{"type":"Feature","properties":{"name":"道州"},"geometry":{"coordinates":[111.564592,25.51833],"type":"Point"}},{"type":"Feature","properties":{"name":"江永"},"geometry":{"coordinates":[111.460526,25.35246],"type":"Point"}},{"type":"Feature","properties":{"name":"桥头铺"},"geometry":{"coordinates":[111.515348,25.284717],"type":"Point"}},{"type":"Feature","properties":{"name":"镇雄"},"geometry":{"coordinates":[105.122118,27.594528],"type":"Point"}},{"type":"Feature","properties":{"name":"滑浚"},"geometry":{"coordinates":[114.547083,35.617513],"type":"Point"}},{"type":"Feature","properties":{"name":"加福"},"geometry":{"coordinates":[117.180337,25.990695],"type":"Point"}},{"type":"Feature","properties":{"name":"坑边"},"geometry":{"coordinates":[117.334863,26.029117],"type":"Point"}},{"type":"Feature","properties":{"name":"龙南东"},"geometry":{"coordinates":[114.863648,24.90799],"type":"Point"}},{"type":"Feature","properties":{"name":"定南南"},"geometry":{"coordinates":[115.025401,24.745985],"type":"Point"}},{"type":"Feature","properties":{"name":"坑口"},"geometry":{"coordinates":[117.777644,28.444825],"type":"Point"}},{"type":"Feature","properties":{"name":"下洋"},"geometry":{"coordinates":[118.000702,25.492382],"type":"Point"}},{"type":"Feature","properties":{"name":"泉山"},"geometry":{"coordinates":[116.61398,29.895885],"type":"Point"}},{"type":"Feature","properties":{"name":"流泗"},"geometry":{"coordinates":[116.401705,29.805277],"type":"Point"}},{"type":"Feature","properties":{"name":"嵊州新昌"},"geometry":{"coordinates":[120.816127,29.529074],"type":"Point"}},{"type":"Feature","properties":{"name":"天台山"},"geometry":{"coordinates":[120.973815,29.143251],"type":"Point"}},{"type":"Feature","properties":{"name":"绿水"},"geometry":{"coordinates":[118.068658,26.587861],"type":"Point"}},{"type":"Feature","properties":{"name":"阿勒泰 التاي"},"geometry":{"coordinates":[88.087107,47.717575],"type":"Point"}},{"type":"Feature","properties":{"name":"嘉兴"},"geometry":{"coordinates":[120.759503,30.766504],"type":"Point"}},{"type":"Feature","properties":{"name":"南宁北"},"geometry":{"coordinates":[108.233067,23.158985],"type":"Point"}},{"type":"Feature","properties":{"name":"吉舟"},"geometry":{"coordinates":[117.775118,26.876514],"type":"Point"}},{"type":"Feature","properties":{"name":"富文"},"geometry":{"coordinates":[117.742471,26.971909],"type":"Point"}},{"type":"Feature","properties":{"name":"陈坊"},"geometry":{"coordinates":[117.694156,27.03338],"type":"Point"}},{"type":"Feature","properties":{"name":"卫闽"},"geometry":{"coordinates":[117.678809,27.073265],"type":"Point"}},{"type":"Feature","properties":{"name":"拿口"},"geometry":{"coordinates":[117.647734,27.135614],"type":"Point"}},{"type":"Feature","properties":{"name":"吴家塘"},"geometry":{"coordinates":[117.616098,27.2495],"type":"Point"}},{"type":"Feature","properties":{"name":"晒口"},"geometry":{"coordinates":[117.563704,27.301592],"type":"Point"}},{"type":"Feature","properties":{"name":"格口"},"geometry":{"coordinates":[117.654991,25.282499],"type":"Point"}},{"type":"Feature","properties":{"name":"小舟"},"geometry":{"coordinates":[117.707634,25.291228],"type":"Point"}},{"type":"Feature","properties":{"name":"剑斗（废弃）"},"geometry":{"coordinates":[117.915812,25.323527],"type":"Point"}},{"type":"Feature","properties":{"name":"长基（废弃）"},"geometry":{"coordinates":[117.974242,25.309694],"type":"Point"}},{"type":"Feature","properties":{"name":"金谷"},"geometry":{"coordinates":[118.104898,25.171822],"type":"Point"}},{"type":"Feature","properties":{"name":"富岭"},"geometry":{"coordinates":[116.898483,24.963913],"type":"Point"}},{"type":"Feature","properties":{"name":"永康东"},"geometry":{"coordinates":[120.075795,28.819731],"type":"Point"}},{"type":"Feature","properties":{"name":"武义东"},"geometry":{"coordinates":[119.923417,28.885653],"type":"Point"}},{"type":"Feature","properties":{"name":"阳圩"},"geometry":{"coordinates":[106.368338,23.892427],"type":"Point"}},{"type":"Feature","properties":{"name":"厚禄"},"geometry":{"coordinates":[109.879911,23.211492],"type":"Point"}},{"type":"Feature","properties":{"name":"南岗"},"geometry":{"coordinates":[117.073536,31.845211],"type":"Point"}},{"type":"Feature","properties":{"name":"董岗"},"geometry":{"coordinates":[117.061525,31.708744],"type":"Point"}},{"type":"Feature","properties":{"name":"大官塘"},"geometry":{"coordinates":[117.08242,31.639819],"type":"Point"}},{"type":"Feature","properties":{"name":"富民"},"geometry":{"coordinates":[117.155709,32.054703],"type":"Point"}},{"type":"Feature","properties":{"name":"金牛"},"geometry":{"coordinates":[117.157638,31.415756],"type":"Point"}},{"type":"Feature","properties":{"name":"凤鸣"},"geometry":{"coordinates":[109.187604,23.196768],"type":"Point"}},{"type":"Feature","properties":{"name":"黄练"},"geometry":{"coordinates":[109.31166,23.154912],"type":"Point"}},{"type":"Feature","properties":{"name":"覃塘"},"geometry":{"coordinates":[109.413542,23.111739],"type":"Point"}},{"type":"Feature","properties":{"name":"八塘"},"geometry":{"coordinates":[109.68953,23.027683],"type":"Point"}},{"type":"Feature","properties":{"name":"石鼓塘"},"geometry":{"coordinates":[109.890173,22.798575],"type":"Point"}},{"type":"Feature","properties":{"name":"仁东"},"geometry":{"coordinates":[110.091854,22.656084],"type":"Point"}},{"type":"Feature","properties":{"name":"米场"},"geometry":{"coordinates":[110.251971,22.405082],"type":"Point"}},{"type":"Feature","properties":{"name":"吹塘"},"geometry":{"coordinates":[110.213058,22.152867],"type":"Point"}},{"type":"Feature","properties":{"name":"江头"},"geometry":{"coordinates":[109.589471,25.972276],"type":"Point"}},{"type":"Feature","properties":{"name":"平竂"},"geometry":{"coordinates":[109.488715,25.701532],"type":"Point"}},{"type":"Feature","properties":{"name":"六孟"},"geometry":{"coordinates":[109.465298,25.52703],"type":"Point"}},{"type":"Feature","properties":{"name":"富用"},"geometry":{"coordinates":[109.438311,25.358177],"type":"Point"}},{"type":"Feature","properties":{"name":"平琴"},"geometry":{"coordinates":[109.411058,25.274251],"type":"Point"}},{"type":"Feature","properties":{"name":"浮石"},"geometry":{"coordinates":[109.366671,25.127648],"type":"Point"}},{"type":"Feature","properties":{"name":"贝江"},"geometry":{"coordinates":[109.281589,25.096929],"type":"Point"}},{"type":"Feature","properties":{"name":"大路底"},"geometry":{"coordinates":[109.177453,25.045708],"type":"Point"}},{"type":"Feature","properties":{"name":"寨隆"},"geometry":{"coordinates":[109.092128,24.644896],"type":"Point"}},{"type":"Feature","properties":{"name":"古竹"},"geometry":{"coordinates":[109.117199,24.525364],"type":"Point"}},{"type":"Feature","properties":{"name":"大山"},"geometry":{"coordinates":[107.504202,25.132316],"type":"Point"}},{"type":"Feature","properties":{"name":"坡朝"},"geometry":{"coordinates":[107.509108,25.05003],"type":"Point"}},{"type":"Feature","properties":{"name":"打场"},"geometry":{"coordinates":[107.633155,24.915225],"type":"Point"}},{"type":"Feature","properties":{"name":"车河"},"geometry":{"coordinates":[107.688115,24.849818],"type":"Point"}},{"type":"Feature","properties":{"name":"纳朝"},"geometry":{"coordinates":[107.740987,24.791751],"type":"Point"}},{"type":"Feature","properties":{"name":"大莫"},"geometry":{"coordinates":[107.829877,24.766502],"type":"Point"}},{"type":"Feature","properties":{"name":"六甲"},"geometry":{"coordinates":[107.922125,24.752161],"type":"Point"}},{"type":"Feature","properties":{"name":"岜仑"},"geometry":{"coordinates":[107.985044,24.726919],"type":"Point"}},{"type":"Feature","properties":{"name":"东江"},"geometry":{"coordinates":[108.141773,24.722731],"type":"Point"}},{"type":"Feature","properties":{"name":"都街"},"geometry":{"coordinates":[108.232163,24.720457],"type":"Point"}},{"type":"Feature","properties":{"name":"德胜"},"geometry":{"coordinates":[108.339729,24.694691],"type":"Point"}},{"type":"Feature","properties":{"name":"怀远"},"geometry":{"coordinates":[108.441193,24.570741],"type":"Point"}},{"type":"Feature","properties":{"name":"全村"},"geometry":{"coordinates":[108.394355,24.613746],"type":"Point"}},{"type":"Feature","properties":{"name":"叶茂"},"geometry":{"coordinates":[108.542802,24.52796],"type":"Point"}},{"type":"Feature","properties":{"name":"油路"},"geometry":{"coordinates":[108.720787,24.486748],"type":"Point"}},{"type":"Feature","properties":{"name":"龙井村"},"geometry":{"coordinates":[108.827613,24.493738],"type":"Point"}},{"type":"Feature","properties":{"name":"洛东"},"geometry":{"coordinates":[108.894706,24.48531],"type":"Point"}},{"type":"Feature","properties":{"name":"流塘"},"geometry":{"coordinates":[109.124457,24.461337],"type":"Point"}},{"type":"Feature","properties":{"name":"太阳村"},"geometry":{"coordinates":[109.266435,24.366966],"type":"Point"}},{"type":"Feature","properties":{"name":"福利"},"geometry":{"coordinates":[111.380616,24.862244],"type":"Point"}},{"type":"Feature","properties":{"name":"柳城"},"geometry":{"coordinates":[108.962968,24.514693],"type":"Point"}},{"type":"Feature","properties":{"name":"洪塘"},"geometry":{"coordinates":[111.442197,24.926469],"type":"Point"}},{"type":"Feature","properties":{"name":"肯洛"},"geometry":{"coordinates":[109.054529,24.524094],"type":"Point"}},{"type":"Feature","properties":{"name":"井山"},"geometry":{"coordinates":[111.372583,24.716385],"type":"Point"}},{"type":"Feature","properties":{"name":"长滩"},"geometry":{"coordinates":[111.680853,24.16553],"type":"Point"}},{"type":"Feature","properties":{"name":"贺街"},"geometry":{"coordinates":[111.644104,24.327422],"type":"Point"}},{"type":"Feature","properties":{"name":"乐善"},"geometry":{"coordinates":[111.695239,24.084545],"type":"Point"}},{"type":"Feature","properties":{"name":"龙田"},"geometry":{"coordinates":[111.436364,23.711338],"type":"Point"}},{"type":"Feature","properties":{"name":"旺甫"},"geometry":{"coordinates":[111.387171,23.648722],"type":"Point"}},{"type":"Feature","properties":{"name":"孔良"},"geometry":{"coordinates":[111.124578,23.364957],"type":"Point"}},{"type":"Feature","properties":{"name":"梧州北"},"geometry":{"coordinates":[111.266181,23.545869],"type":"Point"}},{"type":"Feature","properties":{"name":"埌南"},"geometry":{"coordinates":[111.130584,23.283196],"type":"Point"}},{"type":"Feature","properties":{"name":"富埇"},"geometry":{"coordinates":[111.097594,23.209067],"type":"Point"}},{"type":"Feature","properties":{"name":"罗同"},"geometry":{"coordinates":[111.062331,23.1351],"type":"Point"}},{"type":"Feature","properties":{"name":"糯垌"},"geometry":{"coordinates":[111.036759,23.047986],"type":"Point"}},{"type":"Feature","properties":{"name":"岑溪北"},"geometry":{"coordinates":[110.99278,22.959352],"type":"Point"}},{"type":"Feature","properties":{"name":"马路圩"},"geometry":{"coordinates":[110.896509,22.884949],"type":"Point"}},{"type":"Feature","properties":{"name":"大坡村"},"geometry":{"coordinates":[110.712266,22.851634],"type":"Point"}},{"type":"Feature","properties":{"name":"北流东"},"geometry":{"coordinates":[110.395063,22.776161],"type":"Point"}},{"type":"Feature","properties":{"name":"坛洛"},"geometry":{"coordinates":[108.00814,22.900016],"type":"Point"}},{"type":"Feature","properties":{"name":"那桐"},"geometry":{"coordinates":[107.849552,22.990956],"type":"Point"}},{"type":"Feature","properties":{"name":"坡圩"},"geometry":{"coordinates":[106.852663,23.797326],"type":"Point"}},{"type":"Feature","properties":{"name":"陇凌"},"geometry":{"coordinates":[106.935721,23.48507],"type":"Point"}},{"type":"Feature","properties":{"name":"阳东"},"geometry":{"coordinates":[112.149273,21.956958],"type":"Point"}},{"type":"Feature","properties":{"name":"土瓜灣 To Kwa Wan"},"geometry":{"coordinates":[114.187649,22.316975],"type":"Point"}},{"type":"Feature","properties":{"name":"自贡北"},"geometry":{"coordinates":[104.788522,29.358792],"type":"Point"}},{"type":"Feature","properties":{"name":"内江北"},"geometry":{"coordinates":[105.082206,29.612402],"type":"Point"}},{"type":"Feature","properties":{"name":"东环"},"geometry":{"coordinates":[113.360478,22.976844],"type":"Point"}},{"type":"Feature","properties":{"name":"官桥北"},"geometry":{"coordinates":[113.439353,22.984728],"type":"Point"}},{"type":"Feature","properties":{"name":"广州莲花山"},"geometry":{"coordinates":[113.486848,23.005282],"type":"Point"}},{"type":"Feature","properties":{"name":"麻涌"},"geometry":{"coordinates":[113.568901,23.02321],"type":"Point"}},{"type":"Feature","properties":{"name":"广州长隆"},"geometry":{"coordinates":[113.324828,22.992693],"type":"Point"}},{"type":"Feature","properties":{"name":"查岩"},"geometry":{"coordinates":[108.921468,24.513535],"type":"Point"}},{"type":"Feature","properties":{"name":"沧州西"},"geometry":{"coordinates":[116.761963,38.306279],"type":"Point"}},{"type":"Feature","properties":{"name":"崇礼"},"geometry":{"coordinates":[115.311005,41.005881],"type":"Point"}},{"type":"Feature","properties":{"name":"亳州南"},"geometry":{"coordinates":[115.793091,33.796241],"type":"Point"}},{"type":"Feature","properties":{"name":"随州"},"geometry":{"coordinates":[113.411242,31.723514],"type":"Point"}},{"type":"Feature","properties":{"name":"增城西"},"geometry":{"coordinates":[113.646047,23.253302],"type":"Point"}},{"type":"Feature","properties":{"name":"桦林东"},"geometry":{"coordinates":[129.73664,44.696883],"type":"Point"}},{"type":"Feature","properties":{"name":"新绰源"},"geometry":{"coordinates":[121.351783,48.333987],"type":"Point"}},{"type":"Feature","properties":{"name":"绥芬河"},"geometry":{"coordinates":[131.128981,44.403753],"type":"Point"}},{"type":"Feature","properties":{"name":"兴隆镇（窄轨）"},"geometry":{"coordinates":[127.122918,46.438999],"type":"Point"}},{"type":"Feature","properties":{"name":"番禺"},"geometry":{"coordinates":[113.270213,22.992464],"type":"Point"}},{"type":"Feature","properties":{"name":"松浦"},"geometry":{"coordinates":[126.599806,45.847268],"type":"Point"}},{"type":"Feature","properties":{"name":"茂名东"},"geometry":{"coordinates":[111.006117,21.672761],"type":"Point"}},{"type":"Feature","properties":{"name":"东海岛"},"geometry":{"coordinates":[110.344434,21.069755],"type":"Point"}},{"type":"Feature","properties":{"name":"马踏"},"geometry":{"coordinates":[111.360822,21.684035],"type":"Point"}},{"type":"Feature","properties":{"name":"马莲井"},"geometry":{"coordinates":[101.347386,38.709005],"type":"Point"}},{"type":"Feature","properties":{"name":"哈拉敖包"},"geometry":{"coordinates":[100.358646,41.348942],"type":"Point"}},{"type":"Feature","properties":{"name":"钦州港东"},"geometry":{"coordinates":[108.670925,21.684615],"type":"Point"}},{"type":"Feature","properties":{"name":"白墩子"},"geometry":{"coordinates":[104.140616,37.359191],"type":"Point"}},{"type":"Feature","properties":{"name":"青山堡"},"geometry":{"coordinates":[102.246261,38.256033],"type":"Point"}},{"type":"Feature","properties":{"name":"双墩集"},"geometry":{"coordinates":[117.254187,32.011731],"type":"Point"}},{"type":"Feature","properties":{"name":"吴四圪堵"},"geometry":{"coordinates":[109.733033,40.191121],"type":"Point"}},{"type":"Feature","properties":{"name":"李家"},"geometry":{"coordinates":[109.501502,39.945412],"type":"Point"}},{"type":"Feature","properties":{"name":"浐灞"},"geometry":{"coordinates":[109.002241,34.291349],"type":"Point"}},{"type":"Feature","properties":{"name":"历城北"},"geometry":{"coordinates":[117.146352,36.710611],"type":"Point"}},{"type":"Feature","properties":{"name":"富顺"},"geometry":{"coordinates":[105.035949,29.212408],"type":"Point"}},{"type":"Feature","properties":{"name":"溪头"},"geometry":{"coordinates":[113.831993,22.777379],"type":"Point"}},{"type":"Feature","properties":{"name":"松岗公园"},"geometry":{"coordinates":[113.844657,22.781291],"type":"Point"}},{"type":"Feature","properties":{"name":"薯田埔"},"geometry":{"coordinates":[113.863054,22.784052],"type":"Point"}},{"type":"Feature","properties":{"name":"公明广场"},"geometry":{"coordinates":[113.886107,22.780898],"type":"Point"}},{"type":"Feature","properties":{"name":"红花山"},"geometry":{"coordinates":[113.901879,22.780907],"type":"Point"}},{"type":"Feature","properties":{"name":"楼村"},"geometry":{"coordinates":[113.918539,22.778953],"type":"Point"}},{"type":"Feature","properties":{"name":"科学公园"},"geometry":{"coordinates":[113.929244,22.780497],"type":"Point"}},{"type":"Feature","properties":{"name":"光明大街"},"geometry":{"coordinates":[113.93794,22.76504],"type":"Point"}},{"type":"Feature","properties":{"name":"长圳"},"geometry":{"coordinates":[113.926063,22.729319],"type":"Point"}},{"type":"Feature","properties":{"name":"廊坊北"},"geometry":{"coordinates":[116.667944,39.577437],"type":"Point"}},{"type":"Feature","properties":{"name":"包尔呼东"},"geometry":{"coordinates":[119.289135,45.245318],"type":"Point"}},{"type":"Feature","properties":{"name":"宝日温都尔"},"geometry":{"coordinates":[119.023755,45.058145],"type":"Point"}},{"type":"Feature","properties":{"name":"毛瑞霍"},"geometry":{"coordinates":[118.90923,45.026924],"type":"Point"}},{"type":"Feature","properties":{"name":"阿拉坦"},"geometry":{"coordinates":[118.76919,45.008614],"type":"Point"}},{"type":"Feature","properties":{"name":"乌拉图嘎"},"geometry":{"coordinates":[118.684615,44.899711],"type":"Point"}},{"type":"Feature","properties":{"name":"白音华东"},"geometry":{"coordinates":[118.55961,44.82577],"type":"Point"}},{"type":"Feature","properties":{"name":"白音华南"},"geometry":{"coordinates":[118.449631,44.769063],"type":"Point"}},{"type":"Feature","properties":{"name":"白音华"},"geometry":{"coordinates":[118.448798,44.76988],"type":"Point"}},{"type":"Feature","properties":{"name":"宝日格"},"geometry":{"coordinates":[119.108968,45.160265],"type":"Point"}},{"type":"Feature","properties":{"name":"塔拉"},"geometry":{"coordinates":[118.177038,44.685575],"type":"Point"}},{"type":"Feature","properties":{"name":"推能木塔尔"},"geometry":{"coordinates":[117.853544,44.599994],"type":"Point"}},{"type":"Feature","properties":{"name":"格勒森德"},"geometry":{"coordinates":[116.922235,44.57834],"type":"Point"}},{"type":"Feature","properties":{"name":"扎布其尔"},"geometry":{"coordinates":[116.603202,44.508594],"type":"Point"}},{"type":"Feature","properties":{"name":"塔林高勒"},"geometry":{"coordinates":[117.099144,44.616744],"type":"Point"}},{"type":"Feature","properties":{"name":"干其毛德"},"geometry":{"coordinates":[116.573654,44.708148],"type":"Point"}},{"type":"Feature","properties":{"name":"白音郭勒"},"geometry":{"coordinates":[116.627568,44.537218],"type":"Point"}},{"type":"Feature","properties":{"name":"河北农场"},"geometry":{"coordinates":[116.502996,44.902926],"type":"Point"}},{"type":"Feature","properties":{"name":"松根山"},"geometry":{"coordinates":[116.526734,44.999433],"type":"Point"}},{"type":"Feature","properties":{"name":"忙嘎拉"},"geometry":{"coordinates":[116.795125,45.35597],"type":"Point"}},{"type":"Feature","properties":{"name":"额吉淖尔"},"geometry":{"coordinates":[116.470877,45.145998],"type":"Point"}},{"type":"Feature","properties":{"name":"乌珠穆沁"},"geometry":{"coordinates":[116.977336,45.467166],"type":"Point"}},{"type":"Feature","properties":{"name":"都贵德勒"},"geometry":{"coordinates":[116.586338,44.630209],"type":"Point"}},{"type":"Feature","properties":{"name":"温德日"},"geometry":{"coordinates":[116.693761,45.204235],"type":"Point"}},{"type":"Feature","properties":{"name":"哈尼乎热"},"geometry":{"coordinates":[117.267495,45.466794],"type":"Point"}},{"type":"Feature","properties":{"name":"乌尼特"},"geometry":{"coordinates":[117.241248,45.27269],"type":"Point"}},{"type":"Feature","properties":{"name":"宝力格"},"geometry":{"coordinates":[117.717177,45.661963],"type":"Point"}},{"type":"Feature","properties":{"name":"道特诺尔"},"geometry":{"coordinates":[118.125327,45.73661],"type":"Point"}},{"type":"Feature","properties":{"name":"巴彦胡硕"},"geometry":{"coordinates":[118.793033,45.696614],"type":"Point"}},{"type":"Feature","properties":{"name":"农乃庙"},"geometry":{"coordinates":[119.033841,45.736307],"type":"Point"}},{"type":"Feature","properties":{"name":"贺斯格乌拉"},"geometry":{"coordinates":[119.137898,45.913919],"type":"Point"}},{"type":"Feature","properties":{"name":"赛罕花"},"geometry":{"coordinates":[119.34491,45.737113],"type":"Point"}},{"type":"Feature","properties":{"name":"沙尔塔拉"},"geometry":{"coordinates":[118.737714,45.038076],"type":"Point"}},{"type":"Feature","properties":{"name":"冈干特乌拉"},"geometry":{"coordinates":[119.007836,45.188622],"type":"Point"}},{"type":"Feature","properties":{"name":"阿日高勒"},"geometry":{"coordinates":[116.457038,44.478871],"type":"Point"}},{"type":"Feature","properties":{"name":"塔布都格"},"geometry":{"coordinates":[116.129627,44.371359],"type":"Point"}},{"type":"Feature","properties":{"name":"包门陶勒盖"},"geometry":{"coordinates":[115.995948,44.156343],"type":"Point"}},{"type":"Feature","properties":{"name":"海彦呼都格"},"geometry":{"coordinates":[116.052854,44.062245],"type":"Point"}},{"type":"Feature","properties":{"name":"锡林浩特北"},"geometry":{"coordinates":[116.032677,43.966391],"type":"Point"}},{"type":"Feature","properties":{"name":"锡林浩特西"},"geometry":{"coordinates":[116.017672,43.966722],"type":"Point"}},{"type":"Feature","properties":{"name":"默里浑德"},"geometry":{"coordinates":[115.975108,44.094452],"type":"Point"}},{"type":"Feature","properties":{"name":"巴彦温多尔"},"geometry":{"coordinates":[115.532739,44.044529],"type":"Point"}},{"type":"Feature","properties":{"name":"敖日格勒"},"geometry":{"coordinates":[113.12986,43.85106],"type":"Point"}},{"type":"Feature","properties":{"name":"白音芒来"},"geometry":{"coordinates":[113.174111,44.023975],"type":"Point"}},{"type":"Feature","properties":{"name":"巴彦敖包"},"geometry":{"coordinates":[112.907716,43.560711],"type":"Point"}},{"type":"Feature","properties":{"name":"乌日根塔拉"},"geometry":{"coordinates":[112.79712,43.269814],"type":"Point"}},{"type":"Feature","properties":{"name":"郭尔奔敖包"},"geometry":{"coordinates":[112.464431,43.057087],"type":"Point"}},{"type":"Feature","properties":{"name":"查干诺尔"},"geometry":{"coordinates":[112.906006,43.275925],"type":"Point"}},{"type":"Feature","properties":{"name":"桑根达来北"},"geometry":{"coordinates":[115.956896,42.711825],"type":"Point"}},{"type":"Feature","properties":{"name":"乌日图"},"geometry":{"coordinates":[116.027765,43.063356],"type":"Point"}},{"type":"Feature","properties":{"name":"白音库伦"},"geometry":{"coordinates":[116.109753,43.282555],"type":"Point"}},{"type":"Feature","properties":{"name":"灰腾梁"},"geometry":{"coordinates":[116.062583,43.481434],"type":"Point"}},{"type":"Feature","properties":{"name":"贝力克"},"geometry":{"coordinates":[116.122444,43.672011],"type":"Point"}},{"type":"Feature","properties":{"name":"阿都呼都格"},"geometry":{"coordinates":[115.995577,42.440498],"type":"Point"}},{"type":"Feature","properties":{"name":"黑城子"},"geometry":{"coordinates":[115.836757,42.009606],"type":"Point"}},{"type":"Feature","properties":{"name":"图木舒克南"},"geometry":{"coordinates":[79.022276,39.83769],"type":"Point"}},{"type":"Feature","properties":{"name":"巴音花"},"geometry":{"coordinates":[110.039444,42.345272],"type":"Point"}},{"type":"Feature","properties":{"name":"小布盖齐"},"geometry":{"coordinates":[110.07111,42.094917],"type":"Point"}},{"type":"Feature","properties":{"name":"额很乌苏"},"geometry":{"coordinates":[110.090933,41.977673],"type":"Point"}},{"type":"Feature","properties":{"name":"百灵庙"},"geometry":{"coordinates":[110.089083,41.863734],"type":"Point"}},{"type":"Feature","properties":{"name":"朝鲁图"},"geometry":{"coordinates":[110.040329,41.747386],"type":"Point"}},{"type":"Feature","properties":{"name":"白云鄂博南"},"geometry":{"coordinates":[109.926829,41.728752],"type":"Point"}},{"type":"Feature","properties":{"name":"联光"},"geometry":{"coordinates":[108.882091,40.588457],"type":"Point"}},{"type":"Feature","properties":{"name":"杭锦淖尔"},"geometry":{"coordinates":[109.008807,40.459247],"type":"Point"}},{"type":"Feature","properties":{"name":"四眼井"},"geometry":{"coordinates":[109.032684,40.317482],"type":"Point"}},{"type":"Feature","properties":{"name":"昌汗沟"},"geometry":{"coordinates":[108.908538,40.13463],"type":"Point"}},{"type":"Feature","properties":{"name":"杭锦旗北"},"geometry":{"coordinates":[108.855988,40.056008],"type":"Point"}},{"type":"Feature","properties":{"name":"石里霍图"},"geometry":{"coordinates":[109.222812,40.215861],"type":"Point"}},{"type":"Feature","properties":{"name":"蓿亥图"},"geometry":{"coordinates":[109.362461,40.183642],"type":"Point"}},{"type":"Feature","properties":{"name":"元宝湾"},"geometry":{"coordinates":[109.471827,40.17959],"type":"Point"}},{"type":"Feature","properties":{"name":"高头窑北"},"geometry":{"coordinates":[109.62766,40.07298],"type":"Point"}},{"type":"Feature","properties":{"name":"高头窑"},"geometry":{"coordinates":[109.645859,40.017629],"type":"Point"}},{"type":"Feature","properties":{"name":"滨州港"},"geometry":{"coordinates":[118.037841,38.164857],"type":"Point"}},{"type":"Feature","properties":{"name":"额济纳西"},"geometry":{"coordinates":[100.9147,42.028239],"type":"Point"}},{"type":"Feature","properties":{"name":"吉柯德东"},"geometry":{"coordinates":[99.970279,41.834182],"type":"Point"}},{"type":"Feature","properties":{"name":"鹰窝沟"},"geometry":{"coordinates":[98.647827,41.246511],"type":"Point"}},{"type":"Feature","properties":{"name":"生地湾"},"geometry":{"coordinates":[98.567074,40.28059],"type":"Point"}},{"type":"Feature","properties":{"name":"梭梭井"},"geometry":{"coordinates":[98.66295,40.967447],"type":"Point"}},{"type":"Feature","properties":{"name":"下河清"},"geometry":{"coordinates":[99.048602,39.482234],"type":"Point"}},{"type":"Feature","properties":{"name":"石泉子"},"geometry":{"coordinates":[99.163984,39.792228],"type":"Point"}},{"type":"Feature","properties":{"name":"石梁子"},"geometry":{"coordinates":[99.266005,40.094362],"type":"Point"}},{"type":"Feature","properties":{"name":"上元"},"geometry":{"coordinates":[99.447456,40.244841],"type":"Point"}},{"type":"Feature","properties":{"name":"河东里"},"geometry":{"coordinates":[99.75942,40.411696],"type":"Point"}},{"type":"Feature","properties":{"name":"大树里"},"geometry":{"coordinates":[99.98435,40.728891],"type":"Point"}},{"type":"Feature","properties":{"name":"胜利"},"geometry":{"coordinates":[100.287125,41.09247],"type":"Point"}},{"type":"Feature","properties":{"name":"反修"},"geometry":{"coordinates":[100.568148,41.861621],"type":"Point"}},{"type":"Feature","properties":{"name":"5#"},"geometry":{"coordinates":[100.477094,41.690314],"type":"Point"}},{"type":"Feature","properties":{"name":"莲花寺"},"geometry":{"coordinates":[99.098943,39.626828],"type":"Point"}},{"type":"Feature","properties":{"name":"黑石川"},"geometry":{"coordinates":[103.871861,36.554686],"type":"Point"}},{"type":"Feature","properties":{"name":"策克"},"geometry":{"coordinates":[101.295042,42.573227],"type":"Point"}},{"type":"Feature","properties":{"name":"耿庆沟"},"geometry":{"coordinates":[111.331701,40.148692],"type":"Point"}},{"type":"Feature","properties":{"name":"王玉营"},"geometry":{"coordinates":[111.40223,40.198473],"type":"Point"}},{"type":"Feature","properties":{"name":"二道河"},"geometry":{"coordinates":[111.655597,40.108439],"type":"Point"}},{"type":"Feature","properties":{"name":"兰家窑"},"geometry":{"coordinates":[111.634296,40.213396],"type":"Point"}},{"type":"Feature","properties":{"name":"唐公塔"},"geometry":{"coordinates":[111.276187,39.84291],"type":"Point"}},{"type":"Feature","properties":{"name":"点岱沟"},"geometry":{"coordinates":[111.259156,39.803546],"type":"Point"}},{"type":"Feature","properties":{"name":"龙王渠"},"geometry":{"coordinates":[111.351858,39.819029],"type":"Point"}},{"type":"Feature","properties":{"name":"老牛湾"},"geometry":{"coordinates":[111.470687,39.942519],"type":"Point"}},{"type":"Feature","properties":{"name":"清水河县"},"geometry":{"coordinates":[111.607721,39.968218],"type":"Point"}},{"type":"Feature","properties":{"name":"鸡鸣驿"},"geometry":{"coordinates":[111.982608,40.211025],"type":"Point"}},{"type":"Feature","properties":{"name":"外西沟"},"geometry":{"coordinates":[112.156287,40.2825],"type":"Point"}},{"type":"Feature","properties":{"name":"九苏木"},"geometry":{"coordinates":[112.646094,40.48199],"type":"Point"}},{"type":"Feature","properties":{"name":"庄头窑"},"geometry":{"coordinates":[112.751889,40.503605],"type":"Point"}},{"type":"Feature","properties":{"name":"天成"},"geometry":{"coordinates":[112.869083,40.492083],"type":"Point"}},{"type":"Feature","properties":{"name":"樊家圐圙"},"geometry":{"coordinates":[112.987539,40.492072],"type":"Point"}},{"type":"Feature","properties":{"name":"丹洲营"},"geometry":{"coordinates":[113.113784,40.47108],"type":"Point"}},{"type":"Feature","properties":{"name":"北黄土沟"},"geometry":{"coordinates":[113.235358,40.434179],"type":"Point"}},{"type":"Feature","properties":{"name":"十九沟"},"geometry":{"coordinates":[113.292992,40.347668],"type":"Point"}},{"type":"Feature","properties":{"name":"燕庄"},"geometry":{"coordinates":[113.324791,40.130747],"type":"Point"}},{"type":"Feature","properties":{"name":"南坪矿"},"geometry":{"coordinates":[111.215971,39.724856],"type":"Point"}},{"type":"Feature","properties":{"name":"肖家"},"geometry":{"coordinates":[111.215472,39.778658],"type":"Point"}},{"type":"Feature","properties":{"name":"三道渠"},"geometry":{"coordinates":[111.052127,39.816871],"type":"Point"}},{"type":"Feature","properties":{"name":"福兴城"},"geometry":{"coordinates":[110.968692,39.762791],"type":"Point"}},{"type":"Feature","properties":{"name":"沙圪堵北"},"geometry":{"coordinates":[110.839804,39.732752],"type":"Point"}},{"type":"Feature","properties":{"name":"纳林川"},"geometry":{"coordinates":[110.847995,39.739371],"type":"Point"}},{"type":"Feature","properties":{"name":"狮子岭"},"geometry":{"coordinates":[110.601948,39.658838],"type":"Point"}},{"type":"Feature","properties":{"name":"虎石"},"geometry":{"coordinates":[110.737321,39.615137],"type":"Point"}},{"type":"Feature","properties":{"name":"四道柳"},"geometry":{"coordinates":[110.400729,39.67702],"type":"Point"}},{"type":"Feature","properties":{"name":"公沟"},"geometry":{"coordinates":[110.344711,39.670961],"type":"Point"}},{"type":"Feature","properties":{"name":"准格尔召"},"geometry":{"coordinates":[110.153398,39.612523],"type":"Point"}},{"type":"Feature","properties":{"name":"布尔陶亥南"},"geometry":{"coordinates":[110.757842,39.98024],"type":"Point"}},{"type":"Feature","properties":{"name":"点石沟"},"geometry":{"coordinates":[110.414227,39.87586],"type":"Point"}},{"type":"Feature","properties":{"name":"泊江海子"},"geometry":{"coordinates":[109.375992,39.89116],"type":"Point"}},{"type":"Feature","properties":{"name":"塔然高勒"},"geometry":{"coordinates":[109.203509,39.991159],"type":"Point"}},{"type":"Feature","properties":{"name":"三垧梁"},"geometry":{"coordinates":[110.068483,40.231816],"type":"Point"}},{"type":"Feature","properties":{"name":"万水泉"},"geometry":{"coordinates":[109.929402,40.590554],"type":"Point"}},{"type":"Feature","properties":{"name":"新贤城"},"geometry":{"coordinates":[109.856942,40.696109],"type":"Point"}},{"type":"Feature","properties":{"name":"嘉东"},"geometry":{"coordinates":[98.301763,39.791235],"type":"Point"}},{"type":"Feature","properties":{"name":"嘉西"},"geometry":{"coordinates":[98.214656,39.854492],"type":"Point"}},{"type":"Feature","properties":{"name":"和田 خوتەن"},"geometry":{"coordinates":[79.904763,37.159611],"type":"Point"}},{"type":"Feature","properties":{"name":"湖心站"},"geometry":{"coordinates":[99.082852,36.727549],"type":"Point"}},{"type":"Feature","properties":{"name":"老礼堂站"},"geometry":{"coordinates":[99.078889,36.758471],"type":"Point"}},{"type":"Feature","properties":{"name":"康萨"},"geometry":{"coordinates":[93.939795,29.209876],"type":"Point"}},{"type":"Feature","properties":{"name":"扎囊"},"geometry":{"coordinates":[91.33893,29.263362],"type":"Point"}},{"type":"Feature","properties":{"name":"山南"},"geometry":{"coordinates":[91.755675,29.24995],"type":"Point"}},{"type":"Feature","properties":{"name":"克拉玛依"},"geometry":{"coordinates":[84.893122,45.527156],"type":"Point"}},{"type":"Feature","properties":{"name":"卡布其"},"geometry":{"coordinates":[106.848022,39.632624],"type":"Point"}},{"type":"Feature","properties":{"name":"乌海西"},"geometry":{"coordinates":[106.7339,39.454598],"type":"Point"}},{"type":"Feature","properties":{"name":"潘集寨"},"geometry":{"coordinates":[105.94813,34.536579],"type":"Point"}},{"type":"Feature","properties":{"name":"乌兰胡同"},"geometry":{"coordinates":[109.862439,41.609137],"type":"Point"}},{"type":"Feature","properties":{"name":"老羊壕"},"geometry":{"coordinates":[109.835797,41.391526],"type":"Point"}},{"type":"Feature","properties":{"name":"西斗铺"},"geometry":{"coordinates":[109.790355,41.219177],"type":"Point"}},{"type":"Feature","properties":{"name":"石门村"},"geometry":{"coordinates":[109.783378,41.037165],"type":"Point"}},{"type":"Feature","properties":{"name":"高家村"},"geometry":{"coordinates":[109.791894,40.979679],"type":"Point"}},{"type":"Feature","properties":{"name":"营盘湾"},"geometry":{"coordinates":[109.786806,40.923713],"type":"Point"}},{"type":"Feature","properties":{"name":"明安"},"geometry":{"coordinates":[109.803546,40.854074],"type":"Point"}},{"type":"Feature","properties":{"name":"昆都仑召"},"geometry":{"coordinates":[109.790078,40.702149],"type":"Point"}},{"type":"Feature","properties":{"name":"包头西"},"geometry":{"coordinates":[109.734759,40.613692],"type":"Point"}},{"type":"Feature","properties":{"name":"公庙子"},"geometry":{"coordinates":[108.959353,40.623581],"type":"Point"}},{"type":"Feature","properties":{"name":"红砂岘"},"geometry":{"coordinates":[104.061382,36.608115],"type":"Point"}},{"type":"Feature","properties":{"name":"中卫"},"geometry":{"coordinates":[105.186346,37.521714],"type":"Point"}},{"type":"Feature","properties":{"name":"黄羊湾"},"geometry":{"coordinates":[105.488357,37.511326],"type":"Point"}},{"type":"Feature","properties":{"name":"银川"},"geometry":{"coordinates":[106.168619,38.491681],"type":"Point"}},{"type":"Feature","properties":{"name":"暖泉"},"geometry":{"coordinates":[106.269511,38.740127],"type":"Point"}},{"type":"Feature","properties":{"name":"石嘴山南"},"geometry":{"coordinates":[106.417673,38.915559],"type":"Point"}},{"type":"Feature","properties":{"name":"碱柜"},"geometry":{"coordinates":[106.758509,39.930892],"type":"Point"}},{"type":"Feature","properties":{"name":"乌拉山西"},"geometry":{"coordinates":[108.6452,40.711612],"type":"Point"}},{"type":"Feature","properties":{"name":"乌拉山"},"geometry":{"coordinates":[108.77291,40.6557],"type":"Point"}},{"type":"Feature","properties":{"name":"古窑子"},"geometry":{"coordinates":[106.611669,38.103307],"type":"Point"}},{"type":"Feature","properties":{"name":"大板"},"geometry":{"coordinates":[118.633375,43.522959],"type":"Point"}},{"type":"Feature","properties":{"name":"曹不罕"},"geometry":{"coordinates":[113.275689,41.344829],"type":"Point"}},{"type":"Feature","properties":{"name":"南洼营"},"geometry":{"coordinates":[117.81869,43.511375],"type":"Point"}},{"type":"Feature","properties":{"name":"继承"},"geometry":{"coordinates":[119.886245,49.18352],"type":"Point"}},{"type":"Feature","properties":{"name":"韩家园"},"geometry":{"coordinates":[125.742853,52.069395],"type":"Point"}},{"type":"Feature","properties":{"name":"塔河"},"geometry":{"coordinates":[124.690472,52.33152],"type":"Point"}},{"type":"Feature","properties":{"name":"牙克石"},"geometry":{"coordinates":[120.731185,49.277034],"type":"Point"}},{"type":"Feature","properties":{"name":"鹤北"},"geometry":{"coordinates":[130.46255,47.539359],"type":"Point"}},{"type":"Feature","properties":{"name":"峻德"},"geometry":{"coordinates":[130.283159,47.194643],"type":"Point"}},{"type":"Feature","properties":{"name":"新华"},"geometry":{"coordinates":[130.290262,47.109016],"type":"Point"}},{"type":"Feature","properties":{"name":"鹤立"},"geometry":{"coordinates":[130.283374,47.05071],"type":"Point"}},{"type":"Feature","properties":{"name":"乌伊岭"},"geometry":{"coordinates":[129.425256,48.58981],"type":"Point"}},{"type":"Feature","properties":{"name":"西林"},"geometry":{"coordinates":[129.301553,47.477156],"type":"Point"}},{"type":"Feature","properties":{"name":"南岔"},"geometry":{"coordinates":[129.272845,47.131028],"type":"Point"}},{"type":"Feature","properties":{"name":"依安"},"geometry":{"coordinates":[125.278432,47.871784],"type":"Point"}},{"type":"Feature","properties":{"name":"阿木尔"},"geometry":{"coordinates":[123.156031,52.860131],"type":"Point"}},{"type":"Feature","properties":{"name":"长缨"},"geometry":{"coordinates":[123.325427,52.868247],"type":"Point"}},{"type":"Feature","properties":{"name":"塔尔根"},"geometry":{"coordinates":[124.714425,52.240906],"type":"Point"}},{"type":"Feature","properties":{"name":"塔源"},"geometry":{"coordinates":[124.281519,51.449707],"type":"Point"}},{"type":"Feature","properties":{"name":"富锦"},"geometry":{"coordinates":[132.03912,47.234674],"type":"Point"}},{"type":"Feature","properties":{"name":"东门"},"geometry":{"coordinates":[126.715888,45.741087],"type":"Point"}},{"type":"Feature","properties":{"name":"柳毛"},"geometry":{"coordinates":[130.77504,45.23322],"type":"Point"}},{"type":"Feature","properties":{"name":"鸡西"},"geometry":{"coordinates":[130.970178,45.302136],"type":"Point"}},{"type":"Feature","properties":{"name":"桃山"},"geometry":{"coordinates":[128.173505,46.922814],"type":"Point"}},{"type":"Feature","properties":{"name":"庆安"},"geometry":{"coordinates":[127.496433,46.885954],"type":"Point"}},{"type":"Feature","properties":{"name":"黄胜关"},"geometry":{"coordinates":[103.525112,32.895057],"type":"Point"}},{"type":"Feature","properties":{"name":"海林北"},"geometry":{"coordinates":[129.366078,44.609067],"type":"Point"}},{"type":"Feature","properties":{"name":"横道河子东"},"geometry":{"coordinates":[129.09869,44.789183],"type":"Point"}},{"type":"Feature","properties":{"name":"苇河西"},"geometry":{"coordinates":[128.35693,44.93195],"type":"Point"}},{"type":"Feature","properties":{"name":"帽儿山西"},"geometry":{"coordinates":[127.471179,45.277729],"type":"Point"}},{"type":"Feature","properties":{"name":"扎赉诺尔西"},"geometry":{"coordinates":[117.688103,49.470399],"type":"Point"}},{"type":"Feature","properties":{"name":"海拉尔"},"geometry":{"coordinates":[119.735602,49.228755],"type":"Point"}},{"type":"Feature","properties":{"name":"光辉村"},"geometry":{"coordinates":[105.503968,28.901609],"type":"Point"}},{"type":"Feature","properties":{"name":"福集"},"geometry":{"coordinates":[105.358178,29.148821],"type":"Point"}},{"type":"Feature","properties":{"name":"高尔山"},"geometry":{"coordinates":[123.90027,41.874147],"type":"Point"}},{"type":"Feature","properties":{"name":"凉水井"},"geometry":{"coordinates":[105.491546,28.124984],"type":"Point"}},{"type":"Feature","properties":{"name":"震东"},"geometry":{"coordinates":[105.551914,28.075479],"type":"Point"}},{"type":"Feature","properties":{"name":"古蔺"},"geometry":{"coordinates":[105.71936,28.054968],"type":"Point"}},{"type":"Feature","properties":{"name":"龙山"},"geometry":{"coordinates":[105.942867,27.975521],"type":"Point"}},{"type":"Feature","properties":{"name":"大村"},"geometry":{"coordinates":[106.140392,28.022106],"type":"Point"}},{"type":"Feature","properties":{"name":"青龙嘴"},"geometry":{"coordinates":[106.0497,28.01876],"type":"Point"}},{"type":"Feature","properties":{"name":"田家"},"geometry":{"coordinates":[121.998628,39.533621],"type":"Point"}},{"type":"Feature","properties":{"name":"抚顺"},"geometry":{"coordinates":[123.911919,41.887251],"type":"Point"}},{"type":"Feature","properties":{"name":"昆明"},"geometry":{"coordinates":[102.720287,25.018662],"type":"Point"}},{"type":"Feature","properties":{"name":"蒙自"},"geometry":{"coordinates":[103.42944,23.376438],"type":"Point"}},{"type":"Feature","properties":{"name":"长冲"},"geometry":{"coordinates":[100.956088,25.357062],"type":"Point"}},{"type":"Feature","properties":{"name":"沙桥"},"geometry":{"coordinates":[101.143986,25.248081],"type":"Point"}},{"type":"Feature","properties":{"name":"大榄坪"},"geometry":{"coordinates":[108.665203,21.754425],"type":"Point"}},{"type":"Feature","properties":{"name":"钢厂"},"geometry":{"coordinates":[108.450189,21.564522],"type":"Point"}},{"type":"Feature","properties":{"name":"大槐"},"geometry":{"coordinates":[112.240392,22.086016],"type":"Point"}},{"type":"Feature","properties":{"name":"岗美站"},"geometry":{"coordinates":[111.761669,22.051334],"type":"Point"}},{"type":"Feature","properties":{"name":"云浮"},"geometry":{"coordinates":[112.057322,22.963747],"type":"Point"}},{"type":"Feature","properties":{"name":"鱼珠"},"geometry":{"coordinates":[113.427961,23.110192],"type":"Point"}},{"type":"Feature","properties":{"name":"小金口"},"geometry":{"coordinates":[114.413205,23.154346],"type":"Point"}},{"type":"Feature","properties":{"name":"东城南"},"geometry":{"coordinates":[113.769927,22.990206],"type":"Point"}},{"type":"Feature","properties":{"name":"下炉"},"geometry":{"coordinates":[118.568529,39.890554],"type":"Point"}},{"type":"Feature","properties":{"name":"揭阳"},"geometry":{"coordinates":[116.329674,23.611684],"type":"Point"}},{"type":"Feature","properties":{"name":"恰阳河"},"geometry":{"coordinates":[84.379203,41.231901],"type":"Point"}},{"type":"Feature","properties":{"name":"前黄"},"geometry":{"coordinates":[119.992971,31.570533],"type":"Point"}},{"type":"Feature","properties":{"name":"永清东"},"geometry":{"coordinates":[116.506086,39.304124],"type":"Point"}},{"type":"Feature","properties":{"name":"芜湖"},"geometry":{"coordinates":[118.386002,31.349784],"type":"Point"}},{"type":"Feature","properties":{"name":"毛耳山"},"geometry":{"coordinates":[118.445215,31.494355],"type":"Point"}},{"type":"Feature","properties":{"name":"濮阳东"},"geometry":{"coordinates":[115.144071,35.765568],"type":"Point"}},{"type":"Feature","properties":{"name":"苏州园区"},"geometry":{"coordinates":[120.706603,31.342652],"type":"Point"}},{"type":"Feature","properties":{"name":"电厂"},"geometry":{"coordinates":[116.923177,35.328169],"type":"Point"}},{"type":"Feature","properties":{"name":"董家口"},"geometry":{"coordinates":[119.708426,35.675636],"type":"Point"}},{"type":"Feature","properties":{"name":"平邑"},"geometry":{"coordinates":[117.637991,35.51703],"type":"Point"}},{"type":"Feature","properties":{"name":"福清西"},"geometry":{"coordinates":[119.299758,25.700548],"type":"Point"}},{"type":"Feature","properties":{"name":"燕家庄"},"geometry":{"coordinates":[117.270199,36.194183],"type":"Point"}},{"type":"Feature","properties":{"name":"蔺家楼"},"geometry":{"coordinates":[117.562884,36.245929],"type":"Point"}},{"type":"Feature","properties":{"name":"沂南"},"geometry":{"coordinates":[118.614184,35.487885],"type":"Point"}},{"type":"Feature","properties":{"name":"土庄"},"geometry":{"coordinates":[119.664073,36.1903],"type":"Point"}},{"type":"Feature","properties":{"name":"高密南"},"geometry":{"coordinates":[119.761174,36.229302],"type":"Point"}},{"type":"Feature","properties":{"name":"青岛"},"geometry":{"coordinates":[120.30746,36.063098],"type":"Point"}},{"type":"Feature","properties":{"name":"饶平"},"geometry":{"coordinates":[116.928343,23.714094],"type":"Point"}},{"type":"Feature","properties":{"name":"漳浦"},"geometry":{"coordinates":[117.558151,24.099114],"type":"Point"}},{"type":"Feature","properties":{"name":"晋州"},"geometry":{"coordinates":[115.026314,38.020181],"type":"Point"}},{"type":"Feature","properties":{"name":"泸定"},"geometry":{"coordinates":[102.222858,29.932462],"type":"Point"}},{"type":"Feature","properties":{"name":"滕州东"},"geometry":{"coordinates":[117.251948,35.090955],"type":"Point"}},{"type":"Feature","properties":{"name":"三家店"},"geometry":{"coordinates":[116.114228,39.94912],"type":"Point"}},{"type":"Feature","properties":{"name":"迁安"},"geometry":{"coordinates":[118.687207,39.924618],"type":"Point"}},{"type":"Feature","properties":{"name":"军粮城"},"geometry":{"coordinates":[117.448002,39.056963],"type":"Point"}},{"type":"Feature","properties":{"name":"永乐"},"geometry":{"coordinates":[116.788487,39.652882],"type":"Point"}},{"type":"Feature","properties":{"name":"亦庄"},"geometry":{"coordinates":[116.596289,39.811764],"type":"Point"}},{"type":"Feature","properties":{"name":"滨海北"},"geometry":{"coordinates":[117.75577,39.235121],"type":"Point"}},{"type":"Feature","properties":{"name":"大同南"},"geometry":{"coordinates":[113.358116,40.043557],"type":"Point"}},{"type":"Feature","properties":{"name":"泸州"},"geometry":{"coordinates":[105.418964,28.930009],"type":"Point"}},{"type":"Feature","properties":{"name":"泸县"},"geometry":{"coordinates":[105.320342,29.167099],"type":"Point"}},{"type":"Feature","properties":{"name":"五里坡"},"geometry":{"coordinates":[105.848426,28.007412],"type":"Point"}},{"type":"Feature","properties":{"name":"铜川东"},"geometry":{"coordinates":[109.090449,35.079184],"type":"Point"}},{"type":"Feature","properties":{"name":"合阳北"},"geometry":{"coordinates":[110.085906,35.289224],"type":"Point"}},{"type":"Feature","properties":{"name":"汉中"},"geometry":{"coordinates":[107.025523,33.092933],"type":"Point"}},{"type":"Feature","properties":{"name":"武威南"},"geometry":{"coordinates":[102.735528,37.815067],"type":"Point"}},{"type":"Feature","properties":{"name":"金昌"},"geometry":{"coordinates":[102.061387,38.370619],"type":"Point"}},{"type":"Feature","properties":{"name":"港口"},"geometry":{"coordinates":[118.357605,33.84322],"type":"Point"}},{"type":"Feature","properties":{"name":"香格里拉 སེམས་ཀྱི་ཉི་ཟླ་འབབ་ཚུགས།"},"geometry":{"coordinates":[99.688869,27.814031],"type":"Point"}},{"type":"Feature","properties":{"name":"新乡南"},"geometry":{"coordinates":[113.852146,35.04276],"type":"Point"}},{"type":"Feature","properties":{"name":"大洋"},"geometry":{"coordinates":[119.482928,29.420398],"type":"Point"}},{"type":"Feature","properties":{"name":"兰溪东"},"geometry":{"coordinates":[119.498656,29.233991],"type":"Point"}},{"type":"Feature","properties":{"name":"建德南"},"geometry":{"coordinates":[119.271897,29.434777],"type":"Point"}},{"type":"Feature","properties":{"name":"龙游北"},"geometry":{"coordinates":[119.136666,29.162789],"type":"Point"}},{"type":"Feature","properties":{"name":"衢州西"},"geometry":{"coordinates":[118.800638,28.961167],"type":"Point"}},{"type":"Feature","properties":{"name":"桐庐东"},"geometry":{"coordinates":[119.759694,29.857458],"type":"Point"}},{"type":"Feature","properties":{"name":"浦江"},"geometry":{"coordinates":[119.977954,29.493398],"type":"Point"}},{"type":"Feature","properties":{"name":"南湖"},"geometry":{"coordinates":[114.363526,30.466022],"type":"Point"}},{"type":"Feature","properties":{"name":"西塞山"},"geometry":{"coordinates":[115.207512,30.170875],"type":"Point"}},{"type":"Feature","properties":{"name":"黄冈东"},"geometry":{"coordinates":[114.98118,30.509214],"type":"Point"}},{"type":"Feature","properties":{"name":"贾鲁河"},"geometry":{"coordinates":[113.843795,34.776108],"type":"Point"}},{"type":"Feature","properties":{"name":"朱村"},"geometry":{"coordinates":[113.185063,35.228961],"type":"Point"}},{"type":"Feature","properties":{"name":"焦作北"},"geometry":{"coordinates":[113.231111,35.236274],"type":"Point"}},{"type":"Feature","properties":{"name":"永义"},"geometry":{"coordinates":[112.584281,27.888526],"type":"Point"}},{"type":"Feature","properties":{"name":"迴龙"},"geometry":{"coordinates":[103.877755,31.045769],"type":"Point"}},{"type":"Feature","properties":{"name":"河源东"},"geometry":{"coordinates":[114.73276,23.686132],"type":"Point"}},{"type":"Feature","properties":{"name":"筠连"},"geometry":{"coordinates":[104.563606,28.105315],"type":"Point"}},{"type":"Feature","properties":{"name":"飞霞"},"geometry":{"coordinates":[113.07941,23.744043],"type":"Point"}},{"type":"Feature","properties":{"name":"洲心"},"geometry":{"coordinates":[113.127727,23.695306],"type":"Point"}},{"type":"Feature","properties":{"name":"燕湖"},"geometry":{"coordinates":[113.084255,23.672796],"type":"Point"}},{"type":"Feature","properties":{"name":"周口东"},"geometry":{"coordinates":[114.740719,33.646802],"type":"Point"}},{"type":"Feature","properties":{"name":"曲阜南"},"geometry":{"coordinates":[117.018106,35.510917],"type":"Point"}},{"type":"Feature","properties":{"name":"济宁东"},"geometry":{"coordinates":[116.750846,35.524097],"type":"Point"}},{"type":"Feature","properties":{"name":"济宁北"},"geometry":{"coordinates":[116.608268,35.524576],"type":"Point"}},{"type":"Feature","properties":{"name":"嘉祥北"},"geometry":{"coordinates":[116.363653,35.47139],"type":"Point"}},{"type":"Feature","properties":{"name":"巨野北"},"geometry":{"coordinates":[116.068993,35.44701],"type":"Point"}},{"type":"Feature","properties":{"name":"菏泽东"},"geometry":{"coordinates":[115.55751,35.184586],"type":"Point"}},{"type":"Feature","properties":{"name":"庄寨"},"geometry":{"coordinates":[115.186269,35.033415],"type":"Point"}},{"type":"Feature","properties":{"name":"永州北"},"geometry":{"coordinates":[111.559856,26.520807],"type":"Point"}},{"type":"Feature","properties":{"name":"永登北"},"geometry":{"coordinates":[103.243138,36.723067],"type":"Point"}},{"type":"Feature","properties":{"name":"白云西"},"geometry":{"coordinates":[106.609397,26.703916],"type":"Point"}},{"type":"Feature","properties":{"name":"临平北"},"geometry":{"coordinates":[120.260279,30.460337],"type":"Point"}},{"type":"Feature","properties":{"name":"林口南"},"geometry":{"coordinates":[130.290623,45.211195],"type":"Point"}},{"type":"Feature","properties":{"name":"鸡西西"},"geometry":{"coordinates":[130.814781,45.308849],"type":"Point"}},{"type":"Feature","properties":{"name":"华桥"},"geometry":{"coordinates":[117.203866,27.569756],"type":"Point"}},{"type":"Feature","properties":{"name":"安次"},"geometry":{"coordinates":[116.69116,39.236091],"type":"Point"}},{"type":"Feature","properties":{"name":"祁县东"},"geometry":{"coordinates":[112.350658,37.32296],"type":"Point"}},{"type":"Feature","properties":{"name":"杨陵"},"geometry":{"coordinates":[108.07385,34.270391],"type":"Point"}},{"type":"Feature","properties":{"name":"南沙港南"},"geometry":{"coordinates":[113.67826,22.61302],"type":"Point"}},{"type":"Feature","properties":{"name":"南沙港"},"geometry":{"coordinates":[113.64192,22.668093],"type":"Point"}},{"type":"Feature","properties":{"name":"湖州南浔"},"geometry":{"coordinates":[120.403037,30.829837],"type":"Point"}},{"type":"Feature","properties":{"name":"东河南"},"geometry":{"coordinates":[114.039577,39.370738],"type":"Point"}},{"type":"Feature","properties":{"name":"息县"},"geometry":{"coordinates":[114.827186,32.174792],"type":"Point"}},{"type":"Feature","properties":{"name":"东徐庄乘降所"},"geometry":{"coordinates":[119.566686,40.054367],"type":"Point"}},{"type":"Feature","properties":{"name":"板厂峪"},"geometry":{"coordinates":[119.566614,40.177023],"type":"Point"}},{"type":"Feature","properties":{"name":"黄梅南"},"geometry":{"coordinates":[115.897904,29.943425],"type":"Point"}},{"type":"Feature","properties":{"name":"卫辉南"},"geometry":{"coordinates":[114.132664,35.390597],"type":"Point"}},{"type":"Feature","properties":{"name":"内黄"},"geometry":{"coordinates":[114.857753,35.672822],"type":"Point"}},{"type":"Feature","properties":{"name":"宁乡西"},"geometry":{"coordinates":[112.530752,28.299517],"type":"Point"}},{"type":"Feature","properties":{"name":"益阳南"},"geometry":{"coordinates":[112.321478,28.518199],"type":"Point"}},{"type":"Feature","properties":{"name":"南陵"},"geometry":{"coordinates":[118.29274,30.838173],"type":"Point"}},{"type":"Feature","properties":{"name":"铜陵"},"geometry":{"coordinates":[117.856278,30.921185],"type":"Point"}},{"type":"Feature","properties":{"name":"芦庙"},"geometry":{"coordinates":[115.779945,34.041388],"type":"Point"}},{"type":"Feature","properties":{"name":"武威"},"geometry":{"coordinates":[102.622181,37.903693],"type":"Point"}},{"type":"Feature","properties":{"name":"长临河"},"geometry":{"coordinates":[117.477243,31.700696],"type":"Point"}},{"type":"Feature","properties":{"name":"建瓯西"},"geometry":{"coordinates":[118.274698,27.051456],"type":"Point"}},{"type":"Feature","properties":{"name":"古田北"},"geometry":{"coordinates":[118.660424,26.465619],"type":"Point"}},{"type":"Feature","properties":{"name":"闽清北"},"geometry":{"coordinates":[118.872458,26.290542],"type":"Point"}},{"type":"Feature","properties":{"name":"泾县"},"geometry":{"coordinates":[118.383492,30.660715],"type":"Point"}},{"type":"Feature","properties":{"name":"方城"},"geometry":{"coordinates":[112.943958,33.240451],"type":"Point"}},{"type":"Feature","properties":{"name":"仙桃"},"geometry":{"coordinates":[113.501447,30.323247],"type":"Point"}},{"type":"Feature","properties":{"name":"江山"},"geometry":{"coordinates":[118.638954,28.775687],"type":"Point"}},{"type":"Feature","properties":{"name":"鄠邑"},"geometry":{"coordinates":[108.675723,34.080975],"type":"Point"}},{"type":"Feature","properties":{"name":"剑门关"},"geometry":{"coordinates":[105.481058,32.283669],"type":"Point"}},{"type":"Feature","properties":{"name":"青白江东"},"geometry":{"coordinates":[104.223079,30.897222],"type":"Point"}},{"type":"Feature","properties":{"name":"榕江"},"geometry":{"coordinates":[108.55149,25.991718],"type":"Point"}},{"type":"Feature","properties":{"name":"三江南"},"geometry":{"coordinates":[109.571573,25.728696],"type":"Point"}},{"type":"Feature","properties":{"name":"三水南"},"geometry":{"coordinates":[112.865988,23.115885],"type":"Point"}},{"type":"Feature","properties":{"name":"双鸭山西"},"geometry":{"coordinates":[131.082824,46.709435],"type":"Point"}},{"type":"Feature","properties":{"name":"桦南东"},"geometry":{"coordinates":[130.613552,46.213206],"type":"Point"}},{"type":"Feature","properties":{"name":"七台河西"},"geometry":{"coordinates":[130.773847,45.742324],"type":"Point"}},{"type":"Feature","properties":{"name":"扶沟南"},"geometry":{"coordinates":[114.381254,33.997681],"type":"Point"}},{"type":"Feature","properties":{"name":"嵊州北"},"geometry":{"coordinates":[120.807192,29.785755],"type":"Point"}},{"type":"Feature","properties":{"name":"芙蓉镇"},"geometry":{"coordinates":[109.982015,28.773023],"type":"Point"}},{"type":"Feature","properties":{"name":"古丈西"},"geometry":{"coordinates":[109.932301,28.624012],"type":"Point"}},{"type":"Feature","properties":{"name":"吉首东"},"geometry":{"coordinates":[109.722789,28.219153],"type":"Point"}},{"type":"Feature","properties":{"name":"凤凰古城"},"geometry":{"coordinates":[109.59919,28.020509],"type":"Point"}},{"type":"Feature","properties":{"name":"麻阳西"},"geometry":{"coordinates":[109.775495,27.838491],"type":"Point"}},{"type":"Feature","properties":{"name":"陇南"},"geometry":{"coordinates":[104.95694,33.377143],"type":"Point"}},{"type":"Feature","properties":{"name":"青岛西"},"geometry":{"coordinates":[119.950495,35.902408],"type":"Point"}},{"type":"Feature","properties":{"name":"岚山西"},"geometry":{"coordinates":[119.270893,35.1875],"type":"Point"}},{"type":"Feature","properties":{"name":"东明县"},"geometry":{"coordinates":[115.086355,35.268625],"type":"Point"}},{"type":"Feature","properties":{"name":"刘庙"},"geometry":{"coordinates":[115.481346,35.208465],"type":"Point"}},{"type":"Feature","properties":{"name":"桃下"},"geometry":{"coordinates":[109.999442,34.524327],"type":"Point"}},{"type":"Feature","properties":{"name":"西安"},"geometry":{"coordinates":[108.957897,34.27996],"type":"Point"}},{"type":"Feature","properties":{"name":"安乐"},"geometry":{"coordinates":[100.32887,25.142462],"type":"Point"}},{"type":"Feature","properties":{"name":"兴平"},"geometry":{"coordinates":[108.484416,34.289862],"type":"Point"}},{"type":"Feature","properties":{"name":"福山"},"geometry":{"coordinates":[121.211083,37.484135],"type":"Point"}},{"type":"Feature","properties":{"name":"湛江北"},"geometry":{"coordinates":[110.353322,21.221058],"type":"Point"}},{"type":"Feature","properties":{"name":"阳春东"},"geometry":{"coordinates":[111.904982,22.189121],"type":"Point"}},{"type":"Feature","properties":{"name":"均安"},"geometry":{"coordinates":[113.18344,22.691844],"type":"Point"}},{"type":"Feature","properties":{"name":"武穴北"},"geometry":{"coordinates":[115.681471,30.005099],"type":"Point"}},{"type":"Feature","properties":{"name":"蕲春南"},"geometry":{"coordinates":[115.402185,30.20557],"type":"Point"}},{"type":"Feature","properties":{"name":"浠水南"},"geometry":{"coordinates":[115.235417,30.413671],"type":"Point"}},{"type":"Feature","properties":{"name":"五河"},"geometry":{"coordinates":[117.844303,33.124733],"type":"Point"}},{"type":"Feature","properties":{"name":"明光西"},"geometry":{"coordinates":[117.928581,32.830586],"type":"Point"}},{"type":"Feature","properties":{"name":"泗县东"},"geometry":{"coordinates":[117.983416,33.463158],"type":"Point"}},{"type":"Feature","properties":{"name":"王家排"},"geometry":{"coordinates":[111.633861,26.549507],"type":"Point"}},{"type":"Feature","properties":{"name":"神峪沟"},"geometry":{"coordinates":[111.873657,38.298502],"type":"Point"}},{"type":"Feature","properties":{"name":"化龙南"},"geometry":{"coordinates":[113.437732,23.03939],"type":"Point"}},{"type":"Feature","properties":{"name":"南阳"},"geometry":{"coordinates":[112.505626,33.000918],"type":"Point"}},{"type":"Feature","properties":{"name":"高石崖"},"geometry":{"coordinates":[111.285881,39.136124],"type":"Point"}},{"type":"Feature","properties":{"name":"刘元头"},"geometry":{"coordinates":[111.185149,39.156227],"type":"Point"}},{"type":"Feature","properties":{"name":"沙泉"},"geometry":{"coordinates":[111.191821,39.201302],"type":"Point"}},{"type":"Feature","properties":{"name":"凤凰岭"},"geometry":{"coordinates":[116.100038,40.105155],"type":"Point"}},{"type":"Feature","properties":{"name":"安国镇"},"geometry":{"coordinates":[106.476542,35.650713],"type":"Point"}},{"type":"Feature","properties":{"name":"泾明"},"geometry":{"coordinates":[107.647038,35.364761],"type":"Point"}},{"type":"Feature","properties":{"name":"北滩"},"geometry":{"coordinates":[104.865153,37.053695],"type":"Point"}},{"type":"Feature","properties":{"name":"东凤"},"geometry":{"coordinates":[113.246793,22.710702],"type":"Point"}},{"type":"Feature","properties":{"name":"霸州南"},"geometry":{"coordinates":[116.420238,39.077086],"type":"Point"}},{"type":"Feature","properties":{"name":"观塘路（在建）"},"geometry":{"coordinates":[120.620423,31.463911],"type":"Point"}},{"type":"Feature","properties":{"name":"漕湖大道（在建）"},"geometry":{"coordinates":[120.618131,31.447565],"type":"Point"}},{"type":"Feature","properties":{"name":"码头站"},"geometry":{"coordinates":[99.081892,36.731615],"type":"Point"}},{"type":"Feature","properties":{"name":"大树村"},"geometry":{"coordinates":[101.800727,25.440342],"type":"Point"}},{"type":"Feature","properties":{"name":"先锋营"},"geometry":{"coordinates":[101.728002,26.340449],"type":"Point"}},{"type":"Feature","properties":{"name":"米易东"},"geometry":{"coordinates":[102.125961,26.909514],"type":"Point"}},{"type":"Feature","properties":{"name":"永郎西"},"geometry":{"coordinates":[102.215949,27.159794],"type":"Point"}},{"type":"Feature","properties":{"name":"磨憨"},"geometry":{"coordinates":[101.717493,21.253932],"type":"Point"}},{"type":"Feature","properties":{"name":"丁公"},"geometry":{"coordinates":[117.839341,36.921725],"type":"Point"}},{"type":"Feature","properties":{"name":"乔庄东"},"geometry":{"coordinates":[116.690084,39.894109],"type":"Point"}},{"type":"Feature","properties":{"name":"宜宾"},"geometry":{"coordinates":[104.630661,28.730867],"type":"Point"}},{"type":"Feature","properties":{"name":"平坡"},"geometry":{"coordinates":[100.076325,25.601855],"type":"Point"}},{"type":"Feature","properties":{"name":"永平县"},"geometry":{"coordinates":[99.538596,25.40776],"type":"Point"}},{"type":"Feature","properties":{"name":"杉阳"},"geometry":{"coordinates":[99.383456,25.31329],"type":"Point"}},{"type":"Feature","properties":{"name":"天全"},"geometry":{"coordinates":[102.848365,30.016525],"type":"Point"}},{"type":"Feature","properties":{"name":"大渔溪"},"geometry":{"coordinates":[102.546089,29.997501],"type":"Point"}},{"type":"Feature","properties":{"name":"康定"},"geometry":{"coordinates":[101.928988,30.129397],"type":"Point"}},{"type":"Feature","properties":{"name":"火夹仲"},"geometry":{"coordinates":[101.664637,30.08462],"type":"Point"}},{"type":"Feature","properties":{"name":"新都桥"},"geometry":{"coordinates":[101.476493,30.07212],"type":"Point"}},{"type":"Feature","properties":{"name":"雅江"},"geometry":{"coordinates":[101.024502,30.106597],"type":"Point"}},{"type":"Feature","properties":{"name":"红龙"},"geometry":{"coordinates":[100.585789,30.040978],"type":"Point"}},{"type":"Feature","properties":{"name":"理塘"},"geometry":{"coordinates":[100.25277,29.975626],"type":"Point"}},{"type":"Feature","properties":{"name":"毛垭坝"},"geometry":{"coordinates":[99.861817,30.221777],"type":"Point"}},{"type":"Feature","properties":{"name":"巴塘"},"geometry":{"coordinates":[99.403265,30.27854],"type":"Point"}},{"type":"Feature","properties":{"name":"白玉"},"geometry":{"coordinates":[99.187198,30.59144],"type":"Point"}},{"type":"Feature","properties":{"name":"罗麦"},"geometry":{"coordinates":[98.956068,30.72908],"type":"Point"}},{"type":"Feature","properties":{"name":"则巴"},"geometry":{"coordinates":[98.642648,30.807895],"type":"Point"}},{"type":"Feature","properties":{"name":"贡觉"},"geometry":{"coordinates":[98.350824,30.773505],"type":"Point"}},{"type":"Feature","properties":{"name":"扩达"},"geometry":{"coordinates":[97.877575,30.800958],"type":"Point"}},{"type":"Feature","properties":{"name":"昌都"},"geometry":{"coordinates":[97.35655,30.969359],"type":"Point"}},{"type":"Feature","properties":{"name":"邦达机场"},"geometry":{"coordinates":[97.06983,30.650432],"type":"Point"}},{"type":"Feature","properties":{"name":"夏里"},"geometry":{"coordinates":[96.5389,30.410386],"type":"Point"}},{"type":"Feature","properties":{"name":"洛隆"},"geometry":{"coordinates":[96.181659,30.322058],"type":"Point"}},{"type":"Feature","properties":{"name":"波密"},"geometry":{"coordinates":[95.596786,29.896959],"type":"Point"}},{"type":"Feature","properties":{"name":"通麦"},"geometry":{"coordinates":[95.081433,30.104316],"type":"Point"}},{"type":"Feature","properties":{"name":"鲁朗"},"geometry":{"coordinates":[94.738171,29.830892],"type":"Point"}},{"type":"Feature","properties":{"name":"花桥镇"},"geometry":{"coordinates":[110.15494,27.716142],"type":"Point"}},{"type":"Feature","properties":{"name":"红海"},"geometry":{"coordinates":[113.838743,23.130594],"type":"Point"}},{"type":"Feature","properties":{"name":"漫川关"},"geometry":{"coordinates":[110.071249,33.256561],"type":"Point"}},{"type":"Feature","properties":{"name":"郧西"},"geometry":{"coordinates":[110.459826,33.007477],"type":"Point"}},{"type":"Feature","properties":{"name":"天门"},"geometry":{"coordinates":[113.207091,30.699052],"type":"Point"}},{"type":"Feature","properties":{"name":"梅溪古镇"},"geometry":{"coordinates":[112.223178,22.491743],"type":"Point"}},{"type":"Feature","properties":{"name":"南药园"},"geometry":{"coordinates":[112.229402,22.489801],"type":"Point"}},{"type":"Feature","properties":{"name":"武平"},"geometry":{"coordinates":[116.214933,24.99472],"type":"Point"}},{"type":"Feature","properties":{"name":"洪洞"},"geometry":{"coordinates":[111.665335,36.262171],"type":"Point"}},{"type":"Feature","properties":{"name":"红河"},"geometry":{"coordinates":[103.350732,23.453687],"type":"Point"}},{"type":"Feature","properties":{"name":"房子村"},"geometry":{"coordinates":[113.247387,40.048144],"type":"Point"}},{"type":"Feature","properties":{"name":"叙永北"},"geometry":{"coordinates":[105.409685,28.222253],"type":"Point"}},{"type":"Feature","properties":{"name":"金桂"},"geometry":{"coordinates":[105.358298,28.13129],"type":"Point"}},{"type":"Feature","properties":{"name":"白蜡"},"geometry":{"coordinates":[105.230393,28.059572],"type":"Point"}},{"type":"Feature","properties":{"name":"兴文南"},"geometry":{"coordinates":[105.268751,28.162123],"type":"Point"}},{"type":"Feature","properties":{"name":"高田乡"},"geometry":{"coordinates":[105.149785,27.967661],"type":"Point"}},{"type":"Feature","properties":{"name":"下坪"},"geometry":{"coordinates":[105.172502,27.92822],"type":"Point"}},{"type":"Feature","properties":{"name":"罗坭"},"geometry":{"coordinates":[104.982926,27.741582],"type":"Point"}},{"type":"Feature","properties":{"name":"果珠"},"geometry":{"coordinates":[104.978244,27.657658],"type":"Point"}},{"type":"Feature","properties":{"name":"以勒"},"geometry":{"coordinates":[105.118772,27.583732],"type":"Point"}},{"type":"Feature","properties":{"name":"兰家沟"},"geometry":{"coordinates":[105.185184,27.445865],"type":"Point"}},{"type":"Feature","properties":{"name":"何官屯"},"geometry":{"coordinates":[105.259266,27.386627],"type":"Point"}},{"type":"Feature","properties":{"name":"临沂"},"geometry":{"coordinates":[118.336557,35.037042],"type":"Point"}},{"type":"Feature","properties":{"name":"东平"},"geometry":{"coordinates":[116.515107,35.86836],"type":"Point"}},{"type":"Feature","properties":{"name":"裴城"},"geometry":{"coordinates":[113.794992,33.694869],"type":"Point"}},{"type":"Feature","properties":{"name":"佛坪"},"geometry":{"coordinates":[107.979351,33.501847],"type":"Point"}},{"type":"Feature","properties":{"name":"金坛"},"geometry":{"coordinates":[119.538977,31.6973],"type":"Point"}},{"type":"Feature","properties":{"name":"肥西"},"geometry":{"coordinates":[117.137282,31.718375],"type":"Point"}},{"type":"Feature","properties":{"name":"湘乡"},"geometry":{"coordinates":[112.523652,27.748313],"type":"Point"}},{"type":"Feature","properties":{"name":"金滩"},"geometry":{"coordinates":[111.236713,27.753214],"type":"Point"}},{"type":"Feature","properties":{"name":"曲靖"},"geometry":{"coordinates":[103.790387,25.529266],"type":"Point"}},{"type":"Feature","properties":{"name":"高坪"},"geometry":{"coordinates":[110.084912,30.666672],"type":"Point"}},{"type":"Feature","properties":{"name":"铜陵西"},"geometry":{"coordinates":[117.813869,30.946955],"type":"Point"}},{"type":"Feature","properties":{"name":"苏州南"},"geometry":{"coordinates":[120.79494,31.065556],"type":"Point"}},{"type":"Feature","properties":{"name":"新化"},"geometry":{"coordinates":[111.297788,27.731194],"type":"Point"}},{"type":"Feature","properties":{"name":"贺州电厂"},"geometry":{"coordinates":[111.354373,24.73394],"type":"Point"}},{"type":"Feature","properties":{"name":"上仡佬"},"geometry":{"coordinates":[112.264858,39.144457],"type":"Point"}},{"type":"Feature","properties":{"name":"阿房宫南"},"geometry":{"coordinates":[108.819551,34.252278],"type":"Point"}},{"type":"Feature","properties":{"name":"盐津南"},"geometry":{"coordinates":[104.270082,27.980224],"type":"Point"}},{"type":"Feature","properties":{"name":"昭通东"},"geometry":{"coordinates":[103.786444,27.344406],"type":"Point"}},{"type":"Feature","properties":{"name":"合肥派河港铁路物流基地"},"geometry":{"coordinates":[117.222078,31.708916],"type":"Point"}},{"type":"Feature","properties":{"name":"额雨"},"geometry":{"coordinates":[127.344269,49.590243],"type":"Point"}},{"type":"Feature","properties":{"name":"永青"},"geometry":{"coordinates":[127.224151,49.281931],"type":"Point"}},{"type":"Feature","properties":{"name":"克东"},"geometry":{"coordinates":[126.204361,48.158507],"type":"Point"}},{"type":"Feature","properties":{"name":"鲘门"},"geometry":{"coordinates":[115.120242,22.815641],"type":"Point"}},{"type":"Feature","properties":{"name":"吴圩机场"},"geometry":{"coordinates":[108.183287,22.602646],"type":"Point"}},{"type":"Feature","properties":{"name":"扶绥南"},"geometry":{"coordinates":[107.90445,22.578753],"type":"Point"}},{"type":"Feature","properties":{"name":"渠旧南"},"geometry":{"coordinates":[107.583924,22.469281],"type":"Point"}},{"type":"Feature","properties":{"name":"宜宾东"},"geometry":{"coordinates":[104.742631,28.801495],"type":"Point"}},{"type":"Feature","properties":{"name":"南溪"},"geometry":{"coordinates":[104.952689,28.882018],"type":"Point"}},{"type":"Feature","properties":{"name":"永川南"},"geometry":{"coordinates":[105.960363,29.278598],"type":"Point"}},{"type":"Feature","properties":{"name":"泸州东"},"geometry":{"coordinates":[105.63608,29.060834],"type":"Point"}},{"type":"Feature","properties":{"name":"香匠沟（预留）"},"geometry":{"coordinates":[105.127198,27.522088],"type":"Point"}},{"type":"Feature","properties":{"name":"寨头（预留）"},"geometry":{"coordinates":[105.021535,27.611941],"type":"Point"}},{"type":"Feature","properties":{"name":"採桑坪（预留）"},"geometry":{"coordinates":[105.258496,28.139224],"type":"Point"}},{"type":"Feature","properties":{"name":"永州电厂"},"geometry":{"coordinates":[111.487588,26.566211],"type":"Point"}},{"type":"Feature","properties":{"name":"南京北"},"geometry":{"coordinates":[118.713466,32.099297],"type":"Point"}},{"type":"Feature","properties":{"name":"浦镇"},"geometry":{"coordinates":[118.689682,32.118726],"type":"Point"}},{"type":"Feature","properties":{"name":"罗浮山"},"geometry":{"coordinates":[114.064835,23.197315],"type":"Point"}},{"type":"Feature","properties":{"name":"博罗"},"geometry":{"coordinates":[114.203559,23.143648],"type":"Point"}},{"type":"Feature","properties":{"name":"京山南"},"geometry":{"coordinates":[112.972872,30.826768],"type":"Point"}},{"type":"Feature","properties":{"name":"汉川北"},"geometry":{"coordinates":[113.847991,30.707546],"type":"Point"}},{"type":"Feature","properties":{"name":"黎城"},"geometry":{"coordinates":[113.38544,36.514713],"type":"Point"}},{"type":"Feature","properties":{"name":"钟祥南"},"geometry":{"coordinates":[112.623061,31.04937],"type":"Point"}},{"type":"Feature","properties":{"name":"历城"},"geometry":{"coordinates":[117.201649,36.666005],"type":"Point"}},{"type":"Feature","properties":{"name":"章丘南"},"geometry":{"coordinates":[117.468067,36.584561],"type":"Point"}},{"type":"Feature","properties":{"name":"莱芜北"},"geometry":{"coordinates":[117.700994,36.281641],"type":"Point"}},{"type":"Feature","properties":{"name":"钢城"},"geometry":{"coordinates":[117.877683,36.07123],"type":"Point"}},{"type":"Feature","properties":{"name":"凤凰古城 (磁浮)"},"geometry":{"coordinates":[109.599391,28.019173],"type":"Point"}},{"type":"Feature","properties":{"name":"雪野"},"geometry":{"coordinates":[117.583148,36.460517],"type":"Point"}},{"type":"Feature","properties":{"name":"沙湾南"},"geometry":{"coordinates":[103.540279,29.414613],"type":"Point"}},{"type":"Feature","properties":{"name":"树屏"},"geometry":{"coordinates":[103.591986,36.371643],"type":"Point"}},{"type":"Feature","properties":{"name":"中国原子城"},"geometry":{"coordinates":[100.920362,36.943642],"type":"Point"}},{"type":"Feature","properties":{"name":"大厂"},"geometry":{"coordinates":[116.89756,39.888561],"type":"Point"}},{"type":"Feature","properties":{"name":"迪荡"},"geometry":{"coordinates":[120.61265,30.008851],"type":"Point"}},{"type":"Feature","properties":{"name":"当阳西"},"geometry":{"coordinates":[111.752636,30.845478],"type":"Point"}},{"type":"Feature","properties":{"name":"荆门西"},"geometry":{"coordinates":[112.107969,31.002828],"type":"Point"}},{"type":"Feature","properties":{"name":"沙洋西"},"geometry":{"coordinates":[112.15782,30.655185],"type":"Point"}},{"type":"Feature","properties":{"name":"武汉天河"},"geometry":{"coordinates":[114.232336,30.763308],"type":"Point"}},{"type":"Feature","properties":{"name":"香河"},"geometry":{"coordinates":[117.027665,39.718833],"type":"Point"}},{"type":"Feature","properties":{"name":"北辰"},"geometry":{"coordinates":[117.270695,39.271114],"type":"Point"}},{"type":"Feature","properties":{"name":"朔州东"},"geometry":{"coordinates":[112.59166,39.302359],"type":"Point"}},{"type":"Feature","properties":{"name":"雁门关"},"geometry":{"coordinates":[112.791937,39.04839],"type":"Point"}},{"type":"Feature","properties":{"name":"山阴南"},"geometry":{"coordinates":[112.832057,39.491682],"type":"Point"}},{"type":"Feature","properties":{"name":"应县西"},"geometry":{"coordinates":[113.006709,39.623245],"type":"Point"}},{"type":"Feature","properties":{"name":"博贺"},"geometry":{"coordinates":[111.307986,21.469783],"type":"Point"}},{"type":"Feature","properties":{"name":"仙桃园"},"geometry":{"coordinates":[111.196866,21.576419],"type":"Point"}},{"type":"Feature","properties":{"name":"电城"},"geometry":{"coordinates":[111.311325,21.540505],"type":"Point"}},{"type":"Feature","properties":{"name":"越西"},"geometry":{"coordinates":[102.522574,28.633792],"type":"Point"}},{"type":"Feature","properties":{"name":"珞璜东"},"geometry":{"coordinates":[106.495341,29.271769],"type":"Point"}},{"type":"Feature","properties":{"name":"南彭"},"geometry":{"coordinates":[106.597237,29.362757],"type":"Point"}},{"type":"Feature","properties":{"name":"龙兴"},"geometry":{"coordinates":[106.85234,29.72763],"type":"Point"}},{"type":"Feature","properties":{"name":"统景"},"geometry":{"coordinates":[106.869452,29.858601],"type":"Point"}},{"type":"Feature","properties":{"name":"古路"},"geometry":{"coordinates":[106.690662,29.800216],"type":"Point"}},{"type":"Feature","properties":{"name":"水土"},"geometry":{"coordinates":[106.590138,29.846773],"type":"Point"}},{"type":"Feature","properties":{"name":"迎龙"},"geometry":{"coordinates":[106.722758,29.521167],"type":"Point"}},{"type":"Feature","properties":{"name":"银花"},"geometry":{"coordinates":[106.723332,29.770455],"type":"Point"}},{"type":"Feature","properties":{"name":"茂名南"},"geometry":{"coordinates":[110.97875,21.601989],"type":"Point"}},{"type":"Feature","properties":{"name":"四道沙河"},"geometry":{"coordinates":[109.9221,40.677056],"type":"Point"}},{"type":"Feature","properties":{"name":"三道沙河"},"geometry":{"coordinates":[109.972948,40.644694],"type":"Point"}},{"type":"Feature","properties":{"name":"灰埠"},"geometry":{"coordinates":[119.66651,36.976509],"type":"Point"}},{"type":"Feature","properties":{"name":"莱州"},"geometry":{"coordinates":[119.913897,37.132967],"type":"Point"}},{"type":"Feature","properties":{"name":"招远"},"geometry":{"coordinates":[120.27692,37.459627],"type":"Point"}},{"type":"Feature","properties":{"name":"新宾"},"geometry":{"coordinates":[125.070447,41.714027],"type":"Point"}},{"type":"Feature","properties":{"name":"通化"},"geometry":{"coordinates":[125.915801,41.775576],"type":"Point"}},{"type":"Feature","properties":{"name":"潮南"},"geometry":{"coordinates":[116.527828,23.136251],"type":"Point"}},{"type":"Feature","properties":{"name":"汕头南"},"geometry":{"coordinates":[116.673117,23.232172],"type":"Point"}},{"type":"Feature","properties":{"name":"惠来"},"geometry":{"coordinates":[116.282021,22.996869],"type":"Point"}},{"type":"Feature","properties":{"name":"陆丰东"},"geometry":{"coordinates":[115.884833,22.908158],"type":"Point"}},{"type":"Feature","properties":{"name":"陆丰南"},"geometry":{"coordinates":[115.656507,22.895375],"type":"Point"}},{"type":"Feature","properties":{"name":"普宁"},"geometry":{"coordinates":[116.194641,23.269403],"type":"Point"}},{"type":"Feature","properties":{"name":"白山东"},"geometry":{"coordinates":[126.485893,41.985677],"type":"Point"}},{"type":"Feature","properties":{"name":"江源东"},"geometry":{"coordinates":[126.903711,42.086651],"type":"Point"}},{"type":"Feature","properties":{"name":"东韩家"},"geometry":{"coordinates":[124.555322,41.707843],"type":"Point"}},{"type":"Feature","properties":{"name":"头门港"},"geometry":{"coordinates":[121.657342,28.754634],"type":"Point"}},{"type":"Feature","properties":{"name":"重庆东"},"geometry":{"coordinates":[106.669173,29.487107],"type":"Point"}},{"type":"Feature","properties":{"name":"巴南"},"geometry":{"coordinates":[106.751842,29.39627],"type":"Point"}},{"type":"Feature","properties":{"name":"南川北"},"geometry":{"coordinates":[107.114534,29.187095],"type":"Point"}},{"type":"Feature","properties":{"name":"水江西"},"geometry":{"coordinates":[107.269427,29.24708],"type":"Point"}},{"type":"Feature","properties":{"name":"武隆南"},"geometry":{"coordinates":[107.813294,29.299301],"type":"Point"}},{"type":"Feature","properties":{"name":"彭水西"},"geometry":{"coordinates":[108.11233,29.339577],"type":"Point"}},{"type":"Feature","properties":{"name":"观光火车2站台"},"geometry":{"coordinates":[117.840921,36.001657],"type":"Point"}},{"type":"Feature","properties":{"name":"观光火车1站台"},"geometry":{"coordinates":[117.841556,35.998984],"type":"Point"}},{"type":"Feature","properties":{"name":"托莫伊"},"geometry":{"coordinates":[89.539311,44.762373],"type":"Point"}},{"type":"Feature","properties":{"name":"古尔班"},"geometry":{"coordinates":[89.305516,44.763917],"type":"Point"}},{"type":"Feature","properties":{"name":"谷峡"},"geometry":{"coordinates":[89.854158,44.713252],"type":"Point"}},{"type":"Feature","properties":{"name":"三星堆"},"geometry":{"coordinates":[104.208098,30.943894],"type":"Point"}},{"type":"Feature","properties":{"name":"什邡西"},"geometry":{"coordinates":[104.117857,31.123569],"type":"Point"}},{"type":"Feature","properties":{"name":"安州"},"geometry":{"coordinates":[104.233844,31.465584],"type":"Point"}},{"type":"Feature","properties":{"name":"石大关"},"geometry":{"coordinates":[103.712717,31.868376],"type":"Point"}},{"type":"Feature","properties":{"name":"叠溪"},"geometry":{"coordinates":[103.73902,32.122852],"type":"Point"}},{"type":"Feature","properties":{"name":"松潘"},"geometry":{"coordinates":[103.604378,32.598839],"type":"Point"}},{"type":"Feature","properties":{"name":"黄龙九寨"},"geometry":{"coordinates":[103.613389,32.747785],"type":"Point"}},{"type":"Feature","properties":{"name":"合肥铁路采石场"},"geometry":{"coordinates":[117.642052,31.827933],"type":"Point"}},{"type":"Feature","properties":{"name":"天津南"},"geometry":{"coordinates":[117.054501,39.056101],"type":"Point"}},{"type":"Feature","properties":{"name":"寿安"},"geometry":{"coordinates":[103.594798,30.276325],"type":"Point"}},{"type":"Feature","properties":{"name":"天府"},"geometry":{"coordinates":[104.149388,30.394374],"type":"Point"}},{"type":"Feature","properties":{"name":"达落"},"geometry":{"coordinates":[100.076363,26.957352],"type":"Point"}},{"type":"Feature","properties":{"name":"新尚"},"geometry":{"coordinates":[100.100615,27.034858],"type":"Point"}},{"type":"Feature","properties":{"name":"螺丝湾"},"geometry":{"coordinates":[100.024201,27.289673],"type":"Point"}},{"type":"Feature","properties":{"name":"花椒坡"},"geometry":{"coordinates":[99.963979,27.360728],"type":"Point"}},{"type":"Feature","properties":{"name":"万拉木"},"geometry":{"coordinates":[99.90325,27.400631],"type":"Point"}},{"type":"Feature","properties":{"name":"塘布"},"geometry":{"coordinates":[99.822116,27.494905],"type":"Point"}},{"type":"Feature","properties":{"name":"小中甸"},"geometry":{"coordinates":[99.813469,27.562411],"type":"Point"}},{"type":"Feature","properties":{"name":"鲁吉"},"geometry":{"coordinates":[99.74807,27.646916],"type":"Point"}},{"type":"Feature","properties":{"name":"居都谷"},"geometry":{"coordinates":[99.71972,27.737952],"type":"Point"}},{"type":"Feature","properties":{"name":"迤车"},"geometry":{"coordinates":[103.507815,26.804467],"type":"Point"}},{"type":"Feature","properties":{"name":"会泽"},"geometry":{"coordinates":[103.34369,26.438663],"type":"Point"}},{"type":"Feature","properties":{"name":"田坝"},"geometry":{"coordinates":[103.39294,25.898394],"type":"Point"}},{"type":"Feature","properties":{"name":"寻甸东"},"geometry":{"coordinates":[103.322597,25.525055],"type":"Point"}},{"type":"Feature","properties":{"name":"长水机场"},"geometry":{"coordinates":[102.949069,25.123706],"type":"Point"}},{"type":"Feature","properties":{"name":"南乐"},"geometry":{"coordinates":[115.407222,36.012265],"type":"Point"}},{"type":"Feature","properties":{"name":"莘县"},"geometry":{"coordinates":[115.681162,36.206783],"type":"Point"}},{"type":"Feature","properties":{"name":"聊城西"},"geometry":{"coordinates":[115.87627,36.431229],"type":"Point"}},{"type":"Feature","properties":{"name":"茌平南"},"geometry":{"coordinates":[116.22777,36.52801],"type":"Point"}},{"type":"Feature","properties":{"name":"长清"},"geometry":{"coordinates":[116.726758,36.565429],"type":"Point"}},{"type":"Feature","properties":{"name":"燕岗南"},"geometry":{"coordinates":[103.532269,29.508542],"type":"Point"}},{"type":"Feature","properties":{"name":"黟县东"},"geometry":{"coordinates":[118.0429,29.887333],"type":"Point"}},{"type":"Feature","properties":{"name":"黄山西"},"geometry":{"coordinates":[118.084656,30.27973],"type":"Point"}},{"type":"Feature","properties":{"name":"九华山"},"geometry":{"coordinates":[117.851365,30.598174],"type":"Point"}},{"type":"Feature","properties":{"name":"筠连南"},"geometry":{"coordinates":[104.470457,28.144717],"type":"Point"}},{"type":"Feature","properties":{"name":"宜城"},"geometry":{"coordinates":[112.192271,31.719205],"type":"Point"}},{"type":"Feature","properties":{"name":"彝良北"},"geometry":{"coordinates":[104.0358,27.718981],"type":"Point"}},{"type":"Feature","properties":{"name":"兴义南"},"geometry":{"coordinates":[104.954331,25.08364],"type":"Point"}},{"type":"Feature","properties":{"name":"福中"},"geometry":{"coordinates":[97.282101,40.171338],"type":"Point"}},{"type":"Feature","properties":{"name":"编组站"},"geometry":{"coordinates":[97.336324,40.201305],"type":"Point"}},{"type":"Feature","properties":{"name":"重庆科学城"},"geometry":{"coordinates":[106.367039,29.698859],"type":"Point"}},{"type":"Feature","properties":{"name":"横岗"},"geometry":{"coordinates":[114.21375,22.626256],"type":"Point"}},{"type":"Feature","properties":{"name":"木古"},"geometry":{"coordinates":[114.128924,22.672273],"type":"Point"}},{"type":"Feature","properties":{"name":"盐田"},"geometry":{"coordinates":[114.258504,22.580164],"type":"Point"}},{"type":"Feature","properties":{"name":"惠州南"},"geometry":{"coordinates":[114.453162,23.000402],"type":"Point"}},{"type":"Feature","properties":{"name":"中川机场东"},"geometry":{"coordinates":[103.634772,36.520092],"type":"Point"}},{"type":"Feature","properties":{"name":"ບໍ່ເຕັນ 磨丁"},"geometry":{"coordinates":[101.671279,21.155144],"type":"Point"}},{"type":"Feature","properties":{"name":"柞水西"},"geometry":{"coordinates":[109.094639,33.659479],"type":"Point"}},{"type":"Feature","properties":{"name":"牛背梁"},"geometry":{"coordinates":[109.046642,33.856802],"type":"Point"}},{"type":"Feature","properties":{"name":"镇安西"},"geometry":{"coordinates":[109.107711,33.441511],"type":"Point"}},{"type":"Feature","properties":{"name":"安康西"},"geometry":{"coordinates":[108.94637,32.733029],"type":"Point"}},{"type":"Feature","properties":{"name":"桐木"},"geometry":{"coordinates":[109.062197,33.086754],"type":"Point"}},{"type":"Feature","properties":{"name":"山阳"},"geometry":{"coordinates":[109.995886,33.503708],"type":"Point"}},{"type":"Feature","properties":{"name":"商洛西"},"geometry":{"coordinates":[109.857126,33.868669],"type":"Point"}},{"type":"Feature","properties":{"name":"蓝田"},"geometry":{"coordinates":[109.206257,34.081939],"type":"Point"}},{"type":"Feature","properties":{"name":"吕四港南"},"geometry":{"coordinates":[121.633812,32.041268],"type":"Point"}},{"type":"Feature","properties":{"name":"王庄西"},"geometry":{"coordinates":[113.02464,36.369684],"type":"Point"}},{"type":"Feature","properties":{"name":"祥瑞"},"geometry":{"coordinates":[112.917407,36.356406],"type":"Point"}},{"type":"Feature","properties":{"name":"余吾"},"geometry":{"coordinates":[112.859172,36.362831],"type":"Point"}},{"type":"Feature","properties":{"name":"庄头"},"geometry":{"coordinates":[113.26649,36.122726],"type":"Point"}},{"type":"Feature","properties":{"name":"集店"},"geometry":{"coordinates":[113.203687,36.154159],"type":"Point"}},{"type":"Feature","properties":{"name":"立新"},"geometry":{"coordinates":[102.099939,23.861024],"type":"Point"}},{"type":"Feature","properties":{"name":"白果村"},"geometry":{"coordinates":[111.675307,25.803689],"type":"Point"}},{"type":"Feature","properties":{"name":"关村"},"geometry":{"coordinates":[113.131975,36.218809],"type":"Point"}},{"type":"Feature","properties":{"name":"东关"},"geometry":{"coordinates":[113.129357,36.181288],"type":"Point"}},{"type":"Feature","properties":{"name":"白狐窑"},"geometry":{"coordinates":[112.478295,36.654577],"type":"Point"}},{"type":"Feature","properties":{"name":"潞能"},"geometry":{"coordinates":[113.110397,36.487563],"type":"Point"}},{"type":"Feature","properties":{"name":"沙湖"},"geometry":{"coordinates":[106.302399,38.783302],"type":"Point"}},{"type":"Feature","properties":{"name":"石嘴山"},"geometry":{"coordinates":[106.377114,38.957332],"type":"Point"}},{"type":"Feature","properties":{"name":"惠农南"},"geometry":{"coordinates":[106.702585,39.208181],"type":"Point"}},{"type":"Feature","properties":{"name":"乌海南"},"geometry":{"coordinates":[106.762425,39.439523],"type":"Point"}},{"type":"Feature","properties":{"name":"乌海"},"geometry":{"coordinates":[106.794043,39.71141],"type":"Point"}},{"type":"Feature","properties":{"name":"磴口"},"geometry":{"coordinates":[106.958294,40.339275],"type":"Point"}},{"type":"Feature","properties":{"name":"巴彦淖尔"},"geometry":{"coordinates":[107.40475,40.73358],"type":"Point"}},{"type":"Feature","properties":{"name":"五原"},"geometry":{"coordinates":[108.078729,40.912572],"type":"Point"}},{"type":"Feature","properties":{"name":"乌拉特前旗"},"geometry":{"coordinates":[108.610501,40.733843],"type":"Point"}},{"type":"Feature","properties":{"name":"车溪 (预留)"},"geometry":{"coordinates":[111.014882,30.690918],"type":"Point"}},{"type":"Feature","properties":{"name":"榔坪 (预留)"},"geometry":{"coordinates":[110.583052,30.624712],"type":"Point"}},{"type":"Feature","properties":{"name":"白果 (预留)"},"geometry":{"coordinates":[109.318954,30.219838],"type":"Point"}},{"type":"Feature","properties":{"name":"高县"},"geometry":{"coordinates":[104.538605,28.429126],"type":"Point"}},{"type":"Feature","properties":{"name":"东马"},"geometry":{"coordinates":[112.947449,37.137026],"type":"Point"}},{"type":"Feature","properties":{"name":"独山东"},"geometry":{"coordinates":[107.573832,25.862777],"type":"Point"}},{"type":"Feature","properties":{"name":"荔波"},"geometry":{"coordinates":[107.818764,25.347625],"type":"Point"}},{"type":"Feature","properties":{"name":"环江"},"geometry":{"coordinates":[108.168048,24.856095],"type":"Point"}},{"type":"Feature","properties":{"name":"河池西"},"geometry":{"coordinates":[108.172354,24.713838],"type":"Point"}},{"type":"Feature","properties":{"name":"都安"},"geometry":{"coordinates":[108.110034,23.97054],"type":"Point"}},{"type":"Feature","properties":{"name":"马山县"},"geometry":{"coordinates":[108.168084,23.746426],"type":"Point"}},{"type":"Feature","properties":{"name":"三岔湖"},"geometry":{"coordinates":[104.330259,30.367372],"type":"Point"}},{"type":"Feature","properties":{"name":"天府机场"},"geometry":{"coordinates":[104.442803,30.316317],"type":"Point"}},{"type":"Feature","properties":{"name":"资阳西"},"geometry":{"coordinates":[104.54795,30.129394],"type":"Point"}},{"type":"Feature","properties":{"name":"资中西"},"geometry":{"coordinates":[104.61055,29.894757],"type":"Point"}},{"type":"Feature","properties":{"name":"威远"},"geometry":{"coordinates":[104.734209,29.551139],"type":"Point"}},{"type":"Feature","properties":{"name":"天祝西"},"geometry":{"coordinates":[103.113097,36.998622],"type":"Point"}},{"type":"Feature","properties":{"name":"句容站"},"geometry":{"coordinates":[119.166736,31.923288],"type":"Point"}},{"type":"Feature","properties":{"name":"下堡坪"},"geometry":{"coordinates":[111.067439,31.073425],"type":"Point"}},{"type":"Feature","properties":{"name":"上海宝山(在建）"},"geometry":{"coordinates":[121.441346,31.405095],"type":"Point"}},{"type":"Feature","properties":{"name":"徐行"},"geometry":{"coordinates":[121.31452,31.418767],"type":"Point"}},{"type":"Feature","properties":{"name":"外高桥（在建）"},"geometry":{"coordinates":[121.557217,31.366014],"type":"Point"}},{"type":"Feature","properties":{"name":"上海东"},"geometry":{"coordinates":[121.780603,31.122267],"type":"Point"}},{"type":"Feature","properties":{"name":"曹路(规划）"},"geometry":{"coordinates":[121.698324,31.283065],"type":"Point"}},{"type":"Feature","properties":{"name":"邵阳县"},"geometry":{"coordinates":[111.348221,26.994286],"type":"Point"}},{"type":"Feature","properties":{"name":"巴中西"},"geometry":{"coordinates":[106.652271,31.766184],"type":"Point"}},{"type":"Feature","properties":{"name":"马鞍"},"geometry":{"coordinates":[106.618253,31.48559],"type":"Point"}},{"type":"Feature","properties":{"name":"仪陇"},"geometry":{"coordinates":[106.310239,31.26215],"type":"Point"}},{"type":"Feature","properties":{"name":"蓬安西"},"geometry":{"coordinates":[106.239019,31.14061],"type":"Point"}},{"type":"Feature","properties":{"name":"岳溪"},"geometry":{"coordinates":[108.165737,30.920471],"type":"Point"}},{"type":"Feature","properties":{"name":"开江南"},"geometry":{"coordinates":[107.825797,31.063772],"type":"Point"}},{"type":"Feature","properties":{"name":"达州南"},"geometry":{"coordinates":[107.472882,31.095031],"type":"Point"}},{"type":"Feature","properties":{"name":"渠县北"},"geometry":{"coordinates":[106.971719,30.919956],"type":"Point"}},{"type":"Feature","properties":{"name":"营山西"},"geometry":{"coordinates":[106.491801,31.02164],"type":"Point"}},{"type":"Feature","properties":{"name":"蓬溪南"},"geometry":{"coordinates":[105.714925,30.669799],"type":"Point"}},{"type":"Feature","properties":{"name":"乐至"},"geometry":{"coordinates":[105.000769,30.252867],"type":"Point"}},{"type":"Feature","properties":{"name":"双龙街"},"geometry":{"coordinates":[118.820137,31.984491],"type":"Point"}},{"type":"Feature","properties":{"name":"羅湖 Lo Wu"},"geometry":{"coordinates":[114.113339,22.528177],"type":"Point"}},{"type":"Feature","properties":{"name":"化隆"},"geometry":{"coordinates":[102.080168,36.180854],"type":"Point"}},{"type":"Feature","properties":{"name":"同仁"},"geometry":{"coordinates":[102.077946,35.665161],"type":"Point"}},{"type":"Feature","properties":{"name":"甘加"},"geometry":{"coordinates":[102.411371,35.352346],"type":"Point"}},{"type":"Feature","properties":{"name":"夏河"},"geometry":{"coordinates":[102.584279,35.195799],"type":"Point"}},{"type":"Feature","properties":{"name":"唐尕昂"},"geometry":{"coordinates":[102.851863,35.118563],"type":"Point"}},{"type":"Feature","properties":{"name":"双城"},"geometry":{"coordinates":[103.016306,35.451267],"type":"Point"}},{"type":"Feature","properties":{"name":"合作"},"geometry":{"coordinates":[102.878995,34.95601],"type":"Point"}},{"type":"Feature","properties":{"name":"碌曲"},"geometry":{"coordinates":[102.756698,34.524165],"type":"Point"}},{"type":"Feature","properties":{"name":"郎木寺"},"geometry":{"coordinates":[102.643714,34.088257],"type":"Point"}},{"type":"Feature","properties":{"name":"阿西"},"geometry":{"coordinates":[103.007445,33.746081],"type":"Point"}},{"type":"Feature","properties":{"name":"若尔盖"},"geometry":{"coordinates":[103.014693,33.596271],"type":"Point"}},{"type":"Feature","properties":{"name":"班佑"},"geometry":{"coordinates":[103.107339,33.368425],"type":"Point"}},{"type":"Feature","properties":{"name":"红原"},"geometry":{"coordinates":[103.31443,33.105824],"type":"Point"}},{"type":"Feature","properties":{"name":"麦积山"},"geometry":{"coordinates":[105.949597,34.43649],"type":"Point"}},{"type":"Feature","properties":{"name":"李子园"},"geometry":{"coordinates":[105.900599,34.259425],"type":"Point"}},{"type":"Feature","properties":{"name":"麻沿"},"geometry":{"coordinates":[105.823775,34.085896],"type":"Point"}},{"type":"Feature","properties":{"name":"江洛"},"geometry":{"coordinates":[105.789961,33.942469],"type":"Point"}},{"type":"Feature","properties":{"name":"铜川北"},"geometry":{"coordinates":[109.043302,35.089624],"type":"Point"}},{"type":"Feature","properties":{"name":"宜君"},"geometry":{"coordinates":[109.130932,35.411414],"type":"Point"}},{"type":"Feature","properties":{"name":"黄陵"},"geometry":{"coordinates":[109.212673,35.589276],"type":"Point"}},{"type":"Feature","properties":{"name":"洛川"},"geometry":{"coordinates":[109.442364,35.763403],"type":"Point"}},{"type":"Feature","properties":{"name":"富县北"},"geometry":{"coordinates":[109.407438,36.043798],"type":"Point"}},{"type":"Feature","properties":{"name":"王磨"},"geometry":{"coordinates":[105.720942,33.806864],"type":"Point"}},{"type":"Feature","properties":{"name":"成县"},"geometry":{"coordinates":[105.691034,33.729571],"type":"Point"}},{"type":"Feature","properties":{"name":"太石"},"geometry":{"coordinates":[105.507326,33.600686],"type":"Point"}},{"type":"Feature","properties":{"name":"康县"},"geometry":{"coordinates":[105.368651,33.476511],"type":"Point"}},{"type":"Feature","properties":{"name":"佛崖"},"geometry":{"coordinates":[105.284059,33.444354],"type":"Point"}},{"type":"Feature","properties":{"name":"安化镇"},"geometry":{"coordinates":[105.076351,33.506812],"type":"Point"}},{"type":"Feature","properties":{"name":"马街镇"},"geometry":{"coordinates":[104.952186,33.474271],"type":"Point"}},{"type":"Feature","properties":{"name":"两水"},"geometry":{"coordinates":[104.812573,33.439688],"type":"Point"}},{"type":"Feature","properties":{"name":"长江新区"},"geometry":{"coordinates":[114.424907,30.882363],"type":"Point"}},{"type":"Feature","properties":{"name":"新兴南"},"geometry":{"coordinates":[112.233156,22.644744],"type":"Point"}},{"type":"Feature","properties":{"name":"冕宁"},"geometry":{"coordinates":[102.192744,28.289223],"type":"Point"}},{"type":"Feature","properties":{"name":"深汕"},"geometry":{"coordinates":[115.082176,22.872653],"type":"Point"}},{"type":"Feature","properties":{"name":"泉港"},"geometry":{"coordinates":[118.874571,25.177815],"type":"Point"}},{"type":"Feature","properties":{"name":"永丰"},"geometry":{"coordinates":[103.659418,30.983346],"type":"Point"}},{"type":"Feature","properties":{"name":"虹口"},"geometry":{"coordinates":[103.607892,31.054029],"type":"Point"}},{"type":"Feature","properties":{"name":"龙池"},"geometry":{"coordinates":[103.559252,31.064602],"type":"Point"}},{"type":"Feature","properties":{"name":"映秀"},"geometry":{"coordinates":[103.48272,31.065852],"type":"Point"}},{"type":"Feature","properties":{"name":"耿达"},"geometry":{"coordinates":[103.312246,31.080863],"type":"Point"}},{"type":"Feature","properties":{"name":"卧龙"},"geometry":{"coordinates":[103.208073,31.051871],"type":"Point"}},{"type":"Feature","properties":{"name":"邓生沟"},"geometry":{"coordinates":[103.005878,30.89501],"type":"Point"}},{"type":"Feature","properties":{"name":"巴朗山"},"geometry":{"coordinates":[102.914016,30.887685],"type":"Point"}},{"type":"Feature","properties":{"name":"四姑娘山"},"geometry":{"coordinates":[102.834726,30.992445],"type":"Point"}},{"type":"Feature","properties":{"name":"柳泉"},"geometry":{"coordinates":[117.324243,34.467223],"type":"Point"}},{"type":"Feature","properties":{"name":"五通口"},"geometry":{"coordinates":[114.415128,30.710351],"type":"Point"}},{"type":"Feature","properties":{"name":"香炉山"},"geometry":{"coordinates":[114.518183,30.708193],"type":"Point"}},{"type":"Feature","properties":{"name":"林四房"},"geometry":{"coordinates":[114.618228,30.604987],"type":"Point"}},{"type":"Feature","properties":{"name":"大埠"},"geometry":{"coordinates":[114.76488,30.633014],"type":"Point"}},{"type":"Feature","properties":{"name":"团风东"},"geometry":{"coordinates":[114.91868,30.632407],"type":"Point"}},{"type":"Feature","properties":{"name":"武进"},"geometry":{"coordinates":[119.942359,31.660543],"type":"Point"}},{"type":"Feature","properties":{"name":"宁国南"},"geometry":{"coordinates":[118.934897,30.613933],"type":"Point"}},{"type":"Feature","properties":{"name":"增城"},"geometry":{"coordinates":[113.794417,23.207115],"type":"Point"}},{"type":"Feature","properties":{"name":"岚皋"},"geometry":{"coordinates":[108.90734,32.32592],"type":"Point"}},{"type":"Feature","properties":{"name":"城口"},"geometry":{"coordinates":[108.682595,31.944597],"type":"Point"}},{"type":"Feature","properties":{"name":"樊哙"},"geometry":{"coordinates":[108.172006,31.579169],"type":"Point"}},{"type":"Feature","properties":{"name":"宣汉南"},"geometry":{"coordinates":[107.759285,31.310579],"type":"Point"}},{"type":"Feature","properties":{"name":"广安东"},"geometry":{"coordinates":[106.712913,30.387752],"type":"Point"}},{"type":"Feature","properties":{"name":"开州"},"geometry":{"coordinates":[108.31386,31.138629],"type":"Point"}},{"type":"Feature","properties":{"name":"合川东"},"geometry":{"coordinates":[106.522942,29.976517],"type":"Point"}},{"type":"Feature","properties":{"name":"北碚南"},"geometry":{"coordinates":[106.401315,29.755946],"type":"Point"}},{"type":"Feature","properties":{"name":"祁门南"},"geometry":{"coordinates":[117.694217,29.834343],"type":"Point"}},{"type":"Feature","properties":{"name":"浮梁东"},"geometry":{"coordinates":[117.455655,29.513822],"type":"Point"}},{"type":"Feature","properties":{"name":"鄱阳"},"geometry":{"coordinates":[116.794309,28.981973],"type":"Point"}},{"type":"Feature","properties":{"name":"乐平北"},"geometry":{"coordinates":[117.037779,29.1608],"type":"Point"}},{"type":"Feature","properties":{"name":"进贤北"},"geometry":{"coordinates":[116.354985,28.681386],"type":"Point"}},{"type":"Feature","properties":{"name":"衢江"},"geometry":{"coordinates":[119.01387,29.062471],"type":"Point"}},{"type":"Feature","properties":{"name":"莱阳南"},"geometry":{"coordinates":[120.746338,36.720733],"type":"Point"}},{"type":"Feature","properties":{"name":"海阳"},"geometry":{"coordinates":[121.175398,36.716893],"type":"Point"}},{"type":"Feature","properties":{"name":"文登南"},"geometry":{"coordinates":[122.090433,37.081647],"type":"Point"}},{"type":"Feature","properties":{"name":"宁明东"},"geometry":{"coordinates":[107.20051,22.31002],"type":"Point"}},{"type":"Feature","properties":{"name":"龙州"},"geometry":{"coordinates":[106.874046,22.314616],"type":"Point"}},{"type":"Feature","properties":{"name":"凭祥东"},"geometry":{"coordinates":[106.789373,22.106377],"type":"Point"}},{"type":"Feature","properties":{"name":"铜梁"},"geometry":{"coordinates":[106.121417,29.773604],"type":"Point"}},{"type":"Feature","properties":{"name":"曹县西"},"geometry":{"coordinates":[115.499328,34.853708],"type":"Point"}},{"type":"Feature","properties":{"name":"台前东"},"geometry":{"coordinates":[115.924174,36.008052],"type":"Point"}},{"type":"Feature","properties":{"name":"阳谷东"},"geometry":{"coordinates":[115.887322,36.197105],"type":"Point"}},{"type":"Feature","properties":{"name":"临清东"},"geometry":{"coordinates":[115.757571,36.822683],"type":"Point"}},{"type":"Feature","properties":{"name":"清河西"},"geometry":{"coordinates":[115.60409,37.071493],"type":"Point"}},{"type":"Feature","properties":{"name":"枣强南"},"geometry":{"coordinates":[115.664231,37.322488],"type":"Point"}},{"type":"Feature","properties":{"name":"衡水南"},"geometry":{"coordinates":[115.636917,37.694556],"type":"Point"}},{"type":"Feature","properties":{"name":"深州东"},"geometry":{"coordinates":[115.671929,38.004893],"type":"Point"}},{"type":"Feature","properties":{"name":"肃宁河间"},"geometry":{"coordinates":[115.93493,38.415509],"type":"Point"}},{"type":"Feature","properties":{"name":"任丘西"},"geometry":{"coordinates":[116.021259,38.702937],"type":"Point"}},{"type":"Feature","properties":{"name":"雄安城际"},"geometry":{"coordinates":[115.94054,39.006616],"type":"Point"}},{"type":"Feature","properties":{"name":"小里"},"geometry":{"coordinates":[115.830681,39.007115],"type":"Point"}},{"type":"Feature","properties":{"name":"保定南"},"geometry":{"coordinates":[115.414869,38.782294],"type":"Point"}},{"type":"Feature","properties":{"name":"望都北"},"geometry":{"coordinates":[115.115721,38.749004],"type":"Point"}},{"type":"Feature","properties":{"name":"唐县"},"geometry":{"coordinates":[114.960505,38.69839],"type":"Point"}},{"type":"Feature","properties":{"name":"曲阳"},"geometry":{"coordinates":[114.712827,38.658807],"type":"Point"}},{"type":"Feature","properties":{"name":"阜平"},"geometry":{"coordinates":[114.238712,38.809705],"type":"Point"}},{"type":"Feature","properties":{"name":"五台山南"},"geometry":{"coordinates":[113.727008,38.866973],"type":"Point"}},{"type":"Feature","properties":{"name":"五台县"},"geometry":{"coordinates":[113.251655,38.697509],"type":"Point"}},{"type":"Feature","properties":{"name":"定襄北"},"geometry":{"coordinates":[112.969918,38.581235],"type":"Point"}},{"type":"Feature","properties":{"name":"忠县"},"geometry":{"coordinates":[108.031719,30.325747],"type":"Point"}},{"type":"Feature","properties":{"name":"丰都北"},"geometry":{"coordinates":[107.684345,29.894432],"type":"Point"}},{"type":"Feature","properties":{"name":"苏溪"},"geometry":{"coordinates":[120.174737,29.400986],"type":"Point"}},{"type":"Feature","properties":{"name":"东阳北"},"geometry":{"coordinates":[120.274037,29.315443],"type":"Point"}},{"type":"Feature","properties":{"name":"嵊州西"},"geometry":{"coordinates":[120.598884,29.438604],"type":"Point"}},{"type":"Feature","properties":{"name":"新昌北"},"geometry":{"coordinates":[120.979803,29.538863],"type":"Point"}},{"type":"Feature","properties":{"name":"溪口"},"geometry":{"coordinates":[121.238746,29.633583],"type":"Point"}},{"type":"Feature","properties":{"name":"崇明"},"geometry":{"coordinates":[121.371752,31.663003],"type":"Point"}},{"type":"Feature","properties":{"name":"启东西"},"geometry":{"coordinates":[121.536184,31.833678],"type":"Point"}},{"type":"Feature","properties":{"name":"海门北"},"geometry":{"coordinates":[121.14353,31.986347],"type":"Point"}},{"type":"Feature","properties":{"name":"如皋西"},"geometry":{"coordinates":[120.557703,32.222886],"type":"Point"}},{"type":"Feature","properties":{"name":"黄桥"},"geometry":{"coordinates":[120.260603,32.273148],"type":"Point"}},{"type":"Feature","properties":{"name":"泰州南"},"geometry":{"coordinates":[119.95175,32.414735],"type":"Point"}},{"type":"Feature","properties":{"name":"仪征北"},"geometry":{"coordinates":[119.109814,32.394152],"type":"Point"}},{"type":"Feature","properties":{"name":"六合西"},"geometry":{"coordinates":[118.787862,32.353734],"type":"Point"}},{"type":"Feature","properties":{"name":"大墅"},"geometry":{"coordinates":[117.932503,32.083788],"type":"Point"}},{"type":"Feature","properties":{"name":"五合"},"geometry":{"coordinates":[108.537436,22.825003],"type":"Point"}},{"type":"Feature","properties":{"name":"峦城"},"geometry":{"coordinates":[108.864523,22.809527],"type":"Point"}},{"type":"Feature","properties":{"name":"武钢"},"geometry":{"coordinates":[114.45056,30.556084],"type":"Point"}},{"type":"Feature","properties":{"name":"横州"},"geometry":{"coordinates":[109.369679,22.758211],"type":"Point"}},{"type":"Feature","properties":{"name":"兴业南"},"geometry":{"coordinates":[109.875494,22.71563],"type":"Point"}},{"type":"Feature","properties":{"name":"贵港南（预留）"},"geometry":{"coordinates":[109.682018,22.740135],"type":"Point"}},{"type":"Feature","properties":{"name":"玉林北"},"geometry":{"coordinates":[110.24472,22.725927],"type":"Point"}},{"type":"Feature","properties":{"name":"定远东"},"geometry":{"coordinates":[117.835752,32.571844],"type":"Point"}},{"type":"Feature","properties":{"name":"淮北西"},"geometry":{"coordinates":[116.730679,33.941397],"type":"Point"}},{"type":"Feature","properties":{"name":"宿州西"},"geometry":{"coordinates":[116.918236,33.597918],"type":"Point"}},{"type":"Feature","properties":{"name":"双堆集"},"geometry":{"coordinates":[116.953169,33.438315],"type":"Point"}},{"type":"Feature","properties":{"name":"固镇南"},"geometry":{"coordinates":[117.304628,33.25254],"type":"Point"}},{"type":"Feature","properties":{"name":"蒙城"},"geometry":{"coordinates":[116.592429,33.209993],"type":"Point"}},{"type":"Feature","properties":{"name":"利辛"},"geometry":{"coordinates":[116.182678,33.106283],"type":"Point"}},{"type":"Feature","properties":{"name":"含山"},"geometry":{"coordinates":[118.066142,31.658871],"type":"Point"}},{"type":"Feature","properties":{"name":"郑蒲港"},"geometry":{"coordinates":[118.33291,31.598507],"type":"Point"}},{"type":"Feature","properties":{"name":"马鞍山南"},"geometry":{"coordinates":[118.499971,31.594819],"type":"Point"}},{"type":"Feature","properties":{"name":"固始"},"geometry":{"coordinates":[115.664358,31.91795],"type":"Point"}},{"type":"Feature","properties":{"name":"洪泽"},"geometry":{"coordinates":[118.944129,33.293644],"type":"Point"}},{"type":"Feature","properties":{"name":"金湖"},"geometry":{"coordinates":[118.939566,33.000723],"type":"Point"}},{"type":"Feature","properties":{"name":"大足石刻"},"geometry":{"coordinates":[105.756417,29.744635],"type":"Point"}},{"type":"Feature","properties":{"name":"横店"},"geometry":{"coordinates":[120.259868,29.217555],"type":"Point"}},{"type":"Feature","properties":{"name":"磐安"},"geometry":{"coordinates":[120.428278,28.994025],"type":"Point"}},{"type":"Feature","properties":{"name":"仙居"},"geometry":{"coordinates":[120.639378,28.824946],"type":"Point"}},{"type":"Feature","properties":{"name":"楠溪江"},"geometry":{"coordinates":[120.779653,28.322543],"type":"Point"}},{"type":"Feature","properties":{"name":"泸州港区"},"geometry":{"coordinates":[105.519378,28.88046],"type":"Point"}},{"type":"Feature","properties":{"name":"江北机场"},"geometry":{"coordinates":[106.650749,29.709049],"type":"Point"}},{"type":"Feature","properties":{"name":"五竹"},"geometry":{"coordinates":[108.656036,34.145716],"type":"Point"}},{"type":"Feature","properties":{"name":"淮安南"},"geometry":{"coordinates":[119.0883,33.592338],"type":"Point"}},{"type":"Feature","properties":{"name":"湖州东"},"geometry":{"coordinates":[120.174795,30.819309],"type":"Point"}},{"type":"Feature","properties":{"name":"乳山南"},"geometry":{"coordinates":[121.552727,36.875813],"type":"Point"}},{"type":"Feature","properties":{"name":"莲棚（停用）"},"geometry":{"coordinates":[113.781677,31.242726],"type":"Point"}},{"type":"Feature","properties":{"name":"林徐（停用）"},"geometry":{"coordinates":[113.88223,31.237872],"type":"Point"}},{"type":"Feature","properties":{"name":"花西（停用）"},"geometry":{"coordinates":[113.934509,31.244504],"type":"Point"}},{"type":"Feature","properties":{"name":"礼贤"},"geometry":{"coordinates":[116.431612,39.555011],"type":"Point"}},{"type":"Feature","properties":{"name":"天堂围"},"geometry":{"coordinates":[114.107235,22.740755],"type":"Point"}},{"type":"Feature","properties":{"name":"丁家坝"},"geometry":{"coordinates":[105.904752,32.869706],"type":"Point"}},{"type":"Feature","properties":{"name":"桃源"},"geometry":{"coordinates":[111.393658,28.90753],"type":"Point"}},{"type":"Feature","properties":{"name":"广州白云"},"geometry":{"coordinates":[113.24051,23.194037],"type":"Point"}},{"type":"Feature","properties":{"name":"和慧南路站"},"geometry":{"coordinates":[117.351392,38.980418],"type":"Point"}},{"type":"Feature","properties":{"name":"北石窟"},"geometry":{"coordinates":[107.452264,35.62524],"type":"Point"}},{"type":"Feature","properties":{"name":"镇原"},"geometry":{"coordinates":[107.320107,35.62279],"type":"Point"}},{"type":"Feature","properties":{"name":"石钱滩"},"geometry":{"coordinates":[90.261724,44.662211],"type":"Point"}},{"type":"Feature","properties":{"name":"别勒"},"geometry":{"coordinates":[90.689108,44.684012],"type":"Point"}},{"type":"Feature","properties":{"name":"鸣沙山"},"geometry":{"coordinates":[91.177202,44.692935],"type":"Point"}},{"type":"Feature","properties":{"name":"哈克托让格"},"geometry":{"coordinates":[91.647363,44.790752],"type":"Point"}},{"type":"Feature","properties":{"name":"库木苏"},"geometry":{"coordinates":[92.144652,44.80157],"type":"Point"}},{"type":"Feature","properties":{"name":"汉水泉"},"geometry":{"coordinates":[92.590033,44.59859],"type":"Point"}},{"type":"Feature","properties":{"name":"望洋台"},"geometry":{"coordinates":[93.027154,44.428697],"type":"Point"}},{"type":"Feature","properties":{"name":"三塘湖"},"geometry":{"coordinates":[93.462716,44.246197],"type":"Point"}},{"type":"Feature","properties":{"name":"条湖"},"geometry":{"coordinates":[93.237342,44.32227],"type":"Point"}},{"type":"Feature","properties":{"name":"岔哈泉"},"geometry":{"coordinates":[93.789444,44.118548],"type":"Point"}},{"type":"Feature","properties":{"name":"南台子"},"geometry":{"coordinates":[94.081978,43.941115],"type":"Point"}},{"type":"Feature","properties":{"name":"布拉克"},"geometry":{"coordinates":[94.389843,43.808174],"type":"Point"}},{"type":"Feature","properties":{"name":"上港作业区"},"geometry":{"coordinates":[115.898157,29.716643],"type":"Point"}},{"type":"Feature","properties":{"name":"七里湖二场"},"geometry":{"coordinates":[115.91875,29.700771],"type":"Point"}},{"type":"Feature","properties":{"name":"九江综合保税区"},"geometry":{"coordinates":[115.83026,29.741552],"type":"Point"}},{"type":"Feature","properties":{"name":"物流作业区"},"geometry":{"coordinates":[115.882035,29.720774],"type":"Point"}},{"type":"Feature","properties":{"name":"上虞南"},"geometry":{"coordinates":[120.79141,29.981635],"type":"Point"}},{"type":"Feature","properties":{"name":"罗湖北"},"geometry":{"coordinates":[114.107918,22.583527],"type":"Point"}},{"type":"Feature","properties":{"name":"东莞滨海湾"},"geometry":{"coordinates":[113.696917,22.768601],"type":"Point"}},{"type":"Feature","properties":{"name":"南沙"},"geometry":{"coordinates":[113.552965,22.700347],"type":"Point"}},{"type":"Feature","properties":{"name":"珠海机场"},"geometry":{"coordinates":[113.372414,22.015187],"type":"Point"}},{"type":"Feature","properties":{"name":"三灶东"},"geometry":{"coordinates":[113.398298,22.042567],"type":"Point"}},{"type":"Feature","properties":{"name":"中山西"},"geometry":{"coordinates":[113.244903,22.512638],"type":"Point"}},{"type":"Feature","properties":{"name":"珠海鹤洲"},"geometry":{"coordinates":[113.359289,22.188249],"type":"Point"}},{"type":"Feature","properties":{"name":"鹤山西"},"geometry":{"coordinates":[112.901112,22.732756],"type":"Point"}},{"type":"Feature","properties":{"name":"高明"},"geometry":{"coordinates":[112.794219,22.893014],"type":"Point"}},{"type":"Feature","properties":{"name":"佛肇"},"geometry":{"coordinates":[112.56922,22.869398],"type":"Point"}},{"type":"Feature","properties":{"name":"阳江北"},"geometry":{"coordinates":[111.83365,21.921305],"type":"Point"}},{"type":"Feature","properties":{"name":"湛江东"},"geometry":{"coordinates":[110.5147,21.28555],"type":"Point"}},{"type":"Feature","properties":{"name":"然乌"},"geometry":{"coordinates":[96.756226,29.501875],"type":"Point"}},{"type":"Feature","properties":{"name":"米美"},"geometry":{"coordinates":[96.452983,29.556686],"type":"Point"}},{"type":"Feature","properties":{"name":"玉普"},"geometry":{"coordinates":[96.276696,29.621953],"type":"Point"}},{"type":"Feature","properties":{"name":"松宗"},"geometry":{"coordinates":[96.106812,29.752747],"type":"Point"}},{"type":"Feature","properties":{"name":"波密东"},"geometry":{"coordinates":[95.785063,29.83177],"type":"Point"}},{"type":"Feature","properties":{"name":"容县南"},"geometry":{"coordinates":[110.546114,22.813944],"type":"Point"}},{"type":"Feature","properties":{"name":"岑溪东"},"geometry":{"coordinates":[111.040893,22.892702],"type":"Point"}},{"type":"Feature","properties":{"name":"丰镇北"},"geometry":{"coordinates":[113.124037,40.441831],"type":"Point"}},{"type":"Feature","properties":{"name":"盛泽"},"geometry":{"coordinates":[120.564226,30.909279],"type":"Point"}},{"type":"Feature","properties":{"name":"练塘"},"geometry":{"coordinates":[121.026566,30.997359],"type":"Point"}},{"type":"Feature","properties":{"name":"罗溪村"},"geometry":{"coordinates":[118.960554,30.681329],"type":"Point"}},{"type":"Feature","properties":{"name":"六安北"},"geometry":{"coordinates":[116.556772,31.809402],"type":"Point"}},{"type":"Feature","properties":{"name":"金寨东"},"geometry":{"coordinates":[115.975781,31.760921],"type":"Point"}},{"type":"Feature","properties":{"name":"长阳东"},"geometry":{"coordinates":[111.215631,30.407162],"type":"Point"}},{"type":"Feature","properties":{"name":"五峰"},"geometry":{"coordinates":[111.103585,30.221128],"type":"Point"}},{"type":"Feature","properties":{"name":"后河"},"geometry":{"coordinates":[110.673177,30.140388],"type":"Point"}},{"type":"Feature","properties":{"name":"鹤峰"},"geometry":{"coordinates":[110.250638,30.024457],"type":"Point"}},{"type":"Feature","properties":{"name":"木栗"},"geometry":{"coordinates":[109.739422,30.15734],"type":"Point"}},{"type":"Feature","properties":{"name":"恩施南"},"geometry":{"coordinates":[109.469114,30.25013],"type":"Point"}},{"type":"Feature","properties":{"name":"石柱东"},"geometry":{"coordinates":[108.157108,30.034233],"type":"Point"}},{"type":"Feature","properties":{"name":"安岳"},"geometry":{"coordinates":[105.343485,30.046882],"type":"Point"}},{"type":"Feature","properties":{"name":"织里"},"geometry":{"coordinates":[120.261977,30.839363],"type":"Point"}},{"type":"Feature","properties":{"name":"桥南村"},"geometry":{"coordinates":[120.20484,30.88223],"type":"Point"}},{"type":"Feature","properties":{"name":"银山二路"},"geometry":{"coordinates":[120.160463,30.931353],"type":"Point"}},{"type":"Feature","properties":{"name":"银山一路"},"geometry":{"coordinates":[120.134031,30.939734],"type":"Point"}},{"type":"Feature","properties":{"name":"太湖路"},"geometry":{"coordinates":[120.095419,30.941563],"type":"Point"}},{"type":"Feature","properties":{"name":"图影"},"geometry":{"coordinates":[120.045761,30.945728],"type":"Point"}},{"type":"Feature","properties":{"name":"洪桥镇"},"geometry":{"coordinates":[120.002819,30.979046],"type":"Point"}},{"type":"Feature","properties":{"name":"八里店"},"geometry":{"coordinates":[120.207365,30.856761],"type":"Point"}},{"type":"Feature","properties":{"name":"双井子"},"geometry":{"coordinates":[105.813374,37.455131],"type":"Point"}},{"type":"Feature","properties":{"name":"红寺堡"},"geometry":{"coordinates":[106.060519,37.448205],"type":"Point"}},{"type":"Feature","properties":{"name":"漾南"},"geometry":{"coordinates":[120.336053,30.850093],"type":"Point"}},{"type":"Feature","properties":{"name":"花溪"},"geometry":{"coordinates":[106.685885,26.453833],"type":"Point"}},{"type":"Feature","properties":{"name":"三义村"},"geometry":{"coordinates":[109.090639,34.407162],"type":"Point"}},{"type":"Feature","properties":{"name":"郭王村"},"geometry":{"coordinates":[109.105071,34.375755],"type":"Point"}},{"type":"Feature","properties":{"name":"伯官"},"geometry":{"coordinates":[123.710108,41.879039],"type":"Point"}},{"type":"Feature","properties":{"name":"三叠泉缆车上站"},"geometry":{"coordinates":[116.012327,29.559366],"type":"Point"}},{"type":"Feature","properties":{"name":"三叠泉缆车下站"},"geometry":{"coordinates":[116.025231,29.566025],"type":"Point"}},{"type":"Feature","properties":{"name":"黑松驿"},"geometry":{"coordinates":[102.908297,37.361556],"type":"Point"}},{"type":"Feature","properties":{"name":"古浪北"},"geometry":{"coordinates":[102.905642,37.505473],"type":"Point"}},{"type":"Feature","properties":{"name":"武威东"},"geometry":{"coordinates":[102.689308,37.952402],"type":"Point"}},{"type":"Feature","properties":{"name":"明泽（预留）"},"geometry":{"coordinates":[91.871712,29.266003],"type":"Point"}},{"type":"Feature","properties":{"name":"藏木（预留）"},"geometry":{"coordinates":[92.511129,29.19554],"type":"Point"}},{"type":"Feature","properties":{"name":"甲格（预留）"},"geometry":{"coordinates":[93.395378,29.104094],"type":"Point"}},{"type":"Feature","properties":{"name":"奔中（预留）"},"geometry":{"coordinates":[93.585354,29.204643],"type":"Point"}},{"type":"Feature","properties":{"name":"里龙（预留）"},"geometry":{"coordinates":[93.781508,29.181079],"type":"Point"}},{"type":"Feature","properties":{"name":"洞噶（预留）"},"geometry":{"coordinates":[93.163801,29.047385],"type":"Point"}},{"type":"Feature","properties":{"name":"扎绕（预留）"},"geometry":{"coordinates":[94.074754,29.236225],"type":"Point"}},{"type":"Feature","properties":{"name":"华安"},"geometry":{"coordinates":[117.533651,24.989577],"type":"Point"}},{"type":"Feature","properties":{"name":"昌果（预留）"},"geometry":{"coordinates":[90.984698,29.330787],"type":"Point"}},{"type":"Feature","properties":{"name":"杰德秀（预留）"},"geometry":{"coordinates":[91.136804,29.280835],"type":"Point"}},{"type":"Feature","properties":{"name":"嘎扎（预留）"},"geometry":{"coordinates":[91.234412,29.26971],"type":"Point"}},{"type":"Feature","properties":{"name":"金鲁（预留）"},"geometry":{"coordinates":[91.581889,29.257872],"type":"Point"}},{"type":"Feature","properties":{"name":"甲村（预留）"},"geometry":{"coordinates":[91.651025,29.252462],"type":"Point"}},{"type":"Feature","properties":{"name":"拜珍（预留）"},"geometry":{"coordinates":[92.083119,29.293152],"type":"Point"}},{"type":"Feature","properties":{"name":"林达（预留）"},"geometry":{"coordinates":[92.636961,29.113627],"type":"Point"}},{"type":"Feature","properties":{"name":"冲康（预留）"},"geometry":{"coordinates":[92.88608,29.073345],"type":"Point"}},{"type":"Feature","properties":{"name":"雪嘎（预留）"},"geometry":{"coordinates":[94.26297,29.26698],"type":"Point"}},{"type":"Feature","properties":{"name":"中沙坝（预留）"},"geometry":{"coordinates":[94.420882,29.395922],"type":"Point"}},{"type":"Feature","properties":{"name":"多吉"},"geometry":{"coordinates":[96.017065,30.086601],"type":"Point"}},{"type":"Feature","properties":{"name":"东西岩"},"geometry":{"coordinates":[119.697034,28.495535],"type":"Point"}},{"type":"Feature","properties":{"name":"穿山"},"geometry":{"coordinates":[109.418584,24.073296],"type":"Point"}},{"type":"Feature","properties":{"name":"象州"},"geometry":{"coordinates":[109.577402,23.936295],"type":"Point"}},{"type":"Feature","properties":{"name":"武宣"},"geometry":{"coordinates":[109.671085,23.695448],"type":"Point"}},{"type":"Feature","properties":{"name":"东乡"},"geometry":{"coordinates":[109.868216,23.635986],"type":"Point"}},{"type":"Feature","properties":{"name":"桂平北"},"geometry":{"coordinates":[110.143204,23.591828],"type":"Point"}},{"type":"Feature","properties":{"name":"平南北"},"geometry":{"coordinates":[110.428626,23.574867],"type":"Point"}},{"type":"Feature","properties":{"name":"藤县北"},"geometry":{"coordinates":[110.72198,23.502651],"type":"Point"}},{"type":"Feature","properties":{"name":"旺屋"},"geometry":{"coordinates":[110.991072,23.488887],"type":"Point"}},{"type":"Feature","properties":{"name":"两山站"},"geometry":{"coordinates":[117.122258,31.324782],"type":"Point"}},{"type":"Feature","properties":{"name":"星火站"},"geometry":{"coordinates":[117.094761,31.311993],"type":"Point"}},{"type":"Feature","properties":{"name":"萌芽站"},"geometry":{"coordinates":[117.103234,31.31953],"type":"Point"}},{"type":"Feature","properties":{"name":"勇士站"},"geometry":{"coordinates":[117.108617,31.325582],"type":"Point"}},{"type":"Feature","properties":{"name":"醴飨站"},"geometry":{"coordinates":[117.139129,31.323799],"type":"Point"}},{"type":"Feature","properties":{"name":"长冲站"},"geometry":{"coordinates":[117.140807,31.318915],"type":"Point"}},{"type":"Feature","properties":{"name":"喵山谷站"},"geometry":{"coordinates":[117.13034,31.295902],"type":"Point"}},{"type":"Feature","properties":{"name":"淮阳南"},"geometry":{"coordinates":[114.896215,33.50484],"type":"Point"}},{"type":"Feature","properties":{"name":"白土岗"},"geometry":{"coordinates":[106.416863,37.727413],"type":"Point"}},{"type":"Feature","properties":{"name":"惠安堡"},"geometry":{"coordinates":[106.672313,37.478237],"type":"Point"}},{"type":"Feature","properties":{"name":"张槎"},"geometry":{"coordinates":[113.062466,23.011946],"type":"Point"}},{"type":"Feature","properties":{"name":"顺德北"},"geometry":{"coordinates":[113.123528,22.965119],"type":"Point"}},{"type":"Feature","properties":{"name":"北滘西"},"geometry":{"coordinates":[113.172897,22.955146],"type":"Point"}},{"type":"Feature","properties":{"name":"陈村"},"geometry":{"coordinates":[113.233374,22.972106],"type":"Point"}},{"type":"Feature","properties":{"name":"荣华"},"geometry":{"coordinates":[131.171197,45.188597],"type":"Point"}},{"type":"Feature","properties":{"name":"双河"},"geometry":{"coordinates":[130.978101,45.214657],"type":"Point"}},{"type":"Feature","properties":{"name":"立井"},"geometry":{"coordinates":[130.936904,45.202479],"type":"Point"}},{"type":"Feature","properties":{"name":"小鱼沱"},"geometry":{"coordinates":[106.694725,28.669111],"type":"Point"}},{"type":"Feature","properties":{"name":"远安"},"geometry":{"coordinates":[111.667252,31.021013],"type":"Point"}},{"type":"Feature","properties":{"name":"嫘祖"},"geometry":{"coordinates":[111.432486,31.169507],"type":"Point"}},{"type":"Feature","properties":{"name":"棠下"},"geometry":{"coordinates":[113.044772,22.699159],"type":"Point"}},{"type":"Feature","properties":{"name":"不连沟"},"geometry":{"coordinates":[111.330058,40.015237],"type":"Point"}},{"type":"Feature","properties":{"name":"邳州"},"geometry":{"coordinates":[117.955745,34.319364],"type":"Point"}},{"type":"Feature","properties":{"name":"瓦西"},"geometry":{"coordinates":[119.275857,36.969204],"type":"Point"}},{"type":"Feature","properties":{"name":"济阳"},"geometry":{"coordinates":[117.099937,36.967777],"type":"Point"}},{"type":"Feature","properties":{"name":"商河南"},"geometry":{"coordinates":[117.185348,37.257005],"type":"Point"}},{"type":"Feature","properties":{"name":"惠民"},"geometry":{"coordinates":[117.574215,37.440456],"type":"Point"}},{"type":"Feature","properties":{"name":"寿光东"},"geometry":{"coordinates":[118.859825,36.924017],"type":"Point"}},{"type":"Feature","properties":{"name":"无棣"},"geometry":{"coordinates":[117.683283,37.762036],"type":"Point"}},{"type":"Feature","properties":{"name":"海兴西"},"geometry":{"coordinates":[117.450991,38.119766],"type":"Point"}},{"type":"Feature","properties":{"name":"黄骅北"},"geometry":{"coordinates":[117.38863,38.367493],"type":"Point"}},{"type":"Feature","properties":{"name":"滨海南"},"geometry":{"coordinates":[117.435587,38.706995],"type":"Point"}},{"type":"Feature","properties":{"name":"滨海东"},"geometry":{"coordinates":[117.544003,38.854137],"type":"Point"}},{"type":"Feature","properties":{"name":"郴州"},"geometry":{"coordinates":[113.02778,25.811244],"type":"Point"}},{"type":"Feature","properties":{"name":"巴润别立"},"geometry":{"coordinates":[105.641334,38.521849],"type":"Point"}},{"type":"Feature","properties":{"name":"巴彦浩特"},"geometry":{"coordinates":[105.63183,38.835359],"type":"Point"}},{"type":"Feature","properties":{"name":"红升"},"geometry":{"coordinates":[132.40372,46.2149],"type":"Point"}},{"type":"Feature","properties":{"name":"朝阳"},"geometry":{"coordinates":[132.547145,46.239632],"type":"Point"}},{"type":"Feature","properties":{"name":"镇宁"},"geometry":{"coordinates":[105.727342,26.070437],"type":"Point"}},{"type":"Feature","properties":{"name":"紫云"},"geometry":{"coordinates":[106.010861,25.788071],"type":"Point"}},{"type":"Feature","properties":{"name":"望谟"},"geometry":{"coordinates":[106.107989,25.180355],"type":"Point"}},{"type":"Feature","properties":{"name":"大观"},"geometry":{"coordinates":[106.213047,25.145037],"type":"Point"}},{"type":"Feature","properties":{"name":"乐业"},"geometry":{"coordinates":[106.641693,24.717784],"type":"Point"}},{"type":"Feature","properties":{"name":"凌云"},"geometry":{"coordinates":[106.56386,24.301243],"type":"Point"}},{"type":"Feature","properties":{"name":"伶站"},"geometry":{"coordinates":[106.566509,24.16542],"type":"Point"}},{"type":"Feature","properties":{"name":"那排"},"geometry":{"coordinates":[106.570783,24.035288],"type":"Point"}},{"type":"Feature","properties":{"name":"那福"},"geometry":{"coordinates":[106.529665,24.377123],"type":"Point"}},{"type":"Feature","properties":{"name":"玉洪"},"geometry":{"coordinates":[106.527544,24.49679],"type":"Point"}},{"type":"Feature","properties":{"name":"连篆"},"geometry":{"coordinates":[106.560577,24.606261],"type":"Point"}},{"type":"Feature","properties":{"name":"百龙"},"geometry":{"coordinates":[106.63008,24.777744],"type":"Point"}},{"type":"Feature","properties":{"name":"幼平"},"geometry":{"coordinates":[106.543688,24.922892],"type":"Point"}},{"type":"Feature","properties":{"name":"甲搏"},"geometry":{"coordinates":[106.470762,24.989221],"type":"Point"}},{"type":"Feature","properties":{"name":"昂武"},"geometry":{"coordinates":[106.404038,25.058919],"type":"Point"}},{"type":"Feature","properties":{"name":"纳岸"},"geometry":{"coordinates":[106.285015,25.123573],"type":"Point"}},{"type":"Feature","properties":{"name":"三槽"},"geometry":{"coordinates":[106.067689,25.239248],"type":"Point"}},{"type":"Feature","properties":{"name":"石屯"},"geometry":{"coordinates":[105.982991,25.32719],"type":"Point"}},{"type":"Feature","properties":{"name":"边饶"},"geometry":{"coordinates":[106.043913,25.484655],"type":"Point"}},{"type":"Feature","properties":{"name":"泉店煤矿"},"geometry":{"coordinates":[113.635101,34.077095],"type":"Point"}},{"type":"Feature","properties":{"name":"梁北矿"},"geometry":{"coordinates":[113.458579,34.090174],"type":"Point"}},{"type":"Feature","properties":{"name":"永锦洗煤厂"},"geometry":{"coordinates":[113.343161,34.164584],"type":"Point"}},{"type":"Feature","properties":{"name":"鹏翔路(在建）"},"geometry":{"coordinates":[121.831029,31.091698],"type":"Point"}},{"type":"Feature","properties":{"name":"滨海森林公园"},"geometry":{"coordinates":[121.904362,30.975268],"type":"Point"}},{"type":"Feature","properties":{"name":"惠南"},"geometry":{"coordinates":[121.78803,31.028662],"type":"Point"}},{"type":"Feature","properties":{"name":"星海湾路"},"geometry":{"coordinates":[121.936995,30.958598],"type":"Point"}},{"type":"Feature","properties":{"name":"滴水湖北(在建）"},"geometry":{"coordinates":[121.936847,30.9277],"type":"Point"}},{"type":"Feature","properties":{"name":"佛山大学"},"geometry":{"coordinates":[113.049966,23.148153],"type":"Point"}},{"type":"Feature","properties":{"name":"南定北"},"geometry":{"coordinates":[118.044868,36.762872],"type":"Point"}},{"type":"Feature","properties":{"name":"双杨"},"geometry":{"coordinates":[117.993969,36.707832],"type":"Point"}},{"type":"Feature","properties":{"name":"淄川南"},"geometry":{"coordinates":[117.942576,36.641705],"type":"Point"}},{"type":"Feature","properties":{"name":"固原北"},"geometry":{"coordinates":[106.305905,36.060073],"type":"Point"}},{"type":"Feature","properties":{"name":"平顶山南"},"geometry":{"coordinates":[113.291407,33.673179],"type":"Point"}},{"type":"Feature","properties":{"name":"舞阳北"},"geometry":{"coordinates":[113.629424,33.49308],"type":"Point"}},{"type":"Feature","properties":{"name":"周口西"},"geometry":{"coordinates":[114.483444,33.623295],"type":"Point"}},{"type":"Feature","properties":{"name":"扶坝"},"geometry":{"coordinates":[106.768711,28.846683],"type":"Point"}},{"type":"Feature","properties":{"name":"西尼尔北"},"geometry":{"coordinates":[86.301846,41.575976],"type":"Point"}},{"type":"Feature","properties":{"name":"西尼尔"},"geometry":{"coordinates":[86.347086,41.472601],"type":"Point"}},{"type":"Feature","properties":{"name":"恰央河"},"geometry":{"coordinates":[86.365889,41.226496],"type":"Point"}},{"type":"Feature","properties":{"name":"群克"},"geometry":{"coordinates":[86.476651,41.110809],"type":"Point"}},{"type":"Feature","properties":{"name":"恰拉"},"geometry":{"coordinates":[86.776681,40.954715],"type":"Point"}},{"type":"Feature","properties":{"name":"毛蜡湖"},"geometry":{"coordinates":[87.05758,40.865465],"type":"Point"}},{"type":"Feature","properties":{"name":"金鹿"},"geometry":{"coordinates":[87.36571,40.731362],"type":"Point"}},{"type":"Feature","properties":{"name":"大西海子"},"geometry":{"coordinates":[87.499205,40.653848],"type":"Point"}},{"type":"Feature","properties":{"name":"维马克"},"geometry":{"coordinates":[87.742669,40.587623],"type":"Point"}},{"type":"Feature","properties":{"name":"英苏"},"geometry":{"coordinates":[87.967367,40.474807],"type":"Point"}},{"type":"Feature","properties":{"name":"五杨"},"geometry":{"coordinates":[88.253949,40.235901],"type":"Point"}},{"type":"Feature","properties":{"name":"白湖"},"geometry":{"coordinates":[88.357587,39.960362],"type":"Point"}},{"type":"Feature","properties":{"name":"梧桐梁"},"geometry":{"coordinates":[88.379862,39.817654],"type":"Point"}},{"type":"Feature","properties":{"name":"罗布庄"},"geometry":{"coordinates":[88.39418,39.579671],"type":"Point"}},{"type":"Feature","properties":{"name":"台特玛湖"},"geometry":{"coordinates":[88.320021,39.445286],"type":"Point"}},{"type":"Feature","properties":{"name":"墩吕克"},"geometry":{"coordinates":[88.218696,39.185524],"type":"Point"}},{"type":"Feature","properties":{"name":"若羌北"},"geometry":{"coordinates":[88.183345,39.069742],"type":"Point"}},{"type":"Feature","properties":{"name":"米兰东"},"geometry":{"coordinates":[89.054798,39.134781],"type":"Point"}},{"type":"Feature","properties":{"name":"石房子"},"geometry":{"coordinates":[89.372838,39.069109],"type":"Point"}},{"type":"Feature","properties":{"name":"草房子"},"geometry":{"coordinates":[89.66743,39.053223],"type":"Point"}},{"type":"Feature","properties":{"name":"望塔"},"geometry":{"coordinates":[89.963691,39.064984],"type":"Point"}},{"type":"Feature","properties":{"name":"七面峰"},"geometry":{"coordinates":[90.121573,39.075093],"type":"Point"}},{"type":"Feature","properties":{"name":"塔木切"},"geometry":{"coordinates":[89.222177,39.101826],"type":"Point"}},{"type":"Feature","properties":{"name":"骆驼泉"},"geometry":{"coordinates":[90.299561,38.982378],"type":"Point"}},{"type":"Feature","properties":{"name":"阿尔金山北"},"geometry":{"coordinates":[90.330989,38.954616],"type":"Point"}},{"type":"Feature","properties":{"name":"金雁山"},"geometry":{"coordinates":[90.193532,38.732481],"type":"Point"}},{"type":"Feature","properties":{"name":"乌尊哨"},"geometry":{"coordinates":[90.123601,38.523971],"type":"Point"}},{"type":"Feature","properties":{"name":"上垌"},"geometry":{"coordinates":[110.854692,21.720034],"type":"Point"}},{"type":"Feature","properties":{"name":"谭屋"},"geometry":{"coordinates":[110.849154,21.736345],"type":"Point"}},{"type":"Feature","properties":{"name":"龙凤镇"},"geometry":{"coordinates":[105.383096,28.293217],"type":"Point"}},{"type":"Feature","properties":{"name":"江门镇东"},"geometry":{"coordinates":[105.358854,28.429833],"type":"Point"}},{"type":"Feature","properties":{"name":"护国东"},"geometry":{"coordinates":[105.361075,28.572728],"type":"Point"}},{"type":"Feature","properties":{"name":"天仙"},"geometry":{"coordinates":[105.356093,28.696207],"type":"Point"}},{"type":"Feature","properties":{"name":"泸州西"},"geometry":{"coordinates":[105.343842,28.874626],"type":"Point"}},{"type":"Feature","properties":{"name":"双加"},"geometry":{"coordinates":[105.419776,29.024769],"type":"Point"}},{"type":"Feature","properties":{"name":"嘉明"},"geometry":{"coordinates":[105.339513,29.245953],"type":"Point"}},{"type":"Feature","properties":{"name":"半边山"},"geometry":{"coordinates":[105.289548,28.773543],"type":"Point"}},{"type":"Feature","properties":{"name":"汉寿"},"geometry":{"coordinates":[111.939014,28.844521],"type":"Point"}},{"type":"Feature","properties":{"name":"天山路(在建）"},"geometry":{"coordinates":[121.317731,31.22089],"type":"Point"}},{"type":"Feature","properties":{"name":"青浦新城南(在建）"},"geometry":{"coordinates":[121.097459,31.125912],"type":"Point"}},{"type":"Feature","properties":{"name":"华青路(在建）"},"geometry":{"coordinates":[121.126253,31.188596],"type":"Point"}},{"type":"Feature","properties":{"name":"重固(在建）"},"geometry":{"coordinates":[121.17957,31.191742],"type":"Point"}},{"type":"Feature","properties":{"name":"虹桥2号航站楼"},"geometry":{"coordinates":[121.319875,31.196134],"type":"Point"}},{"type":"Feature","properties":{"name":"朱家角南(在建）"},"geometry":{"coordinates":[121.045626,31.096693],"type":"Point"}},{"type":"Feature","properties":{"name":"八坼"},"geometry":{"coordinates":[120.643549,31.086825],"type":"Point"}},{"type":"Feature","properties":{"name":"苏州南站"},"geometry":{"coordinates":[120.794778,31.065554],"type":"Point"}},{"type":"Feature","properties":{"name":"汾湖"},"geometry":{"coordinates":[120.841654,31.048491],"type":"Point"}},{"type":"Feature","properties":{"name":"水乡客厅"},"geometry":{"coordinates":[120.912963,31.042805],"type":"Point"}},{"type":"Feature","properties":{"name":"西岑"},"geometry":{"coordinates":[120.959748,31.072209],"type":"Point"}},{"type":"Feature","properties":{"name":"凤溪(在建）"},"geometry":{"coordinates":[121.226501,31.197306],"type":"Point"}},{"type":"Feature","properties":{"name":"沙洋港"},"geometry":{"coordinates":[112.59009,30.641074],"type":"Point"}},{"type":"Feature","properties":{"name":"朱石寨"},"geometry":{"coordinates":[107.46943,25.404241],"type":"Point"}},{"type":"Feature","properties":{"name":"天长"},"geometry":{"coordinates":[118.967514,32.658115],"type":"Point"}},{"type":"Feature","properties":{"name":"柯桥"},"geometry":{"coordinates":[120.473843,30.065737],"type":"Point"}},{"type":"Feature","properties":{"name":"博拉"},"geometry":{"coordinates":[102.856389,34.815533],"type":"Point"}},{"type":"Feature","properties":{"name":"则岔"},"geometry":{"coordinates":[102.631017,34.264869],"type":"Point"}},{"type":"Feature","properties":{"name":"金利"},"geometry":{"coordinates":[112.758999,23.047497],"type":"Point"}},{"type":"Feature","properties":{"name":"四季花海"},"geometry":{"coordinates":[120.985142,30.789767],"type":"Point"}},{"type":"Feature","properties":{"name":"帽峰山"},"geometry":{"coordinates":[113.364971,23.313699],"type":"Point"}},{"type":"Feature","properties":{"name":"简州"},"geometry":{"coordinates":[104.48447,30.462611],"type":"Point"}},{"type":"Feature","properties":{"name":"王泗镇（预留）"},"geometry":{"coordinates":[103.501408,30.514797],"type":"Point"}},{"type":"Feature","properties":{"name":"万顷沙"},"geometry":{"coordinates":[113.522104,22.695754],"type":"Point"}},{"type":"Feature","properties":{"name":"牟山（在建）"},"geometry":{"coordinates":[121.000086,30.064727],"type":"Point"}},{"type":"Feature","properties":{"name":"金义"},"geometry":{"coordinates":[119.888439,29.197771],"type":"Point"}},{"type":"Feature","properties":{"name":"河西农场"},"geometry":{"coordinates":[94.633813,36.372402],"type":"Point"}},{"type":"Feature","properties":{"name":"黄羊苏"},"geometry":{"coordinates":[93.482823,36.856492],"type":"Point"}},{"type":"Feature","properties":{"name":"柴山堆"},"geometry":{"coordinates":[93.356877,36.888899],"type":"Point"}},{"type":"Feature","properties":{"name":"独立山"},"geometry":{"coordinates":[93.059143,36.936328],"type":"Point"}},{"type":"Feature","properties":{"name":"新乐村"},"geometry":{"coordinates":[94.471849,36.423393],"type":"Point"}},{"type":"Feature","properties":{"name":"拖拉海西"},"geometry":{"coordinates":[94.209391,36.549428],"type":"Point"}},{"type":"Feature","properties":{"name":"灶火西"},"geometry":{"coordinates":[93.878678,36.642834],"type":"Point"}},{"type":"Feature","properties":{"name":"中灶火"},"geometry":{"coordinates":[93.72578,36.693247],"type":"Point"}},{"type":"Feature","properties":{"name":"清水泉"},"geometry":{"coordinates":[92.796877,37.083424],"type":"Point"}},{"type":"Feature","properties":{"name":"甘森湖"},"geometry":{"coordinates":[92.554061,37.211278],"type":"Point"}},{"type":"Feature","properties":{"name":"甘森西"},"geometry":{"coordinates":[92.352882,37.411729],"type":"Point"}},{"type":"Feature","properties":{"name":"小尖山东"},"geometry":{"coordinates":[92.248189,37.504196],"type":"Point"}},{"type":"Feature","properties":{"name":"沙土梁"},"geometry":{"coordinates":[91.989405,37.610365],"type":"Point"}},{"type":"Feature","properties":{"name":"茫崖湖东"},"geometry":{"coordinates":[91.857079,37.692572],"type":"Point"}},{"type":"Feature","properties":{"name":"岗茨"},"geometry":{"coordinates":[91.572865,37.772637],"type":"Point"}},{"type":"Feature","properties":{"name":"大乌斯"},"geometry":{"coordinates":[91.322556,37.914473],"type":"Point"}},{"type":"Feature","properties":{"name":"英雄岭"},"geometry":{"coordinates":[91.19298,38.001439],"type":"Point"}},{"type":"Feature","properties":{"name":"尕斯湖"},"geometry":{"coordinates":[90.90623,38.141364],"type":"Point"}},{"type":"Feature","properties":{"name":"七个泉"},"geometry":{"coordinates":[90.644704,38.327652],"type":"Point"}},{"type":"Feature","properties":{"name":"呼伦河"},"geometry":{"coordinates":[90.281644,38.336944],"type":"Point"}},{"type":"Feature","properties":{"name":"天津机场"},"geometry":{"coordinates":[117.355598,39.14128],"type":"Point"}},{"type":"Feature","properties":{"name":"钟祥西"},"geometry":{"coordinates":[112.143965,31.374423],"type":"Point"}},{"type":"Feature","properties":{"name":"梅州"},"geometry":{"coordinates":[116.126244,24.261067],"type":"Point"}},{"type":"Feature","properties":{"name":"石材园"},"geometry":{"coordinates":[115.033322,31.063573],"type":"Point"}},{"type":"Feature","properties":{"name":"小河港"},"geometry":{"coordinates":[112.153106,31.786797],"type":"Point"}},{"type":"Feature","properties":{"name":"南岗刘"},"geometry":{"coordinates":[113.637874,34.656852],"type":"Point"}},{"type":"Feature","properties":{"name":"南环公园"},"geometry":{"coordinates":[113.637955,34.67195],"type":"Point"}},{"type":"Feature","properties":{"name":"荆胡"},"geometry":{"coordinates":[113.638198,34.68197],"type":"Point"}},{"type":"Feature","properties":{"name":"漓江路"},"geometry":{"coordinates":[113.638174,34.695518],"type":"Point"}},{"type":"Feature","properties":{"name":"王胡砦"},"geometry":{"coordinates":[113.638006,34.706893],"type":"Point"}},{"type":"Feature","properties":{"name":"市第二人民医院"},"geometry":{"coordinates":[113.637779,34.721507],"type":"Point"}},{"type":"Feature","properties":{"name":"新田港"},"geometry":{"coordinates":[108.412415,30.684063],"type":"Point"}},{"type":"Feature","properties":{"name":"日月峡"},"geometry":{"coordinates":[128.350192,47.20758],"type":"Point"}},{"type":"Feature","properties":{"name":"广州国际港"},"geometry":{"coordinates":[113.179259,23.297877],"type":"Point"}},{"type":"Feature","properties":{"name":"沧州"},"geometry":{"coordinates":[116.872203,38.309087],"type":"Point"}},{"type":"Feature","properties":{"name":"奇梁洞（暂未开放）"},"geometry":{"coordinates":[109.59335,27.992315],"type":"Point"}},{"type":"Feature","properties":{"name":"滴水湖"},"geometry":{"coordinates":[121.924664,30.9125],"type":"Point"}},{"type":"Feature","properties":{"name":"济南南山"},"geometry":{"coordinates":[117.141647,36.425903],"type":"Point"}},{"type":"Feature","properties":{"name":"泰安东"},"geometry":{"coordinates":[117.214439,36.161958],"type":"Point"}},{"type":"Feature","properties":{"name":"邹城东"},"geometry":{"coordinates":[117.077222,35.401218],"type":"Point"}},{"type":"Feature","properties":{"name":"枣庄南"},"geometry":{"coordinates":[117.494733,34.794909],"type":"Point"}},{"type":"Feature","properties":{"name":"台儿庄"},"geometry":{"coordinates":[117.741214,34.594653],"type":"Point"}},{"type":"Feature","properties":{"name":"可可森林"},"geometry":{"coordinates":[120.983966,30.791773],"type":"Point"}},{"type":"Feature","properties":{"name":"巧克力学院"},"geometry":{"coordinates":[120.986851,30.790762],"type":"Point"}},{"type":"Feature","properties":{"name":"高陵"},"geometry":{"coordinates":[109.128462,34.507566],"type":"Point"}},{"type":"Feature","properties":{"name":"富平南"},"geometry":{"coordinates":[109.205686,34.708097],"type":"Point"}},{"type":"Feature","properties":{"name":"铜川"},"geometry":{"coordinates":[108.9658,34.900987],"type":"Point"}},{"type":"Feature","properties":{"name":"延安新区"},"geometry":{"coordinates":[109.579558,36.651076],"type":"Point"}},{"type":"Feature","properties":{"name":"延川"},"geometry":{"coordinates":[110.08328,36.88641],"type":"Point"}},{"type":"Feature","properties":{"name":"清涧北"},"geometry":{"coordinates":[110.127216,37.139233],"type":"Point"}},{"type":"Feature","properties":{"name":"绥德西"},"geometry":{"coordinates":[110.208639,37.532082],"type":"Point"}},{"type":"Feature","properties":{"name":"米脂北"},"geometry":{"coordinates":[110.126601,37.795838],"type":"Point"}},{"type":"Feature","properties":{"name":"榆林南"},"geometry":{"coordinates":[109.734036,38.218969],"type":"Point"}},{"type":"Feature","properties":{"name":"Ханги өртөө"},"geometry":{"coordinates":[109.799055,42.613781],"type":"Point"}},{"type":"Feature","properties":{"name":"苏州东"},"geometry":{"coordinates":[120.777759,31.278935],"type":"Point"}},{"type":"Feature","properties":{"name":"遂昌西"},"geometry":{"coordinates":[119.221004,28.605831],"type":"Point"}},{"type":"Feature","properties":{"name":"常熟西"},"geometry":{"coordinates":[120.661704,31.656461],"type":"Point"}},{"type":"Feature","properties":{"name":"嘉善北"},"geometry":{"coordinates":[120.811134,30.941891],"type":"Point"}},{"type":"Feature","properties":{"name":"海盐西"},"geometry":{"coordinates":[120.907774,30.501625],"type":"Point"}},{"type":"Feature","properties":{"name":"慈溪"},"geometry":{"coordinates":[121.259765,30.240044],"type":"Point"}},{"type":"Feature","properties":{"name":"震泽"},"geometry":{"coordinates":[120.510372,30.878885],"type":"Point"}},{"type":"Feature","properties":{"name":"平望"},"geometry":{"coordinates":[120.612007,30.983086],"type":"Point"}},{"type":"Feature","properties":{"name":"菀坪"},"geometry":{"coordinates":[120.614112,31.063563],"type":"Point"}},{"type":"Feature","properties":{"name":"龙津"},"geometry":{"coordinates":[120.694812,31.090517],"type":"Point"}},{"type":"Feature","properties":{"name":"吴江"},"geometry":{"coordinates":[120.695269,31.140724],"type":"Point"}},{"type":"Feature","properties":{"name":"吴中"},"geometry":{"coordinates":[120.728684,31.215004],"type":"Point"}},{"type":"Feature","properties":{"name":"阳澄湖西"},"geometry":{"coordinates":[120.706027,31.494316],"type":"Point"}},{"type":"Feature","properties":{"name":"官道"},"geometry":{"coordinates":[125.916009,41.74433],"type":"Point"}},{"type":"Feature","properties":{"name":"桃园村"},"geometry":{"coordinates":[126.00236,41.765212],"type":"Point"}},{"type":"Feature","properties":{"name":"威海南海"},"geometry":{"coordinates":[121.909938,37.015106],"type":"Point"}},{"type":"Feature","properties":{"name":"张郭"},"geometry":{"coordinates":[119.4552,35.410869],"type":"Point"}},{"type":"Feature","properties":{"name":"罗定北"},"geometry":{"coordinates":[111.543486,22.792366],"type":"Point"}},{"type":"Feature","properties":{"name":"黄花机场（未开通）"},"geometry":{"coordinates":[113.234843,28.175068],"type":"Point"}},{"type":"Feature","properties":{"name":"浏阳"},"geometry":{"coordinates":[113.645055,28.194208],"type":"Point"}},{"type":"Feature","properties":{"name":"上栗"},"geometry":{"coordinates":[113.761882,27.889058],"type":"Point"}},{"type":"Feature","properties":{"name":"芦溪南"},"geometry":{"coordinates":[113.996736,27.598177],"type":"Point"}},{"type":"Feature","properties":{"name":"莲花东"},"geometry":{"coordinates":[113.975551,27.178859],"type":"Point"}},{"type":"Feature","properties":{"name":"永新南"},"geometry":{"coordinates":[114.216929,26.939782],"type":"Point"}},{"type":"Feature","properties":{"name":"井冈山东"},"geometry":{"coordinates":[114.303897,26.755441],"type":"Point"}},{"type":"Feature","properties":{"name":"遂川"},"geometry":{"coordinates":[114.543449,26.341071],"type":"Point"}},{"type":"Feature","properties":{"name":"赣州北"},"geometry":{"coordinates":[114.944803,25.891509],"type":"Point"}},{"type":"Feature","properties":{"name":"黔江北（预留）"},"geometry":{"coordinates":[108.826461,29.517013],"type":"Point"}},{"type":"Feature","properties":{"name":"白云湖"},"geometry":{"coordinates":[113.232937,23.227508],"type":"Point"}},{"type":"Feature","properties":{"name":"神山"},"geometry":{"coordinates":[113.195978,23.331734],"type":"Point"}},{"type":"Feature","properties":{"name":"大源"},"geometry":{"coordinates":[113.349958,23.250428],"type":"Point"}},{"type":"Feature","properties":{"name":"龙洞"},"geometry":{"coordinates":[113.375103,23.19196],"type":"Point"}},{"type":"Feature","properties":{"name":"科韵路"},"geometry":{"coordinates":[113.373034,23.119929],"type":"Point"}},{"type":"Feature","properties":{"name":"琶洲"},"geometry":{"coordinates":[113.36316,23.103023],"type":"Point"}},{"type":"Feature","properties":{"name":"广州大学城"},"geometry":{"coordinates":[113.358457,23.041269],"type":"Point"}},{"type":"Feature","properties":{"name":"大石东"},"geometry":{"coordinates":[113.319092,23.021616],"type":"Point"}},{"type":"Feature","properties":{"name":"永宁南（在建）"},"geometry":{"coordinates":[113.585286,23.182858],"type":"Point"}},{"type":"Feature","properties":{"name":"镇龙（在建）"},"geometry":{"coordinates":[113.586157,23.287043],"type":"Point"}},{"type":"Feature","properties":{"name":"新龙（在建）"},"geometry":{"coordinates":[113.570427,23.315482],"type":"Point"}},{"type":"Feature","properties":{"name":"佛塱（在建）"},"geometry":{"coordinates":[113.533422,23.366926],"type":"Point"}},{"type":"Feature","properties":{"name":"九佛（在建）"},"geometry":{"coordinates":[113.492807,23.378193],"type":"Point"}},{"type":"Feature","properties":{"name":"钟落潭东（在建）"},"geometry":{"coordinates":[113.439286,23.362105],"type":"Point"}},{"type":"Feature","properties":{"name":"竹料"},"geometry":{"coordinates":[113.360864,23.350403],"type":"Point"}},{"type":"Feature","properties":{"name":"白彦花西"},"geometry":{"coordinates":[109.195618,40.626641],"type":"Point"}},{"type":"Feature","properties":{"name":"昆玉东"},"geometry":{"coordinates":[79.350409,37.203043],"type":"Point"}},{"type":"Feature","properties":{"name":"大豫"},"geometry":{"coordinates":[121.338332,32.329902],"type":"Point"}},{"type":"Feature","properties":{"name":"东湖"},"geometry":{"coordinates":[121.344129,32.255569],"type":"Point"}},{"type":"Feature","properties":{"name":"通州湾"},"geometry":{"coordinates":[121.35054,32.168702],"type":"Point"}},{"type":"Feature","properties":{"name":"东灶港"},"geometry":{"coordinates":[121.522214,32.096257],"type":"Point"}},{"type":"Feature","properties":{"name":"建瓯东"},"geometry":{"coordinates":[118.88088,27.16665],"type":"Point"}},{"type":"Feature","properties":{"name":"西河"},"geometry":{"coordinates":[111.169943,27.831017],"type":"Point"}},{"type":"Feature","properties":{"name":"横阳山"},"geometry":{"coordinates":[111.163311,27.911787],"type":"Point"}},{"type":"Feature","properties":{"name":"渠江"},"geometry":{"coordinates":[110.994058,28.086542],"type":"Point"}},{"type":"Feature","properties":{"name":"烟溪"},"geometry":{"coordinates":[110.901972,28.137816],"type":"Point"}},{"type":"Feature","properties":{"name":"新胜利"},"geometry":{"coordinates":[110.834862,28.134268],"type":"Point"}},{"type":"Feature","properties":{"name":"思蒙"},"geometry":{"coordinates":[110.512973,27.840387],"type":"Point"}},{"type":"Feature","properties":{"name":"平坝"},"geometry":{"coordinates":[106.297684,26.390302],"type":"Point"}},{"type":"Feature","properties":{"name":"枞阳"},"geometry":{"coordinates":[117.355029,30.765453],"type":"Point"}},{"type":"Feature","properties":{"name":"横溪"},"geometry":{"coordinates":[120.4578,28.8011],"type":"Point"}},{"type":"Feature","properties":{"name":"白塔镇"},"geometry":{"coordinates":[120.564501,28.793852],"type":"Point"}},{"type":"Feature","properties":{"name":"括苍"},"geometry":{"coordinates":[121.000622,28.846719],"type":"Point"}},{"type":"Feature","properties":{"name":"杨林镇"},"geometry":{"coordinates":[118.178699,29.062009],"type":"Point"}},{"type":"Feature","properties":{"name":"蓬莱机场（在建）"},"geometry":{"coordinates":[120.981459,37.649291],"type":"Point"}},{"type":"Feature","properties":{"name":"麻江西"},"geometry":{"coordinates":[107.569791,26.524029],"type":"Point"}},{"type":"Feature","properties":{"name":"贤昌（预留）"},"geometry":{"coordinates":[107.537176,26.44804],"type":"Point"}},{"type":"Feature","properties":{"name":"都匀北"},"geometry":{"coordinates":[107.485864,26.299876],"type":"Point"}},{"type":"Feature","properties":{"name":"天文"},"geometry":{"coordinates":[107.425616,27.243717],"type":"Point"}},{"type":"Feature","properties":{"name":"大寨坝（预留）"},"geometry":{"coordinates":[107.345308,27.320983],"type":"Point"}},{"type":"Feature","properties":{"name":"珠藏"},"geometry":{"coordinates":[107.300049,27.370734],"type":"Point"}},{"type":"Feature","properties":{"name":"铁厂"},"geometry":{"coordinates":[107.213871,27.437792],"type":"Point"}},{"type":"Feature","properties":{"name":"团溪"},"geometry":{"coordinates":[107.103895,27.453481],"type":"Point"}},{"type":"Feature","properties":{"name":"茅栗"},"geometry":{"coordinates":[106.989952,27.393331],"type":"Point"}},{"type":"Feature","properties":{"name":"开上（预留）"},"geometry":{"coordinates":[106.923056,27.408139],"type":"Point"}},{"type":"Feature","properties":{"name":"阁老坝南"},"geometry":{"coordinates":[106.807925,27.417285],"type":"Point"}},{"type":"Feature","properties":{"name":"郴州南"},"geometry":{"coordinates":[113.045237,25.752719],"type":"Point"}},{"type":"Feature","properties":{"name":"武进南(在建)"},"geometry":{"coordinates":[119.963493,31.582294],"type":"Point"}},{"type":"Feature","properties":{"name":"长治南"},"geometry":{"coordinates":[113.10054,36.092623],"type":"Point"}},{"type":"Feature","properties":{"name":"鄂州"},"geometry":{"coordinates":[114.861333,30.364238],"type":"Point"}},{"type":"Feature","properties":{"name":"黄石北"},"geometry":{"coordinates":[115.002827,30.214289],"type":"Point"}},{"type":"Feature","properties":{"name":"新麻柳"},"geometry":{"coordinates":[108.171621,32.322356],"type":"Point"}},{"type":"Feature","properties":{"name":"青花"},"geometry":{"coordinates":[107.998942,31.981192],"type":"Point"}},{"type":"Feature","properties":{"name":"新毛坝"},"geometry":{"coordinates":[107.754467,31.628536],"type":"Point"}},{"type":"Feature","properties":{"name":"三汇坝"},"geometry":{"coordinates":[106.5791,30.060531],"type":"Point"}},{"type":"Feature","properties":{"name":"北碚"},"geometry":{"coordinates":[106.42763,29.805072],"type":"Point"}},{"type":"Feature","properties":{"name":"西安东"},"geometry":{"coordinates":[109.058938,34.215506],"type":"Point"}},{"type":"Feature","properties":{"name":"乌龙泉南站"},"geometry":{"coordinates":[114.33996,30.259118],"type":"Point"}},{"type":"Feature","properties":{"name":"廉桥"},"geometry":{"coordinates":[111.847736,27.314599],"type":"Point"}},{"type":"Feature","properties":{"name":"信都"},"geometry":{"coordinates":[111.635486,24.035491],"type":"Point"}},{"type":"Feature","properties":{"name":"潭头"},"geometry":{"coordinates":[110.867547,22.14445],"type":"Point"}},{"type":"Feature","properties":{"name":"池洞"},"geometry":{"coordinates":[110.967597,22.474245],"type":"Point"}},{"type":"Feature","properties":{"name":"胡家寨"},"geometry":{"coordinates":[107.401678,26.290585],"type":"Point"}},{"type":"Feature","properties":{"name":"摆梭"},"geometry":{"coordinates":[107.291595,26.296405],"type":"Point"}},{"type":"Feature","properties":{"name":"平寨"},"geometry":{"coordinates":[107.111597,26.389677],"type":"Point"}},{"type":"Feature","properties":{"name":"那厘"},"geometry":{"coordinates":[107.498281,23.367768],"type":"Point"}},{"type":"Feature","properties":{"name":"田家寨"},"geometry":{"coordinates":[104.836997,26.535748],"type":"Point"}},{"type":"Feature","properties":{"name":"天河东"},"geometry":{"coordinates":[113.403931,23.131891],"type":"Point"}},{"type":"Feature","properties":{"name":"土塘"},"geometry":{"coordinates":[114.020669,22.962075],"type":"Point"}},{"type":"Feature","properties":{"name":"界首南"},"geometry":{"coordinates":[115.319757,33.224466],"type":"Point"}},{"type":"Feature","properties":{"name":"古城集"},"geometry":{"coordinates":[115.803805,33.54651],"type":"Point"}},{"type":"Feature","properties":{"name":"阿达日格"},"geometry":{"coordinates":[113.185185,41.534621],"type":"Point"}},{"type":"Feature","properties":{"name":"兰家"},"geometry":{"coordinates":[113.136263,41.943417],"type":"Point"}},{"type":"Feature","properties":{"name":"草六格尔"},"geometry":{"coordinates":[112.942962,42.264049],"type":"Point"}},{"type":"Feature","properties":{"name":"钢林"},"geometry":{"coordinates":[112.84523,42.475205],"type":"Point"}},{"type":"Feature","properties":{"name":"都仁"},"geometry":{"coordinates":[112.715897,42.665087],"type":"Point"}},{"type":"Feature","properties":{"name":"图呼木"},"geometry":{"coordinates":[112.526159,42.948162],"type":"Point"}},{"type":"Feature","properties":{"name":"海口"},"geometry":{"coordinates":[110.157533,20.029387],"type":"Point"}},{"type":"Feature","properties":{"name":"尖峰北"},"geometry":{"coordinates":[108.716806,18.688564],"type":"Point"}},{"type":"Feature","properties":{"name":"利国镇"},"geometry":{"coordinates":[108.885168,18.499055],"type":"Point"}},{"type":"Feature","properties":{"name":"崖州西"},"geometry":{"coordinates":[109.080665,18.376895],"type":"Point"}},{"type":"Feature","properties":{"name":"天涯"},"geometry":{"coordinates":[109.443029,18.312336],"type":"Point"}},{"type":"Feature","properties":{"name":"红塘湾"},"geometry":{"coordinates":[109.289443,18.313536],"type":"Point"}},{"type":"Feature","properties":{"name":"呼兰北"},"geometry":{"coordinates":[126.593209,46.007694],"type":"Point"}},{"type":"Feature","properties":{"name":"兴隆镇西"},"geometry":{"coordinates":[126.938095,46.406881],"type":"Point"}},{"type":"Feature","properties":{"name":"绥化南"},"geometry":{"coordinates":[126.998383,46.611465],"type":"Point"}},{"type":"Feature","properties":{"name":"庆安南"},"geometry":{"coordinates":[127.503496,46.853441],"type":"Point"}},{"type":"Feature","properties":{"name":"深井"},"geometry":{"coordinates":[113.403983,23.06906],"type":"Point"}},{"type":"Feature","properties":{"name":"百步站(待建)"},"geometry":{"coordinates":[120.755412,30.586478],"type":"Point"}},{"type":"Feature","properties":{"name":"沈荡站(待建)"},"geometry":{"coordinates":[120.823289,30.567647],"type":"Point"}},{"type":"Feature","properties":{"name":"查尼皮"},"geometry":{"coordinates":[103.617572,23.326319],"type":"Point"}},{"type":"Feature","properties":{"name":"老寨"},"geometry":{"coordinates":[103.763965,23.401532],"type":"Point"}},{"type":"Feature","properties":{"name":"薄竹"},"geometry":{"coordinates":[103.972047,23.481021],"type":"Point"}},{"type":"Feature","properties":{"name":"马塘"},"geometry":{"coordinates":[104.112024,23.456041],"type":"Point"}},{"type":"Feature","properties":{"name":"文山"},"geometry":{"coordinates":[104.22566,23.429031],"type":"Point"}},{"type":"Feature","properties":{"name":"井研南"},"geometry":{"coordinates":[103.974185,29.53056],"type":"Point"}},{"type":"Feature","properties":{"name":"井研"},"geometry":{"coordinates":[104.119207,29.626992],"type":"Point"}},{"type":"Feature","properties":{"name":"汪洋"},"geometry":{"coordinates":[104.289055,29.719452],"type":"Point"}},{"type":"Feature","properties":{"name":"识经"},"geometry":{"coordinates":[104.445034,29.782987],"type":"Point"}},{"type":"Feature","properties":{"name":"踏水"},"geometry":{"coordinates":[103.642532,29.463754],"type":"Point"}},{"type":"Feature","properties":{"name":"乐山港"},"geometry":{"coordinates":[103.729554,29.510589],"type":"Point"}},{"type":"Feature","properties":{"name":"宜宾港"},"geometry":{"coordinates":[104.778646,28.808368],"type":"Point"}},{"type":"Feature","properties":{"name":"绵阳南"},"geometry":{"coordinates":[104.679658,31.390519],"type":"Point"}},{"type":"Feature","properties":{"name":"三台"},"geometry":{"coordinates":[105.0457,31.08439],"type":"Point"}},{"type":"Feature","properties":{"name":"杨梅塘"},"geometry":{"coordinates":[119.757542,29.12767],"type":"Point"}},{"type":"Feature","properties":{"name":"金华雅畈"},"geometry":{"coordinates":[119.688966,29.028559],"type":"Point"}},{"type":"Feature","properties":{"name":"长山"},"geometry":{"coordinates":[119.52952,29.033317],"type":"Point"}},{"type":"Feature","properties":{"name":"太湖西(在建)"},"geometry":{"coordinates":[120.07851,31.593885],"type":"Point"}},{"type":"Feature","properties":{"name":"岳阳南"},"geometry":{"coordinates":[113.118937,29.148161],"type":"Point"}},{"type":"Feature","properties":{"name":"西皋"},"geometry":{"coordinates":[114.142554,33.555771],"type":"Point"}},{"type":"Feature","properties":{"name":"甘河工业"},"geometry":{"coordinates":[101.525439,36.557503],"type":"Point"}},{"type":"Feature","properties":{"name":"大丰港"},"geometry":{"coordinates":[120.77193,33.23475],"type":"Point"}},{"type":"Feature","properties":{"name":"作登"},"geometry":{"coordinates":[107.064924,23.552203],"type":"Point"}},{"type":"Feature","properties":{"name":"足荣"},"geometry":{"coordinates":[106.783389,23.424606],"type":"Point"}},{"type":"Feature","properties":{"name":"饶平南"},"geometry":{"coordinates":[117.00024,23.644966],"type":"Point"}},{"type":"Feature","properties":{"name":"诏安南"},"geometry":{"coordinates":[117.176716,23.698989],"type":"Point"}},{"type":"Feature","properties":{"name":"东山县"},"geometry":{"coordinates":[117.35381,23.743435],"type":"Point"}},{"type":"Feature","properties":{"name":"福安南"},"geometry":{"coordinates":[119.632522,27.028851],"type":"Point"}},{"type":"Feature","properties":{"name":"柘荣"},"geometry":{"coordinates":[120.00147,27.192573],"type":"Point"}},{"type":"Feature","properties":{"name":"福鼎西"},"geometry":{"coordinates":[120.180117,27.294327],"type":"Point"}},{"type":"Feature","properties":{"name":"瑞安东"},"geometry":{"coordinates":[120.708296,27.761615],"type":"Point"}},{"type":"Feature","properties":{"name":"温州东"},"geometry":{"coordinates":[120.83879,27.911118],"type":"Point"}},{"type":"Feature","properties":{"name":"大石家"},"geometry":{"coordinates":[117.746233,36.187836],"type":"Point"}},{"type":"Feature","properties":{"name":"甘草店"},"geometry":{"coordinates":[104.287603,35.795027],"type":"Point"}},{"type":"Feature","properties":{"name":"王家湾"},"geometry":{"coordinates":[104.25293,35.843502],"type":"Point"}},{"type":"Feature","properties":{"name":"胡集"},"geometry":{"coordinates":[112.303573,31.437497],"type":"Point"}},{"type":"Feature","properties":{"name":"石门县站"},"geometry":{"coordinates":[111.373271,29.591104],"type":"Point"}},{"type":"Feature","properties":{"name":"双蒙"},"geometry":{"coordinates":[109.139906,24.911337],"type":"Point"}},{"type":"Feature","properties":{"name":"潢川北"},"geometry":{"coordinates":[115.034272,32.167352],"type":"Point"}},{"type":"Feature","properties":{"name":"蔡家崖"},"geometry":{"coordinates":[111.015464,38.493298],"type":"Point"}},{"type":"Feature","properties":{"name":"莱芜"},"geometry":{"coordinates":[117.577901,36.279189],"type":"Point"}},{"type":"Feature","properties":{"name":"郭家沟"},"geometry":{"coordinates":[117.786971,36.237406],"type":"Point"}},{"type":"Feature","properties":{"name":"沂源"},"geometry":{"coordinates":[118.142735,36.149646],"type":"Point"}},{"type":"Feature","properties":{"name":"沂水西"},"geometry":{"coordinates":[118.530474,35.796105],"type":"Point"}},{"type":"Feature","properties":{"name":"莒县西"},"geometry":{"coordinates":[118.761883,35.577173],"type":"Point"}},{"type":"Feature","properties":{"name":"文疃"},"geometry":{"coordinates":[118.985917,35.377446],"type":"Point"}},{"type":"Feature","properties":{"name":"张北"},"geometry":{"coordinates":[115.223133,41.350531],"type":"Point"}},{"type":"Feature","properties":{"name":"沽源"},"geometry":{"coordinates":[115.576882,41.708294],"type":"Point"}},{"type":"Feature","properties":{"name":"太仆寺旗"},"geometry":{"coordinates":[115.623096,41.825371],"type":"Point"}},{"type":"Feature","properties":{"name":"塞北管理区"},"geometry":{"coordinates":[115.78511,41.881859],"type":"Point"}},{"type":"Feature","properties":{"name":"闻喜西"},"geometry":{"coordinates":[111.173572,35.336902],"type":"Point"}},{"type":"Feature","properties":{"name":"新民（预留）"},"geometry":{"coordinates":[115.441333,41.536494],"type":"Point"}},{"type":"Feature","properties":{"name":"白达营子（预留）"},"geometry":{"coordinates":[115.352026,41.449406],"type":"Point"}},{"type":"Feature","properties":{"name":"堡东沟（预留）"},"geometry":{"coordinates":[115.283288,41.190315],"type":"Point"}},{"type":"Feature","properties":{"name":"梅州西"},"geometry":{"coordinates":[116.043042,24.252923],"type":"Point"}},{"type":"Feature","properties":{"name":"畲江北"},"geometry":{"coordinates":[116.016772,24.062628],"type":"Point"}},{"type":"Feature","properties":{"name":"建桥"},"geometry":{"coordinates":[116.107711,23.931129],"type":"Point"}},{"type":"Feature","properties":{"name":"丰顺东"},"geometry":{"coordinates":[116.186142,23.806982],"type":"Point"}},{"type":"Feature","properties":{"name":"高邮北"},"geometry":{"coordinates":[119.450487,33.00429],"type":"Point"}},{"type":"Feature","properties":{"name":"宝秀"},"geometry":{"coordinates":[102.405294,23.760429],"type":"Point"}},{"type":"Feature","properties":{"name":"临安"},"geometry":{"coordinates":[102.831345,23.625206],"type":"Point"}},{"type":"Feature","properties":{"name":"新泉"},"geometry":{"coordinates":[122.239086,42.025614],"type":"Point"}},{"type":"Feature","properties":{"name":"中河路"},"geometry":{"coordinates":[121.825622,29.896193],"type":"Point"}},{"type":"Feature","properties":{"name":"下棕溪"},"geometry":{"coordinates":[109.566797,32.871928],"type":"Point"}},{"type":"Feature","properties":{"name":"下冷水"},"geometry":{"coordinates":[109.861587,32.879217],"type":"Point"}},{"type":"Feature","properties":{"name":"保田"},"geometry":{"coordinates":[104.700547,25.379961],"type":"Point"}},{"type":"Feature","properties":{"name":"奉贤"},"geometry":{"coordinates":[121.49139,30.887955],"type":"Point"}},{"type":"Feature","properties":{"name":"上海金山"},"geometry":{"coordinates":[121.315755,30.772379],"type":"Point"}},{"type":"Feature","properties":{"name":"南充高坪"},"geometry":{"coordinates":[106.184245,30.817694],"type":"Point"}},{"type":"Feature","properties":{"name":"能信电厂"},"geometry":{"coordinates":[113.454166,33.826152],"type":"Point"}},{"type":"Feature","properties":{"name":"锡林浩特东"},"geometry":{"coordinates":[116.122788,43.998337],"type":"Point"}},{"type":"Feature","properties":{"name":"汉阳"},"geometry":{"coordinates":[114.160387,30.54151],"type":"Point"}},{"type":"Feature","properties":{"name":"孝感南"},"geometry":{"coordinates":[113.864325,30.896678],"type":"Point"}},{"type":"Feature","properties":{"name":"阳城货场"},"geometry":{"coordinates":[113.115773,34.386189],"type":"Point"}},{"type":"Feature","properties":{"name":"大榄站"},"geometry":{"coordinates":[113.022335,23.181973],"type":"Point"}},{"type":"Feature","properties":{"name":"宜都"},"geometry":{"coordinates":[111.379819,30.327986],"type":"Point"}},{"type":"Feature","properties":{"name":"松滋"},"geometry":{"coordinates":[111.720588,30.145683],"type":"Point"}},{"type":"Feature","properties":{"name":"澧县"},"geometry":{"coordinates":[111.647442,29.665222],"type":"Point"}},{"type":"Feature","properties":{"name":"临澧东"},"geometry":{"coordinates":[111.66843,29.450488],"type":"Point"}},{"type":"Feature","properties":{"name":"浦东3号航站楼"},"geometry":{"coordinates":[121.813445,31.120568],"type":"Point"}},{"type":"Feature","properties":{"name":"兴化东"},"geometry":{"coordinates":[119.890204,32.91092],"type":"Point"}},{"type":"Feature","properties":{"name":"泰兴东"},"geometry":{"coordinates":[120.067346,32.175588],"type":"Point"}},{"type":"Feature","properties":{"name":"江阴"},"geometry":{"coordinates":[120.275,31.863554],"type":"Point"}},{"type":"Feature","properties":{"name":"港前"},"geometry":{"coordinates":[122.190656,37.435007],"type":"Point"}},{"type":"Feature","properties":{"name":"余干"},"geometry":{"coordinates":[116.643918,28.773186],"type":"Point"}},{"type":"Feature","properties":{"name":"庙头镇"},"geometry":{"coordinates":[118.697863,34.189802],"type":"Point"}},{"type":"Feature","properties":{"name":"遂溪南"},"geometry":{"coordinates":[110.235159,21.334415],"type":"Point"}},{"type":"Feature","properties":{"name":"北海北"},"geometry":{"coordinates":[109.27728,21.58682],"type":"Point"}},{"type":"Feature","properties":{"name":"蒙元装车"},"geometry":{"coordinates":[110.366238,39.870231],"type":"Point"}},{"type":"Feature","properties":{"name":"白音呼少"},"geometry":{"coordinates":[112.774701,42.315514],"type":"Point"}},{"type":"Feature","properties":{"name":"九眼桥站"},"geometry":{"coordinates":[104.085662,30.64192],"type":"Point"}},{"type":"Feature","properties":{"name":"铜仁北"},"geometry":{"coordinates":[109.325917,27.867775],"type":"Point"}},{"type":"Feature","properties":{"name":"江龙"},"geometry":{"coordinates":[105.850198,25.961153],"type":"Point"}},{"type":"Feature","properties":{"name":"博源银根"},"geometry":{"coordinates":[103.109616,41.513868],"type":"Point"}},{"type":"Feature","properties":{"name":"东二矿"},"geometry":{"coordinates":[116.16257,44.030869],"type":"Point"}},{"type":"Feature","properties":{"name":"雅干"},"geometry":{"coordinates":[102.377653,41.889308],"type":"Point"}},{"type":"Feature","properties":{"name":"呼仍努如"},"geometry":{"coordinates":[101.926979,41.994116],"type":"Point"}},{"type":"Feature","properties":{"name":"巴润海日汉"},"geometry":{"coordinates":[103.871828,41.302043],"type":"Point"}},{"type":"Feature","properties":{"name":"沙布日特格"},"geometry":{"coordinates":[103.377725,41.506912],"type":"Point"}},{"type":"Feature","properties":{"name":"特门乌拉"},"geometry":{"coordinates":[102.950977,41.785863],"type":"Point"}},{"type":"Feature","properties":{"name":"京宁热电电厂"},"geometry":{"coordinates":[113.159601,41.058853],"type":"Point"}},{"type":"Feature","properties":{"name":"蒙虹装车"},"geometry":{"coordinates":[115.996442,43.942646],"type":"Point"}},{"type":"Feature","properties":{"name":"红土坡"},"geometry":{"coordinates":[103.245611,24.768754],"type":"Point"}},{"type":"Feature","properties":{"name":"新坪田"},"geometry":{"coordinates":[104.671128,25.323706],"type":"Point"}},{"type":"Feature","properties":{"name":"宜昌北"},"geometry":{"coordinates":[111.469651,30.747005],"type":"Point"}},{"type":"Feature","properties":{"name":"茅坪港"},"geometry":{"coordinates":[110.939787,30.863941],"type":"Point"}},{"type":"Feature","properties":{"name":"秭归"},"geometry":{"coordinates":[110.964907,30.80121],"type":"Point"}},{"type":"Feature","properties":{"name":"十里坪（预留）"},"geometry":{"coordinates":[111.089951,30.712921],"type":"Point"}},{"type":"Feature","properties":{"name":"王华"},"geometry":{"coordinates":[114.313441,27.787298],"type":"Point"}},{"type":"Feature","properties":{"name":"朱日和训练基地"},"geometry":{"coordinates":[112.756368,42.259723],"type":"Point"}},{"type":"Feature","properties":{"name":"下庙子"},"geometry":{"coordinates":[120.731243,41.118417],"type":"Point"}},{"type":"Feature","properties":{"name":"三家子"},"geometry":{"coordinates":[120.608171,41.04308],"type":"Point"}},{"type":"Feature","properties":{"name":"凌河"},"geometry":{"coordinates":[120.768071,41.215454],"type":"Point"}},{"type":"Feature","properties":{"name":"邱皮沟"},"geometry":{"coordinates":[120.755829,41.176797],"type":"Point"}},{"type":"Feature","properties":{"name":"大窝铺"},"geometry":{"coordinates":[120.617222,41.063497],"type":"Point"}},{"type":"Feature","properties":{"name":"红石砬"},"geometry":{"coordinates":[120.676066,41.117688],"type":"Point"}},{"type":"Feature","properties":{"name":"官马"},"geometry":{"coordinates":[126.139284,43.187846],"type":"Point"}},{"type":"Feature","properties":{"name":"岭顶"},"geometry":{"coordinates":[92.68826,42.189683],"type":"Point"}},{"type":"Feature","properties":{"name":"永红南"},"geometry":{"coordinates":[92.254142,41.874079],"type":"Point"}},{"type":"Feature","properties":{"name":"勤俭道"},"geometry":{"coordinates":[117.147282,39.177108],"type":"Point"}},{"type":"Feature","properties":{"name":"青花坪"},"geometry":{"coordinates":[100.167227,26.03786],"type":"Point"}},{"type":"Feature","properties":{"name":"六栋房"},"geometry":{"coordinates":[120.773227,41.188559],"type":"Point"}},{"type":"Feature","properties":{"name":"富龙山"},"geometry":{"coordinates":[120.637994,41.09767],"type":"Point"}},{"type":"Feature","properties":{"name":"尖山"},"geometry":{"coordinates":[131.141848,46.641982],"type":"Point"}},{"type":"Feature","properties":{"name":"中心"},"geometry":{"coordinates":[131.147317,46.630925],"type":"Point"}},{"type":"Feature","properties":{"name":"岭西"},"geometry":{"coordinates":[131.102711,46.614507],"type":"Point"}},{"type":"Feature","properties":{"name":"岭东"},"geometry":{"coordinates":[131.143403,46.56693],"type":"Point"}},{"type":"Feature","properties":{"name":"秃顶山"},"geometry":{"coordinates":[131.248572,46.613887],"type":"Point"}},{"type":"Feature","properties":{"name":"六井"},"geometry":{"coordinates":[131.342624,46.584636],"type":"Point"}},{"type":"Feature","properties":{"name":"宝山"},"geometry":{"coordinates":[131.396488,46.56707],"type":"Point"}},{"type":"Feature","properties":{"name":"农场"},"geometry":{"coordinates":[131.472676,46.53246],"type":"Point"}},{"type":"Feature","properties":{"name":"东保卫"},"geometry":{"coordinates":[131.518143,46.500295],"type":"Point"}},{"type":"Feature","properties":{"name":"七星"},"geometry":{"coordinates":[131.610283,46.523735],"type":"Point"}},{"type":"Feature","properties":{"name":"双兴"},"geometry":{"coordinates":[131.58858,46.709014],"type":"Point"}},{"type":"Feature","properties":{"name":"双阳"},"geometry":{"coordinates":[131.735105,46.520127],"type":"Point"}},{"type":"Feature","properties":{"name":"双富"},"geometry":{"coordinates":[131.207131,46.654117],"type":"Point"}},{"type":"Feature","properties":{"name":"集贤"},"geometry":{"coordinates":[131.260894,46.764186],"type":"Point"}},{"type":"Feature","properties":{"name":"一矿"},"geometry":{"coordinates":[131.490509,46.817903],"type":"Point"}},{"type":"Feature","properties":{"name":"东荣"},"geometry":{"coordinates":[131.442123,46.890145],"type":"Point"}},{"type":"Feature","properties":{"name":"温岭西"},"geometry":{"coordinates":[121.293233,28.397458],"type":"Point"}},{"type":"Feature","properties":{"name":"玉环"},"geometry":{"coordinates":[121.262437,28.192707],"type":"Point"}},{"type":"Feature","properties":{"name":"黄甲"},"geometry":{"coordinates":[120.74791,41.09722],"type":"Point"}},{"type":"Feature","properties":{"name":"集配"},"geometry":{"coordinates":[130.91988,45.795284],"type":"Point"}},{"type":"Feature","properties":{"name":"工人村"},"geometry":{"coordinates":[131.104767,45.767237],"type":"Point"}},{"type":"Feature","properties":{"name":"铁东"},"geometry":{"coordinates":[131.114958,45.753965],"type":"Point"}},{"type":"Feature","properties":{"name":"富强"},"geometry":{"coordinates":[131.133477,45.774696],"type":"Point"}},{"type":"Feature","properties":{"name":"中心河"},"geometry":{"coordinates":[131.213487,45.79549],"type":"Point"}},{"type":"Feature","properties":{"name":"分场"},"geometry":{"coordinates":[131.252616,45.821534],"type":"Point"}},{"type":"Feature","properties":{"name":"沙锅屯"},"geometry":{"coordinates":[120.702364,41.128676],"type":"Point"}},{"type":"Feature","properties":{"name":"清风亭站"},"geometry":{"coordinates":[113.599936,24.643007],"type":"Point"}},{"type":"Feature","properties":{"name":"李七庄"},"geometry":{"coordinates":[117.179203,39.065092],"type":"Point"}},{"type":"Feature","properties":{"name":"晏镜岭"},"geometry":{"coordinates":[110.999468,21.432131],"type":"Point"}},{"type":"Feature","properties":{"name":"塘霞俚街"},"geometry":{"coordinates":[111.004991,21.437103],"type":"Point"}},{"type":"Feature","properties":{"name":"虎头山"},"geometry":{"coordinates":[111.02466,21.449376],"type":"Point"}},{"type":"Feature","properties":{"name":"第一滩"},"geometry":{"coordinates":[111.044605,21.456601],"type":"Point"}},{"type":"Feature","properties":{"name":"长基"},"geometry":{"coordinates":[117.993783,25.310043],"type":"Point"}},{"type":"Feature","properties":{"name":"剑斗"},"geometry":{"coordinates":[117.896042,25.301614],"type":"Point"}},{"type":"Feature","properties":{"name":"蓬华"},"geometry":{"coordinates":[118.151341,25.22921],"type":"Point"}},{"type":"Feature","properties":{"name":"上宫"},"geometry":{"coordinates":[119.777307,26.376063],"type":"Point"}},{"type":"Feature","properties":{"name":"蓬鲁"},"geometry":{"coordinates":[118.152625,25.122561],"type":"Point"}},{"type":"Feature","properties":{"name":"凤山"},"geometry":{"coordinates":[128.498856,46.388832],"type":"Point"}},{"type":"Feature","properties":{"name":"石花"},"geometry":{"coordinates":[111.513732,32.277208],"type":"Point"}},{"type":"Feature","properties":{"name":"夏邑县"},"geometry":{"coordinates":[116.024727,34.411648],"type":"Point"}},{"type":"Feature","properties":{"name":"鲤鱼江"},"geometry":{"coordinates":[113.218418,25.944171],"type":"Point"}},{"type":"Feature","properties":{"name":"木根桥"},"geometry":{"coordinates":[113.231357,25.945806],"type":"Point"}}]}