{"type":"FeatureCollection","features":[{"type":"Feature","properties":{"seq":1,"date":"2015年暑假","origin":"湛江","destination":"桂林北","origin_city":"湛江","destination_city":"桂林","train":"K158","service":"conventional","table_km":617,"time":"","note":""},"geometry":{"coordinates":[[110.382536,21.18983],[110.372141,21.200132],[110.367997,21.213498],[110.361489,21.219863],[110.362103,21.230268],[110.343538,21.25423],[110.281843,21.366765],[110.268845,21.382158],[110.258515,21.415887],[110.258382,21.461283],[110.255882,21.477871],[110.256354,21.509992],[110.280635,21.569503],[110.283329,21.590482],[110.303232,21.648109],[110.302622,21.672466],[110.295394,21.709314],[110.28555,21.712618],[110.276331,21.70685],[110.268193,21.708101],[110.265177,21.711454],[110.262257,21.71995],[110.252519,21.732434],[110.249793,21.749083],[110.250864,21.781554],[110.252835,21.788213],[110.254696,21.809386],[110.263816,21.819885],[110.264664,21.824874],[110.259057,21.838017],[110.258061,21.844999],[110.241745,21.892523],[110.228315,21.91264],[110.212923,21.926148],[110.200569,21.943504],[110.189917,21.962181],[110.189852,21.969767],[110.185153,21.984786],[110.186678,21.990073],[110.224004,22.053663],[110.221741,22.073123],[110.206491,22.102821],[110.202516,22.118429],[110.2145,22.139738],[110.21494,22.144511],[110.21158,22.160981],[110.217353,22.169116],[110.221328,22.184416],[110.226853,22.194946],[110.2258,22.203019],[110.228845,22.208725],[110.229461,22.215298],[110.222553,22.231856],[110.223171,22.246353],[110.229458,22.252929],[110.232066,22.263019],[110.240548,22.277746],[110.246261,22.298524],[110.251008,22.306418],[110.257823,22.326473],[110.263649,22.333479],[110.265233,22.341326],[110.264023,22.366063],[110.258601,22.388336],[110.248331,22.413265],[110.2455,22.425823],[110.234526,22.445168],[110.23852,22.475313],[110.217764,22.498063],[110.214978,22.504879],[110.205623,22.510544],[110.19753,22.523799],[110.187938,22.532189],[110.182591,22.541061],[110.172331,22.548923],[110.160571,22.578009],[110.162412,22.587262],[110.160927,22.591307],[110.136121,22.615937],[110.124411,22.622854],[110.101228,22.650491],[110.039948,22.687814],[110.019301,22.689839],[110.00543,22.683861],[109.988673,22.682249],[109.978919,22.676986],[109.971748,22.676946],[109.957788,22.699792],[109.94212,22.711562],[109.931172,22.725423],[109.878907,22.754404],[109.870505,22.754565],[109.866818,22.756386],[109.865904,22.761948],[109.878453,22.779526],[109.882771,22.790739],[109.890445,22.799671],[109.892228,22.8074],[109.891216,22.810721],[109.887788,22.812913],[109.877244,22.813956],[109.864971,22.825049],[109.859869,22.832028],[109.847328,22.842196],[109.839856,22.85658],[109.819181,22.876943],[109.78843,22.923234],[109.780941,22.930452],[109.766478,22.955038],[109.756892,22.962462],[109.748125,22.974257],[109.731966,22.991159],[109.701039,23.015962],[109.68782,23.029934],[109.661652,23.063549],[109.660628,23.074817],[109.649606,23.081317],[109.648206,23.091137],[109.646474,23.093665],[109.618874,23.102792],[109.585584,23.100916],[109.569313,23.097898],[109.506433,23.113553],[109.464905,23.109611],[109.44631,23.111854],[109.39062,23.111223],[109.371942,23.112497],[109.356705,23.122626],[109.328628,23.135545],[109.323588,23.142817],[109.306676,23.159704],[109.301893,23.167132],[109.285175,23.181965],[109.276235,23.18568],[109.261496,23.195059],[109.250104,23.19969],[109.226812,23.201218],[109.207717,23.200488],[109.166282,23.194001],[109.147606,23.196831],[109.13314,23.210598],[109.127566,23.220883],[109.121086,23.25825],[109.121851,23.272027],[109.127514,23.292],[109.126692,23.310676],[109.136019,23.327332],[109.141426,23.349694],[109.141252,23.372495],[109.148579,23.404681],[109.148913,23.46108],[109.150747,23.46766],[109.155215,23.473825],[109.159349,23.491285],[109.158064,23.497679],[109.151246,23.510575],[109.150463,23.528028],[109.152399,23.536509],[109.146449,23.571676],[109.14558,23.609028],[109.150188,23.6139],[109.157739,23.616513],[109.162605,23.620398],[109.177993,23.625086],[109.184883,23.63954],[109.19254,23.66173],[109.202036,23.677877],[109.219777,23.69983],[109.228546,23.704683],[109.233346,23.712436],[109.233293,23.722039],[109.250193,23.766706],[109.247825,23.778474],[109.249187,23.7959],[109.245304,23.806464],[109.255263,23.826327],[109.254537,23.858546],[109.251502,23.871221],[109.266382,23.891855],[109.268119,23.899977],[109.278766,23.916928],[109.279396,23.939118],[109.271366,23.954665],[109.269994,23.966094],[109.273362,23.994673],[109.269834,24.032815],[109.266278,24.040208],[109.265002,24.054543],[109.267504,24.077721],[109.265921,24.097631],[109.261054,24.11952],[109.286805,24.159441],[109.289097,24.167107],[109.305261,24.178443],[109.322721,24.206811],[109.340495,24.224576],[109.34617,24.247341],[109.346383,24.254064],[109.372499,24.292143],[109.377281,24.295625],[109.378864,24.30437],[109.390682,24.323035],[109.388701,24.331059],[109.38093,24.342563],[109.343467,24.360427],[109.329857,24.364547],[109.328275,24.367666],[109.327894,24.377527],[109.329427,24.384189],[109.333659,24.389107],[109.354218,24.402991],[109.361231,24.405386],[109.374989,24.401572],[109.401061,24.400939],[109.405465,24.397168],[109.406527,24.38912],[109.410453,24.387722],[109.419577,24.393593],[109.432533,24.40525],[109.481248,24.428391],[109.494493,24.433329],[109.511361,24.435351],[109.53087,24.441665],[109.537045,24.439798],[109.548164,24.428426],[109.560713,24.4115],[109.569402,24.406001],[109.57873,24.404447],[109.591997,24.408572],[109.60675,24.409015],[109.612539,24.403534],[109.616096,24.402455],[109.647471,24.418459],[109.683001,24.442014],[109.691,24.44452],[109.698336,24.452118],[109.705251,24.454544],[109.734812,24.473247],[109.748165,24.491381],[109.75794,24.49638],[109.796996,24.539328],[109.797848,24.547583],[109.804061,24.557741],[109.804263,24.569468],[109.798921,24.577258],[109.809151,24.584767],[109.810748,24.58795],[109.807085,24.59735],[109.802229,24.600484],[109.801318,24.606481],[109.810038,24.609591],[109.820776,24.616796],[109.841559,24.62079],[109.845361,24.626433],[109.856313,24.633276],[109.861531,24.643161],[109.862139,24.646524],[109.859196,24.661298],[109.84601,24.675424],[109.846011,24.679908],[109.849333,24.687204],[109.846128,24.695936],[109.847723,24.699823],[109.854926,24.70427],[109.857931,24.708343],[109.859516,24.715873],[109.858158,24.726421],[109.863758,24.738669],[109.873309,24.746351],[109.873714,24.753741],[109.869566,24.76342],[109.873978,24.773791],[109.897565,24.786844],[109.906165,24.795918],[109.914374,24.8105],[109.92194,24.817151],[109.928755,24.816356],[109.932596,24.811243],[109.941733,24.803806],[109.956148,24.802958],[109.968763,24.810746],[109.976653,24.811661],[109.993471,24.821268],[109.995371,24.826898],[109.993731,24.840343],[109.995929,24.849362],[110.000871,24.856699],[109.998966,24.866511],[110.002916,24.878686],[110.000655,24.889526],[110.004913,24.899328],[109.993744,24.915058],[109.993863,24.930764],[109.988858,24.941986],[109.978336,24.950386],[109.975861,24.956441],[109.977171,24.96359],[109.981965,24.971626],[109.987341,24.990548],[109.996863,25.007873],[109.997914,25.021025],[110.006307,25.034585],[110.010238,25.047941],[110.017596,25.055126],[110.027745,25.060671],[110.042267,25.079161],[110.049958,25.083623],[110.059469,25.100981],[110.072962,25.116889],[110.091383,25.127408],[110.103624,25.138848],[110.138386,25.180871],[110.175798,25.200292],[110.197398,25.238073],[110.208003,25.248992],[110.228097,25.257894],[110.241269,25.25779],[110.263277,25.252553],[110.277343,25.254859],[110.278316,25.257458],[110.275811,25.278151],[110.27846,25.283033],[110.280519,25.29354],[110.29233,25.306039],[110.296609,25.331771]],"type":"LineString"}},{"type":"Feature","properties":{"seq":2,"date":"2015年暑假","origin":"桂林北","destination":"湛江","origin_city":"桂林","destination_city":"湛江","train":"K157","service":"conventional","table_km":617,"time":"","note":""},"geometry":{"coordinates":[[110.296609,25.331771],[110.29233,25.306039],[110.280519,25.29354],[110.27846,25.283033],[110.275811,25.278151],[110.278316,25.257458],[110.277343,25.254859],[110.263277,25.252553],[110.241269,25.25779],[110.2281,25.25789],[110.208003,25.248992],[110.197398,25.238073],[110.175798,25.200292],[110.138386,25.180871],[110.103624,25.138848],[110.091383,25.127408],[110.072962,25.116889],[110.059469,25.100981],[110.049958,25.083623],[110.042267,25.079161],[110.027745,25.060671],[110.017596,25.055126],[110.010238,25.047941],[110.006307,25.034585],[109.997914,25.021025],[109.996863,25.007873],[109.987341,24.990548],[109.981965,24.971626],[109.977171,24.96359],[109.975861,24.956441],[109.978336,24.950386],[109.988858,24.941986],[109.993863,24.930764],[109.993744,24.915058],[110.004913,24.899328],[110.000655,24.889526],[110.002916,24.878686],[109.998966,24.866511],[110.000871,24.856699],[109.995929,24.849362],[109.993731,24.840343],[109.995371,24.826898],[109.993471,24.821268],[109.976653,24.811661],[109.968763,24.810746],[109.956148,24.802958],[109.941733,24.803806],[109.932596,24.811243],[109.928755,24.816356],[109.92194,24.817151],[109.914374,24.8105],[109.906165,24.795918],[109.897565,24.786844],[109.873978,24.773791],[109.869566,24.76342],[109.873714,24.753741],[109.873309,24.746351],[109.863758,24.738669],[109.858158,24.726421],[109.859516,24.715873],[109.857931,24.708343],[109.854926,24.70427],[109.847723,24.699823],[109.846128,24.695936],[109.849333,24.687204],[109.846011,24.679908],[109.84601,24.675424],[109.859196,24.661298],[109.862139,24.646524],[109.861531,24.643161],[109.856313,24.633276],[109.845361,24.626433],[109.841559,24.62079],[109.820776,24.616796],[109.810038,24.609591],[109.801318,24.606481],[109.802229,24.600484],[109.807085,24.59735],[109.810748,24.58795],[109.809151,24.584767],[109.798921,24.577258],[109.804263,24.569468],[109.804061,24.557741],[109.797848,24.547583],[109.796996,24.539328],[109.75794,24.49638],[109.748165,24.491381],[109.734812,24.473247],[109.705251,24.454544],[109.698336,24.452118],[109.691,24.44452],[109.683001,24.442014],[109.647471,24.418459],[109.616096,24.402455],[109.612539,24.403534],[109.60675,24.409015],[109.591997,24.408572],[109.57873,24.404447],[109.569402,24.406001],[109.560713,24.4115],[109.548164,24.428426],[109.537045,24.439798],[109.53087,24.441665],[109.511361,24.435351],[109.494493,24.433329],[109.481248,24.428391],[109.432533,24.40525],[109.419577,24.393593],[109.410453,24.387722],[109.406527,24.38912],[109.405465,24.397168],[109.401061,24.400939],[109.374989,24.401572],[109.361231,24.405386],[109.354218,24.402991],[109.333659,24.389107],[109.329427,24.384189],[109.327894,24.377527],[109.328275,24.367666],[109.329857,24.364547],[109.343467,24.360427],[109.38093,24.342563],[109.388701,24.331059],[109.390682,24.323035],[109.378864,24.30437],[109.377281,24.295625],[109.372499,24.292143],[109.346383,24.254064],[109.34617,24.247341],[109.340495,24.224576],[109.322721,24.206811],[109.305261,24.178443],[109.289097,24.167107],[109.286805,24.159441],[109.261054,24.11952],[109.265921,24.097631],[109.267504,24.077721],[109.265002,24.054543],[109.266278,24.040208],[109.269834,24.032815],[109.273362,23.994673],[109.269994,23.966094],[109.271366,23.954665],[109.279396,23.939118],[109.278766,23.916928],[109.268119,23.899977],[109.266382,23.891855],[109.251502,23.871221],[109.254537,23.858546],[109.255263,23.826327],[109.245304,23.806464],[109.249187,23.7959],[109.247825,23.778474],[109.250193,23.766706],[109.233293,23.722039],[109.233346,23.712436],[109.228546,23.704683],[109.219777,23.69983],[109.202036,23.677877],[109.19254,23.66173],[109.184883,23.63954],[109.177993,23.625086],[109.162605,23.620398],[109.157739,23.616513],[109.150188,23.6139],[109.14558,23.609028],[109.146449,23.571676],[109.152399,23.536509],[109.150463,23.528028],[109.151246,23.510575],[109.158064,23.497679],[109.159349,23.491285],[109.155215,23.473825],[109.150747,23.46766],[109.148913,23.46108],[109.148579,23.404681],[109.141252,23.372495],[109.141426,23.349694],[109.136019,23.327332],[109.126692,23.310676],[109.127514,23.292],[109.121851,23.272027],[109.121086,23.25825],[109.127566,23.220883],[109.13314,23.210598],[109.147606,23.196831],[109.166282,23.194001],[109.207717,23.200488],[109.226812,23.201218],[109.250104,23.19969],[109.261496,23.195059],[109.276235,23.18568],[109.285175,23.181965],[109.301893,23.167132],[109.306676,23.159704],[109.323588,23.142817],[109.328628,23.135545],[109.356705,23.122626],[109.371942,23.112497],[109.39062,23.111223],[109.44631,23.111854],[109.464905,23.109611],[109.506433,23.113553],[109.569313,23.097898],[109.585584,23.100916],[109.618874,23.102792],[109.646474,23.093665],[109.648206,23.091137],[109.649606,23.081317],[109.660628,23.074817],[109.661652,23.063549],[109.68782,23.029934],[109.701039,23.015962],[109.731966,22.991159],[109.748125,22.974257],[109.756892,22.962462],[109.766478,22.955038],[109.780941,22.930452],[109.78843,22.923234],[109.819181,22.876943],[109.839856,22.85658],[109.847328,22.842196],[109.859869,22.832028],[109.864971,22.825049],[109.877244,22.813956],[109.887788,22.812913],[109.891216,22.810721],[109.892228,22.8074],[109.890445,22.799671],[109.882771,22.790739],[109.878453,22.779526],[109.865904,22.761948],[109.866818,22.756386],[109.870505,22.754565],[109.878907,22.754404],[109.931172,22.725423],[109.94212,22.711562],[109.957788,22.699792],[109.971748,22.676946],[109.978919,22.676986],[109.988673,22.682249],[110.00543,22.683861],[110.019301,22.689839],[110.039948,22.687814],[110.101228,22.650491],[110.124411,22.622854],[110.136121,22.615937],[110.160927,22.591307],[110.162412,22.587262],[110.160571,22.578009],[110.172331,22.548923],[110.182591,22.541061],[110.187938,22.532189],[110.19753,22.523799],[110.205623,22.510544],[110.214978,22.504879],[110.217764,22.498063],[110.23852,22.475313],[110.234526,22.445168],[110.2455,22.425823],[110.248331,22.413265],[110.258601,22.388336],[110.264023,22.366063],[110.265233,22.341326],[110.263649,22.333479],[110.257823,22.326473],[110.251008,22.306418],[110.246261,22.298524],[110.240548,22.277746],[110.232066,22.263019],[110.229458,22.252929],[110.223171,22.246353],[110.222553,22.231856],[110.229461,22.215298],[110.228845,22.208725],[110.2258,22.203019],[110.226853,22.194946],[110.221328,22.184416],[110.217353,22.169116],[110.21158,22.160981],[110.21494,22.144511],[110.2145,22.139738],[110.202516,22.118429],[110.206491,22.102821],[110.221741,22.073123],[110.224004,22.053663],[110.186678,21.990073],[110.185153,21.984786],[110.189852,21.969767],[110.189917,21.962181],[110.200569,21.943504],[110.212923,21.926148],[110.228315,21.91264],[110.241745,21.892523],[110.258061,21.844999],[110.259057,21.838017],[110.264664,21.824874],[110.263816,21.819885],[110.254696,21.809386],[110.252835,21.788213],[110.250864,21.781554],[110.249793,21.749083],[110.252519,21.732434],[110.262257,21.71995],[110.265177,21.711454],[110.268193,21.708101],[110.276331,21.70685],[110.28555,21.712618],[110.295394,21.709314],[110.302622,21.672466],[110.303232,21.648109],[110.283329,21.590482],[110.280635,21.569503],[110.256354,21.509992],[110.255882,21.477871],[110.258382,21.461283],[110.258515,21.415887],[110.268845,21.382158],[110.281843,21.366765],[110.343538,21.25423],[110.362103,21.230268],[110.361489,21.219863],[110.367997,21.213498],[110.372141,21.200132],[110.382536,21.18983]],"type":"LineString"}},{"type":"Feature","properties":{"seq":3,"date":"2015.12","origin":"湛江","destination":"北京西","origin_city":"湛江","destination_city":"北京","train":"K158","service":"conventional","table_km":2725,"time":"","note":""},"geometry":{"coordinates":[[110.382516,21.189849],[110.372141,21.200132],[110.367997,21.213497],[110.361489,21.219863],[110.362103,21.230268],[110.343538,21.25423],[110.281797,21.366741],[110.268796,21.382138],[110.258754,21.41482],[110.258382,21.461283],[110.255882,21.477871],[110.256354,21.509992],[110.280635,21.569503],[110.283329,21.590482],[110.303178,21.648123],[110.302572,21.672458],[110.295309,21.709246],[110.285522,21.712491],[110.275838,21.706633],[110.268884,21.707601],[110.265491,21.71075],[110.262194,21.719919],[110.252429,21.732557],[110.249757,21.749032],[110.250798,21.781766],[110.252831,21.78866],[110.254746,21.809741],[110.263817,21.81998],[110.264644,21.824762],[110.258989,21.838021],[110.257995,21.845086],[110.241781,21.892364],[110.228308,21.912608],[110.213115,21.925873],[110.200569,21.943504],[110.189917,21.962181],[110.189852,21.969767],[110.185153,21.984786],[110.186678,21.990073],[110.224004,22.053663],[110.221741,22.073123],[110.206491,22.102821],[110.202516,22.118429],[110.2145,22.139738],[110.21494,22.144511],[110.21158,22.160981],[110.217353,22.169116],[110.221328,22.184416],[110.226853,22.194946],[110.2258,22.203019],[110.228845,22.208725],[110.229461,22.215298],[110.222553,22.231856],[110.223171,22.246353],[110.229458,22.252929],[110.232066,22.263019],[110.240548,22.277746],[110.246261,22.298524],[110.251008,22.306418],[110.257823,22.326473],[110.263649,22.333479],[110.265233,22.341326],[110.264023,22.366063],[110.258601,22.388336],[110.248331,22.413265],[110.2455,22.425823],[110.234526,22.445168],[110.23852,22.475313],[110.217764,22.498063],[110.214978,22.504879],[110.205623,22.510544],[110.19753,22.523799],[110.187938,22.532189],[110.182591,22.541061],[110.172331,22.548923],[110.160571,22.578009],[110.162412,22.587262],[110.160927,22.591307],[110.136121,22.615937],[110.124411,22.622854],[110.101228,22.650491],[110.039948,22.687814],[110.019301,22.689839],[110.00543,22.683861],[109.988673,22.682249],[109.978919,22.676986],[109.971748,22.676946],[109.957788,22.699792],[109.94212,22.711562],[109.931172,22.725423],[109.878907,22.754404],[109.870505,22.754565],[109.866818,22.756386],[109.865904,22.761948],[109.878453,22.779526],[109.882771,22.790739],[109.890445,22.799671],[109.892228,22.8074],[109.891216,22.810721],[109.887788,22.812913],[109.877244,22.813956],[109.864971,22.825049],[109.859869,22.832028],[109.847328,22.842196],[109.839856,22.85658],[109.819181,22.876943],[109.78843,22.923234],[109.780941,22.930452],[109.766478,22.955038],[109.756892,22.962462],[109.748125,22.974257],[109.731966,22.991159],[109.701039,23.015962],[109.68782,23.029934],[109.661652,23.063549],[109.660628,23.074817],[109.649606,23.081317],[109.648206,23.091137],[109.646474,23.093665],[109.620606,23.102516],[109.611746,23.103067],[109.61342,23.10341],[109.569313,23.097898],[109.506433,23.113553],[109.464905,23.109611],[109.44631,23.111854],[109.39062,23.111223],[109.371942,23.112497],[109.356705,23.122626],[109.328628,23.135545],[109.323588,23.142817],[109.306676,23.159704],[109.301893,23.167132],[109.293305,23.174794],[109.284724,23.182285],[109.276235,23.18568],[109.261496,23.195059],[109.248788,23.20001],[109.226812,23.201218],[109.207717,23.200488],[109.166282,23.194001],[109.149802,23.196068],[109.143556,23.200017],[109.13314,23.210598],[109.127,23.222234],[109.12119,23.256667],[109.121851,23.272027],[109.127514,23.292],[109.126692,23.310676],[109.136019,23.327332],[109.140894,23.34593],[109.141252,23.372495],[109.148579,23.404681],[109.148913,23.46108],[109.150747,23.46766],[109.155215,23.473825],[109.159349,23.491285],[109.158064,23.497679],[109.151246,23.510575],[109.150463,23.528028],[109.152399,23.536509],[109.146449,23.571676],[109.14558,23.609028],[109.150188,23.6139],[109.157739,23.616513],[109.162605,23.620398],[109.177993,23.625086],[109.184883,23.63954],[109.19254,23.66173],[109.202036,23.677877],[109.219777,23.69983],[109.228546,23.704683],[109.233346,23.712436],[109.233293,23.722039],[109.250193,23.766706],[109.247825,23.778474],[109.249187,23.7959],[109.245304,23.806464],[109.255263,23.826327],[109.254537,23.858546],[109.251502,23.871221],[109.266382,23.891855],[109.268119,23.899977],[109.278766,23.916928],[109.279396,23.939118],[109.271366,23.954665],[109.269994,23.966094],[109.273362,23.994673],[109.269834,24.032815],[109.266278,24.040208],[109.265002,24.054543],[109.267504,24.077721],[109.265921,24.097631],[109.261054,24.11952],[109.286805,24.159441],[109.289097,24.167107],[109.305261,24.178443],[109.322721,24.206811],[109.340495,24.224576],[109.34617,24.247341],[109.346383,24.254064],[109.372499,24.292143],[109.377281,24.295625],[109.378864,24.30437],[109.390682,24.323035],[109.3887,24.331059],[109.38093,24.342563],[109.343467,24.360427],[109.329857,24.364547],[109.328239,24.368076],[109.328619,24.382321],[109.334022,24.389374],[109.355395,24.403748],[109.360715,24.40536],[109.374989,24.401572],[109.401061,24.400939],[109.405465,24.397168],[109.406527,24.38912],[109.410453,24.387722],[109.419577,24.393593],[109.432533,24.40525],[109.481248,24.428391],[109.494493,24.433329],[109.511361,24.435351],[109.530869,24.441665],[109.537045,24.439798],[109.548164,24.428426],[109.560713,24.4115],[109.569402,24.406001],[109.57873,24.404447],[109.591997,24.408572],[109.60675,24.409015],[109.613142,24.403149],[109.617312,24.402755],[109.647471,24.418459],[109.683001,24.442014],[109.691,24.44452],[109.698336,24.452118],[109.705251,24.454544],[109.733564,24.47226],[109.748338,24.491563],[109.758233,24.496679],[109.797503,24.540361],[109.797848,24.547583],[109.804061,24.557741],[109.804263,24.569468],[109.798921,24.577258],[109.809151,24.584767],[109.810748,24.58795],[109.807085,24.59735],[109.802229,24.600484],[109.801318,24.606481],[109.810038,24.609591],[109.820776,24.616796],[109.841559,24.62079],[109.845361,24.626433],[109.856313,24.633276],[109.861531,24.643161],[109.862139,24.646524],[109.859196,24.661298],[109.84601,24.675424],[109.846011,24.679908],[109.849333,24.687204],[109.846128,24.695936],[109.847723,24.699823],[109.854926,24.70427],[109.857931,24.708343],[109.859516,24.715873],[109.858158,24.726421],[109.863758,24.738669],[109.873309,24.746351],[109.873714,24.753741],[109.869566,24.76342],[109.873326,24.772913],[109.897565,24.786844],[109.906165,24.795918],[109.914374,24.8105],[109.92194,24.817151],[109.928755,24.816356],[109.932596,24.811243],[109.941733,24.803805],[109.956148,24.802958],[109.968763,24.810746],[109.976653,24.811661],[109.993471,24.821268],[109.995371,24.826898],[109.993658,24.839994],[109.995929,24.849362],[110.000871,24.856699],[109.998966,24.866511],[110.002916,24.878686],[110.000655,24.889526],[110.004913,24.899328],[109.993743,24.915057],[109.993863,24.930764],[109.988858,24.941986],[109.978336,24.950386],[109.975861,24.956441],[109.97717,24.96359],[109.981965,24.971625],[109.987341,24.990548],[109.996863,25.007873],[109.997914,25.021025],[110.006307,25.034585],[110.011503,25.049617],[110.017596,25.055126],[110.027745,25.060671],[110.042266,25.079161],[110.049958,25.083623],[110.059469,25.100981],[110.072962,25.116889],[110.091383,25.127408],[110.103624,25.138848],[110.138386,25.180871],[110.175393,25.199881],[110.197398,25.238073],[110.206238,25.247211],[110.220617,25.255302],[110.231117,25.257907],[110.241175,25.257762],[110.261779,25.252592],[110.277379,25.254835],[110.278419,25.257458],[110.275789,25.277537],[110.278466,25.282828],[110.279112,25.290437],[110.282035,25.295752],[110.292273,25.306053],[110.296022,25.331633],[110.295501,25.330039],[110.308909,25.395999],[110.326081,25.432311],[110.34627,25.44922],[110.365446,25.459468],[110.375962,25.468741],[110.385266,25.48996],[110.389823,25.495607],[110.401397,25.504572],[110.40704,25.506922],[110.414848,25.507674],[110.421802,25.510946],[110.427663,25.52009],[110.42962,25.532398],[110.433546,25.535856],[110.438079,25.543633],[110.44053,25.544584],[110.451709,25.541151],[110.454085,25.541673],[110.473399,25.562706],[110.498485,25.581133],[110.506014,25.593693],[110.513731,25.597214],[110.522424,25.595992],[110.533599,25.602279],[110.538004,25.602416],[110.561067,25.610168],[110.592201,25.612386],[110.604394,25.607676],[110.614353,25.606996],[110.627528,25.609354],[110.636489,25.609071],[110.659243,25.613343],[110.664597,25.626015],[110.672503,25.638517],[110.673549,25.65522],[110.678614,25.665582],[110.689448,25.670421],[110.707922,25.689506],[110.723637,25.710787],[110.729782,25.723966],[110.740032,25.735563],[110.76318,25.75513],[110.781609,25.779509],[110.783856,25.789033],[110.782112,25.795603],[110.778889,25.799538],[110.778066,25.807074],[110.79389,25.822589],[110.801535,25.834916],[110.810155,25.841897],[110.820523,25.855802],[110.850545,25.872108],[110.861564,25.883117],[110.864566,25.889843],[110.864442,25.898923],[110.874406,25.909827],[110.881245,25.923432],[110.898133,25.934869],[110.906488,25.937349],[110.950519,25.93958],[110.961878,25.938761],[110.969864,25.941772],[110.979999,25.942681],[110.984508,25.948614],[110.988531,25.950082],[110.993541,25.950977],[111.008283,25.94903],[111.016457,25.952274],[111.025665,25.952747],[111.045014,25.960285],[111.050993,25.966322],[111.064055,25.970651],[111.080807,25.993252],[111.096053,25.999375],[111.109594,26.011479],[111.116218,26.015129],[111.127349,26.02628],[111.14139,26.035797],[111.144754,26.038899],[111.148762,26.047622],[111.162096,26.057216],[111.166895,26.063804],[111.179231,26.070954],[111.199343,26.078298],[111.204097,26.082482],[111.217574,26.104465],[111.221487,26.121694],[111.225356,26.128628],[111.224361,26.1327],[111.217396,26.137873],[111.215474,26.141969],[111.221895,26.182082],[111.217602,26.195975],[111.222537,26.210839],[111.225711,26.231576],[111.229625,26.236193],[111.232243,26.242968],[111.235856,26.266169],[111.236791,26.281315],[111.231245,26.300405],[111.233092,26.320393],[111.241454,26.32885],[111.243049,26.338498],[111.257075,26.35333],[111.260874,26.367661],[111.26311,26.369037],[111.273651,26.36942],[111.286333,26.382206],[111.286644,26.384277],[111.283779,26.389131],[111.284814,26.391817],[111.297005,26.394469],[111.308984,26.40641],[111.328577,26.400269],[111.335615,26.402974],[111.359969,26.405633],[111.367629,26.40506],[111.374955,26.400393],[111.394486,26.402182],[111.40837,26.390424],[111.432855,26.384095],[111.451914,26.389736],[111.458747,26.404865],[111.475914,26.413723],[111.491686,26.413306],[111.498193,26.415623],[111.522145,26.413627],[111.528262,26.418144],[111.530403,26.422464],[111.543049,26.42927],[111.546799,26.434667],[111.549288,26.434771],[111.556555,26.430805],[111.562041,26.431806],[111.565457,26.435671],[111.564689,26.457688],[111.567569,26.505197],[111.554558,26.531998],[111.549226,26.538562],[111.550335,26.544864],[111.556475,26.547173],[111.569475,26.542567],[111.591413,26.541742],[111.614764,26.543541],[111.631628,26.54891],[111.640362,26.549272],[111.671468,26.538921],[111.677786,26.538562],[111.682299,26.540298],[111.685392,26.543637],[111.692431,26.563468],[111.706012,26.572051],[111.697979,26.586711],[111.702121,26.593709],[111.697626,26.603905],[111.695622,26.613152],[111.698653,26.630189],[111.697788,26.632677],[111.691688,26.636],[111.692511,26.643285],[111.699191,26.64597],[111.70598,26.645498],[111.717467,26.648294],[111.724604,26.645363],[111.731617,26.646401],[111.756658,26.663382],[111.776603,26.665825],[111.787376,26.669985],[111.813575,26.693629],[111.82247,26.71441],[111.823963,26.728233],[111.827741,26.733233],[111.837154,26.744146],[111.847525,26.748509],[111.865219,26.763434],[111.884586,26.767688],[111.90489,26.776959],[111.917734,26.777062],[111.927541,26.78168],[111.949216,26.781582],[111.967308,26.788749],[111.980271,26.790336],[111.993865,26.798485],[112.02739,26.807132],[112.049531,26.804996],[112.069074,26.793865],[112.078936,26.791116],[112.110243,26.786976],[112.123404,26.783198],[112.129351,26.779019],[112.129227,26.770624],[112.132591,26.76876],[112.14133,26.771518],[112.147882,26.775837],[112.161546,26.777013],[112.16802,26.775738],[112.181001,26.78213],[112.196024,26.786715],[112.200429,26.791889],[112.210761,26.797801],[112.213426,26.801648],[112.226148,26.811539],[112.227066,26.816251],[112.225577,26.825706],[112.227051,26.834912],[112.232664,26.843312],[112.246624,26.846749],[112.252961,26.85173],[112.271194,26.85214],[112.287629,26.841858],[112.294994,26.842523],[112.301294,26.841117],[112.3178,26.843007],[112.328298,26.83846],[112.342648,26.840231],[112.353226,26.839316],[112.36603,26.840828],[112.37666,26.844863],[112.385535,26.850343],[112.447457,26.856896],[112.467471,26.862992],[112.481287,26.864335],[112.502131,26.861607],[112.517578,26.864311],[112.5288,26.867203],[112.537837,26.874343],[112.543788,26.876777],[112.560993,26.875616],[112.57411,26.883475],[112.587504,26.88547],[112.620267,26.887665],[112.624168,26.885248],[112.626779,26.878101],[112.63106,26.876827],[112.633771,26.878809],[112.634058,26.882389],[112.622836,26.899577],[112.623029,26.90866],[112.626617,26.913383],[112.664428,26.925997],[112.70408,26.936918],[112.723607,26.946181],[112.738231,26.95104],[112.747131,26.959126],[112.754357,26.974683],[112.764639,26.981111],[112.778118,26.997121],[112.785278,27.002442],[112.790464,27.017438],[112.802147,27.024945],[112.806447,27.034171],[112.824284,27.057925],[112.837846,27.089821],[112.842753,27.096449],[112.849575,27.125525],[112.853114,27.129365],[112.863491,27.134384],[112.872569,27.148724],[112.873505,27.165872],[112.876006,27.173578],[112.874311,27.181615],[112.876176,27.199224],[112.8795,27.206679],[112.883265,27.223764],[112.897265,27.237975],[112.908105,27.251789],[112.97236,27.316516],[112.985531,27.340057],[113.004459,27.366322],[113.029631,27.383234],[113.052731,27.388101],[113.063172,27.402849],[113.07501,27.406572],[113.102181,27.431993],[113.107095,27.442342],[113.133675,27.46724],[113.14439,27.498555],[113.15665,27.514131],[113.162339,27.532207],[113.161507,27.542407],[113.155767,27.550252],[113.130262,27.564885],[113.126379,27.570433],[113.123319,27.582268],[113.113324,27.606527],[113.111265,27.640278],[113.115878,27.662798],[113.136829,27.709789],[113.138006,27.728626],[113.145738,27.739046],[113.161434,27.769797],[113.165165,27.788259],[113.156916,27.803249],[113.156846,27.825754],[113.147137,27.848661],[113.129045,27.862651],[113.122028,27.87766],[113.108734,27.883832],[113.094679,27.89541],[113.090953,27.904147],[113.07714,27.911906],[113.063902,27.927702],[113.038318,27.942422],[113.017478,27.966687],[113.010806,27.972325],[113.005694,27.982604],[112.988713,27.993822],[112.978168,28.004572],[112.968491,28.020829],[112.958133,28.0451],[112.951684,28.077626],[112.952271,28.096785],[112.956367,28.131823],[112.958676,28.136071],[112.965858,28.141514],[112.9843,28.14881],[113.001413,28.153479],[113.006135,28.157227],[113.007487,28.161176],[113.010473,28.210903],[113.008112,28.215384],[112.987787,28.23307],[112.986759,28.247228],[112.975089,28.281263],[112.978062,28.290745],[112.977492,28.296015],[112.964414,28.318263],[112.956827,28.32803],[112.953553,28.336604],[112.929337,28.353756],[112.922156,28.367342],[112.928281,28.389661],[112.944595,28.41892],[112.954606,28.426952],[112.957935,28.431498],[112.970508,28.458478],[112.974232,28.474481],[112.981416,28.482896],[112.98441,28.493163],[113.009212,28.520951],[113.016878,28.536452],[113.023717,28.545435],[113.033914,28.585197],[113.041645,28.598551],[113.049837,28.635103],[113.037983,28.681154],[113.041494,28.695017],[113.045839,28.703925],[113.05153,28.735754],[113.058837,28.752311],[113.072125,28.824755],[113.083967,28.837933],[113.085913,28.847134],[113.09183,28.858924],[113.09206,28.868024],[113.088979,28.872671],[113.085976,28.882662],[113.088495,28.895909],[113.087333,28.902989],[113.088705,28.915611],[113.094758,28.924662],[113.096472,28.937918],[113.111403,28.96041],[113.115604,28.977522],[113.126424,29.007833],[113.126918,29.014189],[113.121752,29.037329],[113.12474,29.070099],[113.123513,29.077506],[113.125441,29.08525],[113.122196,29.094872],[113.119054,29.11416],[113.12128,29.123131],[113.119701,29.129968],[113.120993,29.139425],[113.118477,29.153449],[113.12167,29.165638],[113.128231,29.179345],[113.128457,29.187353],[113.125737,29.196549],[113.126081,29.204871],[113.121011,29.215752],[113.120918,29.223945],[113.093302,29.26699],[113.093397,29.283704],[113.090888,29.29842],[113.082606,29.318541],[113.076947,29.327884],[113.077214,29.332145],[113.083039,29.344031],[113.083801,29.354682],[113.085951,29.36146],[113.098845,29.378518],[113.124615,29.381222],[113.138036,29.393946],[113.162062,29.405766],[113.177661,29.410964],[113.203827,29.433073],[113.216317,29.438548],[113.226321,29.445129],[113.235611,29.447697],[113.254602,29.457048],[113.264115,29.463906],[113.280006,29.484766],[113.285225,29.489303],[113.291978,29.502058],[113.302852,29.506641],[113.328482,29.506205],[113.344119,29.513497],[113.376639,29.511854],[113.393906,29.502813],[113.406071,29.500064],[113.42314,29.491224],[113.44909,29.487725],[113.472928,29.477232],[113.489868,29.478455],[113.504768,29.483325],[113.523984,29.485173],[113.57182,29.500446],[113.590623,29.50227],[113.609438,29.509454],[113.642353,29.515404],[113.680776,29.535801],[113.707597,29.559607],[113.718479,29.573051],[113.733145,29.578149],[113.78099,29.62607],[113.795424,29.635265],[113.816232,29.654426],[113.820404,29.657051],[113.830694,29.657958],[113.852437,29.670463],[113.863017,29.684039],[113.876953,29.710522],[113.911377,29.719179],[113.984126,29.743604],[114.01348,29.76386],[114.031325,29.770869],[114.050207,29.775036],[114.070817,29.776307],[114.103344,29.785181],[114.129677,29.800954],[114.149173,29.807542],[114.1777,29.832447],[114.218793,29.843389],[114.242097,29.864074],[114.255208,29.868657],[114.266041,29.868998],[114.274091,29.872906],[114.28937,29.89142],[114.313687,29.901633],[114.331686,29.912163],[114.359311,29.937025],[114.362042,29.941045],[114.357728,29.96799],[114.363094,29.990583],[114.361841,30.011478],[114.354362,30.037813],[114.34777,30.097539],[114.320315,30.152897],[114.316707,30.165919],[114.31712,30.176989],[114.322396,30.204271],[114.322332,30.215976],[114.327507,30.237643],[114.325685,30.246444],[114.325025,30.264723],[114.326954,30.276761],[114.313529,30.299381],[114.305899,30.308208],[114.298865,30.322536],[114.294981,30.337592],[114.295694,30.341953],[114.304976,30.360481],[114.307285,30.369247],[114.301762,30.39225],[114.300284,30.462532],[114.2974,30.505117],[114.300478,30.51503],[114.317239,30.537263],[114.317886,30.540345],[114.314555,30.543796],[114.288607,30.548995],[114.27471,30.556414],[114.255769,30.55389],[114.231678,30.562455],[114.226979,30.568051],[114.22663,30.578395],[114.21998,30.603631],[114.223021,30.609867],[114.241552,30.618873],[114.316711,30.637783],[114.330865,30.643785],[114.340041,30.658082],[114.349439,30.683715],[114.352916,30.697239],[114.352174,30.718284],[114.339804,30.7412],[114.319135,30.761441],[114.299389,30.799519],[114.276331,30.830914],[114.258246,30.842169],[114.237115,30.86114],[114.221069,30.879299],[114.202704,30.896673],[114.191659,30.901702],[114.152253,30.926184],[114.112643,30.945339],[114.073989,30.9428],[114.023257,30.943215],[114.005002,30.944623],[113.987849,30.948508],[113.964552,30.948745],[113.933564,30.952506],[113.923056,30.959033],[113.916289,30.97077],[113.916013,31.0012],[113.919194,31.025802],[113.932098,31.077378],[113.931472,31.091986],[113.928809,31.1031],[113.931349,31.145872],[113.934684,31.157138],[113.940738,31.166736],[113.956723,31.180295],[113.959444,31.189295],[113.965161,31.197481],[113.96928,31.209989],[113.972917,31.270133],[113.965868,31.293672],[113.965956,31.298153],[113.970473,31.309046],[113.964788,31.330491],[113.967428,31.346887],[113.977173,31.365121],[113.975247,31.385968],[113.97672,31.400197],[113.973605,31.41815],[113.972614,31.449429],[113.985774,31.49102],[114.00819,31.515055],[114.028356,31.546494],[114.029702,31.557144],[114.024045,31.582771],[114.016592,31.603108],[114.01664,31.61232],[114.021096,31.622088],[114.041489,31.648105],[114.04656,31.676679],[114.045281,31.713018],[114.027494,31.761376],[114.022317,31.780414],[114.02259,31.785473],[114.027079,31.795655],[114.049186,31.820557],[114.070039,31.848347],[114.088539,31.878802],[114.092254,31.888219],[114.094905,31.911397],[114.090734,31.932514],[114.092668,31.940574],[114.092124,31.959989],[114.093824,31.969287],[114.086854,31.978615],[114.088275,31.987947],[114.085239,31.996007],[114.08863,32.002761],[114.083151,32.018649],[114.089383,32.026296],[114.09026,32.044169],[114.094783,32.049872],[114.09798,32.060452],[114.11144,32.084083],[114.11312,32.092425],[114.110597,32.097732],[114.096236,32.114585],[114.066947,32.138992],[114.061854,32.150123],[114.065858,32.17974],[114.071203,32.205668],[114.074816,32.216124],[114.073137,32.231941],[114.076926,32.252768],[114.080787,32.262711],[114.080841,32.269071],[114.079931,32.272908],[114.071498,32.2834],[114.066102,32.304618],[114.057808,32.315319],[114.053664,32.336523],[114.053723,32.361956],[114.044206,32.427438],[114.044951,32.441029],[114.042168,32.49476],[114.045033,32.518691],[114.041597,32.530859],[114.042703,32.584479],[114.023664,32.707358],[114.01932,32.726142],[114.030129,32.78018],[114.031519,32.814952],[114.037249,32.866008],[114.037309,32.988021],[114.038489,32.980992],[114.038037,32.984764],[114.037309,32.988021],[114.037273,33.106975],[114.03568,33.113531],[114.030076,33.124314],[114.028957,33.131279],[114.037174,33.213838],[114.036322,33.278544],[114.03806,33.309089],[114.031361,33.41633],[114.029332,33.501495],[114.039312,33.585095],[114.037547,33.589598],[113.988733,33.65865],[113.969735,33.693742],[113.955214,33.715865],[113.943065,33.746414],[113.812764,34.024855],[113.813033,34.024272],[113.813191,34.023694],[113.81332,34.023322],[113.813614,34.021639],[113.80821,34.037384],[113.777563,34.183449],[113.770254,34.237525],[113.762446,34.336486],[113.769122,34.353744],[113.766351,34.374614],[113.771547,34.39072],[113.777786,34.432193],[113.778636,34.447941],[113.789695,34.494921],[113.812748,34.544559],[113.805123,34.583109],[113.784228,34.612931],[113.77233,34.626459],[113.667177,34.722203],[113.665033,34.725126],[113.658042,34.739004],[113.657695,34.739825],[113.655422,34.744269],[113.653839,34.747559],[113.659613,34.736944],[113.665324,34.734348],[113.76817,34.736362],[113.772757,34.739934],[113.774213,34.743881],[113.768774,34.810895],[113.771119,34.819022],[113.775706,34.823351],[113.787791,34.829795],[113.800622,34.83222],[113.839837,34.834848],[113.849048,34.838662],[113.85489,34.844903],[113.856942,34.853435],[113.844728,34.922866],[113.847163,34.9769],[113.84299,35.006351],[113.844865,35.023373],[113.870323,35.082952],[113.881908,35.114322],[113.912869,35.160915],[113.922115,35.182425],[113.934772,35.204876],[113.940478,35.224449],[113.871835,35.22785],[113.809787,35.221803],[113.802742,35.225648],[113.801899,35.233486],[113.805118,35.236914],[113.81511,35.239087],[113.823957,35.245133],[113.850387,35.278681],[113.851725,35.282467],[113.851735,35.303188],[113.867626,35.351949],[113.881543,35.370188],[113.900832,35.386962],[113.911833,35.392489],[113.947814,35.397114],[114.009375,35.413963],[114.040803,35.418575],[114.050236,35.424176],[114.095248,35.490502],[114.101975,35.502905],[114.11264,35.531804],[114.14976,35.564771],[114.175802,35.599965],[114.198471,35.644716],[114.203209,35.659479],[114.246762,35.710147],[114.259474,35.743874],[114.26687,35.759128],[114.28063,35.780368],[114.30365,35.805904],[114.309933,35.833438],[114.317488,35.84358],[114.325805,35.860897],[114.326386,35.877624],[114.341654,35.920837],[114.342725,35.96665],[114.346393,36.011756],[114.348697,36.023484],[114.335833,36.055031],[114.335515,36.077582],[114.333539,36.092199],[114.333938,36.120642],[114.328646,36.140635],[114.327104,36.157116],[114.33115,36.181282],[114.332567,36.212615],[114.338729,36.238134],[114.339504,36.257204],[114.346531,36.319561],[114.349207,36.325838],[114.363882,36.345323],[114.36642,36.366265],[114.365365,36.370588],[114.348879,36.399603],[114.345962,36.414682],[114.355485,36.431243],[114.401593,36.458417],[114.412626,36.466867],[114.426979,36.483853],[114.432682,36.502327],[114.45358,36.549231],[114.460498,36.575337],[114.469061,36.597639],[114.483054,36.736363],[114.476324,36.792992],[114.49091,36.831806],[114.492236,36.840927],[114.486974,36.913672],[114.483333,36.934997],[114.494686,36.952037],[114.496749,36.983412],[114.484849,37.029869],[114.481651,37.050628],[114.503441,37.140047],[114.49856,37.174965],[114.505133,37.236788],[114.507826,37.244289],[114.518844,37.26346],[114.532656,37.316173],[114.538536,37.355249],[114.542594,37.36833],[114.547538,37.375212],[114.569871,37.397173],[114.583795,37.40766],[114.60176,37.425319],[114.606231,37.432247],[114.60824,37.43983],[114.584646,37.668209],[114.584929,37.686005],[114.541169,37.748354],[114.496591,37.951818],[114.490084,37.957943],[114.472744,37.96391],[114.468164,37.971272],[114.492882,38.072394],[114.503478,38.099134],[114.539881,38.135373],[114.554939,38.171423],[114.56218,38.177568],[114.574232,38.182982],[114.622633,38.226123],[114.651419,38.293979],[114.663666,38.315288],[114.670685,38.325191],[114.699067,38.355055],[114.757425,38.378304],[114.766095,38.383964],[114.783885,38.402105],[114.800804,38.405968],[114.815573,38.411468],[114.837697,38.439726],[114.857038,38.460794],[114.872608,38.470936],[114.911874,38.501014],[114.972683,38.532707],[114.992776,38.53903],[115.010902,38.580878],[115.018268,38.610474],[115.028647,38.622994],[115.048855,38.637132],[115.113459,38.675674],[115.142643,38.697192],[115.261483,38.776435],[115.432208,38.834723],[115.46076,38.848434],[115.485594,38.874851],[115.504569,38.887876],[115.532651,38.913311],[115.558517,38.943329],[115.63096,39.020151],[115.653874,39.059553],[115.730293,39.165695],[115.783401,39.257147],[115.848074,39.323857],[115.853131,39.331241],[115.857167,39.333213],[115.880238,39.356996],[115.897161,39.38414],[115.952191,39.444538],[115.994127,39.501461],[116.01222,39.561209],[116.023041,39.582955],[116.052941,39.615189],[116.137593,39.717326],[116.146736,39.733861],[116.184321,39.783549],[116.188458,39.793675],[116.188038,39.796957],[116.167291,39.810738],[116.164303,39.81538],[116.165859,39.84615],[116.171788,39.854175],[116.172979,39.858197],[116.165816,39.870145],[116.16982,39.881344],[116.175751,39.887194],[116.194271,39.884763],[116.207995,39.892679],[116.21794,39.894831],[116.315157,39.893437]],"type":"LineString"}},{"type":"Feature","properties":{"seq":4,"date":"2018.8","origin":"湛江西","destination":"小榄","origin_city":"湛江","destination_city":"中山","train":"不详","service":"highspeed","table_km":379,"time":"","note":""},"geometry":{"coordinates":[[110.28291,21.24556],[110.282699,21.240551],[110.283803,21.263478],[110.286748,21.282442],[110.281531,21.307732],[110.281776,21.321109],[110.28911,21.340025],[110.295083,21.347353],[110.303528,21.35372],[110.336973,21.372788],[110.355938,21.380616],[110.376752,21.395061],[110.406973,21.404525],[110.426124,21.420168],[110.438352,21.426457],[110.48264,21.440141],[110.520181,21.443028],[110.53892,21.44753],[110.574626,21.452643],[110.63183,21.471315],[110.685047,21.484114],[110.704065,21.484954],[110.717871,21.487362],[110.741064,21.494514],[110.752616,21.501264],[110.790299,21.537782],[110.806552,21.551427],[110.828738,21.56295],[110.878918,21.572708],[110.913463,21.585623],[110.940633,21.5937],[111.023412,21.611089],[111.108615,21.632457],[111.189021,21.638086],[111.271466,21.651969],[111.290832,21.657067],[111.33856,21.673015],[111.372202,21.691185],[111.399386,21.698955],[111.443154,21.717343],[111.469282,21.732011],[111.536229,21.756331],[111.552931,21.767522],[111.573964,21.790789],[111.589465,21.79804],[111.615333,21.800263],[111.747242,21.794256],[111.811509,21.805154],[111.835202,21.800891],[111.886627,21.799756],[111.93103,21.795461],[111.951876,21.798284],[111.970909,21.807262],[112.017053,21.823853],[112.038881,21.827001],[112.047253,21.82993],[112.077731,21.846112],[112.091567,21.855162],[112.111581,21.872263],[112.118894,21.880761],[112.122794,21.887382],[112.130367,21.911241],[112.138489,21.928072],[112.14447,21.946587],[112.1568,21.971282],[112.163545,21.991961],[112.17142,22.000877],[112.185382,22.009948],[112.20259,22.024781],[112.222596,22.060746],[112.232724,22.074039],[112.249527,22.101739],[112.277736,22.139998],[112.284538,22.14579],[112.316983,22.158456],[112.339368,22.163153],[112.366437,22.172751],[112.402193,22.195037],[112.41021,22.198472],[112.454499,22.20165],[112.472009,22.20684],[112.485559,22.215656],[112.499399,22.22965],[112.507982,22.235569],[112.543119,22.250653],[112.564266,22.256353],[112.572892,22.260235],[112.581056,22.266818],[112.597311,22.286237],[112.618071,22.303738],[112.639003,22.316255],[112.648466,22.319867],[112.658057,22.321356],[112.694004,22.321321],[112.703177,22.318448],[112.72912,22.304398],[112.741764,22.301461],[112.768527,22.303161],[112.790827,22.301832],[112.835931,22.303475],[112.849932,22.30748],[112.863128,22.321178],[112.875853,22.345412],[112.927077,22.403337],[112.967053,22.445377],[113.009325,22.473367],[113.053705,22.472658],[113.063672,22.475985],[113.066611,22.509346],[113.065726,22.532026],[113.068983,22.543451],[113.076136,22.552336],[113.088321,22.560603],[113.12404,22.573898],[113.137461,22.577006],[113.177513,22.593941],[113.224754,22.609787],[113.252387,22.635989],[113.26461,22.650534]],"type":"LineString"}},{"type":"Feature","properties":{"seq":5,"date":"2019.7","origin":"湛江","destination":"贵阳","origin_city":"湛江","destination_city":"贵阳","train":"K872","service":"conventional","table_km":878,"time":"","note":""},"geometry":{"coordinates":[[110.382536,21.18983],[110.372141,21.200132],[110.367997,21.213498],[110.361489,21.219863],[110.362103,21.230268],[110.343538,21.25423],[110.281843,21.366765],[110.268845,21.382158],[110.258515,21.415887],[110.258382,21.461283],[110.255882,21.477871],[110.256354,21.509992],[110.280635,21.569503],[110.283329,21.590482],[110.303232,21.648109],[110.302622,21.672466],[110.295394,21.709314],[110.28555,21.712618],[110.276331,21.70685],[110.268193,21.708101],[110.265177,21.711454],[110.262257,21.71995],[110.252519,21.732434],[110.249793,21.749083],[110.250864,21.781554],[110.252835,21.788213],[110.254696,21.809386],[110.263816,21.819885],[110.264664,21.824874],[110.259057,21.838017],[110.258061,21.844999],[110.241745,21.892523],[110.228315,21.91264],[110.212923,21.926148],[110.200569,21.943504],[110.189917,21.962181],[110.189852,21.969767],[110.185153,21.984786],[110.186678,21.990073],[110.224004,22.053663],[110.221741,22.073123],[110.206491,22.102821],[110.202516,22.118429],[110.2145,22.139738],[110.21494,22.144511],[110.21158,22.160981],[110.217353,22.169116],[110.221328,22.184416],[110.226853,22.194946],[110.2258,22.203019],[110.228845,22.208725],[110.229461,22.215298],[110.222553,22.231856],[110.223171,22.246353],[110.229458,22.252929],[110.232066,22.263019],[110.240548,22.277746],[110.246261,22.298524],[110.251008,22.306418],[110.257823,22.326473],[110.263649,22.333479],[110.265233,22.341326],[110.264023,22.366063],[110.258601,22.388336],[110.248331,22.413265],[110.2455,22.425823],[110.234526,22.445168],[110.23852,22.475313],[110.217764,22.498063],[110.214978,22.504879],[110.205623,22.510544],[110.19753,22.523799],[110.187938,22.532189],[110.182591,22.541061],[110.172331,22.548923],[110.160571,22.578009],[110.162412,22.587262],[110.160927,22.591307],[110.136121,22.615937],[110.124411,22.622854],[110.101228,22.650491],[110.039948,22.687814],[110.019301,22.689839],[110.00543,22.683861],[109.988673,22.682249],[109.978919,22.676986],[109.971748,22.676946],[109.957788,22.699792],[109.94212,22.711562],[109.931172,22.725423],[109.878907,22.754404],[109.870505,22.754565],[109.866818,22.756386],[109.865904,22.761948],[109.878453,22.779526],[109.882771,22.790739],[109.890445,22.799671],[109.892228,22.8074],[109.891216,22.810721],[109.887788,22.812913],[109.877244,22.813956],[109.864971,22.825049],[109.859869,22.832028],[109.847328,22.842196],[109.839856,22.85658],[109.819181,22.876943],[109.78843,22.923234],[109.780941,22.930452],[109.766478,22.955038],[109.756892,22.962462],[109.748125,22.974257],[109.731966,22.991159],[109.701039,23.015962],[109.68782,23.029934],[109.661652,23.063549],[109.660628,23.074817],[109.649606,23.081317],[109.648206,23.091137],[109.646474,23.093665],[109.618874,23.102792],[109.585584,23.100916],[109.569313,23.097898],[109.506433,23.113553],[109.464905,23.109611],[109.44631,23.111854],[109.39062,23.111223],[109.371942,23.112497],[109.356705,23.122626],[109.328628,23.135545],[109.323588,23.142817],[109.306676,23.159704],[109.301893,23.167132],[109.293305,23.174794],[109.284724,23.182285],[109.276235,23.18568],[109.261496,23.195059],[109.248788,23.20001],[109.226812,23.201218],[109.207717,23.200488],[109.166282,23.194001],[109.149802,23.196068],[109.143556,23.200017],[109.13314,23.210598],[109.127,23.222234],[109.12119,23.256667],[109.121851,23.272027],[109.127514,23.292],[109.126692,23.310676],[109.136019,23.327332],[109.140894,23.34593],[109.141252,23.372495],[109.148579,23.404681],[109.148913,23.46108],[109.150747,23.46766],[109.155215,23.473825],[109.159349,23.491285],[109.158064,23.497679],[109.151246,23.510575],[109.150463,23.528028],[109.152399,23.536509],[109.146449,23.571676],[109.14558,23.609028],[109.150188,23.6139],[109.157739,23.616513],[109.162605,23.620398],[109.177993,23.625086],[109.184883,23.63954],[109.19254,23.66173],[109.202036,23.677877],[109.219777,23.69983],[109.228546,23.704683],[109.233346,23.712436],[109.233293,23.722039],[109.250193,23.766706],[109.247825,23.778474],[109.249187,23.7959],[109.245304,23.806464],[109.255263,23.826327],[109.254537,23.858546],[109.251502,23.871221],[109.266382,23.891855],[109.268119,23.899977],[109.278766,23.916928],[109.279396,23.939118],[109.271366,23.954665],[109.269994,23.966094],[109.273362,23.994673],[109.269834,24.032815],[109.266278,24.040208],[109.265002,24.054543],[109.267504,24.077721],[109.265921,24.097631],[109.261054,24.11952],[109.286805,24.159441],[109.289097,24.167107],[109.305261,24.178443],[109.322721,24.206811],[109.340656,24.224844],[109.34617,24.247341],[109.346383,24.254064],[109.372499,24.292143],[109.377281,24.295625],[109.378864,24.30437],[109.390228,24.321686],[109.390416,24.326796],[109.384139,24.339353],[109.379892,24.343122],[109.351419,24.356691],[109.321284,24.367828],[109.308154,24.367647],[109.297105,24.365518],[109.279387,24.367328],[109.253836,24.367052],[109.229398,24.371023],[109.219528,24.375064],[109.202118,24.390855],[109.195298,24.402337],[109.16916,24.421106],[109.13133,24.452041],[109.113118,24.474541],[109.105881,24.491721],[109.089055,24.505983],[109.078958,24.519525],[109.071541,24.522926],[109.03725,24.525236],[109.001478,24.516394],[108.981953,24.519018],[108.973428,24.518154],[108.94802,24.508998],[108.925315,24.486027],[108.914216,24.481751],[108.85482,24.493308],[108.837061,24.493089],[108.781682,24.496758],[108.773032,24.495384],[108.753885,24.487723],[108.711021,24.485999],[108.691351,24.480725],[108.666494,24.478195],[108.63921,24.479446],[108.606188,24.483871],[108.597183,24.48769],[108.581356,24.502704],[108.568348,24.507878],[108.556873,24.515846],[108.531103,24.537651],[108.502388,24.553358],[108.49027,24.557091],[108.462224,24.556923],[108.451975,24.561348],[108.426882,24.584631],[108.399846,24.606846],[108.374821,24.635888],[108.368063,24.648011],[108.36802,24.664986],[108.365186,24.675564],[108.355648,24.687416],[108.347414,24.692558],[108.321438,24.698922],[108.307246,24.699941],[108.2936,24.70293],[108.284081,24.707505],[108.271556,24.716909],[108.265251,24.71926],[108.21897,24.721113],[108.198158,24.727612],[108.170796,24.7217],[108.15439,24.723562],[108.13527,24.721578],[108.114191,24.708653],[108.087124,24.701558],[108.04705,24.703285],[108.031235,24.709069],[108.004191,24.710112],[107.996535,24.71453],[107.984573,24.726976],[107.968134,24.736752],[107.96042,24.738697],[107.945534,24.737009],[107.932316,24.741398],[107.916583,24.757652],[107.908809,24.761351],[107.893501,24.760134],[107.847596,24.771349],[107.798026,24.755813],[107.784334,24.754448],[107.775046,24.758419],[107.746631,24.786791],[107.715653,24.810193],[107.71177,24.815586],[107.705993,24.832576],[107.701111,24.839733],[107.675288,24.860946],[107.641459,24.901292],[107.633151,24.915466],[107.607989,24.944363],[107.574037,24.96157],[107.561309,24.969644],[107.554446,24.979532],[107.548306,24.99931],[107.536558,25.019576],[107.512025,25.046357],[107.503045,25.058925],[107.493021,25.090543],[107.505076,25.139802],[107.486406,25.172095],[107.475084,25.199194],[107.473639,25.206216],[107.473049,25.233048],[107.468811,25.248192],[107.470004,25.253888],[107.475461,25.263166],[107.476147,25.269054],[107.470659,25.284598],[107.468608,25.302028],[107.464346,25.31157],[107.446567,25.332249],[107.443573,25.340785],[107.446708,25.359676],[107.464027,25.386011],[107.466813,25.397996],[107.473296,25.412509],[107.475648,25.424618],[107.479513,25.432439],[107.484694,25.454283],[107.490634,25.464982],[107.491985,25.477081],[107.4913,25.487965],[107.48809,25.50174],[107.489508,25.508524],[107.493207,25.513173],[107.514249,25.525111],[107.519666,25.530631],[107.522524,25.541419],[107.519308,25.571894],[107.521368,25.584483],[107.537308,25.605656],[107.546415,25.613585],[107.555741,25.630026],[107.566803,25.638921],[107.574577,25.656931],[107.573418,25.669688],[107.559738,25.708386],[107.557118,25.729583],[107.560914,25.743481],[107.560401,25.75477],[107.550998,25.772565],[107.548287,25.783027],[107.531103,25.797936],[107.527539,25.805574],[107.527898,25.82044],[107.535663,25.831597],[107.54223,25.851776],[107.5434,25.886844],[107.530225,25.908886],[107.527215,25.924749],[107.519586,25.944348],[107.50588,25.957118],[107.500146,25.966193],[107.496085,26.014687],[107.493908,26.022373],[107.484503,26.035977],[107.468945,26.048851],[107.463296,26.056503],[107.461381,26.062133],[107.461335,26.07141],[107.468463,26.088036],[107.474904,26.099268],[107.48517,26.109162],[107.489869,26.129795],[107.502065,26.152716],[107.504358,26.159762],[107.51098,26.168637],[107.517627,26.189952],[107.517701,26.197466],[107.514313,26.205276],[107.513899,26.213883],[107.50931,26.224798],[107.511579,26.246218],[107.505245,26.255033],[107.497688,26.274687],[107.497139,26.290558],[107.493585,26.293445],[107.485442,26.294916],[107.48131,26.292664],[107.474445,26.284048],[107.459725,26.282676],[107.443998,26.284439],[107.428257,26.29023],[107.391859,26.289186],[107.380825,26.291347],[107.301766,26.294416],[107.279327,26.297459],[107.242768,26.317928],[107.225222,26.322769],[107.207395,26.330815],[107.195444,26.338136],[107.179647,26.358328],[107.156294,26.375862],[107.114543,26.388049],[107.095465,26.40377],[107.021642,26.444809],[107.012361,26.446237],[106.977989,26.443263],[106.973912,26.445551],[106.960472,26.460816],[106.953041,26.46356],[106.941197,26.462083],[106.92181,26.462656],[106.902805,26.460057],[106.869806,26.460796],[106.858282,26.462543],[106.831208,26.471297],[106.795178,26.488109],[106.779645,26.504744],[106.767713,26.520323],[106.760984,26.52576],[106.747155,26.532136],[106.732237,26.534109],[106.726634,26.536305],[106.713389,26.546593],[106.70598,26.55662],[106.698714,26.559838]],"type":"LineString"}},{"type":"Feature","properties":{"seq":6,"date":"2019.7","origin":"贵阳","destination":"湛江","origin_city":"贵阳","destination_city":"湛江","train":"K874","service":"conventional","table_km":878,"time":"","note":""},"geometry":{"coordinates":[[106.70226,26.558501],[106.698714,26.559838],[106.70598,26.55662],[106.713389,26.546593],[106.726634,26.536305],[106.732237,26.534109],[106.747155,26.532136],[106.763156,26.524253],[106.796742,26.486938],[106.831208,26.471297],[106.858282,26.462543],[106.869806,26.460796],[106.902805,26.460057],[106.92181,26.462656],[106.941197,26.462083],[106.953041,26.46356],[106.960472,26.460816],[106.973912,26.445551],[106.977989,26.443263],[107.012361,26.446237],[107.021642,26.444809],[107.095465,26.40377],[107.114543,26.388049],[107.156294,26.375862],[107.179647,26.358328],[107.195444,26.338136],[107.207395,26.330815],[107.225222,26.322769],[107.242768,26.317928],[107.279327,26.297459],[107.301766,26.294416],[107.380825,26.291347],[107.391859,26.289186],[107.428257,26.29023],[107.443998,26.284439],[107.459725,26.282676],[107.474445,26.284048],[107.48131,26.292664],[107.485442,26.294916],[107.493585,26.293445],[107.497139,26.290558],[107.497688,26.274687],[107.505245,26.255033],[107.511579,26.246218],[107.50931,26.224798],[107.513899,26.213883],[107.514313,26.205276],[107.517701,26.197466],[107.517627,26.189952],[107.51098,26.168637],[107.504358,26.159762],[107.502065,26.152716],[107.489869,26.129795],[107.48517,26.109162],[107.474904,26.099268],[107.468463,26.088036],[107.461335,26.07141],[107.461381,26.062133],[107.463296,26.056503],[107.468945,26.048851],[107.484503,26.035977],[107.493908,26.022373],[107.496085,26.014687],[107.500146,25.966193],[107.50588,25.957118],[107.519586,25.944348],[107.527215,25.924749],[107.530225,25.908886],[107.5434,25.886844],[107.54223,25.851776],[107.535663,25.831597],[107.527898,25.82044],[107.527539,25.805574],[107.531103,25.797936],[107.548287,25.783027],[107.550998,25.772565],[107.560401,25.75477],[107.560914,25.743481],[107.557118,25.729583],[107.559738,25.708386],[107.573418,25.669688],[107.574577,25.656931],[107.566803,25.638921],[107.555741,25.630026],[107.546415,25.613585],[107.537308,25.605656],[107.521368,25.584483],[107.519308,25.571894],[107.522524,25.541419],[107.519666,25.530631],[107.514249,25.525111],[107.493207,25.513173],[107.489508,25.508524],[107.48809,25.50174],[107.4913,25.487965],[107.491985,25.477081],[107.490634,25.464982],[107.484694,25.454283],[107.479513,25.432439],[107.475648,25.424618],[107.473296,25.412509],[107.466813,25.397996],[107.464027,25.386011],[107.446708,25.359676],[107.443573,25.340785],[107.446567,25.332249],[107.464346,25.31157],[107.468608,25.302028],[107.470659,25.284598],[107.476147,25.269054],[107.475461,25.263166],[107.470004,25.253888],[107.468811,25.248192],[107.473049,25.233048],[107.473639,25.206216],[107.475084,25.199194],[107.486406,25.172095],[107.505076,25.139802],[107.493021,25.090543],[107.503045,25.058925],[107.512025,25.046357],[107.536558,25.019576],[107.548306,24.99931],[107.554446,24.979532],[107.561309,24.969644],[107.574037,24.96157],[107.607989,24.944363],[107.633151,24.915466],[107.641459,24.901292],[107.675288,24.860946],[107.701111,24.839733],[107.705993,24.832576],[107.71177,24.815586],[107.715653,24.810193],[107.746631,24.786791],[107.775046,24.758419],[107.784334,24.754448],[107.798026,24.755813],[107.847596,24.771349],[107.893501,24.760134],[107.908809,24.761351],[107.916583,24.757652],[107.932316,24.741398],[107.945534,24.737009],[107.96042,24.738697],[107.968134,24.736752],[107.984573,24.726976],[107.996535,24.71453],[108.004191,24.710112],[108.031235,24.709069],[108.04705,24.703285],[108.087124,24.701558],[108.114191,24.708653],[108.13527,24.721578],[108.15439,24.723562],[108.170796,24.7217],[108.198158,24.727612],[108.21897,24.721113],[108.265251,24.71926],[108.271556,24.716909],[108.284081,24.707505],[108.2936,24.70293],[108.307246,24.699941],[108.321438,24.698922],[108.347414,24.692558],[108.355648,24.687416],[108.365186,24.675564],[108.36802,24.664986],[108.368063,24.648011],[108.374821,24.635888],[108.399846,24.606846],[108.426882,24.584631],[108.451975,24.561348],[108.462224,24.556923],[108.49027,24.557091],[108.502388,24.553358],[108.531103,24.537651],[108.556873,24.515846],[108.568348,24.507878],[108.581356,24.502704],[108.597183,24.48769],[108.606188,24.483871],[108.63921,24.479446],[108.666494,24.478195],[108.691351,24.480725],[108.711021,24.485999],[108.753885,24.487723],[108.773032,24.495384],[108.781682,24.496758],[108.837061,24.493089],[108.85482,24.493308],[108.914216,24.481751],[108.925315,24.486027],[108.94802,24.508998],[108.973428,24.518154],[108.981953,24.519018],[109.001478,24.516394],[109.03725,24.525236],[109.071541,24.522926],[109.078958,24.519525],[109.089055,24.505983],[109.105881,24.491721],[109.113118,24.474541],[109.13133,24.452041],[109.16916,24.421106],[109.195298,24.402337],[109.202118,24.390855],[109.219528,24.375064],[109.229398,24.371023],[109.253836,24.367052],[109.279387,24.367328],[109.297105,24.365518],[109.308154,24.367647],[109.321284,24.367828],[109.351419,24.356691],[109.379892,24.343122],[109.384139,24.339353],[109.390416,24.326796],[109.390228,24.321686],[109.378864,24.30437],[109.377281,24.295625],[109.372499,24.292143],[109.346383,24.254064],[109.34617,24.247341],[109.340656,24.224844],[109.322721,24.206811],[109.305261,24.178443],[109.289097,24.167107],[109.286805,24.159441],[109.261054,24.11952],[109.265921,24.097631],[109.267504,24.077721],[109.265002,24.054543],[109.266278,24.040208],[109.269834,24.032815],[109.273362,23.994673],[109.269994,23.966094],[109.271366,23.954665],[109.279396,23.939118],[109.278766,23.916928],[109.268119,23.899977],[109.266382,23.891855],[109.251502,23.871221],[109.254537,23.858546],[109.255263,23.826327],[109.245304,23.806464],[109.249187,23.7959],[109.247825,23.778474],[109.250193,23.766706],[109.233293,23.722039],[109.233346,23.712436],[109.228546,23.704683],[109.219777,23.69983],[109.202036,23.677877],[109.19254,23.66173],[109.184883,23.63954],[109.177993,23.625086],[109.162605,23.620398],[109.157739,23.616513],[109.150188,23.6139],[109.14558,23.609028],[109.146449,23.571676],[109.152399,23.536509],[109.150463,23.528028],[109.151246,23.510575],[109.158064,23.497679],[109.159349,23.491285],[109.155215,23.473825],[109.150747,23.46766],[109.148913,23.46108],[109.148579,23.404681],[109.141252,23.372495],[109.140894,23.34593],[109.136019,23.327332],[109.126692,23.310676],[109.127514,23.292],[109.121851,23.272027],[109.12119,23.256667],[109.127,23.222234],[109.13314,23.210598],[109.143556,23.200017],[109.149802,23.196068],[109.166282,23.194001],[109.207717,23.200488],[109.226812,23.201218],[109.248788,23.20001],[109.261496,23.195059],[109.276235,23.18568],[109.284724,23.182285],[109.293305,23.174794],[109.301893,23.167132],[109.306676,23.159704],[109.323588,23.142817],[109.328628,23.135545],[109.356705,23.122626],[109.371942,23.112497],[109.39062,23.111223],[109.44631,23.111854],[109.464905,23.109611],[109.506433,23.113553],[109.569313,23.097898],[109.585584,23.100916],[109.618874,23.102792],[109.646474,23.093665],[109.648206,23.091137],[109.649606,23.081317],[109.660628,23.074817],[109.661652,23.063549],[109.68782,23.029934],[109.701039,23.015962],[109.731966,22.991159],[109.748125,22.974257],[109.756892,22.962462],[109.766478,22.955038],[109.780941,22.930452],[109.78843,22.923234],[109.819181,22.876943],[109.839856,22.85658],[109.847328,22.842196],[109.859869,22.832028],[109.864971,22.825049],[109.877244,22.813956],[109.887788,22.812913],[109.891216,22.810721],[109.892228,22.8074],[109.890445,22.799671],[109.882771,22.790739],[109.878453,22.779526],[109.865904,22.761948],[109.866818,22.756386],[109.870505,22.754565],[109.878907,22.754404],[109.931172,22.725423],[109.94212,22.711562],[109.957788,22.699792],[109.971748,22.676946],[109.978919,22.676986],[109.988673,22.682249],[110.00543,22.683861],[110.019301,22.689839],[110.039948,22.687814],[110.101228,22.650491],[110.124411,22.622854],[110.136121,22.615937],[110.160927,22.591307],[110.162412,22.587262],[110.160571,22.578009],[110.172331,22.548923],[110.182591,22.541061],[110.187938,22.532189],[110.19753,22.523799],[110.205623,22.510544],[110.214978,22.504879],[110.217764,22.498063],[110.23852,22.475313],[110.234526,22.445168],[110.2455,22.425823],[110.248331,22.413265],[110.258601,22.388336],[110.264023,22.366063],[110.265233,22.341326],[110.263649,22.333479],[110.257823,22.326473],[110.251008,22.306418],[110.246261,22.298524],[110.240548,22.277746],[110.232066,22.263019],[110.229458,22.252929],[110.223171,22.246353],[110.222553,22.231856],[110.229461,22.215298],[110.228845,22.208725],[110.2258,22.203019],[110.226853,22.194946],[110.221328,22.184416],[110.217353,22.169116],[110.21158,22.160981],[110.21494,22.144511],[110.2145,22.139738],[110.202516,22.118429],[110.206491,22.102821],[110.221741,22.073123],[110.224004,22.053663],[110.186678,21.990073],[110.185153,21.984786],[110.189852,21.969767],[110.189917,21.962181],[110.200569,21.943504],[110.212923,21.926148],[110.228315,21.91264],[110.241745,21.892523],[110.258061,21.844999],[110.259057,21.838017],[110.264664,21.824874],[110.263816,21.819885],[110.254696,21.809386],[110.252835,21.788213],[110.250864,21.781554],[110.249793,21.749083],[110.252519,21.732434],[110.262257,21.71995],[110.265177,21.711454],[110.268193,21.708101],[110.276331,21.70685],[110.28555,21.712618],[110.295394,21.709314],[110.302622,21.672466],[110.303232,21.648109],[110.283329,21.590482],[110.280635,21.569503],[110.256354,21.509992],[110.255882,21.477871],[110.258382,21.461283],[110.258515,21.415887],[110.268845,21.382158],[110.281843,21.366765],[110.343538,21.25423],[110.362103,21.230268],[110.361489,21.219863],[110.367997,21.213498],[110.372141,21.200132],[110.382536,21.18983]],"type":"LineString"}},{"type":"Feature","properties":{"seq":7,"date":"2021（存疑）","origin":"湛江西","destination":"佛山西","origin_city":"湛江","destination_city":"佛山","train":"不详","service":"highspeed","table_km":449,"time":"","note":""},"geometry":{"coordinates":[[110.28291,21.24556],[110.282699,21.240551],[110.283803,21.263478],[110.286748,21.282442],[110.281531,21.307732],[110.281337,21.318114],[110.285956,21.333845],[110.292393,21.344411],[110.303528,21.35372],[110.336973,21.372788],[110.355938,21.380616],[110.376752,21.395061],[110.400415,21.401497],[110.408012,21.405098],[110.426124,21.420168],[110.436478,21.425797],[110.48264,21.440141],[110.520181,21.443028],[110.53892,21.44753],[110.574626,21.452643],[110.63183,21.471315],[110.685047,21.484114],[110.704065,21.484954],[110.717871,21.487362],[110.738341,21.493509],[110.752616,21.501264],[110.792775,21.540094],[110.807987,21.5526],[110.817507,21.558272],[110.835441,21.56489],[110.880594,21.57322],[110.912012,21.585179],[110.938977,21.593335],[111.0234,21.611137],[111.109851,21.632743],[111.189013,21.638135],[111.271456,21.652017],[111.290816,21.657114],[111.338539,21.67306],[111.3827,21.696345],[111.442271,21.717546],[111.467732,21.731981],[111.513279,21.75452],[111.545601,21.773381],[111.570037,21.790595],[111.581384,21.796066],[111.593275,21.799606],[111.606655,21.801405],[111.655403,21.799126],[111.672997,21.800569],[111.694236,21.806534],[111.717379,21.81792],[111.766083,21.858507],[111.793437,21.873789],[111.803209,21.880866],[111.817349,21.895478],[111.825817,21.907527],[111.854111,21.955415],[111.859913,21.969899],[111.871957,22.033699],[111.888526,22.088632],[111.8919,22.115759],[111.894168,22.153531],[111.909372,22.202081],[111.915652,22.216729],[111.931359,22.2404],[111.98296,22.304539],[112.006223,22.340177],[112.022553,22.359821],[112.068641,22.409012],[112.10476,22.456993],[112.115373,22.474787],[112.133236,22.49742],[112.197813,22.609493],[112.212159,22.628039],[112.245168,22.652664],[112.268448,22.666084],[112.309208,22.695492],[112.384117,22.736471],[112.442343,22.763854],[112.470991,22.775271],[112.514059,22.787994],[112.532423,22.798034],[112.546758,22.813156],[112.560301,22.839594],[112.574686,22.888698],[112.582044,22.903904],[112.595555,22.919832],[112.61491,22.932719],[112.630353,22.93828],[112.674793,22.947469],[112.709517,22.956483],[112.749184,22.96347],[112.763806,22.964025],[112.810243,22.958449],[112.831685,22.960882],[112.84491,22.965763],[112.872078,22.981271],[112.895304,23.001389],[112.903275,23.006491],[112.928512,23.018896],[112.971003,23.035008],[112.991964,23.041092],[113.019267,23.045399],[113.039473,23.054573],[113.046561,23.056273],[113.072479,23.055109],[113.105569,23.049054],[113.108501,23.05301],[113.107249,23.064938],[113.108654,23.070564],[113.116708,23.084192],[113.125167,23.088459],[113.11481,23.088663],[113.100509,23.096536],[113.077362,23.099667],[113.070448,23.097634],[113.051755,23.086425],[113.02833,23.08209]],"type":"LineString"}},{"type":"Feature","properties":{"seq":8,"date":"2022年春","origin":"湛江西","destination":"广州南","origin_city":"湛江","destination_city":"广州","train":"不详","service":"highspeed","table_km":428,"time":"","note":""},"geometry":{"coordinates":[[110.282767,21.2428],[110.282906,21.245556],[110.282699,21.240551],[110.283803,21.263478],[110.286748,21.282442],[110.281531,21.307732],[110.281776,21.321109],[110.288588,21.339241],[110.300557,21.351891],[110.336973,21.372788],[110.358469,21.382047],[110.376752,21.395061],[110.406973,21.404525],[110.426124,21.420168],[110.438352,21.426457],[110.48264,21.440141],[110.520181,21.443028],[110.53892,21.44753],[110.574626,21.452643],[110.63183,21.471314],[110.685047,21.484114],[110.704065,21.484954],[110.717871,21.487362],[110.747059,21.497325],[110.754885,21.503261],[110.781952,21.529943],[110.786646,21.538336],[110.791866,21.553916],[110.803028,21.573308],[110.825425,21.596131],[110.851466,21.637183],[110.863864,21.647267],[110.879509,21.653338],[110.894045,21.654764],[110.912527,21.647805],[110.945086,21.641253],[110.953911,21.6435],[110.971071,21.644287],[111.025187,21.686262],[111.039883,21.695671],[111.063617,21.704999],[111.079629,21.707371],[111.119687,21.703617],[111.156193,21.709426],[111.175771,21.708709],[111.283937,21.677757],[111.316377,21.669811],[111.329857,21.669697],[111.341047,21.67332],[111.372454,21.690557],[111.399386,21.698955],[111.43937,21.71557],[111.469282,21.732011],[111.536229,21.756331],[111.552931,21.767522],[111.573964,21.790789],[111.589465,21.79804],[111.615333,21.800263],[111.747242,21.794256],[111.811509,21.805154],[111.835202,21.800891],[111.886627,21.799756],[111.933292,21.795661],[111.952963,21.798612],[111.970909,21.807262],[112.017053,21.823853],[112.044183,21.828548],[112.079457,21.847112],[112.098558,21.860735],[112.111581,21.872263],[112.120501,21.882928],[112.143779,21.944923],[112.1568,21.971282],[112.163545,21.991961],[112.17142,22.000877],[112.185382,22.009948],[112.20259,22.024781],[112.222596,22.060746],[112.232724,22.074039],[112.249527,22.101739],[112.277736,22.139998],[112.284538,22.14579],[112.316983,22.158456],[112.339355,22.163196],[112.366418,22.172792],[112.402417,22.195242],[112.410196,22.198514],[112.454492,22.201694],[112.471986,22.20688],[112.485526,22.215688],[112.499366,22.229682],[112.507959,22.235608],[112.543103,22.250695],[112.56425,22.256395],[112.572866,22.260272],[112.58102,22.266847],[112.597276,22.286268],[112.61804,22.303772],[112.638979,22.316293],[112.648452,22.31991],[112.658055,22.3214],[112.694014,22.321365],[112.703199,22.318488],[112.729139,22.304439],[112.741767,22.301501],[112.769117,22.303214],[112.790826,22.301877],[112.835927,22.30352],[112.849908,22.307519],[112.863087,22.3212],[112.875815,22.34544],[112.92704,22.403364],[112.967022,22.445411],[113.009307,22.473409],[113.053702,22.472703],[113.063634,22.476013],[113.066563,22.509348],[113.065678,22.532034],[113.068939,22.543471],[113.07672,22.552872],[113.088302,22.560644],[113.124024,22.57394],[113.137443,22.577047],[113.177495,22.593982],[113.221499,22.608325],[113.230506,22.614084],[113.277387,22.664593],[113.299597,22.6916],[113.301793,22.698223],[113.30498,22.72605],[113.305482,22.749516],[113.310123,22.762528],[113.327792,22.781334],[113.331291,22.791508],[113.329799,22.809024],[113.327293,22.815329],[113.321114,22.821707],[113.303695,22.831995],[113.300107,22.836905],[113.292765,22.854564],[113.275308,22.869817],[113.267137,22.888184],[113.267492,22.904223],[113.265944,22.909848],[113.261902,22.915338],[113.246949,22.927104],[113.244147,22.931642],[113.243438,22.938691],[113.246014,22.944539],[113.268603,22.959495],[113.274052,22.967078],[113.274435,22.97673],[113.26406,22.991423]],"type":"LineString"}},{"type":"Feature","properties":{"seq":9,"date":"2022年春","origin":"广州南","destination":"湛江西","origin_city":"广州","destination_city":"湛江","train":"不详","service":"highspeed","table_km":428,"time":"","note":""},"geometry":{"coordinates":[[113.263946,22.991351],[113.273734,22.978429],[113.275068,22.973531],[113.274052,22.967078],[113.268603,22.959495],[113.246014,22.944539],[113.243438,22.938691],[113.244147,22.931642],[113.246949,22.927104],[113.261902,22.915338],[113.265944,22.909848],[113.267492,22.904223],[113.267137,22.888184],[113.275308,22.869817],[113.292765,22.854564],[113.300107,22.836905],[113.303695,22.831995],[113.321114,22.821707],[113.327293,22.815329],[113.329799,22.809024],[113.331291,22.791508],[113.327792,22.781334],[113.310123,22.762528],[113.305482,22.749516],[113.30498,22.72605],[113.301793,22.698223],[113.299597,22.6916],[113.277387,22.664593],[113.230506,22.614084],[113.221499,22.608325],[113.177495,22.593982],[113.137443,22.577047],[113.124024,22.57394],[113.088302,22.560644],[113.07672,22.552872],[113.068939,22.543471],[113.065678,22.532034],[113.066563,22.509348],[113.063634,22.476013],[113.053702,22.472703],[113.009307,22.473409],[112.967022,22.445411],[112.92704,22.403364],[112.875815,22.34544],[112.863087,22.3212],[112.849908,22.307519],[112.835927,22.30352],[112.790826,22.301877],[112.769117,22.303214],[112.741767,22.301501],[112.729139,22.304439],[112.703199,22.318488],[112.694014,22.321365],[112.658055,22.3214],[112.648452,22.31991],[112.638979,22.316293],[112.61804,22.303772],[112.597276,22.286268],[112.58102,22.266847],[112.572866,22.260272],[112.56425,22.256395],[112.543103,22.250695],[112.507959,22.235608],[112.499366,22.229682],[112.485526,22.215688],[112.471986,22.20688],[112.454492,22.201694],[112.410196,22.198514],[112.402417,22.195242],[112.366418,22.172792],[112.339355,22.163196],[112.316983,22.158456],[112.284538,22.14579],[112.277736,22.139998],[112.249527,22.101739],[112.232724,22.074039],[112.222596,22.060746],[112.20259,22.024781],[112.185382,22.009948],[112.17142,22.000877],[112.163545,21.991961],[112.1568,21.971282],[112.143779,21.944923],[112.120501,21.882928],[112.111581,21.872263],[112.098558,21.860735],[112.079457,21.847112],[112.044183,21.828548],[112.017053,21.823853],[111.970909,21.807262],[111.952963,21.798612],[111.933292,21.795661],[111.886627,21.799756],[111.835202,21.800891],[111.811509,21.805154],[111.747242,21.794256],[111.615333,21.800263],[111.589465,21.79804],[111.573964,21.790789],[111.552931,21.767522],[111.536229,21.756331],[111.469282,21.732011],[111.43937,21.71557],[111.399386,21.698955],[111.372454,21.690557],[111.341047,21.67332],[111.329857,21.669697],[111.316377,21.669811],[111.283937,21.677757],[111.175771,21.708709],[111.156193,21.709426],[111.119687,21.703617],[111.079629,21.707371],[111.063617,21.704999],[111.039883,21.695671],[111.025187,21.686262],[110.971071,21.644287],[110.953911,21.6435],[110.945086,21.641253],[110.912527,21.647805],[110.894045,21.654764],[110.879509,21.653338],[110.863864,21.647267],[110.851466,21.637183],[110.825425,21.596131],[110.803028,21.573308],[110.791866,21.553916],[110.786646,21.538336],[110.781952,21.529943],[110.754885,21.503261],[110.747059,21.497325],[110.717871,21.487362],[110.704065,21.484954],[110.685047,21.484114],[110.63183,21.471314],[110.574626,21.452643],[110.53892,21.44753],[110.520181,21.443028],[110.48264,21.440141],[110.438352,21.426457],[110.426124,21.420168],[110.406973,21.404525],[110.376752,21.395061],[110.358469,21.382047],[110.336973,21.372788],[110.300557,21.351891],[110.288588,21.339241],[110.281776,21.321109],[110.281531,21.307732],[110.286748,21.282442],[110.283803,21.263478],[110.282699,21.240551],[110.282906,21.245556]],"type":"LineString"}},{"type":"Feature","properties":{"seq":10,"date":"2022.6","origin":"湛江西","destination":"广州南","origin_city":"湛江","destination_city":"广州","train":"不详","service":"highspeed","table_km":428,"time":"","note":""},"geometry":{"coordinates":[[110.282767,21.2428],[110.282906,21.245556],[110.282699,21.240551],[110.283803,21.263478],[110.286748,21.282442],[110.281531,21.307732],[110.281776,21.321109],[110.288588,21.339241],[110.300557,21.351891],[110.336973,21.372788],[110.358469,21.382047],[110.376752,21.395061],[110.406973,21.404525],[110.426124,21.420168],[110.438352,21.426457],[110.48264,21.440141],[110.520181,21.443028],[110.53892,21.44753],[110.574626,21.452643],[110.63183,21.471314],[110.685047,21.484114],[110.704065,21.484954],[110.717871,21.487362],[110.747059,21.497325],[110.754885,21.503261],[110.781952,21.529943],[110.786646,21.538336],[110.791866,21.553916],[110.803028,21.573308],[110.825425,21.596131],[110.851466,21.637183],[110.863864,21.647267],[110.879509,21.653338],[110.894045,21.654764],[110.912527,21.647805],[110.945086,21.641253],[110.953911,21.6435],[110.971071,21.644287],[111.025187,21.686262],[111.039883,21.695671],[111.063617,21.704999],[111.079629,21.707371],[111.119687,21.703617],[111.156193,21.709426],[111.175771,21.708709],[111.283937,21.677757],[111.316377,21.669811],[111.329857,21.669697],[111.341047,21.67332],[111.372454,21.690557],[111.399386,21.698955],[111.43937,21.71557],[111.469282,21.732011],[111.536229,21.756331],[111.552931,21.767522],[111.573964,21.790789],[111.589465,21.79804],[111.615333,21.800263],[111.747242,21.794256],[111.811509,21.805154],[111.835202,21.800891],[111.886627,21.799756],[111.933292,21.795661],[111.952963,21.798612],[111.970909,21.807262],[112.017053,21.823853],[112.044183,21.828548],[112.079457,21.847112],[112.098558,21.860735],[112.111581,21.872263],[112.120501,21.882928],[112.143779,21.944923],[112.1568,21.971282],[112.163545,21.991961],[112.17142,22.000877],[112.185382,22.009948],[112.20259,22.024781],[112.222596,22.060746],[112.232724,22.074039],[112.249527,22.101739],[112.277736,22.139998],[112.284538,22.14579],[112.316983,22.158456],[112.339355,22.163196],[112.366418,22.172792],[112.402417,22.195242],[112.410196,22.198514],[112.454492,22.201694],[112.471986,22.20688],[112.485526,22.215688],[112.499366,22.229682],[112.507959,22.235608],[112.543103,22.250695],[112.56425,22.256395],[112.572866,22.260272],[112.58102,22.266847],[112.597276,22.286268],[112.61804,22.303772],[112.638979,22.316293],[112.648452,22.31991],[112.658055,22.3214],[112.694014,22.321365],[112.703199,22.318488],[112.729139,22.304439],[112.741767,22.301501],[112.769117,22.303214],[112.790826,22.301877],[112.835927,22.30352],[112.849908,22.307519],[112.863087,22.3212],[112.875815,22.34544],[112.92704,22.403364],[112.967022,22.445411],[113.009307,22.473409],[113.053702,22.472703],[113.063634,22.476013],[113.066563,22.509348],[113.065678,22.532034],[113.068939,22.543471],[113.07672,22.552872],[113.088302,22.560644],[113.124024,22.57394],[113.137443,22.577047],[113.177495,22.593982],[113.221499,22.608325],[113.230506,22.614084],[113.277387,22.664593],[113.299597,22.6916],[113.301793,22.698223],[113.30498,22.72605],[113.305482,22.749516],[113.310123,22.762528],[113.327792,22.781334],[113.331291,22.791508],[113.329799,22.809024],[113.327293,22.815329],[113.321114,22.821707],[113.303695,22.831995],[113.300107,22.836905],[113.292765,22.854564],[113.275308,22.869817],[113.267137,22.888184],[113.267492,22.904223],[113.265944,22.909848],[113.261902,22.915338],[113.246949,22.927104],[113.244147,22.931642],[113.243438,22.938691],[113.246014,22.944539],[113.268603,22.959495],[113.274052,22.967078],[113.274435,22.97673],[113.26406,22.991423]],"type":"LineString"}},{"type":"Feature","properties":{"seq":11,"date":"2022.6","origin":"广州南","destination":"湛江西","origin_city":"广州","destination_city":"湛江","train":"不详","service":"highspeed","table_km":428,"time":"","note":""},"geometry":{"coordinates":[[113.263946,22.991351],[113.273734,22.978429],[113.275068,22.973531],[113.274052,22.967078],[113.268603,22.959495],[113.246014,22.944539],[113.243438,22.938691],[113.244147,22.931642],[113.246949,22.927104],[113.261902,22.915338],[113.265944,22.909848],[113.267492,22.904223],[113.267137,22.888184],[113.275308,22.869817],[113.292765,22.854564],[113.300107,22.836905],[113.303695,22.831995],[113.321114,22.821707],[113.327293,22.815329],[113.329799,22.809024],[113.331291,22.791508],[113.327792,22.781334],[113.310123,22.762528],[113.305482,22.749516],[113.30498,22.72605],[113.301793,22.698223],[113.299597,22.6916],[113.277387,22.664593],[113.230506,22.614084],[113.221499,22.608325],[113.177495,22.593982],[113.137443,22.577047],[113.124024,22.57394],[113.088302,22.560644],[113.07672,22.552872],[113.068939,22.543471],[113.065678,22.532034],[113.066563,22.509348],[113.063634,22.476013],[113.053702,22.472703],[113.009307,22.473409],[112.967022,22.445411],[112.92704,22.403364],[112.875815,22.34544],[112.863087,22.3212],[112.849908,22.307519],[112.835927,22.30352],[112.790826,22.301877],[112.769117,22.303214],[112.741767,22.301501],[112.729139,22.304439],[112.703199,22.318488],[112.694014,22.321365],[112.658055,22.3214],[112.648452,22.31991],[112.638979,22.316293],[112.61804,22.303772],[112.597276,22.286268],[112.58102,22.266847],[112.572866,22.260272],[112.56425,22.256395],[112.543103,22.250695],[112.507959,22.235608],[112.499366,22.229682],[112.485526,22.215688],[112.471986,22.20688],[112.454492,22.201694],[112.410196,22.198514],[112.402417,22.195242],[112.366418,22.172792],[112.339355,22.163196],[112.316983,22.158456],[112.284538,22.14579],[112.277736,22.139998],[112.249527,22.101739],[112.232724,22.074039],[112.222596,22.060746],[112.20259,22.024781],[112.185382,22.009948],[112.17142,22.000877],[112.163545,21.991961],[112.1568,21.971282],[112.143779,21.944923],[112.120501,21.882928],[112.111581,21.872263],[112.098558,21.860735],[112.079457,21.847112],[112.044183,21.828548],[112.017053,21.823853],[111.970909,21.807262],[111.952963,21.798612],[111.933292,21.795661],[111.886627,21.799756],[111.835202,21.800891],[111.811509,21.805154],[111.747242,21.794256],[111.615333,21.800263],[111.589465,21.79804],[111.573964,21.790789],[111.552931,21.767522],[111.536229,21.756331],[111.469282,21.732011],[111.43937,21.71557],[111.399386,21.698955],[111.372454,21.690557],[111.341047,21.67332],[111.329857,21.669697],[111.316377,21.669811],[111.283937,21.677757],[111.175771,21.708709],[111.156193,21.709426],[111.119687,21.703617],[111.079629,21.707371],[111.063617,21.704999],[111.039883,21.695671],[111.025187,21.686262],[110.971071,21.644287],[110.953911,21.6435],[110.945086,21.641253],[110.912527,21.647805],[110.894045,21.654764],[110.879509,21.653338],[110.863864,21.647267],[110.851466,21.637183],[110.825425,21.596131],[110.803028,21.573308],[110.791866,21.553916],[110.786646,21.538336],[110.781952,21.529943],[110.754885,21.503261],[110.747059,21.497325],[110.717871,21.487362],[110.704065,21.484954],[110.685047,21.484114],[110.63183,21.471314],[110.574626,21.452643],[110.53892,21.44753],[110.520181,21.443028],[110.48264,21.440141],[110.438352,21.426457],[110.426124,21.420168],[110.406973,21.404525],[110.376752,21.395061],[110.358469,21.382047],[110.336973,21.372788],[110.300557,21.351891],[110.288588,21.339241],[110.281776,21.321109],[110.281531,21.307732],[110.286748,21.282442],[110.283803,21.263478],[110.282699,21.240551],[110.282906,21.245556]],"type":"LineString"}},{"type":"Feature","properties":{"seq":12,"date":"2023.7.26","origin":"合肥南","destination":"广州南","origin_city":"合肥","destination_city":"广州","train":"G637","service":"highspeed","table_km":1424,"time":"08:22-14:36","note":""},"geometry":{"coordinates":[[117.28476,31.8006],[117.262789,31.799091],[117.213486,31.790791],[117.081886,31.787606],[117.07027,31.785184],[117.042175,31.775296],[117.028068,31.772347],[116.989486,31.770998],[116.932838,31.762988],[116.850154,31.757892],[116.780777,31.748093],[116.751608,31.747764],[116.70282,31.751718],[116.556992,31.744973],[116.538239,31.740118],[116.509369,31.7233],[116.460651,31.700558],[116.43739,31.693269],[116.31621,31.684524],[116.263666,31.677979],[116.236072,31.672488],[116.202932,31.669262],[116.166935,31.658538],[116.154078,31.656188],[116.137735,31.656863],[116.102793,31.664626],[116.089976,31.664321],[116.07725,31.661289],[116.056871,31.653185],[115.955709,31.623259],[115.938849,31.615316],[115.855906,31.564215],[115.825252,31.537877],[115.799139,31.507663],[115.783133,31.494035],[115.758866,31.481354],[115.702568,31.444863],[115.621344,31.403362],[115.563637,31.378304],[115.53815,31.3559],[115.494586,31.327997],[115.473657,31.311496],[115.460431,31.304176],[115.435568,31.297356],[115.287565,31.284371],[115.266151,31.279928],[115.23751,31.278296],[115.181876,31.266457],[115.124991,31.256454],[115.078992,31.235009],[115.024303,31.203607],[114.932494,31.174307],[114.874473,31.143073],[114.810524,31.103086],[114.722112,31.055906],[114.648624,31.020986],[114.606973,30.993439],[114.58102,30.984875],[114.504618,30.949388],[114.458489,30.936506],[114.420758,30.919489],[114.402519,30.915492],[114.351473,30.91113],[114.338978,30.90766],[114.329429,30.902956],[114.315481,30.890901],[114.306336,30.875047],[114.302895,30.862503],[114.304316,30.84951],[114.351232,30.757005],[114.354453,30.74546],[114.356313,30.724679],[114.358796,30.717264],[114.392215,30.672112],[114.405093,30.648088],[114.432103,30.570612],[114.450618,30.540066],[114.454598,30.519841],[114.452666,30.432948],[114.441577,30.390973],[114.435738,30.377196],[114.401953,30.327393],[114.370566,30.272104],[114.363188,30.258138],[114.357549,30.240406],[114.356296,30.220771],[114.357837,30.172131],[114.362524,30.141678],[114.363346,30.096363],[114.373614,29.993393],[114.371894,29.978849],[114.368123,29.966212],[114.353394,29.940458],[114.343082,29.928831],[114.32962,29.918385],[114.269938,29.890152],[114.22431,29.864371],[114.004166,29.798057],[113.921665,29.750965],[113.87549,29.732009],[113.828376,29.707183],[113.813398,29.696524],[113.768843,29.656861],[113.709905,29.580007],[113.676233,29.552804],[113.658357,29.541407],[113.621694,29.527497],[113.527837,29.517785],[113.42539,29.493404],[113.412128,29.488845],[113.341058,29.454271],[113.253378,29.420001],[113.237704,29.409952],[113.220559,29.393385],[113.181464,29.337273],[113.172415,29.32156],[113.141929,29.230357],[113.138795,29.212368],[113.140994,29.160953],[113.139597,29.134048],[113.142101,28.916817],[113.130309,28.790038],[113.144114,28.71638],[113.145244,28.608961],[113.142531,28.593489],[113.138734,28.582323],[113.080594,28.452264],[113.074863,28.432617],[113.072815,28.302605],[113.066036,28.269168],[113.064946,28.24047],[113.057341,28.177148],[113.061102,28.11584],[113.0464,28.042212],[113.042255,27.947939],[113.04945,27.904351],[113.050804,27.875003],[113.059115,27.829583],[113.065774,27.7518],[113.064313,27.732981],[113.055734,27.693531],[113.046586,27.672056],[112.98533,27.587637],[112.961882,27.548947],[112.926421,27.510909],[112.915672,27.49733],[112.887273,27.432266],[112.866642,27.394776],[112.851793,27.361012],[112.824153,27.308917],[112.73056,27.177034],[112.720092,27.157493],[112.715233,27.140415],[112.713834,27.119855],[112.720859,27.058032],[112.727269,27.020696],[112.72776,27.006753],[112.725749,26.993705],[112.708247,26.940464],[112.705777,26.928599],[112.706048,26.860416],[112.699253,26.82795],[112.697894,26.813759],[112.700902,26.722575],[112.703047,26.70655],[112.749298,26.570575],[112.777821,26.456421],[112.786347,26.389235],[112.82017,26.260249],[112.829802,26.235168],[112.849754,26.16998],[112.857122,26.136977],[112.859328,26.08881],[112.861404,26.074665],[112.874016,26.045443],[112.879739,26.027906],[112.905463,25.981226],[112.916826,25.947216],[112.92924,25.886476],[112.962722,25.770894],[112.964144,25.75817],[112.963301,25.704514],[112.965573,25.68918],[112.980736,25.652629],[113.039891,25.490607],[113.045015,25.479643],[113.063139,25.459664],[113.110685,25.429171],[113.16708,25.387835],[113.25761,25.310663],[113.296824,25.269392],[113.353787,25.199837],[113.362939,25.184502],[113.379303,25.148046],[113.395386,25.104351],[113.435689,25.01012],[113.471839,24.906601],[113.482693,24.889581],[113.520857,24.846212],[113.527233,24.833991],[113.531794,24.817151],[113.531215,24.798668],[113.527105,24.784054],[113.521896,24.773776],[113.490748,24.726691],[113.484531,24.711281],[113.481676,24.697212],[113.483324,24.649668],[113.488032,24.633625],[113.502323,24.599186],[113.505891,24.568663],[113.503299,24.548445],[113.489831,24.51371],[113.485651,24.497248],[113.484187,24.441002],[113.482089,24.432207],[113.470839,24.411075],[113.397804,24.316994],[113.388993,24.302915],[113.38334,24.288247],[113.375125,24.250605],[113.359454,24.212339],[113.336334,24.137844],[113.305175,24.072583],[113.258894,23.997042],[113.234056,23.918085],[113.212263,23.86031],[113.204203,23.844378],[113.185106,23.815911],[113.172009,23.785026],[113.160469,23.764488],[113.149429,23.7382],[113.136893,23.715455],[113.12329,23.68006],[113.120187,23.667441],[113.119339,23.653951],[113.120724,23.641756],[113.133248,23.602947],[113.140179,23.55126],[113.145803,23.533511],[113.1698,23.488007],[113.175099,23.474002],[113.179493,23.449327],[113.190654,23.40348],[113.203488,23.361666],[113.204799,23.352179],[113.204593,23.320957],[113.215716,23.28502],[113.214887,23.268228],[113.199269,23.225094],[113.194961,23.197986],[113.192733,23.125431],[113.193776,23.113492],[113.204531,23.069549],[113.212203,23.054936],[113.219989,23.03509],[113.226412,23.028705],[113.244123,23.018796],[113.26406,22.99143]],"type":"LineString"}},{"type":"Feature","properties":{"seq":13,"date":"2023.7.26","origin":"广州南","destination":"湛江西","origin_city":"广州","destination_city":"湛江","train":"C6945","service":"highspeed","table_km":428,"time":"15:16-18:19","note":""},"geometry":{"coordinates":[[113.263946,22.991351],[113.273734,22.978429],[113.275068,22.973531],[113.274052,22.967078],[113.268603,22.959495],[113.246014,22.944539],[113.243438,22.938691],[113.244147,22.931642],[113.246949,22.927104],[113.261902,22.915338],[113.265944,22.909848],[113.267492,22.904223],[113.267137,22.888184],[113.275308,22.869817],[113.292765,22.854564],[113.300107,22.836905],[113.303695,22.831995],[113.321114,22.821707],[113.327293,22.815329],[113.329799,22.809024],[113.331291,22.791508],[113.327792,22.781334],[113.310123,22.762528],[113.305482,22.749516],[113.30498,22.72605],[113.301793,22.698223],[113.299597,22.6916],[113.277387,22.664593],[113.230506,22.614084],[113.221499,22.608325],[113.177495,22.593982],[113.137443,22.577047],[113.124024,22.57394],[113.088302,22.560644],[113.07672,22.552872],[113.068939,22.543471],[113.065678,22.532034],[113.066563,22.509348],[113.063634,22.476013],[113.053702,22.472703],[113.009307,22.473409],[112.967022,22.445411],[112.92704,22.403364],[112.875815,22.34544],[112.863087,22.3212],[112.849908,22.307519],[112.835927,22.30352],[112.790826,22.301877],[112.769117,22.303214],[112.741767,22.301501],[112.729139,22.304439],[112.703199,22.318488],[112.694014,22.321365],[112.658055,22.3214],[112.648452,22.31991],[112.638979,22.316293],[112.61804,22.303772],[112.597276,22.286268],[112.58102,22.266847],[112.572866,22.260272],[112.56425,22.256395],[112.543103,22.250695],[112.507959,22.235608],[112.499366,22.229682],[112.485526,22.215688],[112.471986,22.20688],[112.454492,22.201694],[112.410196,22.198514],[112.402417,22.195242],[112.366418,22.172792],[112.339355,22.163196],[112.316983,22.158456],[112.284538,22.14579],[112.277736,22.139998],[112.249527,22.101739],[112.232724,22.074039],[112.222596,22.060746],[112.20259,22.024781],[112.185382,22.009948],[112.17142,22.000877],[112.163545,21.991961],[112.1568,21.971282],[112.143779,21.944923],[112.120501,21.882928],[112.111581,21.872263],[112.098558,21.860735],[112.079457,21.847112],[112.044183,21.828548],[112.017053,21.823853],[111.970909,21.807262],[111.952963,21.798612],[111.933292,21.795661],[111.886627,21.799756],[111.835202,21.800891],[111.811509,21.805154],[111.747242,21.794256],[111.615333,21.800263],[111.589465,21.79804],[111.573964,21.790789],[111.552931,21.767522],[111.536229,21.756331],[111.469282,21.732011],[111.43937,21.71557],[111.399386,21.698955],[111.372454,21.690557],[111.341047,21.67332],[111.329857,21.669697],[111.316377,21.669811],[111.283937,21.677757],[111.175771,21.708709],[111.156193,21.709426],[111.119687,21.703617],[111.079629,21.707371],[111.063617,21.704999],[111.039883,21.695671],[111.025187,21.686262],[110.971071,21.644287],[110.953911,21.6435],[110.945086,21.641253],[110.912527,21.647805],[110.894045,21.654764],[110.879509,21.653338],[110.863864,21.647267],[110.851466,21.637183],[110.825425,21.596131],[110.803028,21.573308],[110.791866,21.553916],[110.786646,21.538336],[110.781952,21.529943],[110.754885,21.503261],[110.747059,21.497325],[110.717871,21.487362],[110.704065,21.484954],[110.685047,21.484114],[110.63183,21.471314],[110.574626,21.452643],[110.53892,21.44753],[110.520181,21.443028],[110.48264,21.440141],[110.438352,21.426457],[110.426124,21.420168],[110.406973,21.404525],[110.376752,21.395061],[110.358469,21.382047],[110.336973,21.372788],[110.300557,21.351891],[110.288588,21.339241],[110.281776,21.321109],[110.281531,21.307732],[110.286748,21.282442],[110.283803,21.263478],[110.282699,21.240551],[110.282906,21.245556]],"type":"LineString"}},{"type":"Feature","properties":{"seq":14,"date":"2023.8.28","origin":"广州南","destination":"合肥南","origin_city":"广州","destination_city":"合肥","train":"G638","service":"highspeed","table_km":1424,"time":"14:56-21:36","note":""},"geometry":{"coordinates":[[113.26444,22.99165],[113.244123,23.018796],[113.226412,23.028705],[113.219989,23.03509],[113.212203,23.054936],[113.204531,23.069549],[113.193776,23.113492],[113.192733,23.125431],[113.194961,23.197986],[113.199269,23.225094],[113.214887,23.268228],[113.215716,23.28502],[113.204593,23.320957],[113.204799,23.352179],[113.203488,23.361666],[113.190654,23.40348],[113.179493,23.449327],[113.175099,23.474002],[113.1698,23.488007],[113.145803,23.533511],[113.140179,23.55126],[113.133248,23.602947],[113.120724,23.641756],[113.119339,23.653951],[113.120187,23.667441],[113.12329,23.68006],[113.136893,23.715455],[113.149429,23.7382],[113.160469,23.764488],[113.172009,23.785026],[113.185106,23.815911],[113.204203,23.844378],[113.212263,23.86031],[113.234056,23.918085],[113.258894,23.997042],[113.305175,24.072583],[113.336334,24.137844],[113.359454,24.212339],[113.375125,24.250605],[113.38334,24.288247],[113.388993,24.302915],[113.397804,24.316994],[113.470839,24.411075],[113.482089,24.432207],[113.484187,24.441002],[113.485651,24.497248],[113.489831,24.51371],[113.503299,24.548445],[113.505891,24.568663],[113.502323,24.599186],[113.488032,24.633625],[113.483324,24.649668],[113.481676,24.697212],[113.484531,24.711281],[113.490748,24.726691],[113.521896,24.773776],[113.527105,24.784054],[113.531215,24.798668],[113.531794,24.817151],[113.527233,24.833991],[113.520857,24.846212],[113.482693,24.889581],[113.471839,24.906601],[113.435689,25.01012],[113.395386,25.104351],[113.379303,25.148046],[113.362939,25.184502],[113.353787,25.199837],[113.296824,25.269392],[113.25761,25.310663],[113.16708,25.387835],[113.110685,25.429171],[113.063139,25.459664],[113.045015,25.479643],[113.039891,25.490607],[112.980736,25.652629],[112.965573,25.68918],[112.963301,25.704514],[112.964144,25.75817],[112.962722,25.770894],[112.92924,25.886476],[112.916826,25.947216],[112.905463,25.981226],[112.879739,26.027906],[112.874016,26.045443],[112.861404,26.074665],[112.859328,26.08881],[112.857122,26.136977],[112.849754,26.16998],[112.829802,26.235168],[112.82017,26.260249],[112.786347,26.389235],[112.777821,26.456421],[112.749298,26.570575],[112.703047,26.70655],[112.700902,26.722575],[112.697894,26.813759],[112.699253,26.82795],[112.706048,26.860416],[112.705777,26.928599],[112.708247,26.940464],[112.725749,26.993705],[112.72776,27.006753],[112.727269,27.020696],[112.720859,27.058032],[112.713834,27.119855],[112.715233,27.140415],[112.720092,27.157493],[112.73056,27.177034],[112.824153,27.308917],[112.851793,27.361012],[112.866642,27.394776],[112.887273,27.432266],[112.915672,27.49733],[112.926421,27.510909],[112.961882,27.548947],[112.98533,27.587637],[113.046586,27.672056],[113.055734,27.693531],[113.064313,27.732981],[113.065774,27.7518],[113.059115,27.829583],[113.050804,27.875003],[113.04945,27.904351],[113.042255,27.947939],[113.0464,28.042212],[113.061102,28.11584],[113.057341,28.177148],[113.064946,28.24047],[113.066036,28.269168],[113.072815,28.302605],[113.074863,28.432617],[113.080594,28.452264],[113.138734,28.582323],[113.142531,28.593489],[113.145244,28.608961],[113.144114,28.71638],[113.130309,28.790038],[113.142101,28.916817],[113.139597,29.134048],[113.140994,29.160953],[113.138795,29.212368],[113.141929,29.230357],[113.172415,29.32156],[113.181464,29.337273],[113.220559,29.393385],[113.237704,29.409952],[113.253378,29.420001],[113.341058,29.454271],[113.412128,29.488845],[113.42539,29.493404],[113.527837,29.517785],[113.621694,29.527497],[113.658357,29.541407],[113.676233,29.552804],[113.709905,29.580007],[113.768843,29.656861],[113.813398,29.696524],[113.828376,29.707183],[113.87549,29.732009],[113.921665,29.750965],[114.004166,29.798057],[114.22431,29.864371],[114.269938,29.890152],[114.32962,29.918385],[114.343082,29.928831],[114.353394,29.940458],[114.368123,29.966212],[114.371894,29.978849],[114.373614,29.993393],[114.363346,30.096363],[114.362524,30.141678],[114.357837,30.172131],[114.356296,30.220771],[114.357549,30.240406],[114.363188,30.258138],[114.370566,30.272104],[114.401953,30.327393],[114.435738,30.377196],[114.441577,30.390973],[114.452666,30.432948],[114.454598,30.519841],[114.450618,30.540066],[114.432103,30.570612],[114.405093,30.648088],[114.392215,30.672112],[114.358796,30.717264],[114.356313,30.724679],[114.354453,30.74546],[114.351232,30.757005],[114.304316,30.84951],[114.302895,30.862503],[114.306336,30.875047],[114.315481,30.890901],[114.329429,30.902956],[114.338978,30.90766],[114.351473,30.91113],[114.402519,30.915492],[114.420758,30.919489],[114.458489,30.936506],[114.504618,30.949388],[114.58102,30.984875],[114.606973,30.993439],[114.648624,31.020986],[114.722112,31.055906],[114.810524,31.103086],[114.874473,31.143073],[114.932494,31.174307],[115.024303,31.203607],[115.078992,31.235009],[115.124991,31.256454],[115.181876,31.266457],[115.23751,31.278296],[115.266151,31.279928],[115.287565,31.284371],[115.435568,31.297356],[115.460431,31.304176],[115.473657,31.311496],[115.494586,31.327997],[115.53815,31.3559],[115.563637,31.378304],[115.621344,31.403362],[115.702568,31.444863],[115.758866,31.481354],[115.783133,31.494035],[115.799139,31.507663],[115.825252,31.537877],[115.855906,31.564215],[115.938849,31.615316],[115.955709,31.623259],[116.056871,31.653185],[116.07725,31.661289],[116.089976,31.664321],[116.102793,31.664626],[116.137735,31.656863],[116.154078,31.656188],[116.166935,31.658538],[116.202932,31.669262],[116.236072,31.672488],[116.263666,31.677979],[116.31621,31.684524],[116.43739,31.693269],[116.460651,31.700558],[116.509369,31.7233],[116.538239,31.740118],[116.556992,31.744973],[116.70282,31.751718],[116.751608,31.747764],[116.780777,31.748093],[116.850154,31.757892],[116.932838,31.762988],[116.989486,31.770998],[117.028068,31.772347],[117.042175,31.775296],[117.07027,31.785184],[117.081886,31.787606],[117.213486,31.790791],[117.264803,31.799362],[117.28488,31.80024]],"type":"LineString"}},{"type":"Feature","properties":{"seq":15,"date":"2024.1.17","origin":"合肥南","destination":"汉口","origin_city":"合肥","destination_city":"武汉","train":"D2247","service":"highspeed","table_km":359,"time":"12:50-14:44","note":""},"geometry":{"coordinates":[[117.28476,31.8006],[117.262789,31.799091],[117.213486,31.790791],[117.081886,31.787606],[117.07027,31.785184],[117.042175,31.775296],[117.028068,31.772347],[116.989486,31.770998],[116.932838,31.762988],[116.850154,31.757892],[116.780777,31.748093],[116.751608,31.747764],[116.70282,31.751718],[116.55572,31.744817],[116.538239,31.740118],[116.50814,31.722702],[116.457834,31.699302],[116.440449,31.69386],[116.31621,31.684524],[116.263666,31.677979],[116.236072,31.672488],[116.202932,31.669262],[116.166935,31.658538],[116.154078,31.656188],[116.137735,31.656863],[116.108456,31.664085],[116.087986,31.664032],[116.056871,31.653185],[115.951511,31.621702],[115.938849,31.615316],[115.857471,31.565424],[115.825252,31.537877],[115.799139,31.507663],[115.783133,31.494035],[115.758866,31.481354],[115.702568,31.444863],[115.621344,31.403362],[115.563637,31.378304],[115.53815,31.3559],[115.494586,31.327997],[115.473657,31.311496],[115.460431,31.304176],[115.435568,31.297356],[115.287565,31.284371],[115.266151,31.279928],[115.23751,31.278296],[115.181876,31.266457],[115.124991,31.256454],[115.078992,31.235009],[115.024303,31.203607],[114.932494,31.174307],[114.874473,31.143073],[114.810524,31.103086],[114.722112,31.055906],[114.648624,31.020986],[114.606973,30.993439],[114.58102,30.984875],[114.504618,30.949388],[114.458489,30.936506],[114.420758,30.919489],[114.402519,30.915492],[114.351473,30.91113],[114.330547,30.903629],[114.319982,30.895754],[114.311696,30.885558],[114.304771,30.871246],[114.302824,30.857912],[114.304677,30.84842],[114.309633,30.837691],[114.337772,30.783753],[114.349839,30.766601],[114.352548,30.759149],[114.353079,30.7514],[114.351572,30.744035],[114.340146,30.724695],[114.33756,30.714612],[114.338207,30.706764],[114.345187,30.684633],[114.344292,30.670617],[114.340358,30.660087],[114.333808,30.648901],[114.325894,30.641551],[114.313446,30.637224],[114.290369,30.632647],[114.24943,30.62159]],"type":"LineString"}},{"type":"Feature","properties":{"seq":16,"date":"2024.1.20","origin":"武汉","destination":"岳阳东","origin_city":"武汉","destination_city":"岳阳","train":"G1105","service":"highspeed","table_km":215,"time":"06:53-07:49","note":""},"geometry":{"coordinates":[[114.41863,30.60943],[114.432054,30.570603],[114.447807,30.546012],[114.45352,30.529693],[114.454568,30.515803],[114.452607,30.432953],[114.441519,30.390985],[114.435685,30.377217],[114.396698,30.318511],[114.363129,30.258158],[114.357487,30.240414],[114.356223,30.220764],[114.357775,30.172128],[114.362462,30.141673],[114.363284,30.096359],[114.373552,29.993393],[114.371833,29.978859],[114.368064,29.966229],[114.355724,29.943907],[114.345276,29.931013],[114.324404,29.915403],[114.269906,29.890198],[114.222446,29.863667],[114.004141,29.798106],[113.921633,29.751011],[113.875461,29.732056],[113.828342,29.707228],[113.813354,29.696563],[113.768794,29.656894],[113.709858,29.580042],[113.676192,29.552844],[113.658326,29.541453],[113.621679,29.52755],[113.527824,29.517838],[113.439484,29.496994],[113.412101,29.488894],[113.341017,29.454307],[113.266,29.425921],[113.250234,29.418343],[113.237663,29.409992],[113.224677,29.398187],[113.202725,29.368678]],"type":"LineString"}},{"type":"Feature","properties":{"seq":17,"date":"2024.1.20","origin":"岳阳东","destination":"广州白云","origin_city":"岳阳","destination_city":"广州","train":"G885","service":"highspeed","table_km":829,"time":"12:48-16:01","note":""},"geometry":{"coordinates":[[113.206738,29.374021],[113.202725,29.368678],[113.20788,29.37567],[113.179039,29.333835],[113.171988,29.320704],[113.1418,29.230386],[113.138822,29.214799],[113.14086,29.160951],[113.139464,29.134049],[113.141968,28.916818],[113.130247,28.790046],[113.143991,28.716371],[113.145365,28.611696],[113.143655,28.59852],[113.138683,28.582338],[113.080561,28.452275],[113.074555,28.430357],[113.072759,28.302608],[113.065976,28.269174],[113.06488,28.240474],[113.057275,28.177151],[113.061046,28.115843],[113.046549,28.045116],[113.042035,27.95387],[113.049404,27.904348],[113.050724,27.875004],[113.059029,27.829576],[113.065703,27.751798],[113.063989,27.731657],[113.055665,27.693545],[113.046524,27.672087],[112.985277,27.587664],[112.961834,27.548979],[112.926373,27.510942],[112.91562,27.497358],[112.887217,27.432287],[112.866587,27.394798],[112.851741,27.361031],[112.824094,27.308944],[112.730521,27.177055],[112.72005,27.157507],[112.715188,27.140421],[112.713789,27.119853],[112.720784,27.058025],[112.727204,27.020689],[112.727695,27.006756],[112.725686,26.993718],[112.708161,26.940478],[112.705717,26.928606],[112.705992,26.860418],[112.699203,26.827958],[112.697849,26.813758],[112.700857,26.722573],[112.702998,26.706541],[112.74925,26.570564],[112.777751,26.456399],[112.786318,26.389229],[112.82017,26.260249],[112.829802,26.235168],[112.849754,26.16998],[112.857122,26.136977],[112.859328,26.08881],[112.861404,26.074665],[112.874016,26.045443],[112.879739,26.027906],[112.905463,25.981226],[112.916826,25.947216],[112.92924,25.886476],[112.962722,25.770894],[112.964144,25.75817],[112.963301,25.704514],[112.965573,25.68918],[112.980736,25.652629],[113.039891,25.490607],[113.045015,25.479643],[113.063139,25.459664],[113.110685,25.429171],[113.16708,25.387835],[113.25761,25.310663],[113.296824,25.269392],[113.353787,25.199837],[113.362939,25.184502],[113.379303,25.148046],[113.395386,25.104351],[113.435689,25.01012],[113.471839,24.906601],[113.482693,24.889581],[113.520857,24.846212],[113.527233,24.833991],[113.531794,24.817151],[113.531215,24.798668],[113.527105,24.784054],[113.521896,24.773776],[113.490748,24.726691],[113.484531,24.711281],[113.481676,24.697212],[113.483324,24.649668],[113.488032,24.633625],[113.502323,24.599186],[113.505891,24.568663],[113.503299,24.548445],[113.489831,24.51371],[113.485651,24.497248],[113.484187,24.441002],[113.482089,24.432207],[113.470839,24.411075],[113.397804,24.316994],[113.388993,24.302915],[113.38334,24.288247],[113.375125,24.250605],[113.359454,24.212339],[113.336334,24.137844],[113.305175,24.072583],[113.258894,23.997042],[113.234056,23.918085],[113.212263,23.86031],[113.204203,23.844378],[113.183011,23.811725],[113.172009,23.785026],[113.160469,23.764488],[113.149429,23.7382],[113.136893,23.715455],[113.120538,23.669409],[113.119319,23.65735],[113.120182,23.645002],[113.133248,23.602947],[113.140179,23.55126],[113.145803,23.533511],[113.1698,23.488007],[113.175099,23.474002],[113.179493,23.449327],[113.190654,23.40348],[113.202884,23.363453],[113.205333,23.343485],[113.204118,23.329497],[113.205369,23.320949],[113.207539,23.312887],[113.212269,23.304087],[113.217076,23.283182],[113.225299,23.267425],[113.226699,23.236316],[113.229372,23.230809],[113.237217,23.22269],[113.24167,23.215444],[113.241587,23.188315],[113.240482,23.194037]],"type":"LineString"}},{"type":"Feature","properties":{"seq":18,"date":"2024.1.20","origin":"广州南","destination":"湛江西","origin_city":"广州","destination_city":"湛江","train":"C6961","service":"highspeed","table_km":428,"time":"17:38-20:39","note":""},"geometry":{"coordinates":[[113.263946,22.991351],[113.273734,22.978429],[113.275068,22.973531],[113.274052,22.967078],[113.268603,22.959495],[113.246014,22.944539],[113.243438,22.938691],[113.244147,22.931642],[113.246949,22.927104],[113.261902,22.915338],[113.265944,22.909848],[113.267492,22.904223],[113.267137,22.888184],[113.275308,22.869817],[113.292765,22.854564],[113.300107,22.836905],[113.303695,22.831995],[113.321114,22.821707],[113.327293,22.815329],[113.329799,22.809024],[113.331291,22.791508],[113.327792,22.781334],[113.310123,22.762528],[113.305482,22.749516],[113.30498,22.72605],[113.301793,22.698223],[113.299597,22.6916],[113.277387,22.664593],[113.230506,22.614084],[113.221499,22.608325],[113.177495,22.593982],[113.137443,22.577047],[113.124024,22.57394],[113.088302,22.560644],[113.07672,22.552872],[113.068939,22.543471],[113.065678,22.532034],[113.066563,22.509348],[113.063634,22.476013],[113.053702,22.472703],[113.009307,22.473409],[112.967022,22.445411],[112.92704,22.403364],[112.875815,22.34544],[112.863087,22.3212],[112.849908,22.307519],[112.835927,22.30352],[112.790826,22.301877],[112.769117,22.303214],[112.741767,22.301501],[112.729139,22.304439],[112.703199,22.318488],[112.694014,22.321365],[112.658055,22.3214],[112.648452,22.31991],[112.638979,22.316293],[112.61804,22.303772],[112.597276,22.286268],[112.58102,22.266847],[112.572866,22.260272],[112.56425,22.256395],[112.543103,22.250695],[112.507959,22.235608],[112.499366,22.229682],[112.485526,22.215688],[112.471986,22.20688],[112.454492,22.201694],[112.410196,22.198514],[112.402417,22.195242],[112.366418,22.172792],[112.339355,22.163196],[112.316983,22.158456],[112.284538,22.14579],[112.277736,22.139998],[112.249527,22.101739],[112.232724,22.074039],[112.222596,22.060746],[112.20259,22.024781],[112.185382,22.009948],[112.17142,22.000877],[112.163545,21.991961],[112.1568,21.971282],[112.143779,21.944923],[112.120501,21.882928],[112.111581,21.872263],[112.098558,21.860735],[112.079457,21.847112],[112.044183,21.828548],[112.017053,21.823853],[111.970909,21.807262],[111.952963,21.798612],[111.933292,21.795661],[111.886627,21.799756],[111.835202,21.800891],[111.811509,21.805154],[111.747242,21.794256],[111.615333,21.800263],[111.589465,21.79804],[111.573964,21.790789],[111.552931,21.767522],[111.536229,21.756331],[111.469282,21.732011],[111.43937,21.71557],[111.399386,21.698955],[111.372454,21.690557],[111.341047,21.67332],[111.329857,21.669697],[111.316377,21.669811],[111.283937,21.677757],[111.175771,21.708709],[111.156193,21.709426],[111.119687,21.703617],[111.079629,21.707371],[111.063617,21.704999],[111.039883,21.695671],[111.025187,21.686262],[110.971071,21.644287],[110.953911,21.6435],[110.945086,21.641253],[110.912527,21.647805],[110.894045,21.654764],[110.879509,21.653338],[110.863864,21.647267],[110.851466,21.637183],[110.825425,21.596131],[110.803028,21.573308],[110.791866,21.553916],[110.786646,21.538336],[110.781952,21.529943],[110.754885,21.503261],[110.747059,21.497325],[110.717871,21.487362],[110.704065,21.484954],[110.685047,21.484114],[110.63183,21.471314],[110.574626,21.452643],[110.53892,21.44753],[110.520181,21.443028],[110.48264,21.440141],[110.438352,21.426457],[110.426124,21.420168],[110.406973,21.404525],[110.376752,21.395061],[110.358469,21.382047],[110.336973,21.372788],[110.300557,21.351891],[110.288588,21.339241],[110.281776,21.321109],[110.281531,21.307732],[110.286748,21.282442],[110.283803,21.263478],[110.282699,21.240551],[110.282906,21.245556]],"type":"LineString"}},{"type":"Feature","properties":{"seq":19,"date":"2024.2.24","origin":"湛江西","destination":"广州南","origin_city":"湛江","destination_city":"广州","train":"C6914","service":"highspeed","table_km":428,"time":"11:04-14:05","note":""},"geometry":{"coordinates":[[110.282767,21.2428],[110.282906,21.245556],[110.282699,21.240551],[110.283803,21.263478],[110.286748,21.282442],[110.281531,21.307732],[110.281776,21.321109],[110.288588,21.339241],[110.300557,21.351891],[110.336973,21.372788],[110.358469,21.382047],[110.376752,21.395061],[110.406973,21.404525],[110.426124,21.420168],[110.438352,21.426457],[110.48264,21.440141],[110.520181,21.443028],[110.53892,21.44753],[110.574626,21.452643],[110.63183,21.471314],[110.685047,21.484114],[110.704065,21.484954],[110.717871,21.487362],[110.747059,21.497325],[110.754885,21.503261],[110.781952,21.529943],[110.786646,21.538336],[110.791866,21.553916],[110.803028,21.573308],[110.825425,21.596131],[110.851466,21.637183],[110.863864,21.647267],[110.879509,21.653338],[110.894045,21.654764],[110.912527,21.647805],[110.945086,21.641253],[110.953911,21.6435],[110.971071,21.644287],[111.025187,21.686262],[111.039883,21.695671],[111.063617,21.704999],[111.079629,21.707371],[111.119687,21.703617],[111.156193,21.709426],[111.175771,21.708709],[111.283937,21.677757],[111.316377,21.669811],[111.329857,21.669697],[111.341047,21.67332],[111.372454,21.690557],[111.399386,21.698955],[111.43937,21.71557],[111.469282,21.732011],[111.536229,21.756331],[111.552931,21.767522],[111.573964,21.790789],[111.589465,21.79804],[111.615333,21.800263],[111.747242,21.794256],[111.811509,21.805154],[111.835202,21.800891],[111.886627,21.799756],[111.933292,21.795661],[111.952963,21.798612],[111.970909,21.807262],[112.017053,21.823853],[112.044183,21.828548],[112.079457,21.847112],[112.098558,21.860735],[112.111581,21.872263],[112.120501,21.882928],[112.143779,21.944923],[112.1568,21.971282],[112.163545,21.991961],[112.17142,22.000877],[112.185382,22.009948],[112.20259,22.024781],[112.222596,22.060746],[112.232724,22.074039],[112.249527,22.101739],[112.277736,22.139998],[112.284538,22.14579],[112.316983,22.158456],[112.339355,22.163196],[112.366418,22.172792],[112.402417,22.195242],[112.410196,22.198514],[112.454492,22.201694],[112.471986,22.20688],[112.485526,22.215688],[112.499366,22.229682],[112.507959,22.235608],[112.543103,22.250695],[112.56425,22.256395],[112.572866,22.260272],[112.58102,22.266847],[112.597276,22.286268],[112.61804,22.303772],[112.638979,22.316293],[112.648452,22.31991],[112.658055,22.3214],[112.694014,22.321365],[112.703199,22.318488],[112.729139,22.304439],[112.741767,22.301501],[112.769117,22.303214],[112.790826,22.301877],[112.835927,22.30352],[112.849908,22.307519],[112.863087,22.3212],[112.875815,22.34544],[112.92704,22.403364],[112.967022,22.445411],[113.009307,22.473409],[113.053702,22.472703],[113.063634,22.476013],[113.066563,22.509348],[113.065678,22.532034],[113.068939,22.543471],[113.07672,22.552872],[113.088302,22.560644],[113.124024,22.57394],[113.137443,22.577047],[113.177495,22.593982],[113.221499,22.608325],[113.230506,22.614084],[113.277387,22.664593],[113.299597,22.6916],[113.301793,22.698223],[113.30498,22.72605],[113.305482,22.749516],[113.310123,22.762528],[113.327792,22.781334],[113.331291,22.791508],[113.329799,22.809024],[113.327293,22.815329],[113.321114,22.821707],[113.303695,22.831995],[113.300107,22.836905],[113.292765,22.854564],[113.275308,22.869817],[113.267137,22.888184],[113.267492,22.904223],[113.265944,22.909848],[113.261902,22.915338],[113.246949,22.927104],[113.244147,22.931642],[113.243438,22.938691],[113.246014,22.944539],[113.268603,22.959495],[113.274052,22.967078],[113.274435,22.97673],[113.26406,22.991423]],"type":"LineString"}},{"type":"Feature","properties":{"seq":20,"date":"2024.2.24","origin":"广州南","destination":"合肥南","origin_city":"广州","destination_city":"合肥","train":"G638","service":"highspeed","table_km":1424,"time":"15:00-21:36","note":""},"geometry":{"coordinates":[[113.26444,22.99165],[113.244123,23.018796],[113.226412,23.028705],[113.219989,23.03509],[113.212203,23.054936],[113.204531,23.069549],[113.193776,23.113492],[113.192733,23.125431],[113.194961,23.197986],[113.199269,23.225094],[113.214887,23.268228],[113.215716,23.28502],[113.204593,23.320957],[113.204799,23.352179],[113.203488,23.361666],[113.190654,23.40348],[113.179493,23.449327],[113.175099,23.474002],[113.1698,23.488007],[113.145803,23.533511],[113.140179,23.55126],[113.133248,23.602947],[113.120724,23.641756],[113.119339,23.653951],[113.120187,23.667441],[113.12329,23.68006],[113.136893,23.715455],[113.149429,23.7382],[113.160469,23.764488],[113.172009,23.785026],[113.185106,23.815911],[113.204203,23.844378],[113.212263,23.86031],[113.234056,23.918085],[113.258894,23.997042],[113.305175,24.072583],[113.336334,24.137844],[113.359454,24.212339],[113.375125,24.250605],[113.38334,24.288247],[113.388993,24.302915],[113.397804,24.316994],[113.470839,24.411075],[113.482089,24.432207],[113.484187,24.441002],[113.485651,24.497248],[113.489831,24.51371],[113.503299,24.548445],[113.505891,24.568663],[113.502323,24.599186],[113.488032,24.633625],[113.483324,24.649668],[113.481676,24.697212],[113.484531,24.711281],[113.490748,24.726691],[113.521896,24.773776],[113.527105,24.784054],[113.531215,24.798668],[113.531794,24.817151],[113.527233,24.833991],[113.520857,24.846212],[113.482693,24.889581],[113.471839,24.906601],[113.435689,25.01012],[113.395386,25.104351],[113.379303,25.148046],[113.362939,25.184502],[113.353787,25.199837],[113.296824,25.269392],[113.25761,25.310663],[113.16708,25.387835],[113.110685,25.429171],[113.063139,25.459664],[113.045015,25.479643],[113.039891,25.490607],[112.980736,25.652629],[112.965573,25.68918],[112.963301,25.704514],[112.964144,25.75817],[112.962722,25.770894],[112.92924,25.886476],[112.916826,25.947216],[112.905463,25.981226],[112.879739,26.027906],[112.874016,26.045443],[112.861404,26.074665],[112.859328,26.08881],[112.857122,26.136977],[112.849754,26.16998],[112.829802,26.235168],[112.82017,26.260249],[112.786347,26.389235],[112.777821,26.456421],[112.749298,26.570575],[112.703047,26.70655],[112.700902,26.722575],[112.697894,26.813759],[112.699253,26.82795],[112.706048,26.860416],[112.705777,26.928599],[112.708247,26.940464],[112.725749,26.993705],[112.72776,27.006753],[112.727269,27.020696],[112.720859,27.058032],[112.713834,27.119855],[112.715233,27.140415],[112.720092,27.157493],[112.73056,27.177034],[112.824153,27.308917],[112.851793,27.361012],[112.866642,27.394776],[112.887273,27.432266],[112.915672,27.49733],[112.926421,27.510909],[112.961882,27.548947],[112.98533,27.587637],[113.046586,27.672056],[113.055734,27.693531],[113.064313,27.732981],[113.065774,27.7518],[113.059115,27.829583],[113.050804,27.875003],[113.04945,27.904351],[113.042255,27.947939],[113.0464,28.042212],[113.061102,28.11584],[113.057341,28.177148],[113.064946,28.24047],[113.066036,28.269168],[113.072815,28.302605],[113.074863,28.432617],[113.080594,28.452264],[113.138734,28.582323],[113.142531,28.593489],[113.145244,28.608961],[113.144114,28.71638],[113.130309,28.790038],[113.142101,28.916817],[113.139597,29.134048],[113.140994,29.160953],[113.138795,29.212368],[113.141929,29.230357],[113.172415,29.32156],[113.181464,29.337273],[113.220559,29.393385],[113.237704,29.409952],[113.253378,29.420001],[113.341058,29.454271],[113.412128,29.488845],[113.42539,29.493404],[113.527837,29.517785],[113.621694,29.527497],[113.658357,29.541407],[113.676233,29.552804],[113.709905,29.580007],[113.768843,29.656861],[113.813398,29.696524],[113.828376,29.707183],[113.87549,29.732009],[113.921665,29.750965],[114.004166,29.798057],[114.22431,29.864371],[114.269938,29.890152],[114.32962,29.918385],[114.343082,29.928831],[114.353394,29.940458],[114.368123,29.966212],[114.371894,29.978849],[114.373614,29.993393],[114.363346,30.096363],[114.362524,30.141678],[114.357837,30.172131],[114.356296,30.220771],[114.357549,30.240406],[114.363188,30.258138],[114.370566,30.272104],[114.401953,30.327393],[114.435738,30.377196],[114.441577,30.390973],[114.452666,30.432948],[114.454598,30.519841],[114.450618,30.540066],[114.432103,30.570612],[114.405093,30.648088],[114.392215,30.672112],[114.358796,30.717264],[114.356313,30.724679],[114.354453,30.74546],[114.351232,30.757005],[114.304316,30.84951],[114.302895,30.862503],[114.306336,30.875047],[114.315481,30.890901],[114.329429,30.902956],[114.338978,30.90766],[114.351473,30.91113],[114.402519,30.915492],[114.420758,30.919489],[114.458489,30.936506],[114.504618,30.949388],[114.58102,30.984875],[114.606973,30.993439],[114.648624,31.020986],[114.722112,31.055906],[114.810524,31.103086],[114.874473,31.143073],[114.932494,31.174307],[115.024303,31.203607],[115.078992,31.235009],[115.124991,31.256454],[115.181876,31.266457],[115.23751,31.278296],[115.266151,31.279928],[115.287565,31.284371],[115.435568,31.297356],[115.460431,31.304176],[115.473657,31.311496],[115.494586,31.327997],[115.53815,31.3559],[115.563637,31.378304],[115.621344,31.403362],[115.702568,31.444863],[115.758866,31.481354],[115.783133,31.494035],[115.799139,31.507663],[115.825252,31.537877],[115.855906,31.564215],[115.938849,31.615316],[115.955709,31.623259],[116.056871,31.653185],[116.07725,31.661289],[116.089976,31.664321],[116.102793,31.664626],[116.137735,31.656863],[116.154078,31.656188],[116.166935,31.658538],[116.202932,31.669262],[116.236072,31.672488],[116.263666,31.677979],[116.31621,31.684524],[116.43739,31.693269],[116.460651,31.700558],[116.509369,31.7233],[116.538239,31.740118],[116.556992,31.744973],[116.70282,31.751718],[116.751608,31.747764],[116.780777,31.748093],[116.850154,31.757892],[116.932838,31.762988],[116.989486,31.770998],[117.028068,31.772347],[117.042175,31.775296],[117.07027,31.785184],[117.081886,31.787606],[117.213486,31.790791],[117.264803,31.799362],[117.28488,31.80024]],"type":"LineString"}},{"type":"Feature","properties":{"seq":21,"date":"2024.3.9","origin":"合肥南","destination":"黄山北","origin_city":"合肥","destination_city":"黄山","train":"G7709","service":"highspeed","table_km":306,"time":"07:16-08:57","note":""},"geometry":{"coordinates":[[117.28476,31.8006],[117.313819,31.802166],[117.347535,31.808785],[117.359521,31.806535],[117.383681,31.797874],[117.394639,31.790485],[117.404211,31.779554],[117.421224,31.737801],[117.434715,31.721359],[117.444731,31.714074],[117.456199,31.708375],[117.507808,31.691117],[117.523867,31.689335],[117.569849,31.688828],[117.631954,31.680317],[117.810599,31.691622],[117.824942,31.690799],[117.842565,31.686879],[117.856586,31.681199],[117.867817,31.674515],[117.899369,31.648843],[117.908351,31.638456],[117.933524,31.598514],[117.938624,31.579166],[117.937968,31.545334],[117.949018,31.496512],[117.948778,31.46762],[117.967579,31.268728],[117.966815,31.253212],[117.951088,31.135849],[117.951719,31.120093],[117.957026,31.10327],[117.983999,31.062462],[117.999232,31.035888],[118.048366,30.980989],[118.085391,30.95607],[118.130688,30.922305],[118.196894,30.896484],[118.253401,30.878605],[118.273476,30.864835],[118.284635,30.851671],[118.313404,30.80077],[118.338554,30.747505],[118.37083,30.689125],[118.391151,30.642714],[118.398892,30.630463],[118.416693,30.608637],[118.440883,30.558175],[118.455487,30.506837],[118.468382,30.475998],[118.477163,30.441427],[118.498551,30.381211],[118.508836,30.346045],[118.514137,30.321015],[118.538384,30.25735],[118.564726,30.222482],[118.588009,30.187527],[118.600648,30.172092],[118.607471,30.155416],[118.607904,30.13805],[118.604244,30.121805],[118.596361,30.104308],[118.584954,30.090059],[118.542199,30.056935],[118.475481,30.021415],[118.465453,30.014447],[118.456029,30.004886],[118.44926,29.994338],[118.434637,29.957521],[118.415637,29.934342],[118.372825,29.895161],[118.298836,29.839268],[118.267308,29.818383]],"type":"LineString"}},{"type":"Feature","properties":{"seq":22,"date":"2024.3.10","origin":"黄山北","destination":"合肥南","origin_city":"黄山","destination_city":"合肥","train":"G1602","service":"highspeed","table_km":306,"time":"16:59-18:28","note":""},"geometry":{"coordinates":[[118.267308,29.818383],[118.298836,29.839268],[118.372825,29.895161],[118.415637,29.934342],[118.434637,29.957521],[118.44926,29.994338],[118.456029,30.004886],[118.465453,30.014447],[118.475481,30.021415],[118.542199,30.056935],[118.584954,30.090059],[118.596361,30.104308],[118.604244,30.121805],[118.607904,30.13805],[118.607471,30.155416],[118.600648,30.172092],[118.588009,30.187527],[118.564726,30.222482],[118.538384,30.25735],[118.514137,30.321015],[118.508836,30.346045],[118.498551,30.381211],[118.477163,30.441427],[118.468382,30.475998],[118.455487,30.506837],[118.440883,30.558175],[118.416693,30.608637],[118.398892,30.630463],[118.391151,30.642714],[118.37083,30.689125],[118.338554,30.747505],[118.313404,30.80077],[118.284635,30.851671],[118.273476,30.864835],[118.253401,30.878605],[118.196894,30.896484],[118.130688,30.922305],[118.085391,30.95607],[118.048366,30.980989],[117.999232,31.035888],[117.983999,31.062462],[117.957026,31.10327],[117.951719,31.120093],[117.951088,31.135849],[117.966815,31.253212],[117.967579,31.268728],[117.948778,31.46762],[117.949018,31.496512],[117.937968,31.545334],[117.938624,31.579166],[117.933524,31.598514],[117.908351,31.638456],[117.899369,31.648843],[117.867817,31.674515],[117.856586,31.681199],[117.842565,31.686879],[117.824942,31.690799],[117.810599,31.691622],[117.631954,31.680317],[117.569849,31.688828],[117.523867,31.689335],[117.507808,31.691117],[117.456199,31.708375],[117.444731,31.714074],[117.434715,31.721359],[117.421224,31.737801],[117.404211,31.779554],[117.394639,31.790485],[117.383681,31.797874],[117.359521,31.806535],[117.347535,31.808785],[117.313819,31.802166],[117.28488,31.80024]],"type":"LineString"}},{"type":"Feature","properties":{"seq":23,"date":"2024.5.1","origin":"合肥南","destination":"高邮","origin_city":"合肥","destination_city":"扬州","train":"D2866","service":"highspeed","table_km":296,"time":"07:03-09:08","note":""},"geometry":{"coordinates":[[117.28476,31.8006],[117.313819,31.802166],[117.351527,31.809728],[117.362887,31.809326],[117.395437,31.804225],[117.412416,31.806735],[117.420406,31.810744],[117.426927,31.816306],[117.444336,31.843979],[117.457823,31.854338],[117.539781,31.888769],[117.564431,31.896553],[117.660858,31.934256],[117.704925,31.948277],[117.727538,31.960568],[117.738816,31.964593],[117.766496,31.966889],[117.818281,31.975174],[117.867087,31.989327],[117.911576,31.994653],[117.95348,32.007357],[118.029308,32.00938],[118.103534,32.03173],[118.169693,32.038894],[118.306024,32.06756],[118.396629,32.072894],[118.415518,32.0704],[118.425786,32.065977],[118.465076,32.042835],[118.502137,32.030011],[118.596642,31.985729],[118.61133,31.97603],[118.660543,31.935993],[118.670505,31.929809],[118.687084,31.924333],[118.705236,31.92331],[118.720034,31.926295],[118.733323,31.932309],[118.757497,31.952681],[118.772543,31.962217],[118.837396,31.99213],[118.895653,32.016135],[118.914464,32.029095],[118.945629,32.059104],[118.984817,32.079381],[119.005118,32.086402],[119.074431,32.100481],[119.148994,32.123962],[119.165677,32.131644],[119.197825,32.151905],[119.221453,32.160001],[119.238945,32.162333],[119.284125,32.162084],[119.29984,32.163968],[119.328798,32.170257],[119.349408,32.179181],[119.372628,32.184559],[119.393559,32.192508],[119.436957,32.200441],[119.442654,32.199575],[119.467106,32.183351],[119.492479,32.151706],[119.499553,32.147513],[119.545814,32.150763],[119.572343,32.148309],[119.606539,32.147943],[119.648126,32.136697],[119.695154,32.133459],[119.712665,32.136948],[119.722152,32.142865],[119.727572,32.148849],[119.731822,32.157778],[119.732777,32.166358],[119.729633,32.177792],[119.709717,32.210267],[119.702939,32.216556],[119.694696,32.221303],[119.650847,32.234053],[119.638625,32.240515],[119.59535,32.285418],[119.556133,32.318724],[119.527095,32.354508],[119.522994,32.361715],[119.52158,32.371153],[119.524706,32.390679],[119.521084,32.428194],[119.524007,32.435903],[119.536206,32.450642],[119.540259,32.460073],[119.544774,32.524368],[119.55209,32.55105],[119.551763,32.58606],[119.553973,32.604938],[119.552858,32.648879],[119.547949,32.676224],[119.536491,32.702053],[119.516327,32.734138],[119.500511,32.775774]],"type":"LineString"}},{"type":"Feature","properties":{"seq":24,"date":"2024.5.1","origin":"高邮","destination":"扬州东","origin_city":"扬州","destination_city":"扬州","train":"G8265","service":"highspeed","table_km":38,"time":"12:46-13:01","note":""},"geometry":{"coordinates":[[119.500511,32.775774],[119.516327,32.734138],[119.536491,32.702053],[119.547949,32.676224],[119.552858,32.648879],[119.553973,32.604938],[119.551763,32.58606],[119.55209,32.55105],[119.544774,32.524368],[119.540259,32.460073],[119.536206,32.450642],[119.524007,32.435903],[119.521084,32.428194],[119.524001,32.396907],[119.522943,32.406565]],"type":"LineString"}},{"type":"Feature","properties":{"seq":25,"date":"2024.5.3","origin":"镇江","destination":"合肥南","origin_city":"镇江","destination_city":"合肥","train":"D3042","service":"highspeed","table_km":231,"time":"18:37-20:06","note":""},"geometry":{"coordinates":[[119.430441,32.200343],[119.411121,32.194839],[119.393559,32.192508],[119.372628,32.184559],[119.349408,32.179181],[119.328798,32.170257],[119.29984,32.163968],[119.284125,32.162084],[119.237186,32.162235],[119.218272,32.159289],[119.194706,32.150339],[119.165677,32.131644],[119.148994,32.123962],[119.074431,32.100481],[119.006481,32.086708],[118.990809,32.081952],[118.958661,32.066864],[118.945629,32.059104],[118.914464,32.029095],[118.895653,32.016135],[118.837396,31.99213],[118.772543,31.962217],[118.757497,31.952681],[118.733323,31.932309],[118.72462,31.927941],[118.712053,31.924265],[118.690928,31.923696],[118.670505,31.929809],[118.660543,31.935993],[118.61133,31.976028],[118.596642,31.985729],[118.502137,32.030011],[118.465076,32.042835],[118.425786,32.065977],[118.415518,32.0704],[118.396629,32.072894],[118.309103,32.067903],[118.169693,32.038894],[118.103534,32.03173],[118.029308,32.00938],[117.95348,32.007357],[117.911576,31.994653],[117.867087,31.989327],[117.818281,31.975174],[117.766496,31.966889],[117.738816,31.964593],[117.727538,31.960568],[117.704925,31.948277],[117.660858,31.934256],[117.564431,31.896553],[117.539781,31.888769],[117.457823,31.854338],[117.444336,31.843979],[117.426927,31.816306],[117.420406,31.810744],[117.412416,31.806735],[117.395437,31.804225],[117.362887,31.809326],[117.351527,31.809728],[117.313819,31.802166],[117.28488,31.80024]],"type":"LineString"}},{"type":"Feature","properties":{"seq":26,"date":"2024.7.8","origin":"西安北","destination":"永济北","origin_city":"西安","destination_city":"运城","train":"D2506","service":"highspeed","table_km":170,"time":"07:20-08:17","note":""},"geometry":{"coordinates":[[108.93415,34.37694],[108.983071,34.389278],[109.087296,34.405907],[109.104613,34.406356],[109.146384,34.4022],[109.164442,34.403484],[109.179259,34.406695],[109.212973,34.4211],[109.237083,34.428957],[109.275348,34.444504],[109.309083,34.468419],[109.345637,34.50018],[109.355755,34.506943],[109.3698,34.513593],[109.38561,34.518505],[109.528095,34.54848],[109.54301,34.553421],[109.558786,34.562116],[109.605609,34.596578],[109.628329,34.61564],[109.655395,34.633509],[109.731681,34.688652],[109.763273,34.721029],[109.850301,34.788361],[109.940166,34.848895],[109.982259,34.873022],[110.040691,34.914596],[110.055926,34.923059],[110.104614,34.943306],[110.13927,34.969813],[110.251082,35.041198],[110.271945,35.046505],[110.292876,35.04689],[110.375247,35.031016],[110.419248,35.028619]],"type":"LineString"}},{"type":"Feature","properties":{"seq":27,"date":"2024.7.8","origin":"永济北","destination":"西安北","origin_city":"运城","destination_city":"西安","train":"D1717","service":"highspeed","table_km":170,"time":"11:01-12:00","note":""},"geometry":{"coordinates":[[110.419248,35.028619],[110.375247,35.031016],[110.292876,35.04689],[110.271945,35.046505],[110.251082,35.041198],[110.13927,34.969813],[110.104614,34.943306],[110.055926,34.923059],[110.040691,34.914596],[109.982259,34.873022],[109.940166,34.848895],[109.850301,34.788361],[109.763273,34.721029],[109.731681,34.688652],[109.655395,34.633509],[109.628329,34.61564],[109.605609,34.596578],[109.558786,34.562116],[109.54301,34.553421],[109.528095,34.54848],[109.38561,34.518505],[109.3698,34.513593],[109.355755,34.506943],[109.345637,34.50018],[109.309083,34.468419],[109.275348,34.444504],[109.237083,34.428957],[109.212973,34.4211],[109.179259,34.406695],[109.164442,34.403484],[109.146384,34.4022],[109.104613,34.406356],[109.087296,34.405907],[108.983071,34.389278],[108.93403,34.37766]],"type":"LineString"}},{"type":"Feature","properties":{"seq":28,"date":"2024.7.27","origin":"合肥南","destination":"杭州东","origin_city":"合肥","destination_city":"杭州","train":"G7449","service":"highspeed","table_km":398,"time":"07:25-09:59","note":""},"geometry":{"coordinates":[[117.28476,31.8006],[117.313819,31.802166],[117.347535,31.808785],[117.359521,31.806535],[117.383681,31.797874],[117.394639,31.790485],[117.404211,31.779554],[117.421224,31.737801],[117.434715,31.721359],[117.444731,31.714074],[117.456199,31.708375],[117.507808,31.691117],[117.523867,31.689335],[117.565902,31.689171],[117.634114,31.680297],[117.815684,31.691545],[117.842565,31.686879],[117.862518,31.677905],[117.899369,31.648843],[117.908351,31.638456],[117.924651,31.613295],[117.934427,31.601064],[117.978383,31.565371],[118.011541,31.529488],[118.027247,31.519464],[118.058495,31.504991],[118.073778,31.49344],[118.096062,31.467744],[118.110832,31.445696],[118.133942,31.419939],[118.152765,31.390802],[118.169779,31.376092],[118.187514,31.368012],[118.2196,31.360075],[118.311672,31.352312],[118.373881,31.359166],[118.38287,31.35416],[118.387004,31.345123],[118.386806,31.335266],[118.382937,31.327567],[118.384527,31.319412],[118.383475,31.311854],[118.391474,31.270389],[118.387057,31.262453],[118.359347,31.23615],[118.355345,31.224007],[118.357767,31.209902],[118.361552,31.200691],[118.385839,31.166645],[118.399816,31.157234],[118.445972,31.139791],[118.476602,31.125296],[118.687776,31.062225],[118.710305,31.052221],[118.723803,31.040703],[118.733959,31.025376],[118.747917,30.972276],[118.751877,30.964726],[118.792925,30.929701],[118.805893,30.922503],[118.823771,30.919817],[118.866258,30.922891],[118.904848,30.923551],[119.005952,30.933395],[119.056099,30.942655],[119.132258,30.942993],[119.171939,30.936119],[119.218704,30.920741],[119.297897,30.905027],[119.314791,30.8974],[119.367732,30.86555],[119.382173,30.860209],[119.396647,30.857574],[119.428858,30.855605],[119.473963,30.860351],[119.496232,30.858336],[119.521363,30.849095],[119.548133,30.830427],[119.55838,30.825203],[119.573589,30.820701],[119.588421,30.819091],[119.662123,30.817785],[119.707899,30.82176],[119.76383,30.839122],[119.803055,30.849313],[119.887376,30.886496],[119.898391,30.890011],[119.915597,30.892355],[119.95198,30.892404],[119.991467,30.898482],[120.002451,30.896061],[120.014876,30.887937],[120.01754,30.880796],[120.017206,30.806333],[120.011933,30.754946],[120.013719,30.729986],[120.026237,30.67254],[120.034046,30.627572],[120.045483,30.598228],[120.05162,30.566566],[120.064302,30.51909],[120.079654,30.491117],[120.092657,30.453168],[120.118934,30.401956],[120.143037,30.378045],[120.14813,30.365691],[120.150626,30.353792],[120.15417,30.347788],[120.159431,30.343498],[120.18798,30.329198],[120.192705,30.325167],[120.195207,30.319956],[120.196837,30.306972],[120.20816,30.29352]],"type":"LineString"}},{"type":"Feature","properties":{"seq":29,"date":"2024.7.31","origin":"杭州东","destination":"南昌西","origin_city":"杭州","destination_city":"南昌","train":"G1353","service":"highspeed","table_km":582,"time":"14:30-17:15","note":""},"geometry":{"coordinates":[[120.20865,30.29384],[120.217985,30.281756],[120.249253,30.263699],[120.254224,30.25918],[120.257327,30.253551],[120.260069,30.242348],[120.273952,30.212484],[120.287199,30.194711],[120.293574,30.159416],[120.30419,30.141073],[120.309833,30.123445],[120.305384,30.094554],[120.303159,30.066679],[120.298952,30.057756],[120.292407,30.050764],[120.277759,30.043022],[120.223328,30.026577],[120.206834,30.025704],[120.148035,30.028446],[120.117345,30.023596],[120.040434,29.999371],[120.011437,29.999111],[119.969818,30.00473],[119.949981,30.002361],[119.936877,29.996547],[119.922583,29.982438],[119.915295,29.971167],[119.91103,29.95756],[119.908277,29.931765],[119.905348,29.92103],[119.893105,29.894405],[119.879205,29.879395],[119.859222,29.868674],[119.829421,29.862521],[119.815724,29.857981],[119.771724,29.83108],[119.742566,29.807753],[119.712054,29.77368],[119.70143,29.764586],[119.679974,29.75367],[119.652375,29.734176],[119.61305,29.72153],[119.595527,29.711168],[119.549487,29.673727],[119.516593,29.635795],[119.485943,29.606862],[119.432851,29.578704],[119.393918,29.571333],[119.367294,29.546555],[119.361452,29.536277],[119.356122,29.51119],[119.34826,29.498942],[119.339006,29.49172],[119.316644,29.481049],[119.304339,29.473143],[119.288075,29.458588],[119.27864,29.445809],[119.251185,29.396086],[119.238432,29.351527],[119.21399,29.311815],[119.191711,29.25216],[119.15803,29.186052],[119.147134,29.173317],[119.114471,29.142432],[119.08817,29.109925],[119.077522,29.099715],[119.03036,29.071323],[118.996495,29.054411],[118.959831,29.039089],[118.933218,29.032975],[118.86258,29.022651],[118.848218,29.018083],[118.833279,29.010162],[118.819022,28.997759],[118.808496,28.982687],[118.7818,28.915371],[118.771511,28.895718],[118.756,28.878107],[118.718048,28.843648],[118.684317,28.803908],[118.66793,28.79149],[118.624002,28.76812],[118.591145,28.752937],[118.552833,28.721155],[118.527202,28.710038],[118.497289,28.704123],[118.458289,28.69389],[118.406209,28.674696],[118.371555,28.669253],[118.331734,28.666902],[118.306092,28.658811],[118.269309,28.640618],[118.239866,28.620057],[118.211658,28.608398],[118.198854,28.600871],[118.185885,28.589279],[118.167197,28.565018],[118.146851,28.547336],[118.12154,28.520498],[118.102558,28.505368],[118.086183,28.49806],[118.066385,28.493666],[118.020653,28.495913],[117.961144,28.491097],[117.944164,28.491826],[117.906651,28.497868],[117.876337,28.495004],[117.863969,28.491154],[117.849752,28.483556],[117.825932,28.465769],[117.801183,28.449836],[117.775681,28.428228],[117.760159,28.419889],[117.741942,28.414133],[117.612475,28.387261],[117.595664,28.386614],[117.575698,28.389168],[117.498695,28.415973],[117.481827,28.418523],[117.400652,28.41147],[117.364265,28.405367],[117.287124,28.386316],[117.221829,28.376801],[117.206261,28.370041],[117.186493,28.356554],[117.167411,28.347795],[117.067259,28.322374],[116.989998,28.292347],[116.932573,28.27764],[116.836762,28.27423],[116.804932,28.277126],[116.741552,28.279064],[116.728546,28.277588],[116.70349,28.271583],[116.674064,28.268858],[116.645696,28.263916],[116.575834,28.265555],[116.52667,28.261245],[116.507886,28.264676],[116.469121,28.280104],[116.422491,28.290123],[116.385722,28.303854],[116.279968,28.33128],[116.195658,28.346157],[116.170107,28.347206],[116.154142,28.349707],[116.143203,28.352217],[116.12586,28.359046],[116.106774,28.371934],[116.080899,28.40221],[116.046836,28.432686],[116.036722,28.439824],[116.001405,28.456832],[115.933465,28.476907],[115.893876,28.5014],[115.856526,28.520499],[115.847845,28.530115],[115.844059,28.541665],[115.845055,28.552366],[115.853233,28.574299],[115.852826,28.583659],[115.848498,28.59375],[115.843158,28.599915],[115.835845,28.604938],[115.78773,28.62578]],"type":"LineString"}},{"type":"Feature","properties":{"seq":30,"date":"2024.8.1","origin":"南昌","destination":"郴州","origin_city":"南昌","destination_city":"郴州","train":"T151","service":"conventional","table_km":648,"time":"23:01-次日06:26","note":"硬座过夜"},"geometry":{"coordinates":[[115.914267,28.659687],[115.914839,28.665285],[115.91373,28.65449],[115.908951,28.635626],[115.9152,28.612095],[115.941038,28.560598],[115.948126,28.472579],[115.965475,28.423533],[115.949016,28.403377],[115.933957,28.391516],[115.932726,28.386764],[115.935203,28.377898],[115.931118,28.362422],[115.918309,28.353106],[115.895414,28.318818],[115.890567,28.300505],[115.882139,28.284611],[115.875445,28.26326],[115.868942,28.251305],[115.860125,28.240806],[115.841716,28.230582],[115.804078,28.203233],[115.777394,28.177793],[115.770449,28.173171],[115.758444,28.170378],[115.726481,28.170612],[115.680319,28.160681],[115.67347,28.157759],[115.648259,28.139017],[115.620847,28.11237],[115.58066,28.087009],[115.565528,28.074367],[115.556949,28.069491],[115.552681,28.068129],[115.548715,28.069044],[115.541121,28.081166],[115.531889,28.085828],[115.477231,28.080079],[115.466726,28.076485],[115.428133,28.053523],[115.406983,28.035481],[115.391387,28.009366],[115.383644,27.985394],[115.379617,27.97867],[115.35383,27.952876],[115.330346,27.93987],[115.307979,27.931897],[115.273797,27.912621],[115.212585,27.901056],[115.176265,27.88944],[115.159809,27.880568],[115.129759,27.87405],[115.076314,27.841086],[115.021084,27.82418],[114.945274,27.81301],[114.902345,27.816302],[114.884426,27.815248],[114.858872,27.80409],[114.839769,27.791113],[114.821325,27.782366],[114.807632,27.771937],[114.79757,27.769167],[114.787839,27.77051],[114.751491,27.786471],[114.721041,27.789278],[114.705007,27.798383],[114.684653,27.805896],[114.647788,27.809201],[114.631179,27.808538],[114.618502,27.801256],[114.608613,27.791459],[114.589212,27.790037],[114.566447,27.781078],[114.529414,27.783801],[114.519257,27.787932],[114.494097,27.794152],[114.470866,27.786246],[114.444141,27.792252],[114.409047,27.787655],[114.394864,27.790375],[114.365185,27.783984],[114.349939,27.787745],[114.330609,27.786412],[114.317397,27.787552],[114.306457,27.78518],[114.296483,27.777059],[114.253713,27.758677],[114.235985,27.754743],[114.20886,27.75538],[114.188503,27.750031],[114.176405,27.741615],[114.161433,27.735966],[114.153431,27.730058],[114.136473,27.724855],[114.130638,27.719202],[114.125525,27.697591],[114.120019,27.68943],[114.101203,27.67955],[114.087941,27.669218],[114.062375,27.656903],[114.036798,27.654773],[114.014208,27.656107],[113.993131,27.65261],[113.983318,27.654731],[113.971809,27.661812],[113.965749,27.663781],[113.922206,27.663216],[113.91449,27.661563],[113.906953,27.657683],[113.897167,27.649398],[113.891112,27.640516],[113.885909,27.638028],[113.881152,27.638878],[113.873266,27.64466],[113.846065,27.65342],[113.811624,27.643421],[113.796839,27.647639],[113.758392,27.643888],[113.748385,27.639962],[113.738256,27.639838],[113.728334,27.636334],[113.707163,27.632843],[113.694827,27.628255],[113.679961,27.626427],[113.647116,27.617774],[113.629806,27.616031],[113.618625,27.617903],[113.572895,27.632669],[113.553729,27.635695],[113.54556,27.638819],[113.536977,27.644959],[113.524995,27.660352],[113.508411,27.671156],[113.498304,27.684792],[113.4915,27.690665],[113.440969,27.709287],[113.416222,27.730075],[113.409284,27.733731],[113.385471,27.736769],[113.368736,27.736741],[113.353097,27.740639],[113.338021,27.753204],[113.319855,27.779417],[113.284356,27.797814],[113.245794,27.806673],[113.237225,27.813525],[113.231942,27.81577],[113.223749,27.81573],[113.211473,27.80991],[113.199814,27.811469],[113.196971,27.813439],[113.193246,27.820993],[113.182934,27.826745],[113.175284,27.828623],[113.162163,27.828072],[113.15559,27.82987],[113.157141,27.824142],[113.157195,27.802008],[113.165165,27.788259],[113.161434,27.769797],[113.145738,27.739046],[113.138006,27.728626],[113.136829,27.70979],[113.115878,27.662798],[113.111297,27.641933],[113.113324,27.606528],[113.123364,27.582294],[113.126725,27.569862],[113.130303,27.564916],[113.155041,27.55103],[113.161034,27.543569],[113.162184,27.539348],[113.162118,27.530989],[113.157128,27.515327],[113.14439,27.498555],[113.133675,27.46724],[113.107349,27.442612],[113.102181,27.431993],[113.076534,27.407787],[113.063172,27.402849],[113.053187,27.388493],[113.029539,27.383364],[113.004334,27.366426],[112.985362,27.340138],[112.972208,27.316621],[112.918311,27.262695],[112.883211,27.223796],[112.8795,27.206679],[112.876176,27.199224],[112.874311,27.181616],[112.876006,27.173578],[112.873505,27.165872],[112.872569,27.148724],[112.863443,27.134431],[112.853073,27.129416],[112.849511,27.125551],[112.842686,27.096468],[112.837571,27.089406],[112.824606,27.058557],[112.806349,27.034172],[112.801801,27.024707],[112.790238,27.017573],[112.785059,27.002586],[112.777991,26.99706],[112.764639,26.981111],[112.754357,26.974683],[112.74579,26.957654],[112.738232,26.95104],[112.723607,26.946181],[112.70408,26.936918],[112.628471,26.91438],[112.62439,26.911292],[112.622667,26.906878],[112.623079,26.89871],[112.633074,26.884338],[112.643588,26.877949],[112.656963,26.874073],[112.665946,26.859283],[112.667166,26.83948],[112.664261,26.832697],[112.663351,26.821978],[112.669942,26.802844],[112.668679,26.796582],[112.669382,26.788288],[112.678598,26.77266],[112.68724,26.762976],[112.701418,26.753918],[112.714252,26.749758],[112.716924,26.747366],[112.719277,26.741608],[112.719567,26.704661],[112.724415,26.691219],[112.732963,26.682274],[112.736346,26.675463],[112.755533,26.651557],[112.761438,26.626755],[112.759246,26.618904],[112.759984,26.613354],[112.753104,26.586929],[112.772657,26.567999],[112.776579,26.547332],[112.774851,26.540786],[112.777244,26.530314],[112.777948,26.517054],[112.771626,26.501531],[112.773012,26.491708],[112.784303,26.479538],[112.788084,26.454926],[112.79893,26.439164],[112.804742,26.43523],[112.819086,26.416843],[112.812416,26.395096],[112.826893,26.375588],[112.82952,26.367622],[112.831301,26.353583],[112.829944,26.338461],[112.826339,26.330148],[112.829638,26.321845],[112.825583,26.312358],[112.826259,26.281054],[112.838618,26.239691],[112.846783,26.230467],[112.85829,26.223492],[112.865184,26.198423],[112.869041,26.191518],[112.874588,26.164265],[112.879491,26.154931],[112.876696,26.134443],[112.874341,26.127855],[112.877613,26.116254],[112.888176,26.098147],[112.912442,26.086059],[112.927237,26.067701],[112.943888,26.054341],[112.94896,26.045471],[112.95523,26.039488],[112.961044,26.037788],[112.969645,26.038429],[112.973681,26.036794],[112.979142,26.030183],[112.989321,26.025187],[112.995181,26.020111],[113.002976,26.009705],[113.006272,26.002355],[113.022902,25.98936],[113.02898,25.987284],[113.035997,25.988914],[113.049102,25.988803],[113.061193,25.977847],[113.059833,25.959366],[113.057049,25.945539],[113.059553,25.94162],[113.067003,25.937368],[113.07023,25.931586],[113.071503,25.925967],[113.0697,25.915741],[113.07458,25.908456],[113.075979,25.901209],[113.067521,25.881525],[113.061593,25.878118],[113.057369,25.873133],[113.045809,25.870221],[113.035215,25.862215],[113.021329,25.842629],[113.02381,25.825313],[113.028151,25.811322]],"type":"LineString"}},{"type":"Feature","properties":{"seq":31,"date":"2024.8.2","origin":"郴州西","destination":"韶关","origin_city":"郴州","destination_city":"韶关","train":"G9629","service":"highspeed","table_km":150,"time":"09:27-09:58","note":""},"geometry":{"coordinates":[[112.964084,25.740957],[112.963341,25.704516],[112.966849,25.684716],[112.980783,25.652643],[113.03811,25.495273],[113.045124,25.479699],[113.063217,25.459734],[113.110754,25.429253],[113.167135,25.387893],[113.257648,25.310703],[113.296867,25.26942],[113.351532,25.202857],[113.360675,25.189182],[113.379401,25.148079],[113.395466,25.104371],[113.435818,25.010165],[113.471909,24.906636],[113.484027,24.888038],[113.517346,24.851276],[113.523697,24.841763],[113.52871,24.830158],[113.532245,24.812126],[113.529192,24.789794],[113.521955,24.773744],[113.501349,24.743415],[113.50864,24.753726]],"type":"LineString"}},{"type":"Feature","properties":{"seq":32,"date":"2024.8.2","origin":"韶关","destination":"广州南","origin_city":"韶关","destination_city":"广州","train":"G6183","service":"highspeed","table_km":227,"time":"15:33-16:26","note":""},"geometry":{"coordinates":[[113.50864,24.753726],[113.489513,24.724112],[113.484593,24.711265],[113.481571,24.69566],[113.483372,24.649675],[113.488079,24.63364],[113.502381,24.599199],[113.505946,24.568662],[113.503352,24.548433],[113.489883,24.513696],[113.4857,24.497241],[113.484237,24.440997],[113.482136,24.432193],[113.470879,24.41105],[113.397844,24.316968],[113.389038,24.302897],[113.383393,24.288235],[113.375177,24.250592],[113.35952,24.21232],[113.336417,24.137815],[113.305241,24.072553],[113.258963,23.997019],[113.234124,23.918065],[113.212324,23.860289],[113.204258,23.844349],[113.185157,23.815887],[113.172064,23.785012],[113.160518,23.764468],[113.149479,23.73818],[113.136959,23.715421],[113.12333,23.680062],[113.120233,23.667447],[113.119421,23.652994],[113.120772,23.641774],[113.13331,23.60299],[113.140248,23.551258],[113.145877,23.53353],[113.1698,23.488007],[113.175099,23.474002],[113.179493,23.449327],[113.190654,23.40348],[113.203488,23.361666],[113.204799,23.352179],[113.204593,23.320957],[113.215716,23.28502],[113.214887,23.268228],[113.199269,23.225094],[113.194961,23.197986],[113.192733,23.125431],[113.193776,23.113492],[113.204531,23.069549],[113.212203,23.054936],[113.219989,23.03509],[113.226412,23.028705],[113.244123,23.018796],[113.26406,22.99143]],"type":"LineString"}},{"type":"Feature","properties":{"seq":33,"date":"2024.8.2","origin":"广州南","destination":"湛江西","origin_city":"广州","destination_city":"湛江","train":"C7731","service":"highspeed","table_km":428,"time":"16:42-19:57","note":""},"geometry":{"coordinates":[[113.263946,22.991351],[113.273734,22.978429],[113.275068,22.973531],[113.274052,22.967078],[113.268603,22.959495],[113.246014,22.944539],[113.243438,22.938691],[113.244147,22.931642],[113.246949,22.927104],[113.261902,22.915338],[113.265944,22.909848],[113.267492,22.904223],[113.267137,22.888184],[113.275308,22.869817],[113.292765,22.854564],[113.300107,22.836905],[113.303695,22.831995],[113.321114,22.821707],[113.327293,22.815329],[113.329799,22.809024],[113.331291,22.791508],[113.327792,22.781334],[113.310123,22.762528],[113.305482,22.749516],[113.30498,22.72605],[113.301793,22.698223],[113.299597,22.6916],[113.277387,22.664593],[113.230506,22.614084],[113.221499,22.608325],[113.177495,22.593982],[113.137443,22.577047],[113.124024,22.57394],[113.088302,22.560644],[113.07672,22.552872],[113.068939,22.543471],[113.065678,22.532034],[113.066563,22.509348],[113.063634,22.476013],[113.053702,22.472703],[113.009307,22.473409],[112.967022,22.445411],[112.92704,22.403364],[112.875815,22.34544],[112.863087,22.3212],[112.849908,22.307519],[112.835927,22.30352],[112.790826,22.301877],[112.769117,22.303214],[112.741767,22.301501],[112.729139,22.304439],[112.703199,22.318488],[112.694014,22.321365],[112.658055,22.3214],[112.648452,22.31991],[112.638979,22.316293],[112.61804,22.303772],[112.597276,22.286268],[112.58102,22.266847],[112.572866,22.260272],[112.56425,22.256395],[112.543103,22.250695],[112.507959,22.235608],[112.499366,22.229682],[112.485526,22.215688],[112.471986,22.20688],[112.454492,22.201694],[112.410196,22.198514],[112.402417,22.195242],[112.366418,22.172792],[112.339355,22.163196],[112.316983,22.158456],[112.284538,22.14579],[112.277736,22.139998],[112.249527,22.101739],[112.232724,22.074039],[112.222596,22.060746],[112.20259,22.024781],[112.185382,22.009948],[112.17142,22.000877],[112.163545,21.991961],[112.1568,21.971282],[112.143779,21.944923],[112.120501,21.882928],[112.111581,21.872263],[112.098558,21.860735],[112.079457,21.847112],[112.044183,21.828548],[112.017053,21.823853],[111.970909,21.807262],[111.952963,21.798612],[111.933292,21.795661],[111.886627,21.799756],[111.835202,21.800891],[111.811509,21.805154],[111.747242,21.794256],[111.615333,21.800263],[111.589465,21.79804],[111.573964,21.790789],[111.552931,21.767522],[111.536229,21.756331],[111.469282,21.732011],[111.43937,21.71557],[111.399386,21.698955],[111.372454,21.690557],[111.341047,21.67332],[111.329857,21.669697],[111.316377,21.669811],[111.283937,21.677757],[111.175771,21.708709],[111.156193,21.709426],[111.119687,21.703617],[111.079629,21.707371],[111.063617,21.704999],[111.039883,21.695671],[111.025187,21.686262],[110.971071,21.644287],[110.953911,21.6435],[110.945086,21.641253],[110.912527,21.647805],[110.894045,21.654764],[110.879509,21.653338],[110.863864,21.647267],[110.851466,21.637183],[110.825425,21.596131],[110.803028,21.573308],[110.791866,21.553916],[110.786646,21.538336],[110.781952,21.529943],[110.754885,21.503261],[110.747059,21.497325],[110.717871,21.487362],[110.704065,21.484954],[110.685047,21.484114],[110.63183,21.471314],[110.574626,21.452643],[110.53892,21.44753],[110.520181,21.443028],[110.48264,21.440141],[110.438352,21.426457],[110.426124,21.420168],[110.406973,21.404525],[110.376752,21.395061],[110.358469,21.382047],[110.336973,21.372788],[110.300557,21.351891],[110.288588,21.339241],[110.281776,21.321109],[110.281531,21.307732],[110.286748,21.282442],[110.283803,21.263478],[110.282699,21.240551],[110.282906,21.245556]],"type":"LineString"}},{"type":"Feature","properties":{"seq":34,"date":"2024.9.14","origin":"合肥","destination":"郑州","origin_city":"合肥","destination_city":"郑州","train":"T326","service":"conventional","table_km":602,"time":"22:43-次日05:48","note":"硬座过夜"},"geometry":{"coordinates":[[117.309609,31.889563],[117.312137,31.888072],[117.295691,31.897206],[117.290535,31.90346],[117.282257,31.93751],[117.280748,31.954053],[117.263633,31.974529],[117.261744,31.979912],[117.260889,31.991602],[117.255623,31.999038],[117.252892,32.027416],[117.245102,32.071897],[117.215976,32.186831],[117.204226,32.216821],[117.205605,32.238993],[117.202514,32.283656],[117.212478,32.315781],[117.207638,32.341948],[117.190156,32.385503],[117.183808,32.405613],[117.185332,32.441549],[117.180226,32.459058],[117.142871,32.521801],[117.127464,32.553649],[117.117248,32.590961],[117.119321,32.603646],[117.116011,32.608936],[117.091856,32.617885],[117.069494,32.637631],[117.043186,32.641528],[117.038095,32.640645],[117.026609,32.633399],[116.9927,32.630927],[116.9809,32.632076],[116.969215,32.626936],[116.934528,32.619837],[116.932273,32.623242],[116.937728,32.657014],[116.928746,32.677264],[116.925596,32.680893],[116.909648,32.691486],[116.792271,32.750057],[116.748278,32.762331],[116.66678,32.756095],[116.600179,32.732332],[116.565254,32.712768],[116.536946,32.701281],[116.465869,32.717844],[116.314198,32.735594],[116.187109,32.802629],[116.10783,32.83084],[115.974733,32.86175],[115.890404,32.887511],[115.884491,32.891408],[115.871837,32.90798],[115.865246,32.923802],[115.867536,32.949629],[115.866891,32.979207],[115.861173,33.029986],[115.855998,33.039244],[115.850201,33.064261],[115.842216,33.121561],[115.83475,33.14009],[115.830215,33.223549],[115.816328,33.324149],[115.806633,33.448606],[115.806185,33.509867],[115.80058,33.63794],[115.794736,33.719753],[115.795181,33.734088],[115.789954,33.818698],[115.793969,33.865105],[115.801338,33.877532],[115.796808,33.940455],[115.789733,33.970043],[115.787463,33.995717],[115.757653,34.174308],[115.740308,34.254024],[115.736821,34.280267],[115.729451,34.304548],[115.725566,34.33962],[115.72028,34.366301],[115.693811,34.422451],[115.690283,34.43528],[115.67653,34.4367],[115.626407,34.455321],[115.526175,34.498985],[115.486173,34.513643],[115.362589,34.565475],[115.333229,34.570104],[115.28389,34.583118],[115.249652,34.593333],[115.214613,34.607415],[115.168933,34.631766],[115.146762,34.639177],[115.121093,34.653171],[115.036913,34.716945],[114.98666,34.747184],[114.853498,34.810535],[114.836835,34.816788],[114.825622,34.816858],[114.63558,34.791196],[114.50337,34.781547],[114.43933,34.780387],[114.339193,34.770794],[114.226328,34.77746],[114.081209,34.751559],[114.069458,34.744791],[114.059639,34.734002],[114.052036,34.72173],[114.046377,34.716721],[114.038144,34.712863],[113.994901,34.701268],[113.949723,34.706983],[113.920294,34.714736],[113.897461,34.727929],[113.845588,34.735692],[113.810943,34.737213],[113.665673,34.734326],[113.659613,34.736944],[113.653839,34.747559]],"type":"LineString"}},{"type":"Feature","properties":{"seq":35,"date":"2024.9.15","origin":"郑州","destination":"洛阳","origin_city":"郑州","destination_city":"洛阳","train":"K1349","service":"conventional","table_km":124,"time":"05:58-07:39","note":""},"geometry":{"coordinates":[[113.652292,34.750319],[113.653677,34.747513],[113.648702,34.757515],[113.643375,34.763639],[113.628808,34.762578],[113.579312,34.773932],[113.553599,34.773891],[113.496993,34.788929],[113.433629,34.799506],[113.388569,34.798971],[113.344428,34.805821],[113.255986,34.830522],[113.247388,34.831394],[113.228947,34.84114],[113.222306,34.838389],[113.214456,34.837649],[113.204837,34.83201],[113.198757,34.831568],[113.188256,34.834162],[113.178553,34.832202],[113.17565,34.830176],[113.17176,34.822739],[113.161864,34.815924],[113.153421,34.814452],[113.147003,34.817393],[113.139723,34.817769],[113.122307,34.813572],[113.116375,34.808215],[113.091105,34.807439],[113.080983,34.799848],[113.067208,34.792886],[113.06503,34.78474],[113.060501,34.784034],[113.054261,34.787792],[113.050954,34.787643],[113.036194,34.781884],[113.033384,34.776579],[113.030723,34.774905],[113.026216,34.776121],[113.017364,34.784624],[113.006658,34.781805],[112.997636,34.783805],[112.992592,34.782765],[112.987089,34.773627],[112.973839,34.759346],[112.96212,34.755221],[112.949552,34.742685],[112.939504,34.74014],[112.93646,34.731438],[112.930382,34.723586],[112.900207,34.70903],[112.877655,34.708938],[112.860617,34.714047],[112.782903,34.731542],[112.741497,34.737478],[112.598493,34.717809],[112.57587,34.716664],[112.545091,34.709438],[112.499961,34.703976],[112.472329,34.69634],[112.44898,34.687548],[112.429941,34.687303]],"type":"LineString"}},{"type":"Feature","properties":{"seq":36,"date":"2024.9.16","origin":"洛阳","destination":"巩义","origin_city":"洛阳","destination_city":"郑州","train":"K32","service":"conventional","table_km":54,"time":"12:44-13:24","note":""},"geometry":{"coordinates":[[112.438339,34.686822],[112.429941,34.687303],[112.44898,34.687548],[112.472329,34.69634],[112.499961,34.703976],[112.545091,34.709438],[112.57587,34.716664],[112.598493,34.717809],[112.741497,34.737478],[112.782903,34.731542],[112.860617,34.714047],[112.877655,34.708938],[112.899241,34.70888],[112.929455,34.722923],[112.93646,34.731438],[112.939504,34.74014],[112.949517,34.742721],[112.962131,34.755288],[112.975379,34.760903]],"type":"LineString"}},{"type":"Feature","properties":{"seq":37,"date":"2024.9.16","origin":"巩义南","destination":"郑州东","origin_city":"郑州","destination_city":"郑州","train":"G1888","service":"highspeed","table_km":93,"time":"17:52-18:28","note":""},"geometry":{"coordinates":[[112.918883,34.675269],[112.910698,34.671398],[113.003593,34.715773],[113.068895,34.76341],[113.093955,34.773117],[113.116703,34.77575],[113.153549,34.772864],[113.193904,34.764256],[113.214284,34.761982],[113.317017,34.757741],[113.366384,34.748658],[113.467912,34.739971],[113.490748,34.73367],[113.552126,34.709518],[113.600564,34.69703],[113.649683,34.673756],[113.667445,34.670398],[113.698656,34.670796],[113.745582,34.681438],[113.761206,34.687433],[113.768811,34.693706],[113.777279,34.708572],[113.779177,34.715677],[113.774695,34.73506],[113.773224,34.760192]],"type":"LineString"}},{"type":"Feature","properties":{"seq":38,"date":"2024.9.17","origin":"郑州东","destination":"合肥","origin_city":"郑州","destination_city":"合肥","train":"G1885","service":"highspeed","table_km":590,"time":"18:31-21:41","note":""},"geometry":{"coordinates":[[113.773222,34.76023],[113.769219,34.810705],[113.773937,34.821211],[113.78285,34.828083],[113.792593,34.830993],[113.829686,34.837116],[113.953535,34.845324],[113.969011,34.844445],[113.983236,34.841293],[114.019589,34.824745],[114.045255,34.819795],[114.062261,34.82052],[114.180358,34.835159],[114.293952,34.843962],[114.373479,34.844176],[114.394581,34.841675],[114.437547,34.828892],[114.471641,34.821712],[114.632276,34.799267],[114.649714,34.799302],[114.72179,34.806859],[114.737454,34.805224],[114.754042,34.800783],[114.791226,34.78147],[114.861679,34.755587],[115.02559,34.707286],[115.095107,34.691737],[115.114408,34.685885],[115.205175,34.649078],[115.256756,34.616855],[115.332098,34.578865],[115.488377,34.513082],[115.52131,34.501317],[115.629765,34.454738],[115.672216,34.438606],[115.689215,34.434749],[115.696343,34.430816],[115.702094,34.422374],[115.704565,34.400978],[115.721315,34.36361],[115.725147,34.344744],[115.729826,34.305886],[115.73882,34.274867],[115.741224,34.254396],[115.758125,34.174698],[115.766766,34.118867],[115.77249,34.093367],[115.787715,33.9972],[115.79042,33.969961],[115.803609,33.916307],[115.805193,33.904334],[115.803409,33.88981],[115.794861,33.863816],[115.790799,33.818319],[115.795453,33.742292],[115.795537,33.717042],[115.801904,33.631458],[115.803594,33.566153],[115.806973,33.509901],[115.807022,33.470533],[115.813074,33.440477],[115.813363,33.426555],[115.810203,33.413488],[115.804993,33.403071],[115.779809,33.373138],[115.766799,33.350654],[115.750146,33.31454],[115.730306,33.253906],[115.727601,33.239538],[115.721293,33.134224],[115.721314,33.114],[115.735806,33.032337],[115.760419,32.97688],[115.763877,32.961419],[115.762685,32.945811],[115.736529,32.842622],[115.73749,32.824075],[115.744289,32.807508],[115.753135,32.796246],[115.765299,32.786335],[115.791996,32.772491],[115.822309,32.760717],[115.92231,32.739984],[115.960625,32.728786],[116.051537,32.711083],[116.076715,32.704021],[116.10991,32.697141],[116.158141,32.692017],[116.266774,32.668524],[116.304703,32.664113],[116.331723,32.656467],[116.377251,32.648666],[116.409937,32.640735],[116.498176,32.635083],[116.516927,32.638022],[116.551403,32.648886],[116.56522,32.650092],[116.580505,32.648812],[116.653834,32.628117],[116.671318,32.626102],[116.697977,32.62637],[116.710653,32.624343],[116.721604,32.619388],[116.73894,32.606499],[116.74764,32.602231],[116.757151,32.599919],[116.787214,32.5972],[116.816949,32.591378],[116.827202,32.588333],[116.854877,32.576006],[116.898616,32.561976],[116.944313,32.557747],[116.979398,32.5478],[116.996852,32.54477],[117.080864,32.543729],[117.102799,32.53833],[117.124178,32.529268],[117.137624,32.520009],[117.151043,32.50559],[117.175208,32.465893],[117.181151,32.451396],[117.183309,32.435288],[117.181757,32.389586],[117.201399,32.294694],[117.203581,32.26131],[117.200868,32.235543],[117.202219,32.221659],[117.216396,32.183664],[117.226428,32.142397],[117.229874,32.118262],[117.24229,32.088242],[117.252882,32.029675],[117.255302,32.005083],[117.260747,31.989051],[117.26205,31.9777],[117.280284,31.953091],[117.282293,31.935663],[117.290399,31.903531],[117.295666,31.897163],[117.312137,31.888072]],"type":"LineString"}},{"type":"Feature","properties":{"seq":39,"date":"2024.10.2","origin":"合肥南","destination":"芜湖","origin_city":"合肥","destination_city":"芜湖","train":"G7725","service":"highspeed","table_km":237,"time":"07:00-08:39","note":""},"geometry":{"coordinates":[[117.282367,31.800041],[117.284679,31.800148],[117.280514,31.800368],[117.313819,31.802166],[117.347524,31.808758],[117.359503,31.806494],[117.383653,31.797836],[117.394602,31.790455],[117.404166,31.779532],[117.421177,31.737783],[117.434679,31.721327],[117.454083,31.709212],[117.503184,31.692096],[117.520942,31.68941],[117.569842,31.688785],[117.634114,31.680253],[117.805178,31.691371],[117.824934,31.690755],[117.844516,31.686172],[117.863467,31.677277],[117.892994,31.654426],[117.908307,31.638433],[117.930106,31.604717],[117.936606,31.590053],[117.938691,31.577356],[117.937917,31.545328],[117.948966,31.496509],[117.948727,31.467617],[117.96764,31.265093],[117.951036,31.135852],[117.951668,31.120086],[117.959323,31.09868],[117.983953,31.062441],[117.99605,31.040392],[118.02507,31.005874],[118.026552,31.001993],[118.022045,30.997255],[118.010282,30.994066],[117.918367,30.973362],[117.912666,30.971992],[117.887176,30.962603],[117.875201,30.954964],[117.867409,30.94641],[117.862267,30.936809],[117.860656,30.932209],[117.858626,30.925846],[117.858153,30.923304],[117.857333,30.92081],[117.858626,30.925846],[117.862267,30.936809],[117.864098,30.940912],[117.867409,30.94641],[117.870341,30.950131],[117.875201,30.954964],[117.88158,30.959598],[117.887176,30.962603],[117.904397,30.969262],[117.912666,30.971992],[118.021329,30.996489],[118.043477,31.002904],[118.057218,31.010073],[118.087097,31.030641],[118.124712,31.046265],[118.13422,31.053582],[118.174039,31.09397],[118.184462,31.101447],[118.200393,31.116453],[118.23069,31.136782],[118.247807,31.15257],[118.33316,31.202964],[118.340203,31.210206],[118.358672,31.235858],[118.386215,31.261715],[118.390465,31.268495],[118.391398,31.276945],[118.383558,31.312409],[118.384691,31.319083],[118.383171,31.328243],[118.387964,31.337365],[118.387611,31.346906],[118.385395,31.352471],[118.385969,31.350609]],"type":"LineString"}},{"type":"Feature","properties":{"seq":40,"date":"2024.10.2","origin":"芜湖","destination":"宣城","origin_city":"芜湖","destination_city":"宣城","train":"G7759","service":"highspeed","table_km":64,"time":"10:20-10:48","note":""},"geometry":{"coordinates":[[118.380341,31.356324],[118.384678,31.35284],[118.386015,31.34979],[118.38034,31.35632],[118.384195,31.352661],[118.384505,31.352057],[118.384694,31.351611],[118.385791,31.34896],[118.386476,31.347322],[118.386581,31.347061],[118.386979,31.345504],[118.386806,31.335266],[118.382937,31.327567],[118.384527,31.319412],[118.383475,31.311854],[118.391474,31.270389],[118.387057,31.262453],[118.359347,31.23615],[118.355345,31.224007],[118.360275,31.203107],[118.383981,31.168582],[118.399816,31.157234],[118.445972,31.139791],[118.476602,31.125296],[118.687792,31.062263],[118.704943,31.05537],[118.720579,31.044055],[118.731637,31.03006],[118.738021,31.013705],[118.747427,30.974245],[118.750462,30.966863],[118.78138,30.93948],[118.769352,30.949752]],"type":"LineString"}},{"type":"Feature","properties":{"seq":41,"date":"2024.10.2","origin":"宣城","destination":"合肥南","origin_city":"宣城","destination_city":"合肥","train":"G1890","service":"highspeed","table_km":192,"time":"17:49-18:57","note":""},"geometry":{"coordinates":[[118.769352,30.949752],[118.781379,30.939485],[118.750462,30.966863],[118.747427,30.974245],[118.738021,31.013705],[118.731637,31.03006],[118.720579,31.044055],[118.704943,31.05537],[118.687792,31.062263],[118.476602,31.125296],[118.445972,31.139791],[118.399816,31.157234],[118.383981,31.168582],[118.360275,31.203107],[118.355345,31.224007],[118.359347,31.23615],[118.387057,31.262453],[118.391474,31.270389],[118.383475,31.311854],[118.384527,31.319412],[118.382937,31.327567],[118.386806,31.335266],[118.387004,31.345123],[118.38287,31.35416],[118.373881,31.359166],[118.311672,31.352312],[118.2196,31.360075],[118.187514,31.368012],[118.169779,31.376092],[118.152765,31.390802],[118.133942,31.419939],[118.110832,31.445696],[118.096062,31.467744],[118.073778,31.49344],[118.058495,31.504991],[118.027247,31.519464],[118.011541,31.529488],[117.978383,31.565371],[117.934427,31.601064],[117.92465,31.61329],[117.908351,31.638456],[117.899369,31.648843],[117.862518,31.677905],[117.842565,31.686879],[117.815684,31.691545],[117.634114,31.680297],[117.565902,31.689171],[117.523867,31.689335],[117.507808,31.691117],[117.456199,31.708375],[117.444731,31.714074],[117.434715,31.721359],[117.421224,31.737801],[117.404211,31.779554],[117.394639,31.790485],[117.383681,31.797874],[117.359521,31.806535],[117.347535,31.808785],[117.313819,31.802166],[117.28488,31.80024]],"type":"LineString"}},{"type":"Feature","properties":{"seq":42,"date":"2024.10.3","origin":"合肥南","destination":"安庆","origin_city":"合肥","destination_city":"安庆","train":"G7071","service":"highspeed","table_km":149,"time":"07:17-08:24","note":""},"geometry":{"coordinates":[[117.282367,31.800041],[117.284679,31.800148],[117.264803,31.799362],[117.215255,31.79093],[117.161791,31.788936],[117.152885,31.78552],[117.149432,31.781681],[117.148083,31.776968],[117.150756,31.749196],[117.148842,31.738152],[117.128451,31.70723],[117.118739,31.696262],[117.108759,31.688808],[117.0702,31.671766],[117.054244,31.661153],[117.045504,31.652354],[117.038428,31.642368],[117.033215,31.631327],[117.030036,31.618981],[117.026968,31.550306],[117.027644,31.538447],[117.047725,31.469549],[117.056094,31.452013],[117.066604,31.438938],[117.080233,31.427613],[117.182273,31.371297],[117.193418,31.363207],[117.205389,31.349799],[117.214151,31.335041],[117.21814,31.323513],[117.220374,31.306756],[117.219616,31.295085],[117.216023,31.281374],[117.191559,31.213205],[117.18222,31.195058],[117.140643,31.147194],[117.058484,31.066222],[117.050636,31.055158],[117.016147,30.994909],[116.975197,30.949299],[116.968889,30.93822],[116.963889,30.92379],[116.9586,30.854976],[116.960638,30.841252],[116.971045,30.805071],[116.974071,30.774859],[116.972837,30.759961],[116.968545,30.747689],[116.960381,30.735019],[116.919212,30.698659],[116.916263,30.693559],[116.916187,30.68845],[116.920136,30.682119],[116.935987,30.672504],[116.962153,30.649052],[116.963689,30.63968],[116.957872,30.622033],[116.958175,30.614864],[116.96327,30.604981],[116.972879,30.594077],[116.981913,30.575349],[116.988471,30.571185],[117.014839,30.561681],[117.03836,30.558029],[117.060207,30.552004]],"type":"LineString"}},{"type":"Feature","properties":{"seq":43,"date":"2024.10.3","origin":"安庆","destination":"铜陵","origin_city":"安庆","destination_city":"铜陵","train":"G2790","service":"highspeed","table_km":96,"time":"12:41-13:17","note":""},"geometry":{"coordinates":[[117.06023,30.55207],[117.07099,30.549745],[117.086095,30.549574],[117.118648,30.553844],[117.130896,30.557924],[117.169315,30.575411],[117.188957,30.579873],[117.201819,30.579495],[117.26055,30.57049],[117.281802,30.570953],[117.381334,30.604783],[117.398015,30.607072],[117.448524,30.604966],[117.46269,30.605783],[117.559839,30.63355],[117.633425,30.648331],[117.67439,30.661454],[117.686582,30.669123],[117.697168,30.681247],[117.70174,30.691171],[117.705845,30.711267],[117.709638,30.721109],[117.730071,30.7548],[117.747836,30.778578],[117.764153,30.813314],[117.78581,30.836451],[117.805174,30.850397],[117.836006,30.878948],[117.849253,30.899396],[117.856795,30.921023]],"type":"LineString"}},{"type":"Feature","properties":{"seq":44,"date":"2024.10.3","origin":"铜陵","destination":"合肥南","origin_city":"铜陵","destination_city":"合肥","train":"G7424","service":"highspeed","table_km":161,"time":"16:54-18:05","note":""},"geometry":{"coordinates":[[117.857333,30.92081],[117.862267,30.936809],[117.867409,30.94641],[117.875201,30.954964],[117.887176,30.962603],[117.912666,30.971992],[118.022045,30.997255],[118.026552,31.001993],[118.02507,31.005874],[117.996095,31.040413],[117.983999,31.062462],[117.959369,31.098699],[117.951719,31.120093],[117.951088,31.135849],[117.96764,31.265093],[117.948727,31.467617],[117.948966,31.496509],[117.937917,31.545328],[117.938691,31.577356],[117.936606,31.590053],[117.930106,31.604717],[117.908307,31.638433],[117.892994,31.654426],[117.863467,31.677277],[117.844516,31.686172],[117.824934,31.690755],[117.805178,31.691371],[117.634114,31.680253],[117.569842,31.688785],[117.520942,31.68941],[117.503184,31.692096],[117.454083,31.709212],[117.434679,31.721327],[117.421177,31.737783],[117.404166,31.779532],[117.394602,31.790455],[117.383653,31.797836],[117.359503,31.806494],[117.347524,31.808758],[117.313819,31.802166],[117.280514,31.800368],[117.284679,31.800148]],"type":"LineString"}},{"type":"Feature","properties":{"seq":45,"date":"2025.1.20","origin":"广州南","destination":"湛江西","origin_city":"广州","destination_city":"湛江","train":"C6967","service":"highspeed","table_km":428,"time":"20:30-23:03","note":""},"geometry":{"coordinates":[[113.263946,22.991351],[113.273734,22.978429],[113.275068,22.973531],[113.274052,22.967078],[113.268603,22.959495],[113.246014,22.944539],[113.243438,22.938691],[113.244147,22.931642],[113.246949,22.927104],[113.261902,22.915338],[113.265944,22.909848],[113.267492,22.904223],[113.267137,22.888184],[113.275308,22.869817],[113.292765,22.854564],[113.300107,22.836905],[113.303695,22.831995],[113.321114,22.821707],[113.327293,22.815329],[113.329799,22.809024],[113.331291,22.791508],[113.327792,22.781334],[113.310123,22.762528],[113.305482,22.749516],[113.30498,22.72605],[113.301793,22.698223],[113.299597,22.6916],[113.277387,22.664593],[113.230506,22.614084],[113.221499,22.608325],[113.177495,22.593982],[113.137443,22.577047],[113.124024,22.57394],[113.088302,22.560644],[113.07672,22.552872],[113.068939,22.543471],[113.065678,22.532034],[113.066563,22.509348],[113.063634,22.476013],[113.053702,22.472703],[113.009307,22.473409],[112.967022,22.445411],[112.92704,22.403364],[112.875815,22.34544],[112.863087,22.3212],[112.849908,22.307519],[112.835927,22.30352],[112.790826,22.301877],[112.769117,22.303214],[112.741767,22.301501],[112.729139,22.304439],[112.703199,22.318488],[112.694014,22.321365],[112.658055,22.3214],[112.648452,22.31991],[112.638979,22.316293],[112.61804,22.303772],[112.597276,22.286268],[112.58102,22.266847],[112.572866,22.260272],[112.56425,22.256395],[112.543103,22.250695],[112.507959,22.235608],[112.499366,22.229682],[112.485526,22.215688],[112.471986,22.20688],[112.454492,22.201694],[112.410196,22.198514],[112.402417,22.195242],[112.366418,22.172792],[112.339355,22.163196],[112.316983,22.158456],[112.284538,22.14579],[112.277736,22.139998],[112.249527,22.101739],[112.232724,22.074039],[112.222596,22.060746],[112.20259,22.024781],[112.185382,22.009948],[112.17142,22.000877],[112.163545,21.991961],[112.1568,21.971282],[112.143779,21.944923],[112.120501,21.882928],[112.111581,21.872263],[112.098558,21.860735],[112.079457,21.847112],[112.044183,21.828548],[112.017053,21.823853],[111.970909,21.807262],[111.952963,21.798612],[111.933292,21.795661],[111.886627,21.799756],[111.835202,21.800891],[111.811509,21.805154],[111.747242,21.794256],[111.615333,21.800263],[111.589465,21.79804],[111.573964,21.790789],[111.552931,21.767522],[111.536229,21.756331],[111.469282,21.732011],[111.43937,21.71557],[111.399386,21.698955],[111.372454,21.690557],[111.341047,21.67332],[111.329857,21.669697],[111.316377,21.669811],[111.283937,21.677757],[111.175771,21.708709],[111.156193,21.709426],[111.119687,21.703617],[111.079629,21.707371],[111.063617,21.704999],[111.039883,21.695671],[111.025187,21.686262],[110.971071,21.644287],[110.953911,21.6435],[110.945086,21.641253],[110.912527,21.647805],[110.894045,21.654764],[110.879509,21.653338],[110.863864,21.647267],[110.851466,21.637183],[110.825425,21.596131],[110.803028,21.573308],[110.791866,21.553916],[110.786646,21.538336],[110.781952,21.529943],[110.754885,21.503261],[110.747059,21.497325],[110.717871,21.487362],[110.704065,21.484954],[110.685047,21.484114],[110.63183,21.471314],[110.574626,21.452643],[110.53892,21.44753],[110.520181,21.443028],[110.48264,21.440141],[110.438352,21.426457],[110.426124,21.420168],[110.406973,21.404525],[110.376752,21.395061],[110.358469,21.382047],[110.336973,21.372788],[110.300557,21.351891],[110.288588,21.339241],[110.281776,21.321109],[110.281531,21.307732],[110.286748,21.282442],[110.283803,21.263478],[110.282699,21.240551],[110.282906,21.245556]],"type":"LineString"}},{"type":"Feature","properties":{"seq":46,"date":"2025.2.4","origin":"广州南","destination":"虎门","origin_city":"广州","destination_city":"东莞","train":"G1623","service":"highspeed","table_km":50,"time":"10:05-10:22","note":""},"geometry":{"coordinates":[[113.26444,22.99165],[113.274944,22.977014],[113.279037,22.962795],[113.291841,22.943659],[113.310642,22.900175],[113.314958,22.893187],[113.330352,22.877337],[113.350658,22.867006],[113.413259,22.857669],[113.426163,22.858483],[113.506892,22.871597],[113.602673,22.861817],[113.643876,22.860751],[113.668285,22.863251]],"type":"LineString"}},{"type":"Feature","properties":{"seq":47,"date":"2025.2.4","origin":"东莞","destination":"深圳","origin_city":"东莞","destination_city":"深圳","train":"C7131","service":"highspeed","table_km":76,"time":"17:43-18:35","note":""},"geometry":{"coordinates":[[113.854294,23.091105],[113.891775,23.067874],[113.908794,23.063355],[113.948269,23.032836],[113.960054,23.030364],[113.964799,23.027725],[113.982067,23.011612],[113.995692,22.991642],[114.009662,22.97878],[114.027894,22.949587],[114.043856,22.93264],[114.051904,22.911789],[114.06946,22.899975],[114.074523,22.893672],[114.078868,22.86922],[114.078914,22.8574],[114.094584,22.81586],[114.095221,22.804073],[114.106948,22.748438],[114.108226,22.731427],[114.104809,22.721137],[114.104846,22.716832],[114.127201,22.683167],[114.131783,22.651378],[114.135399,22.640693],[114.133386,22.635392],[114.124379,22.629541],[114.116877,22.627369],[114.113448,22.622739],[114.115195,22.614116],[114.114687,22.605199],[114.108738,22.590985],[114.112274,22.579466],[114.109213,22.554086],[114.112175,22.534286]],"type":"LineString"}},{"type":"Feature","properties":{"seq":48,"date":"2025.4.4","origin":"合肥南","destination":"枣庄","origin_city":"合肥","destination_city":"枣庄","train":"G246","service":"highspeed","table_km":373,"time":"06:32-08:39","note":""},"geometry":{"coordinates":[[117.28481,31.79963],[117.258067,31.797989],[117.227952,31.792633],[117.210611,31.797754],[117.202041,31.802757],[117.197811,31.807189],[117.19835,31.81061],[117.209503,31.825282],[117.211767,31.851274],[117.213797,31.855358],[117.239086,31.884381],[117.254494,31.896057],[117.265231,31.907977],[117.281912,31.913369],[117.284573,31.916655],[117.285302,31.920867],[117.279903,31.953744],[117.264336,31.972731],[117.261651,31.978563],[117.260706,31.988391],[117.255138,32.008081],[117.252959,32.029949],[117.24254,32.088276],[117.23096,32.126577],[117.21498,32.191122],[117.206627,32.21482],[117.203671,32.288503],[117.1828,32.388032],[117.183811,32.434347],[117.182767,32.448048],[117.176132,32.465214],[117.128583,32.545225],[117.123043,32.560757],[117.120982,32.578976],[117.123483,32.609121],[117.12739,32.622109],[117.136713,32.636583],[117.162084,32.667082],[117.173714,32.675831],[117.311863,32.76362],[117.354309,32.784917],[117.401473,32.817963],[117.412824,32.827955],[117.436589,32.855125],[117.44091,32.863776],[117.442924,32.873987],[117.44133,32.88706],[117.430632,32.927315],[117.423434,32.983898],[117.374841,33.130434],[117.355456,33.203933],[117.337075,33.333122],[117.281829,33.462628],[117.263067,33.55225],[117.234209,33.769873],[117.219853,33.847856],[117.220675,33.867043],[117.250852,34.035131],[117.31235,34.179498],[117.316167,34.194255],[117.316566,34.209291],[117.314945,34.219283],[117.293194,34.288659],[117.290888,34.3005],[117.297577,34.377211],[117.300714,34.397081],[117.30675,34.4103],[117.317497,34.425903],[117.333098,34.441604],[117.349809,34.450773],[117.381634,34.462249],[117.402258,34.476339],[117.414903,34.491072],[117.421279,34.505117],[117.424192,34.517828],[117.42461,34.593806],[117.42288,34.604417],[117.418166,34.616587],[117.386641,34.665541],[117.378468,34.675849],[117.341956,34.718725],[117.31429,34.746636],[117.306492,34.759946],[117.298931,34.783971],[117.299865,34.781732]],"type":"LineString"}},{"type":"Feature","properties":{"seq":49,"date":"2025.4.5","origin":"徐州","destination":"淮北","origin_city":"徐州","destination_city":"淮北","train":"K491","service":"conventional","table_km":62,"time":"14:40-15:24","note":""},"geometry":{"coordinates":[[117.20198,34.26654],[117.20037,34.274486],[117.196658,34.277324],[117.133004,34.282024],[117.078822,34.288069],[117.07386,34.288844],[117.032775,34.297413],[117.03093,34.29771],[117.035762,34.294601],[117.03738,34.28614],[117.039186,34.244932],[117.037284,34.239248],[116.95623,34.18177],[116.947482,34.132272],[116.94561,34.128126],[116.851485,34.060449],[116.835618,34.021205],[116.83545,34.017031],[116.838088,34.009438],[116.837207,34.004824],[116.810972,33.978693],[116.797146,33.969026]],"type":"LineString"}},{"type":"Feature","properties":{"seq":50,"date":"2025.4.5","origin":"淮北","destination":"合肥南","origin_city":"淮北","destination_city":"合肥","train":"G7430","service":"highspeed","table_km":385,"time":"17:51-20:34","note":""},"geometry":{"coordinates":[[116.803127,33.97294],[116.797146,33.969026],[116.811012,33.978663],[116.837765,34.005943],[116.83567,34.021195],[116.848759,34.056277],[116.856296,34.070054],[116.869391,34.110622],[116.864977,34.172882],[116.866411,34.183746],[116.873019,34.196992],[116.905454,34.232962],[116.914271,34.236514],[116.971183,34.242415],[117.028671,34.264021],[117.07112,34.286623],[117.09876,34.30468],[117.134704,34.323357],[117.168624,34.346041],[117.19093,34.355447],[117.2072,34.357384],[117.221691,34.355255],[117.272749,34.336612],[117.279014,34.333123],[117.284631,34.327578],[117.28917,34.316368],[117.293272,34.2894],[117.314945,34.219283],[117.316566,34.209291],[117.316167,34.194255],[117.31235,34.179498],[117.250852,34.035131],[117.220675,33.867043],[117.219853,33.847856],[117.234209,33.769873],[117.263067,33.55225],[117.281829,33.462628],[117.337075,33.333122],[117.355456,33.203933],[117.374841,33.130434],[117.423434,32.983898],[117.430632,32.927315],[117.441327,32.887061],[117.442924,32.873987],[117.44091,32.863776],[117.436589,32.855125],[117.412824,32.827955],[117.401473,32.817963],[117.354309,32.784917],[117.311863,32.76362],[117.173714,32.675831],[117.162084,32.667082],[117.136713,32.636583],[117.12739,32.622109],[117.123483,32.609121],[117.120982,32.578976],[117.123043,32.560757],[117.128583,32.545225],[117.176132,32.465214],[117.182767,32.448048],[117.183811,32.434347],[117.1828,32.388032],[117.203671,32.288503],[117.206627,32.21482],[117.21498,32.191122],[117.23096,32.126577],[117.24254,32.088276],[117.252959,32.029949],[117.255138,32.008081],[117.260706,31.988391],[117.261651,31.978563],[117.264336,31.972731],[117.279903,31.953744],[117.285302,31.920867],[117.284573,31.916655],[117.281912,31.913369],[117.265231,31.907977],[117.254494,31.896057],[117.239086,31.884381],[117.213797,31.855358],[117.211767,31.851274],[117.209503,31.825282],[117.19835,31.81061],[117.197811,31.807189],[117.202041,31.802757],[117.210611,31.797754],[117.227952,31.792633],[117.256485,31.797791],[117.28488,31.80024]],"type":"LineString"}},{"type":"Feature","properties":{"seq":51,"date":"2025.5.22","origin":"合肥南","destination":"上海南","origin_city":"合肥","destination_city":"上海","train":"C3020","service":"highspeed","table_km":481,"time":"19:41-次日12:57","note":""},"geometry":{"coordinates":[[117.282367,31.800041],[117.284679,31.800148],[117.280514,31.800368],[117.313819,31.802166],[117.351527,31.809728],[117.362887,31.809326],[117.395437,31.804225],[117.412416,31.806735],[117.420406,31.810744],[117.426891,31.816339],[117.4443,31.844003],[117.457803,31.854377],[117.539771,31.888795],[117.564405,31.89659],[117.660844,31.934286],[117.70491,31.948319],[117.727509,31.960598],[117.738809,31.964632],[117.76649,31.966924],[117.818253,31.975211],[117.868311,31.989612],[117.911576,31.994653],[117.95348,32.007357],[118.029308,32.00938],[118.103534,32.03173],[118.169693,32.038894],[118.30756,32.067744],[118.398735,32.072936],[118.409201,32.072001],[118.419164,32.069067],[118.465076,32.042835],[118.502137,32.030011],[118.596309,31.985801],[118.610322,31.976657],[118.664925,31.932726],[118.6777,31.926633],[118.689606,31.923723],[118.707624,31.92293],[118.727904,31.92916],[118.738002,31.93517],[118.756954,31.95194],[118.768759,31.959913],[118.812866,31.980342],[118.822317,31.982824],[118.837444,31.984136],[118.847639,31.982876],[118.857394,31.976951],[118.881861,31.950436],[118.903339,31.930026],[118.923512,31.905979],[118.945517,31.871557],[118.982282,31.824786],[119.006826,31.783288],[119.014439,31.774801],[119.042145,31.752327],[119.050322,31.74376],[119.097859,31.671181],[119.10699,31.660248],[119.131412,31.644808],[119.183746,31.624697],[119.199964,31.615495],[119.343225,31.502522],[119.394659,31.449161],[119.412213,31.428478],[119.445827,31.401891],[119.46011,31.394571],[119.477062,31.389945],[119.64439,31.370418],[119.684019,31.354819],[119.720835,31.349328],[119.752151,31.339949],[119.789777,31.320575],[119.834484,31.305775],[119.85067,31.294263],[119.858418,31.283951],[119.863365,31.270139],[119.863946,31.259555],[119.860951,31.232411],[119.865003,31.212335],[119.883555,31.175212],[119.907655,31.139817],[119.922425,31.10942],[119.930796,31.098795],[119.949239,31.081611],[119.959141,31.06792],[119.977,31.028406],[119.993524,30.998108],[120.017695,30.939851],[120.022057,30.922207],[120.018092,30.886291],[120.018223,30.832975],[120.023769,30.823083],[120.033553,30.81877],[120.069529,30.819559],[120.102837,30.822851],[120.249318,30.814999],[120.305518,30.820216],[120.348039,30.828968],[120.420415,30.829504],[120.44705,30.834674],[120.469124,30.845706],[120.515073,30.882193],[120.528634,30.890964],[120.583011,30.91892],[120.59827,30.923907],[120.625542,30.92992],[120.645454,30.939491],[120.653934,30.94625],[120.662862,30.956447],[120.679,30.982019],[120.696941,31.015532],[120.712814,31.034406],[120.725175,31.0442],[120.742258,31.053645],[120.757851,31.059388],[120.774958,31.063088],[120.822003,31.068105],[120.877032,31.065145],[120.892236,31.062787],[120.952673,31.048099],[120.964671,31.04376],[120.977515,31.036399],[121.003659,31.010819],[121.013647,31.003972],[121.043181,30.989548],[121.062207,30.984249],[121.104079,30.981134],[121.133924,30.981798],[121.168766,30.986134],[121.201477,30.982971],[121.209566,30.983671],[121.237733,30.992149],[121.244593,30.995544],[121.268693,31.020891],[121.297702,31.047062],[121.344233,31.074723],[121.381384,31.112432],[121.39109,31.125677],[121.425883,31.156252]],"type":"LineString"}},{"type":"Feature","properties":{"seq":52,"date":"2025.5.27","origin":"上海虹桥","destination":"合肥南","origin_city":"上海","destination_city":"合肥","train":"G7576","service":"highspeed","table_km":468,"time":"12:12-15:06","note":""},"geometry":{"coordinates":[[121.31685,31.19608],[121.315751,31.214507],[121.313447,31.221119],[121.290025,31.244874],[121.276294,31.274994],[121.264292,31.287504],[121.247269,31.296348],[121.188193,31.307733],[121.14684,31.318365],[121.094936,31.337168],[121.080077,31.340708],[121.058883,31.341079],[121.018874,31.333869],[120.9943,31.336432],[120.892353,31.377675],[120.875879,31.382283],[120.853238,31.383042],[120.827453,31.379846],[120.799921,31.373738],[120.784325,31.37285],[120.757629,31.375097],[120.732198,31.380167],[120.717111,31.384069],[120.70246,31.390023],[120.571453,31.45958],[120.55275,31.472299],[120.538093,31.488997],[120.496743,31.559682],[120.488599,31.57081],[120.479103,31.580089],[120.435551,31.614984],[120.399775,31.656518],[120.365066,31.684394],[120.327981,31.700702],[120.26892,31.713009],[120.234443,31.727722],[120.217177,31.739739],[120.167366,31.785585],[120.148118,31.797429],[120.128623,31.803009],[120.096705,31.807122],[120.054262,31.818117],[119.894346,31.877457],[119.68906,31.998638],[119.640282,32.039353],[119.608064,32.062838],[119.54909,32.112469],[119.534134,32.122362],[119.51063,32.131441],[119.450439,32.143747],[119.379756,32.167748],[119.362986,32.171797],[119.339279,32.171871],[119.288367,32.162282],[119.240162,32.16234],[119.218305,32.159233],[119.194519,32.150173],[119.164903,32.131089],[119.149911,32.124184],[119.075666,32.100747],[119.005533,32.086458],[118.990155,32.081647],[118.957248,32.066101],[118.945677,32.059063],[118.914742,32.029255],[118.89586,32.016189],[118.837707,31.992197],[118.772582,31.962158],[118.757502,31.952628],[118.733822,31.932544],[118.723292,31.927325],[118.711927,31.924173],[118.690918,31.923646],[118.670489,31.929757],[118.660477,31.935988],[118.608964,31.977815],[118.596642,31.985729],[118.502137,32.030011],[118.465076,32.042835],[118.425786,32.065977],[118.415518,32.0704],[118.396629,32.072894],[118.309103,32.067903],[118.169693,32.038894],[118.103534,32.03173],[118.029308,32.00938],[117.95348,32.007357],[117.911576,31.994653],[117.867087,31.989327],[117.818281,31.975174],[117.766496,31.966889],[117.738816,31.964593],[117.727538,31.960568],[117.704925,31.948277],[117.660858,31.934256],[117.564431,31.896553],[117.539781,31.888769],[117.457823,31.854338],[117.444336,31.843979],[117.426927,31.816306],[117.420406,31.810744],[117.412416,31.806735],[117.395437,31.804225],[117.362887,31.809326],[117.351527,31.809728],[117.313819,31.802166],[117.28488,31.80024]],"type":"LineString"}},{"type":"Feature","properties":{"seq":53,"date":"2025.6.22","origin":"合肥南","destination":"上海虹桥","origin_city":"合肥","destination_city":"上海","train":"G1726","service":"highspeed","table_km":468,"time":"17:58-19:54","note":""},"geometry":{"coordinates":[[117.28476,31.8006],[117.313819,31.802166],[117.351527,31.809728],[117.362887,31.809326],[117.395437,31.804225],[117.412416,31.806735],[117.420406,31.810744],[117.426927,31.816306],[117.444336,31.843979],[117.457823,31.854338],[117.539781,31.888769],[117.564431,31.896553],[117.660858,31.934256],[117.704925,31.948277],[117.727538,31.960568],[117.738816,31.964593],[117.766496,31.966889],[117.818281,31.975174],[117.867087,31.989327],[117.911576,31.994653],[117.95348,32.007357],[118.029308,32.00938],[118.103534,32.03173],[118.169693,32.038894],[118.309103,32.067903],[118.396629,32.072894],[118.415518,32.0704],[118.425786,32.065977],[118.465076,32.042835],[118.502137,32.030011],[118.596642,31.985729],[118.608964,31.977815],[118.660477,31.935988],[118.670489,31.929757],[118.690918,31.923646],[118.711927,31.924173],[118.723292,31.927325],[118.733822,31.932544],[118.757502,31.952628],[118.772582,31.962158],[118.837707,31.992197],[118.89586,32.016189],[118.914742,32.029255],[118.945677,32.059063],[118.957248,32.066101],[118.990155,32.081647],[119.005533,32.086458],[119.075666,32.100747],[119.149911,32.124184],[119.164903,32.131089],[119.194519,32.150173],[119.218305,32.159233],[119.240162,32.16234],[119.288367,32.162282],[119.339279,32.171871],[119.362986,32.171797],[119.379756,32.167748],[119.450439,32.143747],[119.51063,32.131441],[119.534134,32.122362],[119.54909,32.112469],[119.608064,32.062838],[119.640282,32.039353],[119.68906,31.998638],[119.894346,31.877457],[120.054262,31.818117],[120.096705,31.807122],[120.128623,31.803009],[120.148118,31.797429],[120.167366,31.785585],[120.217177,31.739739],[120.234443,31.727722],[120.26892,31.713009],[120.327981,31.700702],[120.365066,31.684394],[120.399775,31.656518],[120.435551,31.614984],[120.479103,31.580089],[120.488599,31.57081],[120.496743,31.559682],[120.538093,31.488997],[120.55275,31.472299],[120.571453,31.45958],[120.70246,31.390023],[120.717111,31.384069],[120.732198,31.380167],[120.757629,31.375097],[120.784325,31.37285],[120.799921,31.373738],[120.827453,31.379846],[120.853238,31.383042],[120.875879,31.382283],[120.892353,31.377675],[120.9943,31.336432],[121.018874,31.333869],[121.058883,31.341079],[121.080077,31.340708],[121.094936,31.337168],[121.14684,31.318365],[121.188193,31.307733],[121.247269,31.296348],[121.260988,31.28978],[121.272165,31.280276],[121.278887,31.270625],[121.290025,31.244874],[121.312224,31.223062],[121.315751,31.214507],[121.31617,31.19598]],"type":"LineString"}},{"type":"Feature","properties":{"seq":54,"date":"2025.6.23","origin":"上海","destination":"六安","origin_city":"上海","destination_city":"六安","train":"K8363","service":"conventional","table_km":659,"time":"23:28-次日07:11","note":""},"geometry":{"coordinates":[[121.451146,31.25151],[121.45346,31.25019],[121.435458,31.25781],[121.164522,31.309036],[121.05293,31.344168],[120.978446,31.355842],[120.944995,31.371574],[120.892173,31.369807],[120.88711,31.372145],[120.879559,31.380049],[120.873347,31.382211],[120.847085,31.380673],[120.759232,31.356516],[120.744203,31.350546],[120.689731,31.338605],[120.641709,31.338034],[120.583084,31.326834],[120.567411,31.32982],[120.344769,31.538722],[120.313114,31.581291],[120.291076,31.59652],[120.272368,31.615232],[120.248167,31.632648],[120.225384,31.645725],[120.198907,31.650041],[120.156889,31.669518],[120.107519,31.696371],[119.979705,31.775397],[119.97341,31.779771],[119.960567,31.79625],[119.956046,31.79986],[119.894543,31.821598],[119.843188,31.845149],[119.725379,31.917803],[119.596101,31.984142],[119.591665,31.988957],[119.58914,31.995155],[119.579867,32.045232],[119.579903,32.057651],[119.576041,32.066928],[119.571924,32.071551],[119.530608,32.101932],[119.505749,32.12991],[119.494123,32.148896],[119.468336,32.18182],[119.442394,32.199544],[119.437616,32.201235],[119.424025,32.199334],[119.411692,32.195316],[119.397373,32.195251],[119.371891,32.18457],[119.315111,32.174818],[119.194182,32.174927],[119.174825,32.171798],[119.132248,32.174186],[119.107209,32.167872],[119.079102,32.168559],[119.063042,32.173151],[119.041823,32.172356],[119.036066,32.170625],[118.985672,32.144597],[118.961765,32.145607],[118.947958,32.148071],[118.929005,32.147019],[118.911058,32.136073],[118.891079,32.119718],[118.872114,32.112762],[118.871011,32.11226],[118.869222,32.111194],[118.874067,32.112768],[118.878904,32.11071],[118.899857,32.075556],[118.900269,32.070023],[118.89696,32.051535],[118.893955,32.045117],[118.869221,32.026689],[118.851867,32.019282],[118.831501,32.015779],[118.810392,32.019286],[118.792925,32.006688],[118.773465,32.007856],[118.761619,32.010284],[118.746522,31.996075],[118.733974,31.980504],[118.718723,31.968483],[118.711012,31.957367],[118.699669,31.954907],[118.673771,31.942932],[118.665146,31.935176],[118.655233,31.919454],[118.634175,31.907796],[118.607283,31.871002],[118.605158,31.854049],[118.572704,31.808072],[118.553643,31.795358],[118.540518,31.772279],[118.527565,31.754574],[118.510753,31.745048],[118.509496,31.728164],[118.464621,31.663413],[118.482023,31.627902],[118.483118,31.586204],[118.476219,31.568381],[118.475267,31.55367],[118.469923,31.534168],[118.438202,31.482712],[118.409389,31.463322],[118.409027,31.460847],[118.413107,31.450779],[118.412372,31.444244],[118.415158,31.436377],[118.402711,31.415134],[118.396794,31.409061],[118.3949,31.399409],[118.389988,31.39458],[118.383431,31.394222],[118.373636,31.390623],[118.309324,31.385678],[118.304348,31.386699],[118.284627,31.396337],[118.281435,31.399847],[118.280589,31.404593],[118.287862,31.439083],[118.286027,31.443547],[118.282336,31.445767],[118.252103,31.451422],[118.174969,31.469595],[118.132867,31.483991],[118.124225,31.484378],[118.094114,31.492179],[118.081559,31.490225],[118.057913,31.480364],[118.052246,31.479403],[118.036136,31.480958],[118.019654,31.49014],[117.996483,31.495918],[117.977169,31.498725],[117.974361,31.50135],[117.971624,31.507996],[117.972612,31.523372],[117.967047,31.532231],[117.956726,31.541629],[117.944325,31.560637],[117.931978,31.574573],[117.906924,31.597887],[117.902253,31.608613],[117.897006,31.614013],[117.86627,31.620354],[117.839862,31.615759],[117.826738,31.616491],[117.816246,31.613661],[117.810514,31.614188],[117.799856,31.621284],[117.789091,31.636245],[117.764733,31.662366],[117.744012,31.670862],[117.735768,31.676913],[117.719501,31.68292],[117.66675,31.692339],[117.634951,31.690498],[117.628418,31.691881],[117.609721,31.703635],[117.586784,31.714281],[117.579981,31.72233],[117.573928,31.743691],[117.571786,31.746955],[117.564166,31.75099],[117.53252,31.761962],[117.52217,31.778466],[117.486844,31.809933],[117.469273,31.821262],[117.459213,31.831199],[117.439545,31.84057],[117.390139,31.885085],[117.37866,31.890312],[117.341116,31.882912],[117.321191,31.882151],[117.29464,31.898812],[117.294383,31.904319],[117.301526,31.913142],[117.300207,31.916879],[117.296255,31.918888],[117.265133,31.908643],[117.249743,31.892439],[117.234641,31.88221],[117.212322,31.853493],[117.208379,31.823529],[117.187667,31.796264],[117.17912,31.79118],[117.114051,31.788484],[117.073221,31.789949],[117.055516,31.788201],[117.011557,31.789491],[116.994415,31.787457],[116.971192,31.789251],[116.940922,31.785199],[116.907566,31.786293],[116.875136,31.784992],[116.854491,31.778353],[116.836762,31.776793],[116.819931,31.770021],[116.777586,31.760238],[116.726084,31.742541],[116.665133,31.733781],[116.620899,31.73886],[116.593724,31.735561],[116.570046,31.734933],[116.551136,31.731345],[116.527676,31.732276],[116.521951,31.730521],[116.510724,31.723596],[116.509154,31.722804],[116.507228,31.721948],[116.502387,31.719647],[116.497493,31.717378],[116.492399,31.714999],[116.490428,31.714079],[116.489611,31.713698],[116.489037,31.713431],[116.50136,31.71959],[116.494606,31.716692]],"type":"LineString"}},{"type":"Feature","properties":{"seq":55,"date":"2025.6.24","origin":"六安","destination":"合肥南","origin_city":"六安","destination_city":"合肥","train":"G1730","service":"highspeed","table_km":87,"time":"07:30-08:33","note":""},"geometry":{"coordinates":[[116.494606,31.716692],[116.501355,31.719587],[116.489037,31.713431],[116.527676,31.732276],[116.551136,31.731345],[116.570046,31.734933],[116.593697,31.735499],[116.622346,31.738789],[116.665143,31.733734],[116.726099,31.742498],[116.777327,31.760028],[116.819983,31.76989],[116.836798,31.776724],[116.854517,31.778287],[116.876616,31.785085],[116.908602,31.786237],[116.94095,31.785106],[116.972283,31.789064],[116.995211,31.787395],[117.011578,31.78942],[117.056558,31.788111],[117.073612,31.789816],[117.0924,31.785623],[117.10763,31.78812],[117.213486,31.790791],[117.264803,31.799362],[117.28488,31.80024]],"type":"LineString"}},{"type":"Feature","properties":{"seq":56,"date":"2025.7.13","origin":"合肥","destination":"北京南","origin_city":"合肥","destination_city":"北京","train":"G2554","service":"highspeed","table_km":980,"time":"12:17-12:42","note":""},"geometry":{"coordinates":[[117.31214,31.88807],[117.295691,31.897206],[117.290399,31.903531],[117.282293,31.935663],[117.280284,31.953091],[117.26205,31.9777],[117.260747,31.989051],[117.255302,32.005083],[117.252929,32.029686],[117.24254,32.088276],[117.23096,32.126577],[117.21498,32.191122],[117.207093,32.212625],[117.205672,32.221742],[117.203671,32.288503],[117.1828,32.388032],[117.183778,32.439222],[117.181757,32.451913],[117.176132,32.465214],[117.128583,32.545225],[117.123043,32.560757],[117.120982,32.578976],[117.123483,32.609121],[117.12739,32.622109],[117.136713,32.636583],[117.162084,32.667082],[117.173714,32.675831],[117.311863,32.76362],[117.354309,32.784917],[117.401473,32.817963],[117.412824,32.827955],[117.436589,32.855125],[117.442498,32.870075],[117.44133,32.88706],[117.430201,32.929881],[117.423434,32.983898],[117.374841,33.130434],[117.355456,33.203933],[117.337075,33.333122],[117.281829,33.462628],[117.262208,33.55765],[117.234209,33.769873],[117.220432,33.843505],[117.219536,33.855518],[117.250852,34.035131],[117.31235,34.179498],[117.316167,34.194255],[117.316566,34.209291],[117.314945,34.219283],[117.293194,34.288659],[117.290888,34.3005],[117.300071,34.394959],[117.30675,34.4103],[117.317497,34.425903],[117.327814,34.437288],[117.345582,34.44896],[117.373328,34.458731],[117.387201,34.465299],[117.402258,34.476339],[117.414903,34.491072],[117.421279,34.505117],[117.424192,34.517828],[117.425427,34.572979],[117.4242,34.597485],[117.418166,34.616587],[117.386641,34.665541],[117.352582,34.706716],[117.318988,34.741021],[117.309965,34.753118],[117.304366,34.765319],[117.292171,34.80686],[117.275646,34.843317],[117.270632,34.868241],[117.269926,34.890597],[117.275382,34.909875],[117.292332,34.939264],[117.300462,34.964009],[117.301002,34.983286],[117.294784,35.00339],[117.287823,35.018025],[117.275942,35.035297],[117.26999,35.047245],[117.247199,35.103399],[117.236929,35.124137],[117.225387,35.157088],[117.18488,35.219427],[117.180427,35.230357],[117.172102,35.261669],[117.164149,35.276752],[117.146743,35.301623],[117.093548,35.353193],[117.084082,35.367789],[117.080122,35.37833],[117.073372,35.417221],[117.065322,35.443523],[117.06244,35.4588],[117.063131,35.481064],[117.068552,35.516399],[117.056881,35.617387],[117.073483,35.699028],[117.077707,35.73569],[117.077859,35.78767],[117.092206,35.832928],[117.099416,35.862919],[117.113286,35.901623],[117.114977,35.914247],[117.112796,35.943597],[117.10429,35.979493],[117.091769,36.063025],[117.086799,36.078922],[117.071744,36.109201],[117.056385,36.135453],[117.040288,36.154735],[117.013884,36.193698],[116.997102,36.215084],[116.991906,36.226299],[116.9863,36.248487],[116.980995,36.259284],[116.96697,36.277836],[116.932308,36.315281],[116.926642,36.324391],[116.922573,36.335062],[116.916981,36.363641],[116.915931,36.416323],[116.911649,36.44253],[116.903313,36.459734],[116.883412,36.487757],[116.878185,36.504482],[116.878019,36.516993],[116.888901,36.558251],[116.890334,36.571422],[116.884057,36.605866],[116.886098,36.648503],[116.885227,36.726152],[116.878841,36.755328],[116.870719,36.810835],[116.860555,36.830119],[116.805655,36.894366],[116.777541,36.937393],[116.734891,36.988233],[116.697716,37.044988],[116.669349,37.082918],[116.649551,37.113392],[116.616449,37.156643],[116.591766,37.197321],[116.569765,37.223397],[116.53964,37.265725],[116.517991,37.289388],[116.470195,37.355853],[116.464757,37.366032],[116.461238,37.377531],[116.451752,37.445734],[116.464073,37.536093],[116.482311,37.595701],[116.487437,37.635474],[116.497597,37.666048],[116.513936,37.69904],[116.536512,37.756188],[116.551079,37.787536],[116.562191,37.819395],[116.593381,37.891488],[116.651327,38.004325],[116.682105,38.08952],[116.702238,38.126239],[116.734338,38.244484],[116.750149,38.276844],[116.7764,38.346047],[116.781634,38.355863],[116.812068,38.399791],[116.8376,38.431718],[116.845158,38.443641],[116.850504,38.456727],[116.865357,38.50575],[116.878874,38.535313],[116.903578,38.573934],[116.922791,38.620192],[116.938222,38.650135],[116.968098,38.727168],[116.975718,38.76401],[116.984755,38.83818],[117.007958,38.892831],[117.030246,38.985464],[117.051709,39.03486],[117.057273,39.076026],[117.057878,39.133902],[117.05332,39.161551],[117.034976,39.243646],[117.027185,39.262218],[117.016017,39.274945],[116.977243,39.304874],[116.941904,39.335013],[116.919575,39.361446],[116.908681,39.371658],[116.849354,39.411424],[116.821768,39.439592],[116.798009,39.456825],[116.705213,39.507532],[116.671319,39.528552],[116.603544,39.56566],[116.548557,39.591242],[116.509155,39.602829],[116.490438,39.610952],[116.42263,39.653852],[116.372359,39.679508],[116.351213,39.69521],[116.310102,39.731034],[116.3024,39.74391],[116.301599,39.757665],[116.319533,39.803119],[116.328227,39.831346],[116.338024,39.849567],[116.364251,39.855826],[116.372359,39.863541]],"type":"LineString"}},{"type":"Feature","properties":{"seq":57,"date":"2025.7.19","origin":"北京南","destination":"合肥北城","origin_city":"北京","destination_city":"合肥","train":"G325","service":"highspeed","table_km":957,"time":"09:00-13:54","note":""},"geometry":{"coordinates":[[116.372359,39.863541],[116.364251,39.855826],[116.338024,39.849567],[116.328227,39.831346],[116.319533,39.803119],[116.301599,39.757665],[116.3024,39.74391],[116.310102,39.731034],[116.351213,39.69521],[116.372359,39.679508],[116.42263,39.653852],[116.490438,39.610952],[116.509155,39.602829],[116.548557,39.591242],[116.603544,39.56566],[116.671319,39.528552],[116.705213,39.507532],[116.798009,39.456825],[116.821768,39.439592],[116.849354,39.411424],[116.908681,39.371658],[116.919575,39.361446],[116.941904,39.335013],[116.977243,39.304874],[117.016017,39.274945],[117.027185,39.262218],[117.034976,39.243646],[117.05332,39.161551],[117.057942,39.133335],[117.057273,39.076026],[117.051709,39.03486],[117.030246,38.985464],[117.007958,38.892831],[116.984755,38.83818],[116.975718,38.76401],[116.968098,38.727168],[116.938222,38.650135],[116.922791,38.620192],[116.903578,38.573934],[116.878874,38.535313],[116.865357,38.50575],[116.850504,38.456727],[116.845158,38.443641],[116.8376,38.431718],[116.812068,38.399791],[116.781634,38.355863],[116.7764,38.346047],[116.750149,38.276844],[116.734338,38.244484],[116.702238,38.126239],[116.682105,38.08952],[116.651327,38.004325],[116.593381,37.891488],[116.562191,37.819395],[116.551079,37.787536],[116.536512,37.756188],[116.513936,37.69904],[116.497597,37.666048],[116.487437,37.635474],[116.482311,37.595701],[116.464073,37.536093],[116.451752,37.445734],[116.461238,37.377531],[116.464757,37.366032],[116.470195,37.355853],[116.517991,37.289388],[116.53964,37.265725],[116.569765,37.223397],[116.591766,37.197321],[116.616449,37.156643],[116.649551,37.113392],[116.669349,37.082918],[116.697716,37.044988],[116.734891,36.988233],[116.777541,36.937393],[116.805655,36.894366],[116.860555,36.830119],[116.870719,36.810835],[116.878841,36.755328],[116.885227,36.726152],[116.886098,36.648503],[116.884057,36.605866],[116.890334,36.571422],[116.888901,36.558251],[116.878019,36.516993],[116.878185,36.504482],[116.883412,36.487757],[116.903313,36.459734],[116.911649,36.44253],[116.915931,36.416323],[116.916981,36.363641],[116.922573,36.335062],[116.926642,36.324391],[116.932308,36.315281],[116.96697,36.277836],[116.980995,36.259284],[116.9863,36.248487],[116.991906,36.226299],[116.997102,36.215084],[117.013884,36.193698],[117.040288,36.154735],[117.056385,36.135453],[117.071744,36.109201],[117.086799,36.078922],[117.091769,36.063025],[117.10429,35.979493],[117.112796,35.943597],[117.114977,35.914247],[117.113286,35.901623],[117.099416,35.862919],[117.092206,35.832928],[117.077859,35.78767],[117.077707,35.73569],[117.073483,35.699028],[117.056881,35.617387],[117.068552,35.516399],[117.063131,35.481064],[117.06244,35.4588],[117.065322,35.443523],[117.073372,35.417221],[117.080122,35.37833],[117.084082,35.367789],[117.093548,35.353193],[117.146743,35.301623],[117.164149,35.276752],[117.172102,35.261669],[117.180427,35.230357],[117.18488,35.219427],[117.225387,35.157088],[117.236929,35.124137],[117.247199,35.103399],[117.26999,35.047245],[117.275942,35.035297],[117.287823,35.018025],[117.294784,35.00339],[117.301002,34.983286],[117.300462,34.964009],[117.292332,34.939264],[117.275382,34.909875],[117.269926,34.890597],[117.270632,34.868241],[117.275646,34.843317],[117.292171,34.80686],[117.304366,34.765319],[117.309965,34.753118],[117.318988,34.741021],[117.352582,34.706716],[117.386641,34.665541],[117.418166,34.616587],[117.4242,34.597485],[117.425427,34.572979],[117.424192,34.517828],[117.421279,34.505117],[117.414903,34.491072],[117.402258,34.476339],[117.387201,34.465299],[117.373328,34.458731],[117.345582,34.44896],[117.327814,34.437288],[117.317497,34.425903],[117.30675,34.4103],[117.300071,34.394959],[117.290888,34.3005],[117.293194,34.288659],[117.314945,34.219283],[117.316566,34.209291],[117.316167,34.194255],[117.31235,34.179498],[117.250852,34.035131],[117.219536,33.855518],[117.220432,33.843505],[117.234209,33.769873],[117.262208,33.55765],[117.281829,33.462628],[117.337075,33.333122],[117.355456,33.203933],[117.374841,33.130434],[117.423434,32.983898],[117.430201,32.929881],[117.441327,32.887061],[117.442498,32.870075],[117.436589,32.855125],[117.412824,32.827955],[117.401473,32.817963],[117.354309,32.784917],[117.311863,32.76362],[117.163991,32.668787],[117.154012,32.658242],[117.128976,32.625315],[117.123483,32.609121],[117.121251,32.584563],[117.122236,32.564755],[117.128315,32.545804],[117.176132,32.465214],[117.182767,32.448048],[117.183811,32.434347],[117.1828,32.388032],[117.203671,32.288503],[117.206234,32.217145],[117.219571,32.174509],[117.23096,32.126577],[117.24254,32.088276],[117.246729,32.065358]],"type":"LineString"}},{"type":"Feature","properties":{"seq":58,"date":"2025.7.31","origin":"合肥南","destination":"泾县","origin_city":"合肥","destination_city":"宣城","train":"G7709","service":"highspeed","table_km":194,"time":"12:04-16:46","note":""},"geometry":{"coordinates":[[117.28476,31.8006],[117.313819,31.802166],[117.347524,31.808758],[117.359503,31.806494],[117.383654,31.797837],[117.394602,31.790455],[117.404166,31.779532],[117.421177,31.737783],[117.434679,31.721327],[117.454083,31.709212],[117.503184,31.692096],[117.520942,31.68941],[117.569842,31.688785],[117.634115,31.680254],[117.805178,31.691371],[117.824934,31.690755],[117.844516,31.686172],[117.862489,31.677869],[117.89933,31.648814],[117.908307,31.638433],[117.92406,31.61411],[117.935976,31.592166],[117.938691,31.577356],[117.937917,31.545328],[117.948966,31.496509],[117.948727,31.467617],[117.96764,31.265093],[117.951036,31.135853],[117.951668,31.120086],[117.956979,31.103253],[117.983953,31.062441],[117.999188,31.035864],[118.044092,30.985036],[118.054945,30.975913],[118.085358,30.956036],[118.130661,30.922268],[118.196875,30.896443],[118.245969,30.881763],[118.264091,30.872346],[118.275791,30.86244],[118.28459,30.851649],[118.313357,30.800751],[118.338507,30.747487],[118.370783,30.689108],[118.383238,30.660605]],"type":"LineString"}},{"type":"Feature","properties":{"seq":59,"date":"2025.7.31","origin":"泾县","destination":"福州","origin_city":"宣城","destination_city":"福州","train":"G345","service":"highspeed","table_km":614,"time":"07:10-08:12","note":""},"geometry":{"coordinates":[[118.381686,30.663969],[118.383238,30.660605],[118.38116,30.66507],[118.38963,30.645584],[118.395138,30.63575],[118.416647,30.608616],[118.440833,30.558162],[118.455438,30.506824],[118.468333,30.475984],[118.477113,30.441415],[118.498502,30.381199],[118.508786,30.346036],[118.514087,30.321004],[118.535225,30.264243],[118.538338,30.257329],[118.564682,30.222459],[118.58792,30.187535],[118.600619,30.172065],[118.605426,30.162813],[118.608247,30.143366],[118.604201,30.121856],[118.593819,30.100279],[118.584915,30.090088],[118.572766,30.080084],[118.542178,30.057002],[118.475481,30.021415],[118.461379,30.010751],[118.449016,29.993864],[118.432928,29.954865],[118.415637,29.934342],[118.377862,29.899304],[118.298836,29.839268],[118.238425,29.798641],[118.22474,29.783277],[118.218373,29.770246],[118.203936,29.726088],[118.169363,29.652401],[118.133237,29.600087],[118.105248,29.553517],[118.063828,29.49396],[118.032914,29.459217],[118.000436,29.41657],[117.935419,29.338361],[117.895238,29.301848],[117.881661,29.281929],[117.876298,29.267178],[117.870975,29.227815],[117.858345,29.157724],[117.857836,29.097999],[117.853696,29.054992],[117.854084,28.975635],[117.856532,28.951891],[117.860548,28.861296],[117.859741,28.800385],[117.861206,28.794368],[117.878106,28.759758],[117.889044,28.743567],[117.924101,28.673344],[117.97133,28.601282],[117.983247,28.555272],[118.01642,28.457277],[118.016931,28.423462],[118.014545,28.411169],[118.004065,28.381944],[118.002903,28.371742],[118.003864,28.351798],[118.009169,28.331844],[118.036197,28.274857],[118.039384,28.265107],[118.040885,28.253226],[118.040881,28.215768],[118.046154,28.174593],[118.037327,28.11125],[118.026981,27.89166],[118.026889,27.850264],[118.031273,27.821011],[118.049567,27.736904],[118.071044,27.669237],[118.092976,27.585678],[118.094922,27.56062],[118.087878,27.497004],[118.092547,27.44523],[118.096123,27.433886],[118.123553,27.386304],[118.12831,27.375466],[118.143324,27.326373],[118.160621,27.279364],[118.167348,27.242115],[118.171764,27.228725],[118.209032,27.164818],[118.259025,27.09376],[118.264552,27.081542],[118.276196,27.045327],[118.279865,27.028261],[118.279066,27.011931],[118.259532,26.921731],[118.241878,26.863368],[118.234238,26.831768],[118.229469,26.77787],[118.220658,26.722805],[118.220294,26.707606],[118.226153,26.646816],[118.232767,26.629416],[118.243635,26.613556],[118.282202,26.584456],[118.303533,26.572046],[118.374843,26.54641],[118.514606,26.509138],[118.568204,26.488229],[118.624861,26.47029],[118.645177,26.466386],[118.680625,26.46312],[118.691654,26.459163],[118.705484,26.449154],[118.717425,26.437665],[118.759804,26.391985],[118.840038,26.332757],[118.890407,26.269088],[118.912409,26.249876],[118.955007,26.236118],[119.054045,26.223521],[119.123704,26.203086],[119.15623,26.190555],[119.184045,26.176902],[119.231305,26.140379],[119.250974,26.128632],[119.269322,26.124309],[119.285388,26.126349],[119.298476,26.124273],[119.31565,26.11686]],"type":"LineString"}},{"type":"Feature","properties":{"seq":60,"date":"2025.8.2","origin":"福州","destination":"古田会址","origin_city":"福州","destination_city":"龙岩","train":"D6572","service":"highspeed","table_km":396,"time":"11:13-14:24","note":""},"geometry":{"coordinates":[[119.3158,26.11708],[119.298476,26.124273],[119.285388,26.126349],[119.269322,26.124309],[119.250974,26.128632],[119.231305,26.140379],[119.184045,26.176902],[119.15623,26.190555],[119.123704,26.203086],[119.054045,26.223521],[118.955007,26.236118],[118.912409,26.249876],[118.890407,26.269088],[118.840003,26.33273],[118.759771,26.391956],[118.744692,26.409624],[118.705451,26.449125],[118.687045,26.461007],[118.672766,26.464251],[118.645171,26.466345],[118.624848,26.470251],[118.568186,26.488191],[118.514591,26.509099],[118.365593,26.549324],[118.299481,26.573914],[118.248092,26.607826],[118.22667,26.606676],[118.189749,26.591943],[118.126379,26.573276],[118.092057,26.566925],[118.086932,26.564539],[118.011517,26.506567],[117.976902,26.473839],[117.912089,26.417801],[117.876142,26.387553],[117.866236,26.381024],[117.850109,26.375061],[117.8275,26.374178],[117.781184,26.382718],[117.774172,26.382168],[117.767971,26.379841],[117.744647,26.36467],[117.680617,26.337273],[117.657995,26.331894],[117.652792,26.32897],[117.640754,26.317498],[117.61747,26.285631],[117.594514,26.242489],[117.539686,26.191838],[117.521687,26.158463],[117.487569,26.123526],[117.47105,26.086498],[117.447233,26.022055],[117.434626,26.004269],[117.391259,25.963708],[117.388315,25.956099],[117.383611,25.925879],[117.395469,25.890335],[117.395922,25.869824],[117.393189,25.840332],[117.404988,25.78956],[117.404795,25.769596],[117.401919,25.75027],[117.395868,25.725761],[117.381331,25.681669],[117.369024,25.653758],[117.366414,25.64307],[117.374239,25.576463],[117.36861,25.549709],[117.36454,25.506271],[117.371627,25.447281],[117.384189,25.381331],[117.382112,25.353746],[117.379141,25.345796],[117.374159,25.3387],[117.365582,25.331555],[117.345688,25.319732],[117.307713,25.308686],[117.266581,25.301784],[117.215624,25.274669],[117.1676,25.258034],[117.158991,25.252882],[117.130491,25.228508],[117.074816,25.189959],[117.054987,25.185588],[117.00956,25.180849],[116.997621,25.176866],[116.990944,25.171335],[116.987408,25.165153],[116.982144,25.137184],[116.979458,25.130069],[116.967881,25.115654],[116.965089,25.108966],[116.961744,25.106795],[116.951483,25.108227],[116.930974,25.117874],[116.891618,25.120153],[116.875598,25.125196],[116.829234,25.134653],[116.794321,25.144034],[116.773988,25.155689],[116.768399,25.162275],[116.764916,25.174283],[116.767243,25.187171]],"type":"LineString"}},{"type":"Feature","properties":{"seq":61,"date":"2025.8.2","origin":"古田会址","destination":"长汀南","origin_city":"龙岩","destination_city":"龙岩","train":"G5078","service":"highspeed","table_km":83,"time":"06:25-09:38","note":""},"geometry":{"coordinates":[[116.768669,25.193447],[116.767243,25.187171],[116.770057,25.20471],[116.768693,25.256861],[116.765434,25.278808],[116.761508,25.328231],[116.736053,25.391353],[116.722002,25.438641],[116.697843,25.477101],[116.664724,25.54674],[116.653353,25.559807],[116.634821,25.574638],[116.617951,25.581146],[116.557035,25.595769],[116.503651,25.632043],[116.48242,25.643504],[116.458875,25.652642],[116.434037,25.669299],[116.414529,25.683725],[116.400534,25.700775],[116.386766,25.713693],[116.360091,25.75986],[116.350362,25.771215],[116.352537,25.769077]],"type":"LineString"}},{"type":"Feature","properties":{"seq":62,"date":"2025.8.2","origin":"长汀南","destination":"瑞金","origin_city":"龙岩","destination_city":"赣州","train":"G2372","service":"highspeed","table_km":34,"time":"14:09-14:40","note":""},"geometry":{"coordinates":[[116.352537,25.769077],[116.336244,25.786272],[116.30083,25.809347],[116.261264,25.830711],[116.210998,25.853256],[116.179619,25.86997],[116.136054,25.87553],[116.109823,25.881172],[116.09127,25.88127],[116.078539,25.879399],[116.067002,25.875438],[116.063259,25.873418],[116.048516,25.864173],[116.046449,25.862825],[116.045816,25.862416],[116.0427,25.860455],[116.036576,25.856663],[116.03683,25.8561],[116.045361,25.861792],[116.045878,25.862031],[116.046524,25.8622],[116.047694,25.862443],[116.04841,25.862649],[116.050555,25.86392],[116.05157,25.86362],[116.049059,25.862311],[116.046524,25.8622],[116.04627,25.86262],[116.046,25.86279],[116.051281,25.866283]],"type":"LineString"}},{"type":"Feature","properties":{"seq":63,"date":"2025.8.2","origin":"瑞金","destination":"于都","origin_city":"赣州","destination_city":"赣州","train":"D6582","service":"highspeed","table_km":72,"time":"08:36-08:51","note":""},"geometry":{"coordinates":[[116.046005,25.862793],[116.051281,25.866283],[116.046,25.86279],[116.04652,25.8622],[116.047368,25.862319],[116.049059,25.862311],[116.051571,25.863618],[116.05056,25.86392],[116.04841,25.862649],[116.047694,25.862443],[116.046524,25.8622],[116.045878,25.862031],[116.045361,25.861792],[116.036827,25.856103],[116.026731,25.8531],[116.018701,25.852687],[115.999668,25.857801],[115.980234,25.865185],[115.964419,25.867547],[115.956157,25.867022],[115.919658,25.857821],[115.892336,25.838979],[115.86673,25.832965],[115.843393,25.821189],[115.833216,25.819182],[115.809999,25.818988],[115.766007,25.834387],[115.737741,25.852321],[115.713045,25.87106],[115.693955,25.895996],[115.682732,25.906683],[115.653812,25.924108],[115.627404,25.932261],[115.600979,25.944731],[115.583815,25.950203],[115.558435,25.962091],[115.529186,25.972846],[115.491411,25.980201],[115.411485,25.978952]],"type":"LineString"}},{"type":"Feature","properties":{"seq":64,"date":"2025.8.2","origin":"于都","destination":"赣州","origin_city":"赣州","destination_city":"赣州","train":"D6572","service":"highspeed","table_km":54,"time":"14:21-14:55","note":""},"geometry":{"coordinates":[[115.412673,25.978958],[115.411485,25.978952],[115.419448,25.978974],[115.39733,25.979616],[115.376645,25.976592],[115.352346,25.975972],[115.229808,25.985715],[115.18217,25.986382],[115.145317,25.989335],[115.139417,25.988389],[115.131848,25.98198],[115.129773,25.969362],[115.126783,25.965],[115.109077,25.951357],[115.100497,25.947018],[115.095956,25.942164],[115.087661,25.939871],[115.072026,25.932419],[115.059736,25.918881],[115.049748,25.915057],[115.039207,25.905889],[115.027663,25.88836],[115.018382,25.881072],[114.982208,25.863617],[114.972687,25.847931],[114.959527,25.835261],[114.960366,25.822387]],"type":"LineString"}},{"type":"Feature","properties":{"seq":65,"date":"2025.8.2","origin":"赣州西","destination":"广州东","origin_city":"赣州","destination_city":"广州","train":"G1305","service":"highspeed","table_km":416,"time":"11:05-11:35","note":""},"geometry":{"coordinates":[[114.810991,25.823267],[114.801847,25.805352],[114.798562,25.795291],[114.796421,25.782013],[114.797124,25.76747],[114.801807,25.750797],[114.808611,25.738047],[114.837863,25.707044],[114.846504,25.69447],[114.85734,25.667058],[114.861658,25.650437],[114.864454,25.6299],[114.86254,25.581761],[114.869257,25.531757],[114.873229,25.456576],[114.875815,25.446079],[114.893453,25.401996],[114.897772,25.37741],[114.892034,25.334545],[114.881541,25.291936],[114.877682,25.281799],[114.863584,25.255991],[114.858295,25.236651],[114.859496,25.161775],[114.847834,25.104424],[114.8449,25.078146],[114.827492,24.977694],[114.827964,24.956666],[114.83511,24.93758],[114.857265,24.914171],[114.876164,24.896891],[114.938133,24.813623],[114.952501,24.801412],[114.996535,24.775936],[115.012454,24.762106],[115.038357,24.727167],[115.046575,24.704479],[115.048774,24.685042],[115.047412,24.67152],[115.029688,24.614248],[115.017006,24.589764],[114.969735,24.520354],[114.960482,24.500446],[114.951024,24.448449],[114.954189,24.412726],[114.956047,24.406159],[114.963121,24.391226],[114.985657,24.358005],[115.007715,24.331065],[115.031216,24.294701],[115.039206,24.285508],[115.066713,24.266009],[115.087978,24.25698],[115.115468,24.239366],[115.171341,24.208964],[115.193367,24.190645],[115.201811,24.175631],[115.205617,24.156158],[115.202571,24.130432],[115.195508,24.111148],[115.160515,24.058701],[115.128779,24.020439],[115.120604,24.00074],[115.116999,23.978077],[115.113448,23.965754],[115.10694,23.953925],[115.098698,23.944249],[115.077082,23.927627],[115.025156,23.901432],[115.01192,23.893142],[114.927646,23.83514],[114.908012,23.819751],[114.871877,23.801582],[114.802503,23.757864],[114.77727,23.736411],[114.745729,23.702848],[114.714786,23.659452],[114.691855,23.601175],[114.683001,23.588494],[114.665693,23.570367],[114.627252,23.546825],[114.612617,23.53512],[114.571759,23.496109],[114.542592,23.462779],[114.534263,23.446527],[114.518707,23.400181],[114.498449,23.359043],[114.495419,23.34903],[114.489147,23.312248],[114.485964,23.304061],[114.480547,23.294524],[114.458099,23.266054],[114.435413,23.23293],[114.419758,23.216976],[114.395432,23.200771],[114.35932,23.168947],[114.35123,23.163541],[114.332826,23.140598],[114.324766,23.134399],[114.297521,23.12788],[114.266275,23.12875],[114.242229,23.132402],[114.178712,23.151189],[114.161076,23.160904],[114.129963,23.182592],[114.114907,23.189089],[114.100999,23.192415],[114.010108,23.202349],[113.968469,23.198535],[113.93489,23.19035],[113.903972,23.189389],[113.886047,23.192302],[113.861938,23.202001],[113.84789,23.205351],[113.774631,23.207775],[113.766342,23.207091],[113.758022,23.203962],[113.740029,23.188895],[113.732114,23.184344],[113.650467,23.155031],[113.616871,23.141138],[113.613948,23.140241],[113.613928,23.140278],[113.610549,23.13951],[113.60673,23.13864],[113.59766,23.136577],[113.595861,23.13607],[113.596997,23.136449],[113.598991,23.137023],[113.599549,23.137191],[113.596997,23.136449],[113.598487,23.136806],[113.598581,23.136723],[113.598628,23.134743],[113.598474,23.13576],[113.592448,23.134302],[113.578875,23.126411],[113.549151,23.126498],[113.490177,23.115362],[113.459182,23.11768],[113.375232,23.138818],[113.354715,23.146602],[113.337849,23.147836],[113.319177,23.153999]],"type":"LineString"}},{"type":"Feature","properties":{"seq":66,"date":"2025.8.2","origin":"广州南","destination":"湛江西","origin_city":"广州","destination_city":"湛江","train":"C6951","service":"highspeed","table_km":428,"time":"12:27-14:40","note":""},"geometry":{"coordinates":[[113.263946,22.991351],[113.273734,22.978429],[113.275068,22.973531],[113.274052,22.967078],[113.268603,22.959495],[113.246014,22.944539],[113.243438,22.938691],[113.244147,22.931642],[113.246949,22.927104],[113.261902,22.915338],[113.265944,22.909848],[113.267492,22.904223],[113.267137,22.888184],[113.275308,22.869817],[113.292765,22.854564],[113.300107,22.836905],[113.303695,22.831995],[113.321114,22.821707],[113.327293,22.815329],[113.329799,22.809024],[113.331291,22.791508],[113.327792,22.781334],[113.310123,22.762528],[113.305482,22.749516],[113.30498,22.72605],[113.301793,22.698223],[113.299597,22.6916],[113.277387,22.664593],[113.230506,22.614084],[113.221499,22.608325],[113.177495,22.593982],[113.137443,22.577047],[113.124024,22.57394],[113.088302,22.560644],[113.07672,22.552872],[113.068939,22.543471],[113.065678,22.532034],[113.066563,22.509348],[113.063634,22.476013],[113.053702,22.472703],[113.009307,22.473409],[112.967022,22.445411],[112.92704,22.403364],[112.875815,22.34544],[112.863087,22.3212],[112.849908,22.307519],[112.835927,22.30352],[112.790826,22.301877],[112.769117,22.303214],[112.741767,22.301501],[112.729139,22.304439],[112.703199,22.318488],[112.694014,22.321365],[112.658055,22.3214],[112.648452,22.31991],[112.638979,22.316293],[112.61804,22.303772],[112.597276,22.286268],[112.58102,22.266847],[112.572866,22.260272],[112.56425,22.256395],[112.543103,22.250695],[112.507959,22.235608],[112.499366,22.229682],[112.485526,22.215688],[112.471986,22.20688],[112.454492,22.201694],[112.410196,22.198514],[112.402417,22.195242],[112.366418,22.172792],[112.339355,22.163196],[112.316983,22.158456],[112.284538,22.14579],[112.277736,22.139998],[112.249527,22.101739],[112.232724,22.074039],[112.222596,22.060746],[112.20259,22.024781],[112.185382,22.009948],[112.17142,22.000877],[112.163545,21.991961],[112.1568,21.971282],[112.143779,21.944923],[112.120501,21.882928],[112.111581,21.872263],[112.098558,21.860735],[112.079457,21.847112],[112.044183,21.828548],[112.017053,21.823853],[111.970909,21.807262],[111.952963,21.798612],[111.933292,21.795661],[111.886627,21.799756],[111.835202,21.800891],[111.811509,21.805154],[111.747242,21.794256],[111.615333,21.800263],[111.589465,21.79804],[111.573964,21.790789],[111.552931,21.767522],[111.536229,21.756331],[111.469282,21.732011],[111.43937,21.71557],[111.399386,21.698955],[111.372454,21.690557],[111.341047,21.67332],[111.329857,21.669697],[111.316377,21.669811],[111.283937,21.677757],[111.175771,21.708709],[111.156193,21.709426],[111.119687,21.703617],[111.079629,21.707371],[111.063617,21.704999],[111.039883,21.695671],[111.025187,21.686262],[110.971071,21.644287],[110.953911,21.6435],[110.945086,21.641253],[110.912527,21.647805],[110.894045,21.654764],[110.879509,21.653338],[110.863864,21.647267],[110.851466,21.637183],[110.825425,21.596131],[110.803028,21.573308],[110.791866,21.553916],[110.786646,21.538336],[110.781952,21.529943],[110.754885,21.503261],[110.747059,21.497325],[110.717871,21.487362],[110.704065,21.484954],[110.685047,21.484114],[110.63183,21.471314],[110.574626,21.452643],[110.53892,21.44753],[110.520181,21.443028],[110.48264,21.440141],[110.438352,21.426457],[110.426124,21.420168],[110.406973,21.404525],[110.376752,21.395061],[110.358469,21.382047],[110.336973,21.372788],[110.300557,21.351891],[110.288588,21.339241],[110.281776,21.321109],[110.281531,21.307732],[110.286748,21.282442],[110.283803,21.263478],[110.282699,21.240551],[110.282906,21.245556]],"type":"LineString"}},{"type":"Feature","properties":{"seq":67,"date":"2025.9.13","origin":"合肥南","destination":"全椒","origin_city":"合肥","destination_city":"滁州","train":"G7258","service":"highspeed","table_km":101,"time":"15:58-19:09","note":""},"geometry":{"coordinates":[[117.28476,31.8006],[117.313819,31.802166],[117.351527,31.809728],[117.362887,31.809326],[117.395437,31.804225],[117.412416,31.806735],[117.420406,31.810744],[117.426927,31.816306],[117.444336,31.843979],[117.457823,31.854338],[117.539781,31.888769],[117.564431,31.896553],[117.660858,31.934256],[117.704925,31.948277],[117.727538,31.960568],[117.738816,31.964593],[117.766496,31.966889],[117.818281,31.975174],[117.867087,31.989327],[117.911576,31.994653],[117.95348,32.007357],[118.029308,32.00938],[118.103534,32.03173],[118.167874,32.038576],[118.27754,32.061806]],"type":"LineString"}},{"type":"Feature","properties":{"seq":68,"date":"2025.9.13","origin":"滁州北","destination":"马鞍山","origin_city":"滁州","destination_city":"马鞍山","train":"K551","service":"conventional","table_km":135,"time":"17:30-次日08:05","note":""},"geometry":{"coordinates":[[118.338887,32.28946],[118.322509,32.310371],[118.358881,32.264144],[118.420721,32.213979],[118.447143,32.19887],[118.528404,32.172933],[118.557339,32.141612],[118.562369,32.13838],[118.571522,32.138152],[118.638041,32.162045],[118.672328,32.16302],[118.677519,32.160976],[118.684716,32.154876],[118.701676,32.134245],[118.76029,32.104643],[118.770362,32.097471],[118.800835,32.08453],[118.806018,32.084224],[118.833551,32.092915],[118.850896,32.095532],[118.857876,32.104222],[118.870742,32.112021],[118.874698,32.11272],[118.87921,32.11029],[118.899857,32.075556],[118.900269,32.070023],[118.895095,32.046544],[118.869221,32.026689],[118.85261,32.019482],[118.833072,32.015859],[118.810048,32.019205],[118.793557,32.00676],[118.773465,32.007856],[118.761619,32.010284],[118.746522,31.996075],[118.733974,31.980504],[118.718723,31.968483],[118.711012,31.957367],[118.700398,31.955185],[118.674818,31.943713],[118.665146,31.935176],[118.655233,31.919454],[118.635569,31.909267],[118.607283,31.871002],[118.605158,31.854049],[118.572704,31.808072],[118.553643,31.795358],[118.540518,31.772279],[118.527565,31.754574],[118.510753,31.745048],[118.509798,31.728852],[118.49657,31.709683]],"type":"LineString"}},{"type":"Feature","properties":{"seq":69,"date":"2025.9.14","origin":"马鞍山","destination":"合肥","origin_city":"马鞍山","destination_city":"合肥","train":"T237","service":"conventional","table_km":188,"time":"18:48-21:13","note":""},"geometry":{"coordinates":[[118.49657,31.709683],[118.464621,31.663413],[118.482023,31.627902],[118.483118,31.586204],[118.476219,31.568381],[118.475267,31.55367],[118.470165,31.534797],[118.438202,31.482712],[118.409389,31.463322],[118.409027,31.460847],[118.413107,31.450779],[118.412372,31.444244],[118.415158,31.436377],[118.402711,31.415134],[118.396794,31.409061],[118.3949,31.399409],[118.389988,31.39458],[118.383431,31.394222],[118.373636,31.390623],[118.306931,31.385935],[118.284627,31.396337],[118.280993,31.400832],[118.280589,31.404593],[118.287845,31.4387],[118.286296,31.443213],[118.282965,31.445558],[118.174969,31.469595],[118.132867,31.483991],[118.124225,31.484378],[118.094114,31.492179],[118.081559,31.490225],[118.057913,31.480364],[118.052246,31.479403],[118.036136,31.480958],[118.019654,31.49014],[117.996483,31.495918],[117.977169,31.498725],[117.974361,31.50135],[117.971624,31.507996],[117.972612,31.523372],[117.967047,31.532231],[117.956726,31.541629],[117.944325,31.560637],[117.931978,31.574573],[117.906924,31.597887],[117.902253,31.608613],[117.897006,31.614013],[117.86627,31.620354],[117.839862,31.615759],[117.826738,31.616491],[117.816246,31.613661],[117.810514,31.614188],[117.799856,31.621284],[117.789091,31.636245],[117.764733,31.662366],[117.744012,31.670862],[117.735768,31.676913],[117.719501,31.68292],[117.66675,31.692339],[117.634951,31.690498],[117.628418,31.691881],[117.609721,31.703635],[117.586784,31.714281],[117.579981,31.72233],[117.573928,31.743691],[117.571786,31.746955],[117.564166,31.75099],[117.53252,31.761962],[117.52217,31.778466],[117.486844,31.809933],[117.469273,31.821262],[117.459213,31.831199],[117.439545,31.84057],[117.389722,31.885365],[117.379056,31.890317],[117.341555,31.88317],[117.332643,31.885922],[117.320196,31.883423],[117.31191,31.88791]],"type":"LineString"}},{"type":"Feature","properties":{"seq":70,"date":"2025.9.29","origin":"合肥南","destination":"寿县","origin_city":"合肥","destination_city":"淮南","train":"G7702","service":"highspeed","table_km":127,"time":"15:32-18:18","note":""},"geometry":{"coordinates":[[117.28481,31.79963],[117.258067,31.797989],[117.227952,31.792633],[117.210611,31.797754],[117.199665,31.804513],[117.19772,31.807638],[117.198481,31.81089],[117.209431,31.825302],[117.211689,31.851292],[117.213266,31.854796],[117.239061,31.884418],[117.254455,31.896088],[117.265191,31.908011],[117.281579,31.913174],[117.284307,31.91622],[117.285294,31.920275],[117.279849,31.953723],[117.264853,31.971944],[117.261841,31.977657],[117.260455,31.989197],[117.255339,32.003911],[117.25277,32.029926],[117.24229,32.088242],[117.229874,32.118262],[117.226428,32.142397],[117.216396,32.183664],[117.20222,32.221659],[117.200868,32.235543],[117.203582,32.26131],[117.201399,32.294694],[117.181757,32.389586],[117.183309,32.435288],[117.181708,32.449168],[117.175208,32.465893],[117.154576,32.500266],[117.144542,32.513432],[117.13284,32.523803],[117.11406,32.534187],[117.091073,32.541812],[117.071189,32.54444],[116.996852,32.54477],[116.979398,32.5478],[116.944313,32.557747],[116.901951,32.561264],[116.854877,32.576006],[116.827202,32.588333],[116.800488,32.594745]],"type":"LineString"}},{"type":"Feature","properties":{"seq":71,"date":"2025.9.29","origin":"寿县","destination":"颍上北","origin_city":"淮南","destination_city":"阜阳","train":"G3256","service":"highspeed","table_km":58,"time":"08:18-09:01","note":""},"geometry":{"coordinates":[[116.800488,32.594745],[116.74764,32.602231],[116.73894,32.606499],[116.721604,32.619388],[116.708064,32.625],[116.697977,32.62637],[116.668225,32.626266],[116.653834,32.628117],[116.580505,32.648812],[116.56522,32.650092],[116.551403,32.648886],[116.516928,32.638022],[116.498176,32.635083],[116.409937,32.640735],[116.377251,32.648666],[116.331723,32.656467],[116.304703,32.664113],[116.266775,32.668524],[116.20601,32.681683]],"type":"LineString"}},{"type":"Feature","properties":{"seq":72,"date":"2025.9.30","origin":"颍上","destination":"阜阳","origin_city":"阜阳","destination_city":"阜阳","train":"K1506","service":"conventional","table_km":48,"time":"14:45-15:02","note":""},"geometry":{"coordinates":[[116.287055,32.749689],[116.301644,32.741886],[116.188708,32.802097],[116.10783,32.83084],[115.975622,32.861462],[115.899424,32.885381],[115.874325,32.890816],[115.867104,32.894495],[115.862274,32.899423],[115.863957,32.916671]],"type":"LineString"}},{"type":"Feature","properties":{"seq":73,"date":"2025.9.30","origin":"阜阳西","destination":"周口东","origin_city":"阜阳","destination_city":"周口","train":"G1318","service":"highspeed","table_km":138,"time":"08:37-09:37","note":""},"geometry":{"coordinates":[[115.748036,32.888673],[115.747302,32.885025],[115.749879,32.903606],[115.747508,32.913814],[115.741099,32.922162],[115.731028,32.928191],[115.683849,32.936478],[115.652319,32.938387],[115.585174,32.952799],[115.555678,32.964285],[115.507184,32.979694],[115.454484,32.992581],[115.399895,33.010253],[115.350676,33.037574],[115.333768,33.05538],[115.327992,33.066098],[115.323468,33.081454],[115.321216,33.104228],[115.321607,33.12676],[115.326921,33.193194],[115.324243,33.209533],[115.311598,33.243681],[115.282641,33.286978],[115.273467,33.297195],[115.25498,33.314631],[115.218965,33.339137],[115.175528,33.385142],[115.147704,33.402068],[115.085669,33.431602],[115.054718,33.442498],[115.026196,33.454745],[114.994154,33.46306],[114.957182,33.46707],[114.940145,33.472855],[114.928524,33.479214],[114.882034,33.517407],[114.856239,33.549316],[114.830161,33.57692],[114.798444,33.598402],[114.767006,33.616724],[114.754721,33.628305],[114.741257,33.647161]],"type":"LineString"}},{"type":"Feature","properties":{"seq":74,"date":"2025.9.30","origin":"周口","destination":"漯河","origin_city":"周口","destination_city":"漯河","train":"K6176","service":"conventional","table_km":64,"time":"12:41-13:16","note":""},"geometry":{"coordinates":[[114.659788,33.579062],[114.639008,33.579694],[114.616027,33.589015],[114.609245,33.589979],[114.599414,33.587119],[114.586151,33.575944],[114.575954,33.573666],[114.553922,33.573101],[114.472291,33.578419],[114.432735,33.576823],[114.370347,33.579356],[114.300535,33.570959],[114.264961,33.568305],[114.18226,33.554539],[114.128815,33.555523],[114.075287,33.547979],[114.051241,33.542826],[114.047375,33.540721],[114.04312,33.535235],[114.03929,33.534116],[114.035638,33.535587],[114.034205,33.538848],[114.039559,33.580629],[114.037856,33.57226]],"type":"LineString"}},{"type":"Feature","properties":{"seq":75,"date":"2025.10.1","origin":"漯河西","destination":"驻马店西","origin_city":"漯河","destination_city":"驻马店","train":"G3785","service":"highspeed","table_km":64,"time":"18:08-18:58","note":""},"geometry":{"coordinates":[[113.957421,33.57908],[113.954715,33.545838],[113.950211,33.517306],[113.951256,33.445158],[113.953457,33.415073],[113.949267,33.367223],[113.95066,33.331512],[113.94629,33.270279],[113.946319,33.193786],[113.948293,33.156536],[113.960081,33.11484],[113.971647,33.053091],[113.972073,33.045156],[113.972113,33.019867],[113.972064,33.002623],[113.97204,32.997312],[113.972031,32.995452],[113.972024,32.993885],[113.972019,32.992172],[113.972267,33.002558]],"type":"LineString"}},{"type":"Feature","properties":{"seq":76,"date":"2025.10.2","origin":"驻马店","destination":"信阳","origin_city":"驻马店","destination_city":"信阳","train":"K8053","service":"conventional","table_km":96,"time":"14:08-14:26","note":""},"geometry":{"coordinates":[[114.037196,32.974149],[114.037198,32.98101],[114.037249,32.866008],[114.031519,32.814952],[114.030007,32.780253],[114.019198,32.726215],[114.023542,32.707431],[114.042594,32.584463],[114.041523,32.530859],[114.044982,32.518685],[114.042104,32.494764],[114.044951,32.44103],[114.044206,32.427438],[114.053723,32.361956],[114.053664,32.336523],[114.057808,32.315319],[114.066102,32.304618],[114.071498,32.2834],[114.079931,32.272908],[114.080841,32.269071],[114.080787,32.262711],[114.076926,32.252768],[114.073137,32.231941],[114.074816,32.216124],[114.071203,32.205668],[114.065858,32.17974],[114.061797,32.151631],[114.066318,32.139854],[114.07732,32.13079]],"type":"LineString"}},{"type":"Feature","properties":{"seq":77,"date":"2025.10.2","origin":"信阳东","destination":"孝感北","origin_city":"信阳","destination_city":"孝感","train":"G2085","service":"highspeed","table_km":73,"time":"08:19-09:19","note":""},"geometry":{"coordinates":[[114.15523,32.143743],[114.154842,32.145994],[114.160926,32.110401],[114.159745,32.079422],[114.155992,32.062067],[114.137354,32.013708],[114.135562,32.000991],[114.135986,31.965461],[114.160215,31.881898],[114.167171,31.811615],[114.180814,31.72968],[114.192686,31.68478],[114.207358,31.64855],[114.212608,31.606213],[114.216353,31.588277]],"type":"LineString"}},{"type":"Feature","properties":{"seq":78,"date":"2025.10.2","origin":"孝感东","destination":"汉口","origin_city":"孝感","destination_city":"武汉","train":"G6896","service":"highspeed","table_km":61,"time":"11:49-12:08","note":""},"geometry":{"coordinates":[[113.942276,30.935729],[113.94103,30.940839],[113.945053,30.922044],[113.948107,30.915143],[113.994274,30.856021],[114.010347,30.843747],[114.037172,30.830883],[114.051892,30.826873],[114.061568,30.825991],[114.194593,30.825623],[114.223805,30.823053],[114.234316,30.817409],[114.238887,30.808051],[114.236993,30.798855],[114.199507,30.760898],[114.197015,30.756348],[114.196661,30.75183],[114.220935,30.700939],[114.228016,30.69331],[114.250064,30.675977],[114.26253,30.655923],[114.265106,30.646155],[114.27035,30.635992],[114.269566,30.629031],[114.266606,30.62629],[114.24943,30.62159]],"type":"LineString"}},{"type":"Feature","properties":{"seq":79,"date":"2025.10.2","origin":"汉口","destination":"合肥南","origin_city":"武汉","destination_city":"合肥","train":"D4830","service":"highspeed","table_km":359,"time":"18:52-19:19","note":""},"geometry":{"coordinates":[[114.2493,30.62193],[114.324556,30.640862],[114.333808,30.648901],[114.340358,30.660087],[114.344292,30.670617],[114.345187,30.684633],[114.338207,30.706764],[114.33756,30.714612],[114.340146,30.724695],[114.351572,30.744035],[114.353079,30.7514],[114.352548,30.759149],[114.349839,30.766601],[114.337772,30.783753],[114.309633,30.837691],[114.304677,30.84842],[114.302824,30.857912],[114.304771,30.871246],[114.311696,30.885558],[114.319982,30.895754],[114.330547,30.903629],[114.351473,30.91113],[114.402519,30.915492],[114.420758,30.919489],[114.458489,30.936506],[114.504618,30.949388],[114.58102,30.984875],[114.606973,30.993439],[114.648624,31.020986],[114.722112,31.055906],[114.810524,31.103086],[114.874473,31.143073],[114.932494,31.174307],[115.024303,31.203607],[115.078992,31.235009],[115.124991,31.256454],[115.181876,31.266457],[115.23751,31.278296],[115.266151,31.279928],[115.287565,31.284371],[115.435568,31.297356],[115.460431,31.304176],[115.473657,31.311496],[115.494586,31.327997],[115.53815,31.3559],[115.563637,31.378304],[115.621344,31.403362],[115.702568,31.444863],[115.758866,31.481354],[115.783133,31.494035],[115.799139,31.507663],[115.825252,31.537877],[115.857471,31.565424],[115.938849,31.615316],[115.951511,31.621702],[116.056871,31.653185],[116.087986,31.664032],[116.108456,31.664085],[116.137735,31.656863],[116.154078,31.656188],[116.166935,31.658538],[116.202932,31.669262],[116.236072,31.672488],[116.263666,31.677979],[116.31621,31.684524],[116.440449,31.69386],[116.457834,31.699302],[116.50814,31.722702],[116.538239,31.740118],[116.55572,31.744817],[116.70282,31.751718],[116.751608,31.747764],[116.780777,31.748093],[116.850154,31.757892],[116.932838,31.762988],[116.989486,31.770998],[117.028068,31.772347],[117.042175,31.775296],[117.07027,31.785184],[117.081886,31.787606],[117.213486,31.790791],[117.264803,31.799362],[117.28488,31.80024]],"type":"LineString"}},{"type":"Feature","properties":{"seq":80,"date":"2025.10.2","origin":"合肥","destination":"北京南","origin_city":"合肥","destination_city":"北京","train":"G2554","service":"highspeed","table_km":980,"time":"21:10-22:50","note":""},"geometry":{"coordinates":[[117.31214,31.88807],[117.295691,31.897206],[117.290399,31.903531],[117.282293,31.935663],[117.280284,31.953091],[117.26205,31.9777],[117.260747,31.989051],[117.255302,32.005083],[117.252929,32.029686],[117.24254,32.088276],[117.23096,32.126577],[117.21498,32.191122],[117.207093,32.212625],[117.205672,32.221742],[117.203671,32.288503],[117.1828,32.388032],[117.183778,32.439222],[117.181757,32.451913],[117.176132,32.465214],[117.128583,32.545225],[117.123043,32.560757],[117.120982,32.578976],[117.123483,32.609121],[117.12739,32.622109],[117.136713,32.636583],[117.162084,32.667082],[117.173714,32.675831],[117.311863,32.76362],[117.354309,32.784917],[117.401473,32.817963],[117.412824,32.827955],[117.436589,32.855125],[117.442498,32.870075],[117.44133,32.88706],[117.430201,32.929881],[117.423434,32.983898],[117.374841,33.130434],[117.355456,33.203933],[117.337075,33.333122],[117.281829,33.462628],[117.262208,33.55765],[117.234209,33.769873],[117.220432,33.843505],[117.219536,33.855518],[117.250852,34.035131],[117.31235,34.179498],[117.316167,34.194255],[117.316566,34.209291],[117.314945,34.219283],[117.293194,34.288659],[117.290888,34.3005],[117.300071,34.394959],[117.30675,34.4103],[117.317497,34.425903],[117.327814,34.437288],[117.345582,34.44896],[117.373328,34.458731],[117.387201,34.465299],[117.402258,34.476339],[117.414903,34.491072],[117.421279,34.505117],[117.424192,34.517828],[117.425427,34.572979],[117.4242,34.597485],[117.418166,34.616587],[117.386641,34.665541],[117.352582,34.706716],[117.318988,34.741021],[117.309965,34.753118],[117.304366,34.765319],[117.292171,34.80686],[117.275646,34.843317],[117.270632,34.868241],[117.269926,34.890597],[117.275382,34.909875],[117.292332,34.939264],[117.300462,34.964009],[117.301002,34.983286],[117.294784,35.00339],[117.287823,35.018025],[117.275942,35.035297],[117.26999,35.047245],[117.247199,35.103399],[117.236929,35.124137],[117.225387,35.157088],[117.18488,35.219427],[117.180427,35.230357],[117.172102,35.261669],[117.164149,35.276752],[117.146743,35.301623],[117.093548,35.353193],[117.084082,35.367789],[117.080122,35.37833],[117.073372,35.417221],[117.065322,35.443523],[117.06244,35.4588],[117.063131,35.481064],[117.068552,35.516399],[117.056881,35.617387],[117.073483,35.699028],[117.077707,35.73569],[117.077859,35.78767],[117.092206,35.832928],[117.099416,35.862919],[117.113286,35.901623],[117.114977,35.914247],[117.112796,35.943597],[117.10429,35.979493],[117.091769,36.063025],[117.086799,36.078922],[117.071744,36.109201],[117.056385,36.135453],[117.040288,36.154735],[117.013884,36.193698],[116.997102,36.215084],[116.991906,36.226299],[116.9863,36.248487],[116.980995,36.259284],[116.96697,36.277836],[116.932308,36.315281],[116.926642,36.324391],[116.922573,36.335062],[116.916981,36.363641],[116.915931,36.416323],[116.911649,36.44253],[116.903313,36.459734],[116.883412,36.487757],[116.878185,36.504482],[116.878019,36.516993],[116.888901,36.558251],[116.890334,36.571422],[116.884057,36.605866],[116.886098,36.648503],[116.885227,36.726152],[116.878841,36.755328],[116.870719,36.810835],[116.860555,36.830119],[116.805655,36.894366],[116.777541,36.937393],[116.734891,36.988233],[116.697716,37.044988],[116.669349,37.082918],[116.649551,37.113392],[116.616449,37.156643],[116.591766,37.197321],[116.569765,37.223397],[116.53964,37.265725],[116.517991,37.289388],[116.470195,37.355853],[116.464757,37.366032],[116.461238,37.377531],[116.451752,37.445734],[116.464073,37.536093],[116.482311,37.595701],[116.487437,37.635474],[116.497597,37.666048],[116.513936,37.69904],[116.536512,37.756188],[116.551079,37.787536],[116.562191,37.819395],[116.593381,37.891488],[116.651327,38.004325],[116.682105,38.08952],[116.702238,38.126239],[116.734338,38.244484],[116.750149,38.276844],[116.7764,38.346047],[116.781634,38.355863],[116.812068,38.399791],[116.8376,38.431718],[116.845158,38.443641],[116.850504,38.456727],[116.865357,38.50575],[116.878874,38.535313],[116.903578,38.573934],[116.922791,38.620192],[116.938222,38.650135],[116.968098,38.727168],[116.975718,38.76401],[116.984755,38.83818],[117.007958,38.892831],[117.030246,38.985464],[117.051709,39.03486],[117.057273,39.076026],[117.057878,39.133902],[117.05332,39.161551],[117.034976,39.243646],[117.027185,39.262218],[117.016017,39.274945],[116.977243,39.304874],[116.941904,39.335013],[116.919575,39.361446],[116.908681,39.371658],[116.849354,39.411424],[116.821768,39.439592],[116.798009,39.456825],[116.705213,39.507532],[116.671319,39.528552],[116.603544,39.56566],[116.548557,39.591242],[116.509155,39.602829],[116.490438,39.610952],[116.42263,39.653852],[116.372359,39.679508],[116.351213,39.69521],[116.310102,39.731034],[116.3024,39.74391],[116.301599,39.757665],[116.319533,39.803119],[116.328227,39.831346],[116.338024,39.849567],[116.364251,39.855826],[116.372359,39.863541]],"type":"LineString"}},{"type":"Feature","properties":{"seq":81,"date":"2025.11.6","origin":"北京丰台","destination":"合肥","origin_city":"北京","destination_city":"合肥","train":"Z225","service":"conventional","table_km":1032,"time":"09:00-13:54","note":""},"geometry":{"coordinates":[[116.296064,39.849379],[116.276703,39.844145],[116.27258,39.839537],[116.268294,39.794261],[116.271405,39.77901],[116.2849,39.763515],[116.299086,39.751102],[116.314166,39.729037],[116.356405,39.691992],[116.359844,39.683275],[116.359608,39.677334],[116.346978,39.63646],[116.348973,39.586532],[116.338705,39.483518],[116.324514,39.450957],[116.322424,39.435674],[116.312416,39.40708],[116.301306,39.391998],[116.298868,39.371663],[116.305584,39.339492],[116.329689,39.291804],[116.335486,39.244362],[116.36637,39.160307],[116.372867,39.073355],[116.377868,39.059443],[116.379066,39.011289],[116.376031,39.004016],[116.365676,38.99463],[116.345917,38.960245],[116.346131,38.95547],[116.35245,38.944039],[116.352679,38.925096],[116.3419,38.904347],[116.313573,38.864088],[116.286457,38.837027],[116.186474,38.756059],[116.176721,38.739419],[116.154884,38.711949],[116.144194,38.702544],[116.133513,38.681875],[116.130719,38.671453],[116.10227,38.627521],[116.082368,38.608046],[116.067077,38.587934],[116.026404,38.554787],[115.980447,38.527267],[115.957095,38.51144],[115.892321,38.45218],[115.865373,38.432894],[115.8586,38.425447],[115.739363,38.324876],[115.719828,38.291427],[115.702656,38.185168],[115.669927,38.14529],[115.663556,38.122897],[115.635868,38.08536],[115.61188,38.036895],[115.603479,37.974978],[115.620736,37.84835],[115.619109,37.785342],[115.609589,37.764231],[115.609707,37.760319],[115.614855,37.756402],[115.67504,37.746826],[115.712694,37.735156],[115.73115,37.731052],[115.735393,37.728057],[115.739352,37.721304],[115.758732,37.700108],[115.760421,37.69622],[115.760289,37.628214],[115.752709,37.567105],[115.733702,37.512039],[115.733279,37.485855],[115.730831,37.459368],[115.73699,37.409037],[115.735519,37.381666],[115.736503,37.34727],[115.719194,37.264743],[115.71099,37.25245],[115.699295,37.224327],[115.698253,37.210595],[115.67916,37.108698],[115.679763,37.085232],[115.681931,37.073373],[115.681148,37.051278],[115.689915,37.015913],[115.689339,36.9897],[115.716661,36.90089],[115.726602,36.886497],[115.732461,36.872484],[115.731625,36.850888],[115.734179,36.826152],[115.750904,36.805348],[115.770592,36.785848],[115.778671,36.766781],[115.795837,36.739285],[115.800815,36.722835],[115.829638,36.656279],[115.840089,36.621926],[115.859256,36.585752],[115.885311,36.557602],[115.90795,36.52901],[115.930438,36.493884],[115.936465,36.487147],[115.940534,36.473375],[115.933262,36.439629],[115.92498,36.417538],[115.906681,36.391861],[115.894928,36.379575],[115.885007,36.365912],[115.860401,36.340287],[115.850233,36.332433],[115.841455,36.299524],[115.845761,36.287508],[115.84507,36.249516],[115.832393,36.217735],[115.813691,36.181863],[115.803733,36.141774],[115.805004,36.087038],[115.817204,36.060417],[115.829257,36.045033],[115.831156,36.015986],[115.838641,35.990969],[115.919237,35.874672],[115.923512,35.847741],[115.93073,35.830462],[115.933681,35.73162],[115.926827,35.697462],[115.913693,35.659654],[115.913325,35.651098],[115.907414,35.625984],[115.889245,35.591064],[115.875334,35.581091],[115.862366,35.568443],[115.814556,35.53562],[115.78626,35.513345],[115.763655,35.500174],[115.707989,35.454067],[115.631214,35.398074],[115.617092,35.385538],[115.596519,35.354177],[115.563356,35.324776],[115.556973,35.312687],[115.542279,35.302179],[115.533129,35.293373],[115.526786,35.278072],[115.502969,35.251559],[115.50177,35.247577],[115.501781,35.209279],[115.5078,35.200236],[115.512987,35.187878],[115.548833,35.134504],[115.555017,35.118956],[115.56366,35.112159],[115.5781,35.090054],[115.585912,35.083964],[115.590918,35.075957],[115.589735,35.050096],[115.583599,35.032309],[115.581731,35.003684],[115.584077,34.937789],[115.582019,34.918626],[115.584819,34.909937],[115.584859,34.894754],[115.575382,34.865497],[115.573346,34.845663],[115.585713,34.779258],[115.588191,34.733437],[115.597461,34.698507],[115.594026,34.674734],[115.59343,34.642723],[115.619905,34.57177],[115.625064,34.562862],[115.637345,34.525047],[115.640867,34.519159],[115.649761,34.511976],[115.667091,34.46932],[115.681161,34.443763],[115.69097,34.436467],[115.693619,34.422907],[115.72028,34.366301],[115.725566,34.33962],[115.729451,34.304548],[115.736821,34.280267],[115.740308,34.254024],[115.757653,34.174308],[115.787463,33.995717],[115.789733,33.970043],[115.796808,33.940455],[115.801338,33.877532],[115.793969,33.865105],[115.789954,33.818698],[115.795181,33.734088],[115.794736,33.719753],[115.80058,33.63794],[115.806185,33.509867],[115.806633,33.448606],[115.816328,33.324149],[115.830215,33.223549],[115.83475,33.14009],[115.842216,33.121561],[115.850201,33.064261],[115.855998,33.039244],[115.861173,33.029986],[115.866891,32.979207],[115.868369,32.945343],[115.862045,32.900469],[115.866547,32.89496],[115.876214,32.890135],[115.899424,32.885381],[115.978594,32.860237],[115.986693,32.853125],[115.992011,32.837236],[115.993644,32.80205],[115.986347,32.752747],[115.985007,32.72934],[115.9888,32.652606],[115.982673,32.61362],[115.980015,32.581975],[115.959695,32.512166],[115.940675,32.46097],[115.939072,32.446564],[115.94591,32.414062],[115.944918,32.385186],[115.948892,32.367481],[115.97027,32.331908],[115.978058,32.295778],[115.981912,32.288045],[115.995286,32.269969],[116.011955,32.231434],[116.017925,32.22204],[116.037022,32.199174],[116.050699,32.172884],[116.068454,32.152017],[116.081078,32.124231],[116.108782,32.080745],[116.123839,32.065947],[116.155577,32.041594],[116.17051,32.025031],[116.178229,32.013368],[116.182645,32.00265],[116.18132,31.980585],[116.183528,31.970184],[116.19407,31.951237],[116.206265,31.937002],[116.236423,31.895833],[116.254643,31.849958],[116.258038,31.823576],[116.28098,31.783833],[116.287655,31.768953],[116.298834,31.756497],[116.317818,31.746579],[116.354893,31.733129],[116.369533,31.731123],[116.399147,31.730935],[116.423498,31.721794],[116.4494,31.702171],[116.45534,31.699497],[116.467492,31.700315],[116.479393,31.70892],[116.493985,31.714471],[116.491298,31.713896],[116.526568,31.732096],[116.551136,31.731345],[116.570046,31.734933],[116.593697,31.735499],[116.622346,31.738789],[116.665143,31.733733],[116.723768,31.742126],[116.757921,31.752356],[116.777327,31.760028],[116.819931,31.770021],[116.836762,31.776793],[116.854491,31.778353],[116.875136,31.784992],[116.907566,31.786292],[116.940922,31.785199],[116.971192,31.789251],[116.994415,31.787457],[117.011556,31.789491],[117.055516,31.788201],[117.073221,31.789949],[117.114051,31.788484],[117.17912,31.79118],[117.187667,31.796263],[117.209055,31.824682],[117.211607,31.85129],[117.213209,31.854827],[117.231542,31.87785],[117.254574,31.896537],[117.264879,31.908299],[117.285718,31.912773],[117.293794,31.898462],[117.312137,31.888072]],"type":"LineString"}},{"type":"Feature","properties":{"seq":82,"date":"2025.11.9","origin":"合肥","destination":"北京丰台","origin_city":"合肥","destination_city":"北京","train":"Z227","service":"conventional","table_km":1032,"time":"21:59-次日07:41","note":"硬卧上铺"},"geometry":{"coordinates":[[117.309609,31.889563],[117.312137,31.888072],[117.293794,31.898462],[117.285718,31.912773],[117.264535,31.908045],[117.254574,31.896537],[117.231542,31.87785],[117.213209,31.854827],[117.211607,31.85129],[117.209055,31.824682],[117.187667,31.796263],[117.17912,31.79118],[117.114051,31.788484],[117.073221,31.789949],[117.055516,31.788201],[117.011556,31.789491],[116.994415,31.787457],[116.971192,31.789251],[116.940922,31.785199],[116.907566,31.786292],[116.875136,31.784992],[116.854491,31.778353],[116.836762,31.776793],[116.819931,31.770021],[116.777327,31.760028],[116.757921,31.752356],[116.723768,31.742126],[116.665143,31.733733],[116.622346,31.738789],[116.593697,31.735499],[116.570046,31.734933],[116.551136,31.731345],[116.526568,31.732096],[116.491298,31.713896],[116.493985,31.714471],[116.479393,31.70892],[116.467492,31.700315],[116.45534,31.699497],[116.4494,31.702171],[116.423498,31.721794],[116.399147,31.730935],[116.369533,31.731123],[116.354893,31.733129],[116.317818,31.746579],[116.298834,31.756497],[116.287655,31.768953],[116.28098,31.783833],[116.258038,31.823576],[116.254643,31.849958],[116.236423,31.895833],[116.206265,31.937002],[116.19407,31.951237],[116.183528,31.970184],[116.18132,31.980585],[116.182645,32.00265],[116.178229,32.013368],[116.17051,32.025031],[116.155577,32.041594],[116.123839,32.065947],[116.108782,32.080745],[116.081078,32.124231],[116.068454,32.152017],[116.050699,32.172884],[116.037022,32.199174],[116.017925,32.22204],[116.011955,32.231434],[115.995286,32.269969],[115.981912,32.288045],[115.978058,32.295778],[115.97027,32.331908],[115.948892,32.367481],[115.944918,32.385186],[115.94591,32.414062],[115.939072,32.446564],[115.940675,32.46097],[115.959695,32.512166],[115.980015,32.581975],[115.982673,32.61362],[115.9888,32.652606],[115.985007,32.72934],[115.986347,32.752747],[115.993644,32.80205],[115.992011,32.837236],[115.986693,32.853125],[115.978594,32.860237],[115.899424,32.885381],[115.876214,32.890135],[115.866547,32.89496],[115.862045,32.900469],[115.868369,32.945343],[115.866891,32.979207],[115.861173,33.029986],[115.855998,33.039244],[115.850201,33.064261],[115.842216,33.121561],[115.83475,33.14009],[115.830215,33.223549],[115.816328,33.324149],[115.806633,33.448606],[115.806185,33.509867],[115.80058,33.63794],[115.794736,33.719753],[115.795181,33.734088],[115.789954,33.818698],[115.793969,33.865105],[115.801338,33.877532],[115.796808,33.940455],[115.789733,33.970043],[115.787463,33.995717],[115.757653,34.174308],[115.740308,34.254024],[115.736821,34.280267],[115.729451,34.304548],[115.725566,34.33962],[115.72028,34.366301],[115.693619,34.422907],[115.69097,34.436467],[115.681161,34.443763],[115.667091,34.46932],[115.649761,34.511976],[115.640867,34.519159],[115.637345,34.525047],[115.625064,34.562862],[115.619905,34.57177],[115.59343,34.642723],[115.594026,34.674734],[115.597461,34.698507],[115.588191,34.733437],[115.585713,34.779258],[115.573346,34.845663],[115.575382,34.865497],[115.584859,34.894754],[115.584819,34.909937],[115.582019,34.918626],[115.584077,34.937789],[115.581731,35.003684],[115.583599,35.032309],[115.589735,35.050096],[115.590918,35.075957],[115.585912,35.083964],[115.5781,35.090054],[115.56366,35.112159],[115.555017,35.118956],[115.548833,35.134504],[115.512987,35.187878],[115.5078,35.200236],[115.501781,35.209279],[115.50177,35.247577],[115.502969,35.251559],[115.526786,35.278072],[115.533129,35.293373],[115.542279,35.302179],[115.556973,35.312687],[115.563356,35.324776],[115.596519,35.354177],[115.617092,35.385538],[115.631214,35.398074],[115.707989,35.454067],[115.763655,35.500174],[115.78626,35.513345],[115.814556,35.53562],[115.862366,35.568443],[115.875334,35.581091],[115.889245,35.591064],[115.907414,35.625984],[115.913325,35.651098],[115.913693,35.659654],[115.926827,35.697462],[115.933681,35.73162],[115.93073,35.830462],[115.923512,35.847741],[115.919237,35.874672],[115.838641,35.990969],[115.831156,36.015986],[115.829257,36.045033],[115.817204,36.060417],[115.805004,36.087038],[115.803733,36.141774],[115.813691,36.181863],[115.832393,36.217735],[115.84507,36.249516],[115.845761,36.287508],[115.841455,36.299524],[115.850233,36.332433],[115.860401,36.340287],[115.885007,36.365912],[115.894928,36.379575],[115.906681,36.391861],[115.92498,36.417538],[115.933262,36.439629],[115.940534,36.473375],[115.936465,36.487147],[115.930438,36.493884],[115.90795,36.52901],[115.885311,36.557602],[115.859256,36.585752],[115.840089,36.621926],[115.829638,36.656279],[115.800815,36.722835],[115.795837,36.739285],[115.778671,36.766781],[115.770592,36.785848],[115.750904,36.805348],[115.734179,36.826152],[115.731625,36.850888],[115.732461,36.872484],[115.726602,36.886497],[115.716661,36.90089],[115.689339,36.9897],[115.689915,37.015913],[115.681148,37.051278],[115.681931,37.073373],[115.679763,37.085232],[115.67916,37.108698],[115.698253,37.210595],[115.699295,37.224327],[115.71099,37.25245],[115.719194,37.264743],[115.736503,37.34727],[115.735519,37.381666],[115.73699,37.409037],[115.730831,37.459368],[115.733279,37.485855],[115.733702,37.512039],[115.752709,37.567105],[115.760289,37.628214],[115.760421,37.69622],[115.758732,37.700108],[115.739352,37.721304],[115.735393,37.728057],[115.73115,37.731052],[115.712694,37.735156],[115.67504,37.746826],[115.614855,37.756402],[115.609707,37.760319],[115.609589,37.764231],[115.619109,37.785342],[115.620736,37.84835],[115.603479,37.974978],[115.61188,38.036895],[115.635868,38.08536],[115.663556,38.122897],[115.669927,38.14529],[115.702656,38.185168],[115.719828,38.291427],[115.739363,38.324876],[115.8586,38.425447],[115.865373,38.432894],[115.892321,38.45218],[115.957095,38.51144],[115.980447,38.527267],[116.026404,38.554787],[116.067077,38.587934],[116.082368,38.608046],[116.10227,38.627521],[116.130719,38.671453],[116.133513,38.681875],[116.144194,38.702544],[116.154884,38.711949],[116.176721,38.739419],[116.186474,38.756059],[116.286457,38.837027],[116.313573,38.864088],[116.3419,38.904347],[116.352679,38.925096],[116.35245,38.944039],[116.346131,38.95547],[116.345917,38.960245],[116.365676,38.99463],[116.376031,39.004016],[116.379066,39.011289],[116.377868,39.059443],[116.372867,39.073355],[116.36637,39.160307],[116.335486,39.244362],[116.329689,39.291804],[116.305584,39.339492],[116.298868,39.371663],[116.301306,39.391998],[116.312416,39.40708],[116.322424,39.435674],[116.324514,39.450957],[116.338705,39.483518],[116.348973,39.586532],[116.346978,39.63646],[116.359608,39.677334],[116.359844,39.683275],[116.356405,39.691992],[116.314166,39.729037],[116.299086,39.751102],[116.2849,39.763515],[116.271405,39.77901],[116.268294,39.794261],[116.27258,39.839537],[116.276703,39.844145],[116.296064,39.849379]],"type":"LineString"}},{"type":"Feature","properties":{"seq":83,"date":"2025.11.15","origin":"清河","destination":"古北口","origin_city":"北京","destination_city":"北京","train":"S501","service":"highspeed","table_km":136,"time":"21:32-次日07:46","note":"软卧上铺"},"geometry":{"coordinates":[[116.30896,40.03995],[116.302486,40.048051],[116.289267,40.072072],[116.284154,40.0786],[116.279517,40.090415],[116.266256,40.112643],[116.245691,40.142923],[116.191744,40.184973],[116.166728,40.208793],[116.16728,40.213352],[116.170863,40.214635],[116.192256,40.213747],[116.194891,40.215648],[116.200791,40.225934],[116.209504,40.229773],[116.24307,40.230533],[116.278371,40.236421],[116.28447,40.235625],[116.316058,40.221483],[116.326529,40.220911],[116.357106,40.229099],[116.444359,40.241554],[116.457521,40.239328],[116.463475,40.240503],[116.480265,40.253731],[116.494196,40.260071],[116.504406,40.271153],[116.516499,40.274409],[116.524926,40.289781],[116.526971,40.302984],[116.531225,40.30729],[116.538167,40.310708],[116.556738,40.332985],[116.573609,40.344037],[116.582169,40.347265],[116.611118,40.347872],[116.615606,40.349658],[116.625714,40.35872],[116.633959,40.361715],[116.644477,40.361796],[116.653095,40.372934],[116.681773,40.390351],[116.690707,40.422662],[116.683537,40.438804],[116.686583,40.445274],[116.695802,40.449804],[116.740195,40.455958],[116.751869,40.466519],[116.766026,40.469793],[116.772865,40.4739],[116.778535,40.482474],[116.797071,40.494529],[116.814245,40.533705],[116.822601,40.54762],[116.831588,40.550545],[116.841216,40.55091],[116.8604,40.560702],[116.873393,40.558794],[116.881843,40.559572],[116.910314,40.564781],[116.918713,40.569112],[116.951525,40.574482],[116.971593,40.575523],[116.995949,40.586718],[117.013791,40.599336],[117.022898,40.601391],[117.037553,40.598252],[117.064874,40.609837],[117.075244,40.618242],[117.074643,40.626964],[117.080197,40.63808],[117.093692,40.645375],[117.103447,40.656577],[117.118091,40.688148],[117.123864,40.690895],[117.135273,40.690629]],"type":"LineString"}},{"type":"Feature","properties":{"seq":84,"date":"2025.11.16","origin":"古北口","destination":"清河","origin_city":"北京","destination_city":"北京","train":"S502","service":"highspeed","table_km":136,"time":"07:12-09:23","note":""},"geometry":{"coordinates":[[117.128341,40.690776],[117.135273,40.690629],[117.123864,40.690895],[117.118091,40.688148],[117.103447,40.656577],[117.093692,40.645375],[117.080197,40.63808],[117.074643,40.626964],[117.075244,40.618242],[117.064874,40.609837],[117.037553,40.598252],[117.022898,40.601391],[117.013791,40.599336],[116.995949,40.586718],[116.971593,40.575523],[116.951525,40.574482],[116.918713,40.569112],[116.910314,40.564781],[116.881843,40.559572],[116.873393,40.558794],[116.8604,40.560702],[116.841216,40.55091],[116.831588,40.550545],[116.822601,40.54762],[116.814245,40.533705],[116.797071,40.494529],[116.778535,40.482474],[116.772865,40.4739],[116.766026,40.469793],[116.751869,40.466519],[116.740195,40.455958],[116.695802,40.449804],[116.686583,40.445274],[116.683537,40.438804],[116.690707,40.422662],[116.681773,40.390351],[116.653095,40.372934],[116.644477,40.361796],[116.633959,40.361715],[116.625714,40.35872],[116.615606,40.349658],[116.611118,40.347872],[116.582169,40.347265],[116.573609,40.344037],[116.556738,40.332985],[116.538167,40.310708],[116.531225,40.30729],[116.526971,40.302984],[116.524926,40.289781],[116.516499,40.274409],[116.504406,40.271153],[116.494196,40.260071],[116.480265,40.253731],[116.463475,40.240503],[116.457521,40.239328],[116.444359,40.241554],[116.357106,40.229099],[116.326529,40.220911],[116.316058,40.221483],[116.28447,40.235625],[116.278371,40.236421],[116.24307,40.230533],[116.209504,40.229773],[116.200791,40.225934],[116.194891,40.215648],[116.192256,40.213747],[116.170863,40.214635],[116.16728,40.213352],[116.166728,40.208793],[116.191744,40.184973],[116.245691,40.142923],[116.266256,40.112643],[116.279517,40.090415],[116.284154,40.0786],[116.289267,40.072072],[116.302486,40.048051],[116.30904,40.03996]],"type":"LineString"}},{"type":"Feature","properties":{"seq":85,"date":"2025.11.22","origin":"北京南","destination":"天津","origin_city":"北京","destination_city":"天津","train":"C2567","service":"highspeed","table_km":120,"time":"09:49-12:13","note":""},"geometry":{"coordinates":[[116.372582,39.863695],[116.377199,39.866169],[116.415344,39.870548],[116.435148,39.869511],[116.44622,39.865428],[116.48163,39.840848],[116.495133,39.834447],[116.512874,39.831319],[116.551038,39.831964],[116.563704,39.829319],[116.577117,39.823909],[116.611405,39.801687],[116.645317,39.770468],[116.669357,39.754801],[116.711422,39.722766],[116.766201,39.669927],[116.814097,39.633975],[116.82655,39.619649],[116.872283,39.546129],[116.890509,39.525975],[116.915345,39.503101],[116.92323,39.492986],[116.929551,39.480222],[116.950866,39.414569],[116.955932,39.404949],[116.963371,39.395683],[116.973939,39.386773],[116.987425,39.379062],[117.049638,39.357566],[117.072931,39.346381],[117.095163,39.332206],[117.105315,39.322085],[117.112003,39.309522],[117.117855,39.283921],[117.122491,39.273821],[117.172356,39.205569],[117.192015,39.186188],[117.202573,39.170823],[117.209259,39.149628],[117.207729,39.146859],[117.198359,39.142319],[117.19944,39.13792],[117.203695,39.135782]],"type":"LineString"}},{"type":"Feature","properties":{"seq":86,"date":"2025.11.23","origin":"天津西","destination":"北京南","origin_city":"天津","destination_city":"北京","train":"C2624","service":"highspeed","table_km":122,"time":"09:48-10:25","note":""},"geometry":{"coordinates":[[117.15712,39.157283],[117.169657,39.15687],[117.175466,39.160144],[117.181624,39.171374],[117.192622,39.179021],[117.193341,39.183354],[117.172371,39.205642],[117.122548,39.273842],[117.117916,39.283933],[117.112061,39.309544],[117.106265,39.320874],[117.09522,39.332233],[117.072979,39.346418],[117.049673,39.357612],[116.98744,39.379107],[116.973976,39.386812],[116.96342,39.395721],[116.955986,39.404959],[116.950927,39.414575],[116.929607,39.480233],[116.923282,39.493006],[116.915377,39.503128],[116.890556,39.526002],[116.872332,39.546154],[116.826602,39.619669],[116.814129,39.634012],[116.76626,39.669947],[116.711464,39.722797],[116.6694,39.75482],[116.645359,39.7705],[116.611443,39.801724],[116.57715,39.823946],[116.563725,39.829361],[116.551047,39.832008],[116.512879,39.83137],[116.496011,39.834232],[116.481667,39.840883],[116.446081,39.865578],[116.435228,39.869563],[116.418836,39.870759],[116.40696,39.869809],[116.377199,39.866169],[116.372359,39.863541]],"type":"LineString"}},{"type":"Feature","properties":{"seq":87,"date":"2025.12.6","origin":"北京西","destination":"雄安","origin_city":"北京","destination_city":"保定","train":"C2705","service":"highspeed","table_km":103,"time":"15:39-16:11","note":""},"geometry":{"coordinates":[[116.31509,39.893],[116.327899,39.895189],[116.333516,39.894572],[116.336061,39.892752],[116.338265,39.882707],[116.337546,39.852269],[116.32748,39.830245],[116.297193,39.746246],[116.310165,39.730228],[116.351296,39.694262],[116.363044,39.677144],[116.376862,39.635698],[116.378202,39.608955],[116.380124,39.600061],[116.384973,39.590229],[116.39674,39.574479],[116.40116,39.564391],[116.411878,39.497382],[116.411276,39.487145],[116.404586,39.46811],[116.401836,39.454534],[116.397821,39.342465],[116.380876,39.25073],[116.377508,39.239327],[116.371537,39.227412],[116.355042,39.208467],[116.259208,39.146009],[116.201967,39.11328],[116.18543,39.098715],[116.15404,39.055654]],"type":"LineString"}},{"type":"Feature","properties":{"seq":88,"date":"2025.12.6","origin":"白洋淀","destination":"北京丰台","origin_city":"保定","destination_city":"北京","train":"C128","service":"highspeed","table_km":95,"time":"19:30-次日10:20","note":""},"geometry":{"coordinates":[[115.868102,39.069039],[115.896128,39.07062],[115.920125,39.075583],[115.933687,39.076587],[115.946407,39.075453],[115.983243,39.068152],[116.001988,39.067862],[116.132753,39.095468],[116.145964,39.097121],[116.219457,39.094946],[116.307486,39.099601],[116.32151,39.097921],[116.363343,39.087049],[116.367866,39.08775],[116.370782,39.090432],[116.36594,39.162548],[116.335441,39.244354],[116.329643,39.291795],[116.305517,39.339503],[116.298822,39.371662],[116.301226,39.392027],[116.312372,39.407092],[116.322368,39.435686],[116.324447,39.450978],[116.338866,39.484673],[116.349005,39.587998],[116.346978,39.63646],[116.359989,39.680208],[116.359305,39.686974],[116.356405,39.691992],[116.300028,39.74145],[116.297166,39.748236],[116.317997,39.801408],[116.32875,39.834013],[116.337655,39.849336],[116.351913,39.853378],[116.302845,39.851529],[116.296064,39.849379]],"type":"LineString"}},{"type":"Feature","properties":{"seq":89,"date":"2026.1.1","origin":"北京","destination":"山海关","origin_city":"北京","destination_city":"秦皇岛","train":"K339","service":"conventional","table_km":303,"time":"19:50-21:12","note":""},"geometry":{"coordinates":[[116.421015,39.901044],[116.463852,39.899143],[116.481392,39.901382],[116.503928,39.90032],[116.538655,39.901409],[116.580297,39.898413],[116.594054,39.895446],[116.667332,39.895706],[116.687033,39.899486],[116.717295,39.923028],[116.764244,39.934363],[116.984531,39.959417],[117.057226,39.970559],[117.100841,39.97154],[117.122626,39.977564],[117.227831,39.995326],[117.276408,39.997769],[117.392985,39.992875],[117.403089,39.99098],[117.437405,39.977948],[117.467076,39.959043],[117.501488,39.948732],[117.546724,39.927623],[117.668131,39.89367],[117.845474,39.85485],[117.91549,39.842432],[117.943157,39.841617],[117.996174,39.834844],[118.013045,39.828833],[118.09053,39.809285],[118.130429,39.820085],[118.199012,39.822344],[118.249331,39.827574],[118.262031,39.83303],[118.315099,39.846324],[118.31949,39.849356],[118.324041,39.857361],[118.330685,39.863363],[118.343721,39.865747],[118.393783,39.884557],[118.423801,39.881102],[118.434811,39.877886],[118.446795,39.879082],[118.479862,39.876052],[118.500496,39.869842],[118.529264,39.866879],[118.567066,39.881284],[118.587526,39.893135],[118.634166,39.903658],[118.664274,39.918792],[118.705137,39.928724],[118.740768,39.940377],[118.769929,39.941783],[118.784003,39.95146],[118.793952,39.954121],[118.80244,39.959018],[118.82658,39.964762],[118.843923,39.971531],[118.887482,39.979957],[118.897219,39.977646],[118.902908,39.967994],[118.906824,39.964803],[118.930205,39.960877],[118.951273,39.94854],[118.991356,39.95351],[119.039663,39.943511],[119.095745,39.887076],[119.100769,39.884343],[119.109671,39.885924],[119.12356,39.89921],[119.125995,39.903944],[119.125142,39.912629],[119.126408,39.916196],[119.130093,39.919455],[119.136748,39.921076],[119.164115,39.918159],[119.168699,39.915986],[119.17362,39.909518],[119.178625,39.906564],[119.20394,39.905998],[119.255591,39.889169],[119.268179,39.889768],[119.27894,39.887453],[119.291919,39.889637],[119.325216,39.888134],[119.350332,39.893578],[119.366808,39.901174],[119.408375,39.910878],[119.450255,39.917101],[119.462317,39.915203],[119.475259,39.916632],[119.51604,39.947004],[119.534624,39.951024],[119.559531,39.963607],[119.603685,39.964965],[119.620641,39.957898],[119.666189,39.959524],[119.708222,39.972422],[119.761894,39.998621]],"type":"LineString"}},{"type":"Feature","properties":{"seq":90,"date":"2026.1.2","origin":"山海关","destination":"北京丰台","origin_city":"秦皇岛","destination_city":"北京","train":"T184","service":"conventional","table_km":321,"time":"10:54-15:22","note":""},"geometry":{"coordinates":[[119.757983,39.996981],[119.761894,39.998621],[119.708222,39.972422],[119.666189,39.959524],[119.620641,39.957898],[119.603685,39.964965],[119.559531,39.963607],[119.534624,39.951024],[119.51604,39.947004],[119.475259,39.916632],[119.462317,39.915203],[119.450255,39.917101],[119.408375,39.910878],[119.366808,39.901174],[119.350332,39.893578],[119.325216,39.888134],[119.291919,39.889637],[119.27894,39.887453],[119.268179,39.889768],[119.255591,39.889169],[119.20394,39.905998],[119.178625,39.906564],[119.17362,39.909518],[119.168699,39.915986],[119.164115,39.918159],[119.136748,39.921076],[119.130093,39.919455],[119.126408,39.916196],[119.125142,39.912629],[119.125995,39.903944],[119.12356,39.89921],[119.109671,39.885924],[119.100769,39.884343],[119.095745,39.887076],[119.039663,39.943511],[118.991356,39.95351],[118.951273,39.94854],[118.930205,39.960877],[118.906824,39.964803],[118.902908,39.967994],[118.897219,39.977646],[118.887482,39.979957],[118.843923,39.971531],[118.82658,39.964762],[118.80244,39.959018],[118.793952,39.954121],[118.784003,39.95146],[118.769929,39.941783],[118.740768,39.940377],[118.705137,39.928724],[118.664274,39.918792],[118.634166,39.903658],[118.587526,39.893135],[118.567066,39.881284],[118.529264,39.866879],[118.500496,39.869842],[118.479862,39.876052],[118.446795,39.879082],[118.434811,39.877886],[118.423801,39.881102],[118.393783,39.884557],[118.343721,39.865747],[118.330685,39.863363],[118.324041,39.857361],[118.31949,39.849356],[118.315099,39.846324],[118.262031,39.83303],[118.250045,39.827751],[118.199012,39.822344],[118.130429,39.820085],[118.091164,39.809304],[118.013045,39.828833],[117.996174,39.834844],[117.943157,39.841617],[117.91549,39.842432],[117.845474,39.85485],[117.668131,39.89367],[117.546724,39.927623],[117.500091,39.949283],[117.467819,39.958712],[117.439739,39.97688],[117.400549,39.991708],[117.277446,39.997751],[117.221161,39.994487],[117.122626,39.977564],[117.099629,39.97139],[117.057226,39.970559],[116.984531,39.959417],[116.761566,39.933964],[116.717295,39.923028],[116.687033,39.899486],[116.667561,39.895729],[116.594054,39.895446],[116.580297,39.898413],[116.538655,39.901409],[116.503928,39.90032],[116.481392,39.901382],[116.464044,39.899151],[116.437771,39.899446],[116.435219,39.897912],[116.434599,39.89314],[116.430019,39.888402],[116.42482,39.877655],[116.415709,39.871026],[116.375737,39.866406],[116.369178,39.862085],[116.364742,39.856182],[116.351826,39.853471],[116.30211,39.851976],[116.29535,39.849973]],"type":"LineString"}},{"type":"Feature","properties":{"seq":91,"date":"2026.1.8","origin":"北京丰台","destination":"合肥","origin_city":"北京","destination_city":"合肥","train":"Z225","service":"conventional","table_km":1032,"time":"18:31-21:56","note":""},"geometry":{"coordinates":[[116.296064,39.849379],[116.276703,39.844145],[116.27258,39.839537],[116.268294,39.794261],[116.271405,39.77901],[116.2849,39.763515],[116.299086,39.751102],[116.314166,39.729037],[116.356405,39.691992],[116.359844,39.683275],[116.359608,39.677334],[116.346978,39.63646],[116.348973,39.586532],[116.338705,39.483518],[116.324514,39.450957],[116.322424,39.435674],[116.312416,39.40708],[116.301306,39.391998],[116.298868,39.371663],[116.305584,39.339492],[116.329689,39.291804],[116.335486,39.244362],[116.36637,39.160307],[116.372867,39.073355],[116.377868,39.059443],[116.379066,39.011289],[116.376031,39.004016],[116.365676,38.99463],[116.345917,38.960245],[116.346131,38.95547],[116.35245,38.944039],[116.352679,38.925096],[116.3419,38.904347],[116.313573,38.864088],[116.286457,38.837027],[116.186474,38.756059],[116.176721,38.739419],[116.154884,38.711949],[116.144194,38.702544],[116.133513,38.681875],[116.130719,38.671453],[116.10227,38.627521],[116.082368,38.608046],[116.067077,38.587934],[116.026404,38.554787],[115.980447,38.527267],[115.957095,38.51144],[115.892321,38.45218],[115.865373,38.432894],[115.8586,38.425447],[115.739363,38.324876],[115.719828,38.291427],[115.702656,38.185168],[115.669927,38.14529],[115.663556,38.122897],[115.635868,38.08536],[115.61188,38.036895],[115.603479,37.974978],[115.620736,37.84835],[115.619109,37.785342],[115.609589,37.764231],[115.609707,37.760319],[115.614855,37.756402],[115.67504,37.746826],[115.712694,37.735156],[115.73115,37.731052],[115.735393,37.728057],[115.739352,37.721304],[115.758732,37.700108],[115.760421,37.69622],[115.760289,37.628214],[115.752709,37.567105],[115.733702,37.512039],[115.733279,37.485855],[115.730831,37.459368],[115.73699,37.409037],[115.735519,37.381666],[115.736503,37.34727],[115.719194,37.264743],[115.71099,37.25245],[115.699295,37.224327],[115.698253,37.210595],[115.67916,37.108698],[115.679763,37.085232],[115.681931,37.073373],[115.681148,37.051278],[115.689915,37.015913],[115.689339,36.9897],[115.716661,36.90089],[115.726602,36.886497],[115.732461,36.872484],[115.731625,36.850888],[115.734179,36.826152],[115.750904,36.805348],[115.770592,36.785848],[115.778671,36.766781],[115.795837,36.739285],[115.800815,36.722835],[115.829638,36.656279],[115.840089,36.621926],[115.859256,36.585752],[115.885311,36.557602],[115.90795,36.52901],[115.930438,36.493884],[115.936465,36.487147],[115.940534,36.473375],[115.933262,36.439629],[115.92498,36.417538],[115.906681,36.391861],[115.894928,36.379575],[115.885007,36.365912],[115.860401,36.340287],[115.850233,36.332433],[115.841455,36.299524],[115.845761,36.287508],[115.84507,36.249516],[115.832393,36.217735],[115.813691,36.181863],[115.803733,36.141774],[115.805004,36.087038],[115.817204,36.060417],[115.829257,36.045033],[115.831156,36.015986],[115.838641,35.990969],[115.919237,35.874672],[115.923512,35.847741],[115.93073,35.830462],[115.933681,35.73162],[115.926827,35.697462],[115.913693,35.659654],[115.913325,35.651098],[115.907414,35.625984],[115.889245,35.591064],[115.875334,35.581091],[115.862366,35.568443],[115.814556,35.53562],[115.78626,35.513345],[115.763655,35.500174],[115.707989,35.454067],[115.631214,35.398074],[115.617092,35.385538],[115.596519,35.354177],[115.563356,35.324776],[115.556973,35.312687],[115.542279,35.302179],[115.533129,35.293373],[115.526786,35.278072],[115.502969,35.251559],[115.50177,35.247577],[115.501781,35.209279],[115.5078,35.200236],[115.512987,35.187878],[115.548833,35.134504],[115.555017,35.118956],[115.56366,35.112159],[115.5781,35.090054],[115.585912,35.083964],[115.590918,35.075957],[115.589735,35.050096],[115.583599,35.032309],[115.581731,35.003684],[115.584077,34.937789],[115.582019,34.918626],[115.584819,34.909937],[115.584859,34.894754],[115.575382,34.865497],[115.573346,34.845663],[115.585713,34.779258],[115.588191,34.733437],[115.597461,34.698507],[115.594026,34.674734],[115.59343,34.642723],[115.619905,34.57177],[115.625064,34.562862],[115.637345,34.525047],[115.640867,34.519159],[115.649761,34.511976],[115.667091,34.46932],[115.681161,34.443763],[115.69097,34.436467],[115.693619,34.422907],[115.72028,34.366301],[115.725566,34.33962],[115.729451,34.304548],[115.736821,34.280267],[115.740308,34.254024],[115.757653,34.174308],[115.787463,33.995717],[115.789733,33.970043],[115.796808,33.940455],[115.801338,33.877532],[115.793969,33.865105],[115.789954,33.818698],[115.795181,33.734088],[115.794736,33.719753],[115.80058,33.63794],[115.806185,33.509867],[115.806633,33.448606],[115.816328,33.324149],[115.830215,33.223549],[115.83475,33.14009],[115.842216,33.121561],[115.850201,33.064261],[115.855998,33.039244],[115.861173,33.029986],[115.866891,32.979207],[115.868369,32.945343],[115.862045,32.900469],[115.866547,32.89496],[115.876214,32.890135],[115.899424,32.885381],[115.978594,32.860237],[115.986693,32.853125],[115.992011,32.837236],[115.993644,32.80205],[115.986347,32.752747],[115.985007,32.72934],[115.9888,32.652606],[115.982673,32.61362],[115.980015,32.581975],[115.959695,32.512166],[115.940675,32.46097],[115.939072,32.446564],[115.94591,32.414062],[115.944918,32.385186],[115.948892,32.367481],[115.97027,32.331908],[115.978058,32.295778],[115.981912,32.288045],[115.995286,32.269969],[116.011955,32.231434],[116.017925,32.22204],[116.037022,32.199174],[116.050699,32.172884],[116.068454,32.152017],[116.081078,32.124231],[116.108782,32.080745],[116.123839,32.065947],[116.155577,32.041594],[116.17051,32.025031],[116.178229,32.013368],[116.182645,32.00265],[116.18132,31.980585],[116.183528,31.970184],[116.19407,31.951237],[116.206265,31.937002],[116.236423,31.895833],[116.254643,31.849958],[116.258038,31.823576],[116.28098,31.783833],[116.287655,31.768953],[116.298834,31.756497],[116.317818,31.746579],[116.354893,31.733129],[116.369533,31.731123],[116.399147,31.730935],[116.423498,31.721794],[116.4494,31.702171],[116.45534,31.699497],[116.467492,31.700315],[116.479393,31.70892],[116.493985,31.714471],[116.491298,31.713896],[116.526568,31.732096],[116.551136,31.731345],[116.570046,31.734933],[116.593697,31.735499],[116.622346,31.738789],[116.665143,31.733733],[116.723768,31.742126],[116.757921,31.752356],[116.777327,31.760028],[116.819931,31.770021],[116.836762,31.776793],[116.854491,31.778353],[116.875136,31.784992],[116.907566,31.786292],[116.940922,31.785199],[116.971192,31.789251],[116.994415,31.787457],[117.011556,31.789491],[117.055516,31.788201],[117.073221,31.789949],[117.114051,31.788484],[117.17912,31.79118],[117.187667,31.796263],[117.209055,31.824682],[117.211607,31.85129],[117.213209,31.854827],[117.231542,31.87785],[117.254574,31.896537],[117.264879,31.908299],[117.285718,31.912773],[117.293794,31.898462],[117.312137,31.888072]],"type":"LineString"}},{"type":"Feature","properties":{"seq":92,"date":"2026.1.10","origin":"合肥","destination":"新乡","origin_city":"合肥","destination_city":"新乡","train":"K2276","service":"conventional","table_km":682,"time":"21:59-次日07:41","note":""},"geometry":{"coordinates":[[117.309609,31.889563],[117.312137,31.888072],[117.295691,31.897206],[117.290535,31.90346],[117.282257,31.93751],[117.280748,31.954053],[117.263633,31.974529],[117.261744,31.979912],[117.260889,31.991602],[117.255623,31.999038],[117.252892,32.027416],[117.245102,32.071897],[117.215976,32.186831],[117.204226,32.216821],[117.205605,32.238993],[117.202514,32.283656],[117.212478,32.315781],[117.207638,32.341948],[117.190156,32.385503],[117.183808,32.405613],[117.185332,32.441549],[117.180226,32.459058],[117.142871,32.521801],[117.127464,32.553649],[117.117248,32.590961],[117.119321,32.603646],[117.116011,32.608936],[117.091856,32.617885],[117.069494,32.637631],[117.043186,32.641528],[117.038095,32.640645],[117.026609,32.633399],[116.9927,32.630927],[116.9809,32.632076],[116.969215,32.626936],[116.934528,32.619837],[116.932273,32.623242],[116.937728,32.657014],[116.928746,32.677264],[116.925596,32.680893],[116.909648,32.691486],[116.792271,32.750057],[116.748278,32.762331],[116.66678,32.756095],[116.600179,32.732332],[116.565254,32.712768],[116.536946,32.701281],[116.465869,32.717844],[116.314198,32.735594],[116.187109,32.802629],[116.10783,32.83084],[115.974733,32.86175],[115.890404,32.887511],[115.884491,32.891408],[115.871837,32.90798],[115.865246,32.923802],[115.867536,32.949629],[115.866891,32.979207],[115.861173,33.029986],[115.855998,33.039244],[115.850201,33.064261],[115.842216,33.121561],[115.83475,33.14009],[115.830215,33.223549],[115.816328,33.324149],[115.806633,33.448606],[115.806185,33.509867],[115.80058,33.63794],[115.794736,33.719753],[115.795181,33.734088],[115.789954,33.818698],[115.793969,33.865105],[115.801338,33.877532],[115.796808,33.940455],[115.789733,33.970043],[115.787463,33.995717],[115.757653,34.174308],[115.740308,34.254024],[115.736821,34.280267],[115.729451,34.304548],[115.725566,34.33962],[115.72028,34.366301],[115.693811,34.422451],[115.69062,34.435007],[115.67653,34.4367],[115.626407,34.455321],[115.526175,34.498985],[115.486173,34.513643],[115.362589,34.565475],[115.333229,34.570104],[115.28389,34.583118],[115.249652,34.593333],[115.214613,34.607415],[115.168933,34.631766],[115.146762,34.639177],[115.121093,34.653171],[115.036913,34.716945],[114.98666,34.747184],[114.853498,34.810535],[114.836835,34.816788],[114.825622,34.816858],[114.63558,34.791196],[114.50337,34.781547],[114.43933,34.780387],[114.339193,34.770794],[114.226328,34.77746],[114.081209,34.751559],[114.069458,34.744791],[114.059639,34.734002],[114.052036,34.72173],[114.046377,34.716721],[114.038144,34.712863],[113.994901,34.701268],[113.949723,34.706983],[113.920294,34.714736],[113.897461,34.727929],[113.844177,34.735855],[113.810943,34.737213],[113.775956,34.736508],[113.76817,34.736362],[113.765375,34.73632],[113.751993,34.73597],[113.740443,34.735754],[113.724136,34.735409],[113.69492,34.734847],[113.69328,34.734858],[113.676135,34.734535],[113.666451,34.734314],[113.66089,34.736007],[113.653839,34.747559],[113.659613,34.736944],[113.660427,34.736253],[113.66089,34.736007],[113.663361,34.734852],[113.665324,34.734348],[113.666451,34.734314],[113.667155,34.734349],[113.676135,34.734535],[113.69492,34.734847],[113.71681,34.735287],[113.724136,34.735409],[113.751993,34.73597],[113.76817,34.736362],[113.772757,34.739934],[113.774213,34.743881],[113.768774,34.810895],[113.771119,34.819022],[113.775706,34.823351],[113.790091,34.830394],[113.842348,34.83546],[113.85088,34.840056],[113.855873,34.846868],[113.856942,34.853435],[113.844728,34.922866],[113.847163,34.9769],[113.84299,35.006351],[113.844865,35.023373],[113.870323,35.082952],[113.881908,35.114322],[113.912869,35.160915],[113.922115,35.182425],[113.934772,35.204876],[113.940478,35.224449],[113.871835,35.22785],[113.810682,35.221778],[113.803948,35.224199],[113.801412,35.230349],[113.802801,35.234954],[113.8067,35.237606],[113.815574,35.239298],[113.823957,35.245133],[113.850667,35.279126],[113.851586,35.302257],[113.85313,35.306578]],"type":"LineString"}},{"type":"Feature","properties":{"seq":93,"date":"2026.1.11","origin":"新乡","destination":"卫辉","origin_city":"新乡","destination_city":"新乡","train":"K262","service":"conventional","table_km":25,"time":"21:14-次日06:27","note":""},"geometry":{"coordinates":[[113.85278,35.30633],[113.867626,35.351949],[113.881543,35.370188],[113.901304,35.387275],[113.912389,35.392614],[113.947814,35.397114],[114.009375,35.413963],[114.040788,35.418618],[114.048711,35.422699],[114.055456,35.431868]],"type":"LineString"}},{"type":"Feature","properties":{"seq":94,"date":"2026.1.11","origin":"新乡东","destination":"北京西","origin_city":"新乡","destination_city":"北京","train":"G1580","service":"highspeed","table_km":626,"time":"07:45-08:03","note":""},"geometry":{"coordinates":[[113.971338,35.311109],[113.973418,35.314365],[113.96852,35.306852],[113.96874,35.30584],[113.954347,35.285074],[113.947814,35.271025],[113.939761,35.220947],[113.937082,35.210915],[113.934673,35.20491],[113.930563,35.196715],[113.922053,35.182436],[113.912816,35.160932],[113.881843,35.114361],[113.870242,35.08297],[113.844774,35.02339],[113.842871,35.007281],[113.84707,34.976898],[113.844635,34.922861],[113.856543,34.85564],[113.855783,34.846891],[113.850814,34.84011],[113.842317,34.835533],[113.802123,34.832299],[113.787045,34.829017],[113.777881,34.823195],[113.772067,34.815004],[113.769745,34.808444],[113.77266,34.77173],[113.769423,34.806847],[113.770807,34.817661],[113.767,34.83286],[113.76549,34.84929],[113.762732,34.859188],[113.751594,34.883902],[113.748687,34.902498],[113.750689,34.939679],[113.768712,34.999389],[113.772285,35.007278],[113.785509,35.030587],[113.818319,35.0745],[113.920531,35.183366],[113.928313,35.193738],[113.938458,35.216442],[113.945914,35.264338],[113.94771,35.271332],[113.951353,35.280714],[113.958498,35.29269],[113.966366,35.30378],[113.967036,35.304756],[113.967823,35.305867],[113.96852,35.306852],[113.970331,35.309409],[113.976895,35.31868],[113.983941,35.328629],[113.995243,35.344463],[114.002138,35.35427],[114.033345,35.40435],[114.04828,35.419384],[114.084191,35.440316],[114.099667,35.454454],[114.108661,35.46831],[114.142961,35.539972],[114.150992,35.552704],[114.165803,35.567542],[114.199947,35.590238],[114.212804,35.602007],[114.242112,35.645666],[114.276159,35.680621],[114.305869,35.720347],[114.314046,35.738718],[114.328241,35.818666],[114.332741,35.832311],[114.340398,35.844279],[114.350286,35.854054],[114.360263,35.860877],[114.385175,35.873846],[114.396101,35.882245],[114.404892,35.892509],[114.413554,35.911487],[114.428507,35.971892],[114.433754,36.011595],[114.442889,36.061043],[114.454447,36.107231],[114.524241,36.478934],[114.551654,36.588217],[114.551941,36.64756],[114.547742,36.690002],[114.548896,36.716479],[114.552111,36.74032],[114.550573,36.765564],[114.552287,36.7909],[114.55079,36.870347],[114.547793,36.907579],[114.551427,36.935143],[114.567324,36.972366],[114.579651,37.019023],[114.586475,37.106],[114.583774,37.187646],[114.573325,37.22153],[114.572093,37.232812],[114.581228,37.294509],[114.582098,37.36279],[114.581046,37.373909],[114.574048,37.402694],[114.558179,37.505755],[114.540236,37.555214],[114.530963,37.607515],[114.474514,37.76549],[114.470873,37.78277],[114.474093,37.830173],[114.468511,37.869759],[114.471586,37.903249],[114.468804,37.933221],[114.470977,37.978573],[114.493059,38.072358],[114.505158,38.102723],[114.507473,38.131884],[114.512473,38.146521],[114.527804,38.173176],[114.538744,38.186475],[114.550712,38.196443],[114.590407,38.223232],[114.604651,38.229964],[114.621725,38.235253],[114.667196,38.241749],[114.716296,38.254093],[114.730732,38.258971],[114.746441,38.266646],[114.768979,38.283882],[114.842896,38.368269],[114.865819,38.387383],[114.985262,38.445142],[115.053668,38.497038],[115.176448,38.577866],[115.421531,38.70798],[115.478773,38.733895],[115.495696,38.744438],[115.507145,38.754164],[115.545422,38.793219],[115.627425,38.9061],[115.681559,38.97009],[115.691648,38.981065],[115.717619,39.004137],[115.803058,39.099868],[115.861397,39.195909],[115.898634,39.234777],[115.95012,39.298992],[115.984003,39.361583],[116.007527,39.393607],[116.058838,39.476711],[116.093478,39.551196],[116.163017,39.648087],[116.191795,39.681725],[116.197717,39.694774],[116.199799,39.707121],[116.193343,39.751443],[116.197751,39.801377],[116.200117,39.807683],[116.20759,39.818927],[116.208735,39.824806],[116.206075,39.843065],[116.192167,39.87019],[116.192027,39.87685],[116.194678,39.882522],[116.20653,39.89161],[116.217794,39.894701],[116.281006,39.894711],[116.294033,39.89066],[116.303386,39.89397],[116.3151,39.89366]],"type":"LineString"}},{"type":"Feature","properties":{"seq":95,"date":"2026.2.7","origin":"北京西","destination":"汉口","origin_city":"北京","destination_city":"武汉","train":"D37","service":"highspeed","table_km":1106,"time":"16:09-19:13","note":""},"geometry":{"coordinates":[[116.31516,39.89338],[116.303386,39.89397],[116.294033,39.89066],[116.281006,39.894711],[116.217794,39.894701],[116.20653,39.89161],[116.194678,39.882522],[116.192027,39.87685],[116.192167,39.87019],[116.206075,39.843065],[116.208735,39.824806],[116.20759,39.818927],[116.200117,39.807683],[116.197751,39.801377],[116.193343,39.751443],[116.199799,39.707121],[116.197717,39.694774],[116.191795,39.681725],[116.163017,39.648087],[116.093478,39.551196],[116.058838,39.476711],[116.007527,39.393607],[115.984003,39.361583],[115.95012,39.298992],[115.898634,39.234777],[115.861397,39.195909],[115.803058,39.099868],[115.717619,39.004137],[115.691648,38.981065],[115.681559,38.97009],[115.627425,38.9061],[115.545422,38.793219],[115.507145,38.754164],[115.495696,38.744438],[115.478773,38.733895],[115.421531,38.70798],[115.176426,38.577887],[115.053624,38.49709],[114.985123,38.445158],[114.865755,38.387401],[114.842832,38.368287],[114.76968,38.284688],[114.757454,38.273943],[114.746377,38.266663],[114.730668,38.258989],[114.716232,38.25411],[114.667132,38.241767],[114.621661,38.23527],[114.604586,38.229981],[114.590343,38.223249],[114.550648,38.19646],[114.53868,38.186493],[114.52774,38.173194],[114.512408,38.146538],[114.507409,38.131902],[114.505094,38.102741],[114.492971,38.072376],[114.470775,37.97767],[114.468731,37.933224],[114.471513,37.903252],[114.468449,37.869759],[114.47402,37.830176],[114.4708,37.782773],[114.473983,37.766837],[114.530907,37.607487],[114.540158,37.555212],[114.558101,37.505754],[114.573975,37.402697],[114.580973,37.373912],[114.582025,37.362793],[114.581144,37.294519],[114.57201,37.232821],[114.573242,37.221539],[114.58369,37.187656],[114.586392,37.10601],[114.579923,37.02075],[114.567269,36.972365],[114.551372,36.935141],[114.547739,36.907577],[114.550734,36.870349],[114.552231,36.790905],[114.550518,36.765563],[114.552056,36.740318],[114.548841,36.716477],[114.547687,36.690001],[114.551886,36.647559],[114.5516,36.588229],[114.524188,36.478945],[114.454376,36.107239],[114.442819,36.061053],[114.433682,36.011602],[114.428436,35.971902],[114.413484,35.9115],[114.404829,35.892538],[114.396047,35.882284],[114.38513,35.873892],[114.360222,35.860925],[114.350235,35.854095],[114.340338,35.844311],[114.332674,35.832332],[114.32817,35.818676],[114.313975,35.738729],[114.306513,35.721443],[114.2761,35.680653],[114.242051,35.645697],[114.212742,35.602043],[114.199895,35.590284],[114.16575,35.567587],[114.150927,35.552737],[114.14289,35.539996],[114.10859,35.468334],[114.099603,35.454489],[114.08414,35.440363],[114.048227,35.41943],[114.031741,35.402261],[114.00207,35.3543],[113.951282,35.280737],[113.945838,35.264348],[113.938385,35.216455],[113.928247,35.193767],[113.92047,35.183402],[113.822361,35.079276],[113.787678,35.0338],[113.770023,35.002998],[113.75064,34.939685],[113.749278,34.892516],[113.752304,34.88156],[113.762685,34.859175],[113.765442,34.849284],[113.774092,34.736617],[113.783671,34.695002],[113.78366,34.682706],[113.777596,34.645606],[113.783748,34.613454],[113.785109,34.575156],[113.803281,34.489631],[113.805911,34.460345],[113.805677,34.449705],[113.795554,34.379403],[113.797561,34.342664],[113.790462,34.306945],[113.789964,34.292126],[113.791949,34.282798],[113.797242,34.269981],[113.815144,34.236551],[113.826291,34.203806],[113.829233,34.191661],[113.832778,34.158466],[113.836082,34.14669],[113.871995,34.088996],[113.879068,34.071807],[113.887164,34.025407],[113.887865,34.012629],[113.885065,33.994395],[113.870739,33.950248],[113.872383,33.880563],[113.876909,33.865297],[113.905238,33.798199],[113.924738,33.760372],[113.942636,33.718224],[113.961377,33.643627],[113.954928,33.548826],[113.950046,33.514167],[113.951153,33.445142],[113.953364,33.415094],[113.949177,33.36724],[113.950587,33.331514],[113.946157,33.268427],[113.947409,33.164804],[113.949799,33.150268],[113.960699,33.111742],[113.971593,33.053086],[113.971959,32.969805],[113.973682,32.957221],[113.983983,32.917852],[113.987715,32.893946],[113.992489,32.836715],[113.992387,32.804368],[113.994979,32.787137],[113.999096,32.719165],[114.00813,32.664952],[114.013028,32.611127],[114.020175,32.566305],[114.032839,32.529601],[114.048345,32.502985],[114.068553,32.47453],[114.097051,32.42929],[114.120032,32.371463],[114.123561,32.3579],[114.12411,32.325849],[114.161065,32.107169],[114.159745,32.079422],[114.157722,32.067559],[114.139105,32.019754],[114.136159,32.007351],[114.135986,31.965461],[114.160215,31.881898],[114.167171,31.811615],[114.181898,31.724881],[114.192686,31.68478],[114.2063,31.652659],[114.214509,31.596667],[114.222985,31.562352],[114.245953,31.485843],[114.247941,31.460439],[114.253984,31.421038],[114.255048,31.384137],[114.260578,31.306558],[114.255091,31.149633],[114.259496,31.125156],[114.276078,31.078904],[114.274947,31.045991],[114.277792,30.98619],[114.28431,30.943255],[114.290954,30.911562],[114.294994,30.879152],[114.303945,30.848469],[114.348416,30.762672],[114.350908,30.754893],[114.350096,30.74275],[114.339745,30.723837],[114.337517,30.714032],[114.338344,30.706239],[114.344829,30.686521],[114.345136,30.674264],[114.340358,30.660087],[114.332642,30.647241],[114.325894,30.641551],[114.316635,30.638135],[114.24943,30.62159]],"type":"LineString"}},{"type":"Feature","properties":{"seq":96,"date":"2026.2.8","origin":"武汉","destination":"祁阳","origin_city":"武汉","destination_city":"永州","train":"G1479","service":"highspeed","table_km":641,"time":"20:36-次日07:11","note":"二等座过夜"},"geometry":{"coordinates":[[114.41868,30.60944],[114.432103,30.570612],[114.447855,30.546044],[114.453582,30.529701],[114.45463,30.515802],[114.452666,30.432948],[114.441577,30.390973],[114.435738,30.377196],[114.396757,30.318491],[114.363188,30.258138],[114.357549,30.240406],[114.356296,30.220771],[114.357837,30.172131],[114.362524,30.141678],[114.363346,30.096363],[114.373614,29.993393],[114.371894,29.978849],[114.368123,29.966212],[114.355805,29.943926],[114.345324,29.930978],[114.324437,29.915357],[114.269938,29.890152],[114.222472,29.863618],[114.004166,29.798057],[113.921665,29.750965],[113.87549,29.732009],[113.828376,29.707183],[113.813398,29.696524],[113.768843,29.656861],[113.709905,29.580007],[113.671859,29.549532],[113.655209,29.53993],[113.633,29.530745],[113.61686,29.526503],[113.527837,29.517785],[113.42539,29.493404],[113.412128,29.488845],[113.341058,29.454271],[113.253378,29.420001],[113.237704,29.409952],[113.220559,29.393385],[113.181464,29.337273],[113.172415,29.32156],[113.141929,29.230357],[113.138795,29.212368],[113.140994,29.160953],[113.139597,29.134048],[113.142101,28.916817],[113.130309,28.790038],[113.144114,28.71638],[113.145244,28.608961],[113.142531,28.593489],[113.138734,28.582323],[113.080594,28.452264],[113.074863,28.432617],[113.072759,28.302608],[113.065976,28.269174],[113.06488,28.240474],[113.057275,28.177151],[113.061046,28.115843],[113.046344,28.042215],[113.042204,27.947936],[113.049404,27.904348],[113.050724,27.875004],[113.059029,27.829576],[113.065703,27.751798],[113.064243,27.732991],[113.055665,27.693545],[113.046524,27.672087],[112.985277,27.587664],[112.961834,27.548979],[112.926373,27.510942],[112.91562,27.497358],[112.887217,27.432287],[112.866587,27.394798],[112.851741,27.361031],[112.824094,27.308944],[112.730521,27.177055],[112.72005,27.157507],[112.715188,27.140421],[112.713789,27.119853],[112.720784,27.058025],[112.727204,27.020689],[112.727695,27.006756],[112.725686,26.993718],[112.706119,26.931184],[112.705861,26.86158],[112.703672,26.845791],[112.70142,26.840717],[112.69423,26.83386],[112.679878,26.82905],[112.633793,26.828268],[112.593572,26.833863],[112.566901,26.840986],[112.52311,26.857035],[112.506204,26.858904],[112.441887,26.854264],[112.388204,26.84745],[112.347939,26.833562],[112.303403,26.826496],[112.278386,26.82056],[112.26426,26.81596],[112.243494,26.806256],[112.20553,26.797261],[112.143372,26.774836],[112.110375,26.771527],[112.046716,26.759729],[112.035698,26.756276],[111.878308,26.649274],[111.854329,26.629218],[111.826111,26.612448]],"type":"LineString"}},{"type":"Feature","properties":{"seq":97,"date":"2026.2.8","origin":"祁阳","destination":"永州","origin_city":"永州","destination_city":"永州","train":"G1503","service":"highspeed","table_km":33,"time":"19:30-次日12:55","note":""},"geometry":{"coordinates":[[111.826111,26.612448],[111.806545,26.601297],[111.779383,26.59462],[111.764085,26.588157],[111.725352,26.560659],[111.712086,26.546053],[111.702981,26.540035],[111.677224,26.53387],[111.656869,26.522341],[111.638905,26.516244],[111.59613,26.506026],[111.577591,26.496762],[111.570355,26.489956],[111.566803,26.482822],[111.565099,26.457676]],"type":"LineString"}},{"type":"Feature","properties":{"seq":98,"date":"2026.2.8","origin":"永州","destination":"零陵","origin_city":"永州","destination_city":"永州","train":"K1803","service":"conventional","table_km":26,"time":"16:18-16:35","note":""},"geometry":{"coordinates":[[111.56463,26.45769],[111.56431,26.439474],[111.567965,26.410071],[111.561356,26.373339],[111.565068,26.359381],[111.561155,26.343088],[111.560304,26.331884],[111.554554,26.317979],[111.552966,26.293761],[111.554146,26.288336],[111.561134,26.277402],[111.56686,26.254683],[111.572369,26.243016],[111.575465,26.226128]],"type":"LineString"}},{"type":"Feature","properties":{"seq":99,"date":"2026.2.8","origin":"永州","destination":"柳州","origin_city":"永州","destination_city":"柳州","train":"D3969","service":"highspeed","table_km":363,"time":"21:02-21:26","note":""},"geometry":{"coordinates":[[111.564983,26.457669],[111.564756,26.440286],[111.567215,26.428764],[111.56612,26.420145],[111.559034,26.409377],[111.548266,26.403322],[111.477092,26.399654],[111.465939,26.395791],[111.437451,26.381286],[111.421901,26.376988],[111.409135,26.376713],[111.35312,26.381466],[111.321991,26.380299],[111.299786,26.376953],[111.289748,26.373193],[111.278916,26.366155],[111.26473,26.351406],[111.241829,26.318779],[111.236783,26.30916],[111.234636,26.296356],[111.237093,26.27124],[111.228514,26.216881],[111.225464,26.205985],[111.208654,26.172245],[111.204085,26.108075],[111.199033,26.09815],[111.168718,26.056216],[111.084649,25.990288],[111.066784,25.972256],[111.047148,25.960888],[111.019499,25.949841],[110.987993,25.945185],[110.954695,25.932935],[110.882872,25.924257],[110.864046,25.914541],[110.833931,25.888533],[110.794491,25.840968],[110.76518,25.798677],[110.73736,25.737146],[110.71721,25.714828],[110.704038,25.696028],[110.695391,25.6885],[110.683166,25.682845],[110.64013,25.669846],[110.613954,25.652608],[110.583118,25.637736],[110.558388,25.629043],[110.539705,25.62617],[110.49461,25.615113],[110.484221,25.610756],[110.473726,25.603317],[110.464941,25.592997],[110.445134,25.558118],[110.432662,25.532996],[110.425331,25.512793],[110.418829,25.502473],[110.374826,25.464276],[110.347648,25.449046],[110.333758,25.438805],[110.324007,25.427511],[110.309017,25.395965],[110.295501,25.330039],[110.296022,25.331633],[110.292273,25.306053],[110.282035,25.295752],[110.279112,25.290437],[110.27846,25.283033],[110.275712,25.277413],[110.278316,25.257458],[110.277343,25.254859],[110.263277,25.252553],[110.241269,25.25779],[110.22824,25.25761],[110.211493,25.250819],[110.201841,25.24341],[110.196437,25.236414],[110.168822,25.188723],[110.091827,25.115262],[110.039434,25.05192],[110.017437,25.037572],[110.008616,25.028913],[109.986898,24.987866],[109.979216,24.965],[109.953219,24.935817],[109.931835,24.919547],[109.923259,24.915071],[109.83781,24.883269],[109.8137,24.868575],[109.784515,24.845822],[109.778289,24.836297],[109.752156,24.771791],[109.748275,24.765756],[109.724773,24.741921],[109.701235,24.702928],[109.6871,24.673966],[109.676516,24.660938],[109.624027,24.626403],[109.583657,24.587994],[109.573232,24.579925],[109.540693,24.561803],[109.497201,24.547034],[109.455631,24.516431],[109.440749,24.499569],[109.418217,24.483777],[109.400122,24.458108],[109.372533,24.429287],[109.359151,24.407198],[109.330783,24.386888],[109.327393,24.377693],[109.328026,24.363647],[109.330307,24.359463],[109.333101,24.358363],[109.341562,24.359575],[109.350739,24.356686],[109.380019,24.342982],[109.38373,24.339759],[109.390435,24.327614],[109.390976,24.323811],[109.383358,24.310576]],"type":"LineString"}},{"type":"Feature","properties":{"seq":100,"date":"2026.2.9","origin":"柳州","destination":"来宾北","origin_city":"柳州","destination_city":"来宾","train":"D8455","service":"highspeed","table_km":66,"time":"17:06-19:51","note":""},"geometry":{"coordinates":[[109.38302,24.31076],[109.378725,24.30388],[109.377378,24.295621],[109.372028,24.291302],[109.348603,24.255222],[109.340021,24.22521],[109.316737,24.200191],[109.30097,24.162866],[109.274667,24.128207],[109.267817,24.11276],[109.2665,24.101565],[109.267805,24.073944],[109.265575,24.05184],[109.269202,24.026811],[109.269591,24.012322],[109.263322,23.975717],[109.262902,23.964305],[109.272067,23.924961],[109.272911,23.909774],[109.270588,23.898489],[109.255872,23.857089],[109.255857,23.827906],[109.254256,23.817446],[109.239133,23.784875],[109.237945,23.769822],[109.240967,23.754557]],"type":"LineString"}},{"type":"Feature","properties":{"seq":101,"date":"2026.2.11","origin":"来宾","destination":"贵港","origin_city":"来宾","destination_city":"贵港","train":"5537","service":"conventional","table_km":119,"time":"08:03-08:28","note":""},"geometry":{"coordinates":[[109.231966,23.709868],[109.233683,23.713917],[109.233692,23.714906],[109.233586,23.71567],[109.233262,23.717213],[109.233293,23.722039],[109.237282,23.732458],[109.231284,23.708743],[109.228546,23.704683],[109.219777,23.69983],[109.202036,23.677877],[109.19254,23.66173],[109.17901,23.62641],[109.175362,23.623449],[109.162605,23.620398],[109.157739,23.616513],[109.150188,23.6139],[109.14558,23.609028],[109.146449,23.571676],[109.152399,23.536509],[109.150463,23.528028],[109.151246,23.510575],[109.158064,23.497679],[109.159349,23.491285],[109.155215,23.473825],[109.150747,23.46766],[109.148913,23.46108],[109.148579,23.404681],[109.141252,23.372495],[109.140894,23.34593],[109.136019,23.327332],[109.126692,23.310676],[109.127514,23.292],[109.121851,23.272027],[109.121112,23.257432],[109.124802,23.234241],[109.127,23.222234],[109.132545,23.211376],[109.148023,23.1966],[109.164246,23.194188],[109.187333,23.196422],[109.207717,23.200488],[109.226812,23.201218],[109.248788,23.20001],[109.261496,23.195059],[109.276235,23.18568],[109.284724,23.182285],[109.293305,23.174794],[109.301893,23.167132],[109.306676,23.159704],[109.323588,23.142817],[109.328628,23.135545],[109.356705,23.122626],[109.371942,23.112497],[109.39062,23.111223],[109.44631,23.111854],[109.464905,23.109611],[109.506433,23.113553],[109.569313,23.097898],[109.609059,23.102838]],"type":"LineString"}},{"type":"Feature","properties":{"seq":102,"date":"2026.2.11","origin":"贵港","destination":"玉林","origin_city":"贵港","destination_city":"玉林","train":"D9683","service":"highspeed","table_km":89,"time":"12:54-14:28","note":""},"geometry":{"coordinates":[[109.609059,23.102838],[109.59724,23.10164],[109.619896,23.102672],[109.646944,23.093253],[109.649606,23.081317],[109.660628,23.074817],[109.661652,23.063549],[109.68782,23.029934],[109.701039,23.015962],[109.731966,22.991159],[109.748125,22.974257],[109.756892,22.962462],[109.766478,22.955038],[109.780941,22.930452],[109.78843,22.923234],[109.819181,22.876943],[109.839856,22.85658],[109.847328,22.842196],[109.859869,22.832028],[109.864971,22.825049],[109.877244,22.813956],[109.887788,22.812913],[109.891216,22.810721],[109.892228,22.8074],[109.88999,22.798705],[109.882771,22.790739],[109.878453,22.779526],[109.865904,22.761948],[109.865673,22.758403],[109.867473,22.755775],[109.878907,22.754404],[109.931172,22.725423],[109.94212,22.711562],[109.957788,22.699792],[109.969343,22.679198],[109.972468,22.67665],[109.978919,22.676986],[109.988673,22.682249],[110.005845,22.683978],[110.019301,22.689839],[110.041458,22.687246],[110.051826,22.679453],[110.101228,22.650491],[110.124411,22.622854],[110.136121,22.615937],[110.15238,22.60009]],"type":"LineString"}},{"type":"Feature","properties":{"seq":103,"date":"2026.2.11","origin":"玉林","destination":"湛江","origin_city":"玉林","destination_city":"湛江","train":"K653","service":"conventional","table_km":175,"time":"17:46-18:44","note":""},"geometry":{"coordinates":[[110.15209,22.60012],[110.162095,22.589351],[110.160571,22.578009],[110.172331,22.548923],[110.182591,22.541061],[110.187938,22.532189],[110.19753,22.523799],[110.205623,22.510544],[110.214978,22.504879],[110.217764,22.498063],[110.23852,22.475313],[110.234526,22.445168],[110.2455,22.425823],[110.248331,22.413265],[110.258601,22.388336],[110.264184,22.36486],[110.263816,22.352293],[110.26536,22.342846],[110.263649,22.333479],[110.258753,22.328253],[110.255859,22.322326],[110.251008,22.306418],[110.246261,22.298524],[110.24106,22.278988],[110.232066,22.263019],[110.229693,22.253386],[110.223171,22.246353],[110.222553,22.231856],[110.229461,22.215298],[110.228845,22.208725],[110.2258,22.203019],[110.226853,22.194946],[110.221328,22.184416],[110.217353,22.169116],[110.21158,22.160981],[110.21494,22.144511],[110.2145,22.139738],[110.202516,22.118429],[110.206491,22.102821],[110.221741,22.073123],[110.224004,22.053663],[110.216296,22.042336],[110.214888,22.036708],[110.203741,22.019948],[110.185154,21.985638],[110.189852,21.969767],[110.189917,21.962181],[110.200569,21.943504],[110.212923,21.926148],[110.228315,21.91264],[110.241745,21.892523],[110.258061,21.844999],[110.259057,21.838017],[110.264664,21.824874],[110.263816,21.819885],[110.254696,21.809386],[110.252835,21.788213],[110.250864,21.781554],[110.249793,21.749083],[110.252519,21.732434],[110.262257,21.71995],[110.265177,21.711454],[110.268193,21.708101],[110.276331,21.70685],[110.28555,21.712618],[110.295394,21.709314],[110.302622,21.672466],[110.303232,21.648109],[110.283329,21.590482],[110.280635,21.569503],[110.256354,21.509992],[110.255882,21.477871],[110.258382,21.461283],[110.258389,21.416639],[110.268845,21.382158],[110.281843,21.366765],[110.343538,21.25423],[110.362103,21.230268],[110.361489,21.219863],[110.367997,21.213498],[110.372141,21.200132],[110.382536,21.18983]],"type":"LineString"}},{"type":"Feature","properties":{"seq":104,"date":"2026.2.12","origin":"湛江","destination":"深圳东","origin_city":"湛江","destination_city":"深圳","train":"K1234","service":"conventional","table_km":559,"time":"15:36-18:02","note":""},"geometry":{"coordinates":[[110.382536,21.18983],[110.372141,21.200132],[110.367997,21.213498],[110.361489,21.219863],[110.362103,21.230268],[110.343538,21.25423],[110.281843,21.366765],[110.268845,21.382158],[110.258515,21.415887],[110.258382,21.461283],[110.255882,21.477871],[110.256354,21.509992],[110.280635,21.569503],[110.283329,21.590482],[110.303352,21.648562],[110.302622,21.672466],[110.302275,21.674375],[110.301874,21.676139],[110.298695,21.690438],[110.298403,21.691747],[110.29727,21.696775],[110.297197,21.697136],[110.297078,21.69813],[110.296642,21.704332],[110.296635,21.704424],[110.296576,21.705266],[110.296521,21.70605],[110.299075,21.689129],[110.303099,21.684541],[110.325568,21.67944],[110.357798,21.681998],[110.360758,21.679658],[110.362881,21.673163],[110.368171,21.669166],[110.374726,21.669846],[110.380121,21.67361],[110.384423,21.673766],[110.410464,21.661963],[110.427578,21.64618],[110.455184,21.63286],[110.485043,21.63304],[110.49572,21.636188],[110.505419,21.633479],[110.519034,21.635816],[110.535798,21.633024],[110.55594,21.637481],[110.569908,21.636934],[110.591976,21.639014],[110.667226,21.661694],[110.721618,21.670828],[110.737461,21.670666],[110.831245,21.687631],[110.862273,21.677958],[110.864824,21.674739],[110.86843,21.660823],[110.8724,21.658184],[110.884873,21.654381],[110.899423,21.653122],[110.911955,21.647846],[110.945121,21.641154],[110.972281,21.645199],[111.021494,21.683891],[111.058541,21.709095],[111.07505,21.717016],[111.116038,21.755633],[111.126564,21.760079],[111.147453,21.772894],[111.155967,21.773845],[111.163581,21.777168],[111.180581,21.790353],[111.200373,21.809786],[111.217865,21.823194],[111.226461,21.832211],[111.241625,21.856368],[111.263628,21.868126],[111.269482,21.878542],[111.2695,21.886728],[111.273658,21.891008],[111.281391,21.892445],[111.29063,21.884654],[111.29569,21.884463],[111.319483,21.900511],[111.325411,21.906509],[111.339916,21.914764],[111.347253,21.924223],[111.355595,21.926571],[111.361968,21.934663],[111.38505,21.944693],[111.396434,21.943921],[111.407791,21.951004],[111.41994,21.953268],[111.439426,21.961669],[111.44574,21.970459],[111.455593,21.975681],[111.461881,21.983043],[111.46813,21.986635],[111.469231,21.989668],[111.468333,21.999423],[111.469881,22.002541],[111.490486,22.011516],[111.496959,22.02113],[111.514671,22.038071],[111.519352,22.044396],[111.554294,22.049844],[111.578511,22.049824],[111.594893,22.047407],[111.599933,22.048743],[111.627953,22.080945],[111.63666,22.094044],[111.641209,22.104659],[111.648733,22.110181],[111.654251,22.120166],[111.660046,22.125631],[111.66365,22.142173],[111.670529,22.148054],[111.683291,22.154985],[111.688536,22.163998],[111.700113,22.174282],[111.727293,22.179554],[111.741688,22.177989],[111.745595,22.179108],[111.763736,22.203051],[111.777751,22.215839],[111.802848,22.26095],[111.807508,22.266933],[111.823394,22.298796],[111.832781,22.312411],[111.845701,22.326373],[111.859805,22.337431],[111.871928,22.357573],[111.879063,22.375255],[111.892879,22.38779],[111.905503,22.40916],[111.911104,22.414535],[111.919143,22.432178],[111.922528,22.447229],[111.934235,22.452317],[111.952739,22.467918],[111.963501,22.484186],[111.98581,22.495287],[111.988379,22.499349],[111.991328,22.512404],[112.003596,22.531615],[112.009646,22.545043],[112.02922,22.572328],[112.039061,22.582016],[112.047926,22.58355],[112.057696,22.588125],[112.065165,22.602603],[112.073191,22.60818],[112.085921,22.620572],[112.088763,22.627799],[112.084979,22.636611],[112.085137,22.639853],[112.092518,22.649758],[112.097712,22.653572],[112.102477,22.662228],[112.098025,22.672994],[112.09813,22.683533],[112.110889,22.703974],[112.117891,22.70812],[112.128349,22.709975],[112.138379,22.714282],[112.150816,22.71466],[112.168021,22.70944],[112.172818,22.710946],[112.188359,22.723193],[112.205456,22.732175],[112.21727,22.73173],[112.220623,22.732893],[112.222656,22.735878],[112.231765,22.768948],[112.226998,22.785554],[112.230078,22.795021],[112.227818,22.81661],[112.231119,22.827848],[112.241514,22.839836],[112.243961,22.848972],[112.247601,22.851048],[112.260876,22.851723],[112.278112,22.859647],[112.280541,22.863743],[112.279974,22.874782],[112.27778,22.882076],[112.280884,22.886623],[112.302417,22.892931],[112.317534,22.904668],[112.342476,22.916201],[112.374721,22.928381],[112.379424,22.936686],[112.389616,22.942275],[112.417476,22.967484],[112.428312,22.996553],[112.429368,23.00945],[112.441893,23.021416],[112.443558,23.024832],[112.440958,23.038027],[112.440549,23.051915],[112.432192,23.06332],[112.433724,23.08218],[112.436683,23.083765],[112.461561,23.086955],[112.471296,23.090243],[112.483933,23.101998],[112.498903,23.110048],[112.515261,23.125363],[112.52487,23.13765],[112.531926,23.141486],[112.558783,23.165648],[112.559908,23.170387],[112.554553,23.181477],[112.560358,23.195756],[112.576313,23.210225],[112.593496,23.230339],[112.610503,23.234791],[112.631167,23.250772],[112.65901,23.261309],[112.673263,23.270795],[112.693266,23.272295],[112.705023,23.271124],[112.721115,23.262283],[112.743725,23.254093],[112.759422,23.254338],[112.784538,23.238761],[112.802398,23.23154],[112.825879,23.224742],[112.839226,23.214918],[112.846851,23.192997],[112.865373,23.168324],[112.892009,23.160543],[112.909763,23.151601],[112.914788,23.153946],[112.924951,23.178125],[112.935726,23.189373],[112.937066,23.201592],[112.939023,23.206318],[112.950038,23.217696],[112.95646,23.221581],[112.962596,23.223052],[112.989775,23.22399],[113.005199,23.215982],[113.040621,23.214187],[113.090163,23.217488],[113.131941,23.232918],[113.14711,23.2342],[113.156317,23.244606],[113.164322,23.250858],[113.171295,23.260348],[113.18804,23.266181],[113.211514,23.269836],[113.215277,23.274153],[113.219872,23.276305],[113.22038,23.27968],[113.225792,23.266944],[113.22673,23.238035],[113.241682,23.21501],[113.240429,23.167007],[113.247627,23.155731],[113.269063,23.142774],[113.277832,23.145481],[113.285538,23.144565],[113.299031,23.155428],[113.308551,23.156066],[113.317509,23.15461],[113.33787,23.147873],[113.354732,23.146645],[113.375776,23.138713],[113.458611,23.117854],[113.489168,23.115309],[113.549151,23.126498],[113.578002,23.126147],[113.592759,23.134426],[113.61644,23.140593],[113.649077,23.154132],[113.727596,23.181575],[113.736587,23.18126],[113.779141,23.172876],[113.816751,23.160642],[113.829017,23.153095],[113.834076,23.146521],[113.838821,23.127476],[113.83817,23.111727],[113.84466,23.098616],[113.862262,23.085226],[113.890906,23.068343],[113.908794,23.063355],[113.946699,23.033276],[113.96053,23.030128],[113.964793,23.027611],[113.981563,23.01192],[113.995418,22.99156],[114.010027,22.978208],[114.027861,22.94957],[114.043562,22.933032],[114.05185,22.911775],[114.069888,22.899604],[114.074041,22.894669],[114.078868,22.86922],[114.078915,22.8574],[114.094674,22.815727],[114.095329,22.804402],[114.107063,22.748454],[114.108312,22.731426],[114.104856,22.721128],[114.105028,22.716307],[114.127791,22.682828],[114.138006,22.663586],[114.139494,22.649889],[114.137294,22.642683],[114.125716,22.630603],[114.11672,22.627543],[114.11353,22.623872],[114.115043,22.614107],[114.11449,22.604903]],"type":"LineString"}},{"type":"Feature","properties":{"seq":105,"date":"2026.2.26","origin":"深圳北","destination":"合肥西","origin_city":"深圳","destination_city":"合肥","train":"G2694","service":"highspeed","table_km":1177,"time":"21:39-次日08:30","note":""},"geometry":{"coordinates":[[114.023921,22.612011],[113.990563,22.643686],[113.97278,22.664473],[113.958383,22.684268],[113.951404,22.699244],[113.948796,22.716031],[113.951784,22.76626],[113.956879,22.783813],[113.965712,22.798281],[113.977452,22.810185],[113.990842,22.818785],[114.019698,22.828875],[114.047533,22.840792],[114.101026,22.866097],[114.113612,22.875658],[114.142019,22.903038],[114.183627,22.936376],[114.219706,22.953163],[114.236066,22.967493],[114.247481,22.985614],[114.274695,23.073553],[114.285957,23.0951],[114.297407,23.107754],[114.323515,23.129552],[114.3518,23.163122],[114.395374,23.200848],[114.426133,23.222429],[114.435413,23.23293],[114.458099,23.266054],[114.483111,23.298567],[114.489147,23.312248],[114.495419,23.34903],[114.498449,23.359043],[114.518707,23.400181],[114.535127,23.448784],[114.546155,23.467763],[114.571759,23.496109],[114.612617,23.53512],[114.627252,23.546825],[114.665693,23.570367],[114.683001,23.588494],[114.691855,23.601175],[114.714786,23.659452],[114.728108,23.679137],[114.745729,23.702848],[114.77727,23.736411],[114.794892,23.752362],[114.871877,23.801582],[114.908012,23.819751],[114.927646,23.83514],[115.01192,23.893142],[115.025156,23.901432],[115.077082,23.927628],[115.098698,23.944249],[115.10694,23.953925],[115.113448,23.965754],[115.116999,23.978077],[115.120604,24.00074],[115.127234,24.017675],[115.135732,24.030081],[115.160515,24.058701],[115.191425,24.104184],[115.198578,24.117258],[115.203135,24.132762],[115.205601,24.150883],[115.204514,24.166978],[115.198571,24.182668],[115.19062,24.193894],[115.171341,24.208964],[115.115468,24.239366],[115.087978,24.25698],[115.066713,24.266009],[115.039206,24.285508],[115.031217,24.294701],[115.007715,24.331065],[114.985657,24.358005],[114.96466,24.388837],[114.954189,24.412726],[114.951024,24.448449],[114.960482,24.500446],[114.969735,24.520354],[115.017006,24.589764],[115.029688,24.614248],[115.047412,24.67152],[115.048775,24.685042],[115.047573,24.698309],[115.045148,24.710385],[115.038357,24.727167],[115.01596,24.758016],[115.000484,24.773121],[114.952501,24.801412],[114.938133,24.813623],[114.876164,24.896891],[114.857265,24.914171],[114.83511,24.937581],[114.827964,24.956666],[114.827492,24.977695],[114.8449,25.078146],[114.847834,25.104424],[114.859496,25.161775],[114.858295,25.236651],[114.863584,25.255991],[114.877682,25.281799],[114.881542,25.291936],[114.892034,25.334545],[114.897772,25.37741],[114.893453,25.401996],[114.875815,25.446079],[114.873229,25.456576],[114.869257,25.531757],[114.86254,25.581761],[114.864454,25.6299],[114.861658,25.650437],[114.85734,25.667059],[114.844873,25.697274],[114.835346,25.709919],[114.814873,25.730009],[114.803613,25.746738],[114.798459,25.760796],[114.796421,25.782013],[114.801847,25.805352],[114.830167,25.860988],[114.840797,25.874563],[114.853412,25.884217],[114.867698,25.890798],[114.882632,25.894159],[114.950112,25.89237],[114.962278,25.89356],[114.976662,25.897471],[115.015336,25.920122],[115.060603,25.933948],[115.074434,25.939678],[115.106378,25.957792],[115.126057,25.975959],[115.137812,25.991033],[115.173988,26.048048],[115.186105,26.087716],[115.212294,26.146597],[115.220486,26.168673],[115.250247,26.228836],[115.273859,26.289605],[115.274973,26.300478],[115.27396,26.32874],[115.271378,26.340582],[115.264304,26.353811],[115.253141,26.364931],[115.239221,26.372696],[115.132827,26.406623],[115.054778,26.423719],[114.870049,26.49316],[114.858889,26.499987],[114.849646,26.509699],[114.833517,26.539299],[114.829958,26.548426],[114.828359,26.558877],[114.829124,26.568819],[114.83245,26.579252],[114.862235,26.622339],[114.880755,26.66383],[114.915374,26.723116],[114.936053,26.764055],[114.941372,26.783464],[114.942275,26.806734],[114.944944,26.826764],[114.944311,26.854413],[114.942031,26.867782],[114.930552,26.896929],[114.913299,26.924614],[114.88852,26.982412],[114.885402,26.99358],[114.883443,27.063645],[114.886164,27.079824],[114.900128,27.106382],[114.916324,27.12479],[114.973252,27.199319],[115.001636,27.222331],[115.067373,27.264208],[115.104116,27.301118],[115.129646,27.320472],[115.153242,27.350471],[115.182062,27.374744],[115.199346,27.396595],[115.222251,27.418562],[115.248053,27.454576],[115.270765,27.477835],[115.289822,27.491158],[115.300033,27.501765],[115.306936,27.513162],[115.318829,27.54076],[115.321174,27.551924],[115.323655,27.582718],[115.338386,27.61846],[115.355374,27.644237],[115.380049,27.666198],[115.388299,27.676526],[115.393345,27.68598],[115.403556,27.713727],[115.415626,27.732938],[115.4298,27.763099],[115.455258,27.802024],[115.475772,27.840869],[115.483682,27.865549],[115.49356,27.880736],[115.528252,27.915804],[115.573801,27.953589],[115.583725,27.960415],[115.636876,27.988428],[115.649321,27.999351],[115.687237,28.040608],[115.721376,28.067578],[115.744489,28.082479],[115.753402,28.090178],[115.761828,28.100812],[115.794375,28.152805],[115.815042,28.179778],[115.836936,28.203009],[115.871794,28.248577],[115.88571,28.260967],[115.916002,28.276417],[115.924586,28.282652],[115.935894,28.294974],[115.949428,28.317267],[115.950877,28.324138],[115.947752,28.33094],[115.901599,28.362778],[115.893515,28.371748],[115.889111,28.380615],[115.845781,28.5125],[115.844343,28.524362],[115.844929,28.538238],[115.853504,28.575761],[115.852887,28.584217],[115.84889,28.593465],[115.837898,28.603959],[115.762775,28.637261],[115.75049,28.644482],[115.740371,28.654605],[115.735913,28.668793],[115.73723,28.678613],[115.741083,28.686362],[115.768753,28.717547],[115.850241,28.791291],[115.857536,28.800748],[115.873274,28.82788],[115.877329,28.839669],[115.877227,28.846992],[115.874582,28.855242],[115.842166,28.911381],[115.825332,28.944519],[115.816159,28.974611],[115.813735,29.008662],[115.808039,29.04703],[115.805888,29.118388],[115.798343,29.14341],[115.777996,29.227409],[115.757389,29.266693],[115.754532,29.277082],[115.75348,29.290147],[115.755839,29.300483],[115.766085,29.320728],[115.780086,29.336365],[115.78454,29.344391],[115.788734,29.359437],[115.793622,29.389841],[115.831017,29.48997],[115.870996,29.557102],[115.875384,29.566949],[115.87482,29.577055],[115.877153,29.585166],[115.873188,29.618872],[115.862577,29.655452],[115.847204,29.688822],[115.845678,29.706058],[115.84898,29.719704],[115.866435,29.755704],[115.870507,29.768717],[115.888059,29.904614],[115.903755,29.965615],[115.929558,30.019927],[115.938892,30.035625],[115.948226,30.045916],[115.999532,30.09093],[116.017744,30.101766],[116.040189,30.108344],[116.060492,30.109498],[116.094415,30.106517],[116.115588,30.109716],[116.136314,30.118159],[116.153668,30.13123],[116.220234,30.219265],[116.266327,30.303874],[116.273453,30.314268],[116.358092,30.410822],[116.380657,30.43401],[116.414319,30.456282],[116.510217,30.526588],[116.576741,30.563125],[116.649881,30.589689],[116.710768,30.624842],[116.72788,30.632733],[116.820273,30.664929],[116.895046,30.684587],[116.907855,30.691147],[116.921539,30.701018],[116.953203,30.72766],[116.96449,30.740534],[116.97097,30.753535],[116.974081,30.769217],[116.971045,30.805071],[116.960638,30.841252],[116.9586,30.854976],[116.962591,30.9165],[116.968889,30.93822],[116.979416,30.95484],[117.006775,30.982979],[117.016147,30.994909],[117.050636,31.055158],[117.058484,31.066222],[117.140643,31.147194],[117.18222,31.195058],[117.191559,31.213205],[117.216023,31.281374],[117.2198,31.296484],[117.219972,31.313989],[117.215019,31.333148],[117.207016,31.347555],[117.193418,31.363207],[117.182273,31.371297],[117.080233,31.427613],[117.066604,31.438938],[117.053601,31.456103],[117.046963,31.471869],[117.027527,31.539305],[117.029232,31.607588],[117.032049,31.627869],[117.040911,31.646314],[117.055845,31.662484],[117.071947,31.672646],[117.106623,31.687538],[117.118739,31.696262],[117.125979,31.703917],[117.147379,31.733989],[117.15398,31.751957],[117.175101,31.774994],[117.190433,31.800061],[117.208773,31.82405],[117.212101,31.852844],[117.228204,31.873951]],"type":"LineString"}},{"type":"Feature","properties":{"seq":106,"date":"2026.2.28","origin":"合肥南","destination":"北京南","origin_city":"合肥","destination_city":"北京","train":"G2558","service":"highspeed","table_km":1000,"time":"11:37-19:03","note":""},"geometry":{"coordinates":[[117.28481,31.79963],[117.258067,31.797989],[117.227952,31.792633],[117.210611,31.797754],[117.202041,31.802757],[117.197811,31.807189],[117.19835,31.81061],[117.209503,31.825282],[117.211767,31.851274],[117.213797,31.855358],[117.239086,31.884381],[117.254494,31.896057],[117.265231,31.907977],[117.281912,31.913369],[117.284573,31.916655],[117.285302,31.920867],[117.279903,31.953744],[117.264336,31.972731],[117.261651,31.978563],[117.260706,31.988391],[117.255138,32.008081],[117.252959,32.029949],[117.24254,32.088276],[117.23096,32.126577],[117.21498,32.191122],[117.206627,32.21482],[117.203671,32.288503],[117.1828,32.388032],[117.183811,32.434347],[117.182767,32.448048],[117.176132,32.465214],[117.128315,32.545804],[117.122236,32.564755],[117.121251,32.584563],[117.123483,32.609121],[117.128976,32.625315],[117.154012,32.658242],[117.163991,32.668787],[117.311863,32.76362],[117.354309,32.784917],[117.401473,32.817963],[117.412824,32.827955],[117.436589,32.855125],[117.442498,32.870075],[117.44133,32.88706],[117.430201,32.929881],[117.423434,32.983898],[117.374841,33.130434],[117.355456,33.203933],[117.337075,33.333122],[117.281829,33.462628],[117.262208,33.55765],[117.234209,33.769873],[117.220432,33.843505],[117.219536,33.855518],[117.250852,34.035131],[117.31235,34.179498],[117.316167,34.194255],[117.316566,34.209291],[117.314945,34.219283],[117.293194,34.288659],[117.290888,34.3005],[117.300071,34.394959],[117.30675,34.4103],[117.317497,34.425903],[117.327814,34.437288],[117.345582,34.44896],[117.373328,34.458731],[117.387201,34.465299],[117.402258,34.476339],[117.414903,34.491072],[117.421279,34.505117],[117.424192,34.517828],[117.425427,34.572979],[117.4242,34.597485],[117.418166,34.616587],[117.386641,34.665541],[117.352582,34.706716],[117.318988,34.741021],[117.309965,34.753118],[117.304366,34.765319],[117.292171,34.80686],[117.275646,34.843317],[117.270632,34.868241],[117.269926,34.890597],[117.275382,34.909875],[117.292332,34.939264],[117.300462,34.964009],[117.301002,34.983286],[117.294784,35.00339],[117.287823,35.018025],[117.275942,35.035297],[117.26999,35.047245],[117.247199,35.103399],[117.236929,35.124137],[117.225387,35.157088],[117.18488,35.219427],[117.180427,35.230357],[117.172102,35.261669],[117.164149,35.276752],[117.146743,35.301623],[117.093548,35.353193],[117.084082,35.367789],[117.080122,35.37833],[117.073372,35.417221],[117.065322,35.443523],[117.06244,35.4588],[117.063131,35.481064],[117.068552,35.516399],[117.056881,35.617387],[117.073483,35.699028],[117.077707,35.73569],[117.077859,35.78767],[117.092206,35.832928],[117.099416,35.862919],[117.113286,35.901623],[117.114977,35.914247],[117.112796,35.943597],[117.10429,35.979493],[117.091769,36.063025],[117.086799,36.078922],[117.071744,36.109201],[117.056385,36.135453],[117.040288,36.154735],[117.013884,36.193698],[116.997102,36.215084],[116.991906,36.226299],[116.9863,36.248487],[116.980995,36.259284],[116.96697,36.277836],[116.932308,36.315281],[116.926642,36.324391],[116.922573,36.335062],[116.916981,36.363641],[116.915931,36.416323],[116.911649,36.44253],[116.903313,36.459734],[116.883412,36.487757],[116.878185,36.504482],[116.878019,36.516993],[116.888901,36.558251],[116.890334,36.571422],[116.884057,36.605866],[116.886098,36.648503],[116.885227,36.726152],[116.878841,36.755328],[116.870719,36.810835],[116.860555,36.830119],[116.805655,36.894366],[116.777541,36.937393],[116.734891,36.988233],[116.697716,37.044988],[116.669349,37.082918],[116.649551,37.113392],[116.616449,37.156643],[116.591766,37.197321],[116.569765,37.223397],[116.53964,37.265725],[116.517991,37.289388],[116.470195,37.355853],[116.464757,37.366032],[116.461238,37.377531],[116.451752,37.445734],[116.464073,37.536093],[116.482311,37.595701],[116.487437,37.635474],[116.497597,37.666048],[116.513936,37.69904],[116.536512,37.756188],[116.551079,37.787536],[116.562191,37.819395],[116.593381,37.891488],[116.651327,38.004325],[116.682105,38.08952],[116.702238,38.126239],[116.734338,38.244484],[116.750149,38.276844],[116.7764,38.346047],[116.781634,38.355863],[116.812068,38.399791],[116.8376,38.431718],[116.845158,38.443641],[116.850504,38.456727],[116.865357,38.50575],[116.878874,38.535313],[116.903578,38.573934],[116.922791,38.620192],[116.938222,38.650135],[116.968098,38.727168],[116.975718,38.76401],[116.984755,38.83818],[117.007958,38.892831],[117.030246,38.985464],[117.051709,39.03486],[117.057273,39.076026],[117.057878,39.133902],[117.05332,39.161551],[117.034976,39.243646],[117.027185,39.262218],[117.016017,39.274945],[116.977243,39.304874],[116.941904,39.335013],[116.919575,39.361446],[116.908681,39.371658],[116.849354,39.411424],[116.821768,39.439592],[116.798009,39.456825],[116.705213,39.507532],[116.671319,39.528552],[116.603544,39.56566],[116.548557,39.591242],[116.509155,39.602829],[116.490438,39.610952],[116.42263,39.653852],[116.372359,39.679508],[116.351213,39.69521],[116.310102,39.731034],[116.3024,39.74391],[116.301599,39.757665],[116.319533,39.803119],[116.328227,39.831346],[116.338024,39.849567],[116.364251,39.855826],[116.372359,39.863541]],"type":"LineString"}},{"type":"Feature","properties":{"seq":107,"date":"2026.4","origin":"大兴机场","destination":"北京西","origin_city":"","destination_city":"北京","train":"C2726","service":"highspeed","table_km":47,"time":"","note":""},"geometry":{"coordinates":[[116.40881,39.517993],[116.4099,39.513256],[116.40116,39.564391],[116.39674,39.574479],[116.384973,39.590229],[116.380124,39.600061],[116.378202,39.608955],[116.376862,39.635698],[116.362261,39.67878],[116.351296,39.694262],[116.310165,39.730228],[116.297193,39.746246],[116.32748,39.830245],[116.337546,39.852269],[116.338265,39.882707],[116.336061,39.892752],[116.333516,39.894572],[116.327899,39.895189],[116.318865,39.893032],[116.3151,39.89366]],"type":"LineString"}},{"type":"Feature","properties":{"seq":108,"date":"2026.5.14","origin":"北京丰台","destination":"太原","origin_city":"北京","destination_city":"太原","train":"K609","service":"conventional","table_km":547,"time":"23:45-次日07:00","note":""},"geometry":{"coordinates":[[116.296064,39.849379],[116.276703,39.844145],[116.27258,39.839537],[116.268294,39.794261],[116.271405,39.77901],[116.2849,39.763515],[116.299086,39.751102],[116.314166,39.729037],[116.356405,39.691992],[116.359844,39.683275],[116.359608,39.677334],[116.346978,39.63646],[116.349005,39.587998],[116.338866,39.484673],[116.324447,39.450978],[116.322368,39.435686],[116.312372,39.407092],[116.301226,39.392027],[116.298822,39.371662],[116.305517,39.339503],[116.329643,39.291795],[116.335441,39.244354],[116.366324,39.160304],[116.372815,39.073351],[116.377816,39.059441],[116.379008,39.011291],[116.375983,39.00404],[116.365624,38.99465],[116.345861,38.960256],[116.346076,38.955456],[116.352392,38.944032],[116.352623,38.925108],[116.341849,38.904366],[116.313527,38.864115],[116.286416,38.837058],[116.186425,38.756083],[116.176672,38.739442],[116.154836,38.711973],[116.144132,38.702568],[116.133708,38.682494],[116.130655,38.671475],[116.10222,38.627543],[116.082321,38.608072],[116.067032,38.587963],[116.026365,38.55482],[115.980412,38.527302],[115.957054,38.511471],[115.892728,38.452589],[115.865334,38.432927],[115.858568,38.425489],[115.738094,38.323274],[115.719772,38.291435],[115.702601,38.185181],[115.669875,38.145309],[115.663503,38.122914],[115.635816,38.085379],[115.611769,38.036819],[115.603405,37.974964],[115.620678,37.848348],[115.618913,37.784861],[115.611856,37.769909],[115.608101,37.766404],[115.595958,37.76098],[115.586729,37.762257],[115.553124,37.772019],[115.51807,37.78767],[115.426204,37.80772],[115.222781,37.894757],[115.047468,38.015729],[115.040781,38.018835],[114.860963,38.029438],[114.791085,38.023793],[114.681661,38.038539],[114.555779,38.063975],[114.497712,38.069337],[114.473497,38.069152],[114.437491,38.060449],[114.427772,38.063434],[114.39047,38.069663],[114.342061,38.076259],[114.299564,38.075283],[114.28975,38.070424],[114.272817,38.053753],[114.264427,38.049565],[114.250313,38.037372],[114.245643,38.035672],[114.242286,38.037734],[114.243728,38.043131],[114.242693,38.046025],[114.234338,38.054432],[114.228504,38.057344],[114.220071,38.059595],[114.196511,38.060522],[114.183953,38.062949],[114.163291,38.073068],[114.155556,38.072451],[114.150504,38.065421],[114.139634,38.057957],[114.133929,38.045827],[114.135335,38.040497],[114.133607,38.03683],[114.128173,38.032319],[114.127523,38.025843],[114.121995,38.023111],[114.117654,38.017273],[114.109212,38.010998],[114.104776,37.99879],[114.093865,37.992417],[114.087752,37.990665],[114.08443,37.991077],[114.078164,37.99567],[114.068237,37.996471],[114.04139,37.990269],[114.014159,37.991005],[114.009437,37.993011],[114.003696,38.001334],[114.000145,38.003148],[113.991043,37.998252],[113.979615,37.995384],[113.9683,38.003835],[113.95236,38.003443],[113.945056,37.996219],[113.932903,37.994852],[113.9294,37.988149],[113.919235,37.984545],[113.912277,37.974959],[113.897184,37.974654],[113.865655,37.957834],[113.865451,37.951378],[113.856712,37.947097],[113.859599,37.937236],[113.85387,37.930505],[113.855604,37.926426],[113.85468,37.923476],[113.840663,37.921314],[113.834758,37.918453],[113.834461,37.916017],[113.8375,37.91111],[113.837623,37.907206],[113.836196,37.905475],[113.827704,37.905259],[113.812268,37.90049],[113.802363,37.892166],[113.783957,37.884143],[113.775787,37.886019],[113.773827,37.884116],[113.772612,37.87696],[113.770211,37.875359],[113.762425,37.877513],[113.756226,37.87589],[113.749003,37.877137],[113.741994,37.875269],[113.735785,37.878973],[113.728326,37.879081],[113.723263,37.883011],[113.708943,37.883697],[113.703883,37.880321],[113.702611,37.876083],[113.695093,37.865791],[113.69277,37.852624],[113.685904,37.848345],[113.674499,37.85177],[113.665321,37.852679],[113.657784,37.851995],[113.650055,37.848626],[113.63015,37.848875],[113.617923,37.853388],[113.614509,37.857024],[113.60853,37.859392],[113.588558,37.856459],[113.576494,37.858715],[113.56735,37.857765],[113.541171,37.865382],[113.53386,37.869018],[113.503868,37.873922],[113.491457,37.87037],[113.478988,37.869609],[113.458905,37.856989],[113.455006,37.856113],[113.445727,37.857817],[113.43757,37.851372],[113.427393,37.851947],[113.421763,37.848767],[113.413209,37.850466],[113.409938,37.856073],[113.405044,37.85707],[113.399973,37.861781],[113.390429,37.860464],[113.383185,37.861545],[113.376217,37.85983],[113.358732,37.860522],[113.341907,37.858148],[113.33072,37.859492],[113.32545,37.86223],[113.318504,37.8632],[113.31115,37.868487],[113.304392,37.870896],[113.295362,37.868897],[113.282307,37.862385],[113.275677,37.861973],[113.266825,37.864572],[113.256057,37.864535],[113.247865,37.867303],[113.229563,37.867945],[113.21667,37.874342],[113.189865,37.880817],[113.17611,37.881304],[113.173951,37.879619],[113.171328,37.86957],[113.162062,37.85677],[113.159037,37.848552],[113.153298,37.840138],[113.129612,37.823577],[113.118877,37.825111],[113.104215,37.814883],[113.093054,37.813215],[113.089691,37.809385],[113.084321,37.808175],[113.072817,37.799695],[113.072928,37.792622],[113.070638,37.789273],[113.071354,37.785109],[113.067727,37.780572],[113.069707,37.77331],[113.066835,37.768831],[113.065936,37.762154],[113.058161,37.757551],[113.055325,37.751797],[113.055943,37.7468],[113.048038,37.735586],[113.021565,37.732161],[113.01664,37.733212],[113.00606,37.729889],[113.000753,37.733941],[112.994657,37.733829],[112.987689,37.737265],[112.97426,37.732168],[112.96878,37.724081],[112.945861,37.716422],[112.941701,37.711842],[112.92509,37.709622],[112.920031,37.707036],[112.907844,37.708868],[112.881681,37.70188],[112.871164,37.696173],[112.867341,37.691333],[112.848767,37.68846],[112.843383,37.686255],[112.829233,37.689265],[112.821014,37.68811],[112.816638,37.685621],[112.808929,37.686898],[112.797672,37.685844],[112.786179,37.689273],[112.777331,37.689799],[112.765538,37.687573],[112.758588,37.6897],[112.732089,37.689306],[112.719707,37.699842],[112.709524,37.705887],[112.690752,37.725575],[112.682144,37.737997],[112.675836,37.739762],[112.672742,37.735917],[112.672002,37.743038],[112.665086,37.751623],[112.652949,37.761297],[112.641396,37.7663],[112.619003,37.779814],[112.60158,37.793155],[112.58876,37.806248],[112.585377,37.81342],[112.581311,37.831992],[112.581823,37.860018]],"type":"LineString"}},{"type":"Feature","properties":{"seq":109,"date":"2026.5.15","origin":"太原","destination":"蔡家崖","origin_city":"太原","destination_city":"吕梁","train":"4621","service":"conventional","table_km":223,"time":"08:07-12:16","note":""},"geometry":{"coordinates":[[112.58227,37.86004],[112.579735,37.895026],[112.57589,37.90231],[112.567291,37.905882],[112.560296,37.912258],[112.559893,37.921226],[112.557266,37.926317],[112.558115,37.936671],[112.55209,37.948604],[112.55267,37.95204],[112.54594,37.947474],[112.516186,37.947624],[112.497563,37.941872],[112.485171,37.942253],[112.473463,37.945027],[112.458382,37.963053],[112.446546,37.97138],[112.431597,37.996794],[112.427851,37.999748],[112.41854,38.002198],[112.410544,38.000923],[112.33967,37.97378],[112.28051,37.932641],[112.24999,37.923605],[112.238833,37.921722],[112.230497,37.923038],[112.215403,37.91627],[112.202139,37.918083],[112.193404,37.911132],[112.176306,37.909609],[112.169973,37.914581],[112.163212,37.91621],[112.142966,37.919905],[112.128724,37.919289],[112.109498,37.925337],[112.083401,37.938414],[112.062189,37.941964],[112.049887,37.964226],[112.043153,37.969408],[112.008571,37.980193],[111.937746,38.012265],[111.908446,38.030516],[111.881016,38.041953],[111.866488,38.050657],[111.862197,38.054811],[111.855481,38.065772],[111.826714,38.076781],[111.821754,38.080084],[111.818502,38.089312],[111.825809,38.112392],[111.828023,38.129957],[111.833248,38.143996],[111.831235,38.153407],[111.81756,38.164964],[111.812638,38.175149],[111.797426,38.187306],[111.774546,38.216487],[111.758333,38.23031],[111.736286,38.239877],[111.730316,38.240177],[111.711283,38.236703],[111.692118,38.244031],[111.656688,38.251531],[111.619876,38.249923],[111.574102,38.240758],[111.566264,38.237527],[111.556848,38.237655],[111.531398,38.233605],[111.515559,38.22511],[111.493736,38.207134],[111.491849,38.204105],[111.490256,38.193524],[111.480401,38.177444],[111.475896,38.175232],[111.447097,38.172906],[111.4309,38.179502],[111.415711,38.179489],[111.275711,38.166783],[111.243978,38.16781],[111.226919,38.164239],[111.200028,38.165739],[111.190259,38.168854],[111.149856,38.175751],[111.12812,38.164957],[111.103438,38.159836],[111.077948,38.144942],[111.069515,38.14514],[111.060731,38.154598],[111.053951,38.168482],[111.045869,38.200003],[111.069214,38.268652],[111.073193,38.291166],[111.069256,38.300274],[111.058962,38.311503],[111.056843,38.317831],[111.056435,38.321898],[111.06066,38.328156],[111.061312,38.332137],[111.057932,38.339889],[111.058024,38.348049],[111.044963,38.37817],[111.040548,38.384806],[111.042892,38.402707],[111.024882,38.428133],[111.023678,38.439528],[111.018713,38.454647],[111.018615,38.471077],[111.014897,38.478347],[111.014642,38.49361]],"type":"LineString"}},{"type":"Feature","properties":{"seq":110,"date":"2026.5.16","origin":"神木","destination":"府谷","origin_city":"榆林","destination_city":"榆林","train":"K8204","service":"conventional","table_km":64,"time":"16:29-18:12","note":""},"geometry":{"coordinates":[[110.447077,38.944864],[110.448756,38.936662],[110.44349,38.964246],[110.447742,38.972699],[110.443697,38.98611],[110.44408,38.991166],[110.449575,39.002058],[110.443676,39.009274],[110.443165,39.019663],[110.44595,39.007547],[110.460406,39.000511],[110.464798,39.0005],[110.486558,39.012079],[110.491827,39.017406],[110.500565,39.021644],[110.51498,39.041053],[110.520699,39.04525],[110.528758,39.047597],[110.534831,39.054646],[110.558519,39.063586],[110.570622,39.071887],[110.576138,39.077679],[110.589564,39.079653],[110.603351,39.086762],[110.614279,39.085699],[110.65336,39.075046],[110.668215,39.073051],[110.686103,39.076491],[110.69406,39.080175],[110.70172,39.080642],[110.710254,39.085239],[110.730173,39.084616],[110.740931,39.086199],[110.774461,39.075568],[110.786942,39.077387],[110.802698,39.075796],[110.813178,39.077894],[110.830536,39.077586],[110.839135,39.080304],[110.858493,39.090863],[110.8634,39.091612],[110.889383,39.081994],[110.90168,39.071502],[110.923839,39.067863],[110.938725,39.055829],[110.958465,39.055624],[110.978114,39.062786],[110.986663,39.061279],[111.017741,39.064375],[111.0389,39.05039]],"type":"LineString"}},{"type":"Feature","properties":{"seq":111,"date":"2026.5.17","origin":"岢岚","destination":"宁武","origin_city":"忻州","destination_city":"忻州","train":"8834","service":"conventional","table_km":95,"time":"12:18-14:40","note":""},"geometry":{"coordinates":[[111.574834,38.717989],[111.581542,38.725154],[111.582148,38.73149],[111.5869,38.736393],[111.601012,38.762143],[111.605511,38.775301],[111.621382,38.789838],[111.662661,38.814485],[111.667635,38.819221],[111.680163,38.826814],[111.692037,38.824486],[111.708436,38.808983],[111.716685,38.808751],[111.725028,38.804598],[111.729828,38.805652],[111.734448,38.815788],[111.734899,38.832616],[111.744518,38.863533],[111.750272,38.870338],[111.772949,38.886908],[111.783111,38.898233],[111.788333,38.907432],[111.79895,38.912179],[111.81274,38.912383],[111.836355,38.919553],[111.850335,38.933799],[111.859,38.947419],[111.895804,38.976336],[111.921021,38.989596],[111.929426,38.99169],[111.983405,39.02484],[112.015358,39.039996],[112.031121,39.050345],[112.062424,39.05702],[112.073654,39.062791],[112.109721,39.061423],[112.122803,39.064884],[112.161786,39.069518],[112.199961,39.085552],[112.219031,39.088242],[112.225916,39.085453],[112.227378,39.080619],[112.229741,39.078625],[112.239028,39.080362],[112.242795,39.079478],[112.258067,39.069197],[112.268927,39.055753],[112.270586,39.046702],[112.280444,39.03431],[112.283177,39.02105],[112.296473,39.008586],[112.289147,38.996098],[112.290457,38.992238],[112.294252,38.990662],[112.298279,38.991537],[112.307921,38.999145],[112.313129,39.005436]],"type":"LineString"}},{"type":"Feature","properties":{"seq":112,"date":"2026.5.17","origin":"宁武","destination":"大同","origin_city":"忻州","destination_city":"大同","train":"8824","service":"conventional","table_km":166,"time":"14:45-17:50","note":""},"geometry":{"coordinates":[[112.310151,39.00152],[112.313707,39.006202],[112.316203,39.024286],[112.318259,39.028921],[112.316991,39.037277],[112.320284,39.05086],[112.31736,39.057675],[112.320005,39.064478],[112.319659,39.07622],[112.332878,39.096264],[112.335749,39.103984],[112.336608,39.11497],[112.339405,39.124022],[112.342815,39.128246],[112.354284,39.135121],[112.361751,39.147811],[112.372295,39.192701],[112.377604,39.201765],[112.385517,39.223388],[112.456924,39.338787],[112.460721,39.341318],[112.47396,39.344264],[112.691494,39.387396],[112.716346,39.400265],[112.719929,39.407162],[112.738318,39.426508],[112.768477,39.446813],[112.782298,39.462969],[112.800514,39.476929],[112.820654,39.520406],[112.832686,39.534889],[112.845258,39.620481],[112.847404,39.625675],[112.949647,39.699216],[112.977228,39.722052],[113.059242,39.798553],[113.095719,39.83571],[113.177766,39.888618],[113.232431,39.990449],[113.237047,40.002716],[113.23264,40.017666],[113.213929,40.046444],[113.202827,40.054362],[113.202501,40.058894],[113.213989,40.068633],[113.25605,40.091437],[113.273244,40.10273],[113.288247,40.129077],[113.293673,40.128531],[113.296726,40.119271]],"type":"LineString"}},{"type":"Feature","properties":{"seq":113,"date":"2026.5.17","origin":"大同南","destination":"北京北","origin_city":"大同","destination_city":"北京","train":"G2514","service":"highspeed","table_km":320,"time":"19:39-21:55","note":""},"geometry":{"coordinates":[[113.360823,40.043249],[113.428157,40.042634],[113.462175,40.032192],[113.475494,40.030482],[113.495057,40.032702],[113.51353,40.040846],[113.527035,40.056375],[113.553344,40.100633],[113.563071,40.109984],[113.588492,40.126951],[113.599421,40.138575],[113.611695,40.177439],[113.61992,40.189585],[113.733995,40.268864],[113.767773,40.288585],[113.791101,40.308843],[113.812521,40.332563],[113.822756,40.340201],[113.859155,40.351476],[113.894238,40.367188],[113.965762,40.414276],[114.011745,40.428428],[114.052476,40.44861],[114.074546,40.455939],[114.083712,40.460862],[114.091373,40.468435],[114.10152,40.485057],[114.11651,40.505183],[114.137685,40.52636],[114.156878,40.538185],[114.17474,40.551712],[114.284322,40.655196],[114.326512,40.67844],[114.339358,40.683077],[114.362358,40.686767],[114.435912,40.681865],[114.492187,40.669171],[114.542339,40.668623],[114.587786,40.674687],[114.628995,40.687327],[114.654599,40.690771],[114.696102,40.692457],[114.715084,40.696466],[114.728698,40.702443],[114.741205,40.711277],[114.764334,40.738915],[114.775612,40.747163],[114.808407,40.757056],[114.830231,40.758801],[114.895533,40.745739],[114.909728,40.739503],[114.923998,40.72945],[114.972653,40.681403],[114.98954,40.652861],[115.009926,40.637993],[115.027757,40.632562],[115.073931,40.628352],[115.123152,40.618688],[115.153179,40.608454],[115.165951,40.602144],[115.305296,40.495151],[115.335539,40.462476],[115.360025,40.440888],[115.373509,40.432277],[115.390086,40.425265],[115.489692,40.403409],[115.585001,40.365869],[115.633649,40.353812],[115.669067,40.34829],[115.706152,40.331847],[115.728497,40.32675],[115.749557,40.327205],[115.770917,40.332882],[115.835982,40.367974],[115.871789,40.384828],[115.886476,40.390974],[115.902428,40.394442],[115.921662,40.395008],[115.943342,40.390456],[115.998024,40.364418],[116.043938,40.335676],[116.058669,40.323538],[116.126537,40.258846],[116.170863,40.20413],[116.193575,40.183299],[116.205098,40.175649],[116.224461,40.158669],[116.245691,40.142923],[116.276339,40.096193],[116.283545,40.079695],[116.302486,40.048051],[116.313003,40.034712],[116.319898,40.017942],[116.330847,40.007178],[116.33427,39.974661],[116.338684,39.967706],[116.340163,39.960301],[116.345746,39.949807],[116.346275,39.945923]],"type":"LineString"}},{"type":"Feature","properties":{"seq":114,"date":"2026.5.30","origin":"北京丰台","destination":"合肥","origin_city":"北京","destination_city":"合肥","train":"Z225","service":"conventional","table_km":1032,"time":"21:32-次日07:41","note":""},"geometry":{"coordinates":[[116.296064,39.849379],[116.276703,39.844145],[116.27258,39.839537],[116.268294,39.794261],[116.271405,39.77901],[116.2849,39.763515],[116.299086,39.751102],[116.314166,39.729037],[116.356405,39.691992],[116.359844,39.683275],[116.359608,39.677334],[116.346978,39.63646],[116.348973,39.586532],[116.338705,39.483518],[116.324514,39.450957],[116.322424,39.435674],[116.312416,39.40708],[116.301306,39.391998],[116.298868,39.371663],[116.305584,39.339492],[116.329689,39.291804],[116.335486,39.244362],[116.36637,39.160307],[116.372867,39.073355],[116.377868,39.059443],[116.379066,39.011289],[116.376031,39.004016],[116.365676,38.99463],[116.345917,38.960245],[116.346131,38.95547],[116.35245,38.944039],[116.352679,38.925096],[116.3419,38.904347],[116.313573,38.864088],[116.286457,38.837027],[116.186474,38.756059],[116.176721,38.739419],[116.154884,38.711949],[116.144194,38.702544],[116.133513,38.681875],[116.130719,38.671453],[116.10227,38.627521],[116.082368,38.608046],[116.067077,38.587934],[116.026404,38.554787],[115.980447,38.527267],[115.957095,38.51144],[115.892321,38.45218],[115.865373,38.432894],[115.8586,38.425447],[115.739363,38.324876],[115.719828,38.291427],[115.702656,38.185168],[115.669927,38.14529],[115.663556,38.122897],[115.635868,38.08536],[115.61188,38.036895],[115.603479,37.974978],[115.620736,37.84835],[115.619109,37.785342],[115.609589,37.764231],[115.609707,37.760319],[115.614855,37.756402],[115.67504,37.746826],[115.712694,37.735156],[115.73115,37.731052],[115.735393,37.728057],[115.739352,37.721304],[115.758732,37.700108],[115.760421,37.69622],[115.760289,37.628214],[115.752709,37.567105],[115.733702,37.512039],[115.733279,37.485855],[115.730831,37.459368],[115.73699,37.409037],[115.735519,37.381666],[115.736503,37.34727],[115.719194,37.264743],[115.71099,37.25245],[115.699295,37.224327],[115.698253,37.210595],[115.67916,37.108698],[115.679763,37.085232],[115.681931,37.073373],[115.681148,37.051278],[115.689915,37.015913],[115.689339,36.9897],[115.716661,36.90089],[115.726602,36.886497],[115.732461,36.872484],[115.731625,36.850888],[115.734179,36.826152],[115.750904,36.805348],[115.770592,36.785848],[115.778671,36.766781],[115.795837,36.739285],[115.800815,36.722835],[115.829638,36.656279],[115.840089,36.621926],[115.859256,36.585752],[115.885311,36.557602],[115.90795,36.52901],[115.930438,36.493884],[115.936465,36.487147],[115.940534,36.473375],[115.933262,36.439629],[115.92498,36.417538],[115.906681,36.391861],[115.894928,36.379575],[115.885007,36.365912],[115.860401,36.340287],[115.850233,36.332433],[115.841455,36.299524],[115.845761,36.287508],[115.84507,36.249516],[115.832393,36.217735],[115.813691,36.181863],[115.803733,36.141774],[115.805004,36.087038],[115.817204,36.060417],[115.829257,36.045033],[115.831156,36.015986],[115.838641,35.990969],[115.919237,35.874672],[115.923512,35.847741],[115.93073,35.830462],[115.933681,35.73162],[115.926827,35.697462],[115.913693,35.659654],[115.913325,35.651098],[115.907414,35.625984],[115.889245,35.591064],[115.875334,35.581091],[115.862366,35.568443],[115.814556,35.53562],[115.78626,35.513345],[115.763655,35.500174],[115.707989,35.454067],[115.631214,35.398074],[115.617092,35.385538],[115.596519,35.354177],[115.563356,35.324776],[115.556973,35.312687],[115.542279,35.302179],[115.533129,35.293373],[115.526786,35.278072],[115.502969,35.251559],[115.50177,35.247577],[115.501781,35.209279],[115.5078,35.200236],[115.512987,35.187878],[115.548833,35.134504],[115.555017,35.118956],[115.56366,35.112159],[115.5781,35.090054],[115.585912,35.083964],[115.590918,35.075957],[115.589735,35.050096],[115.583599,35.032309],[115.581731,35.003684],[115.584077,34.937789],[115.582019,34.918626],[115.584819,34.909937],[115.584859,34.894754],[115.575382,34.865497],[115.573346,34.845663],[115.585713,34.779258],[115.588191,34.733437],[115.597461,34.698507],[115.594026,34.674734],[115.59343,34.642723],[115.619905,34.57177],[115.625064,34.562862],[115.637345,34.525047],[115.640867,34.519159],[115.649761,34.511976],[115.667091,34.46932],[115.681161,34.443763],[115.69097,34.436467],[115.693619,34.422907],[115.72028,34.366301],[115.725566,34.33962],[115.729451,34.304548],[115.736821,34.280267],[115.740308,34.254024],[115.757653,34.174308],[115.787463,33.995717],[115.789733,33.970043],[115.796808,33.940455],[115.801338,33.877532],[115.793969,33.865105],[115.789954,33.818698],[115.795181,33.734088],[115.794736,33.719753],[115.80058,33.63794],[115.806185,33.509867],[115.806633,33.448606],[115.816328,33.324149],[115.830215,33.223549],[115.83475,33.14009],[115.842216,33.121561],[115.850201,33.064261],[115.855998,33.039244],[115.861173,33.029986],[115.866891,32.979207],[115.868369,32.945343],[115.862045,32.900469],[115.866547,32.89496],[115.876214,32.890135],[115.899424,32.885381],[115.978594,32.860237],[115.986693,32.853125],[115.992011,32.837236],[115.993644,32.80205],[115.986347,32.752747],[115.985007,32.72934],[115.9888,32.652606],[115.982673,32.61362],[115.980015,32.581975],[115.959695,32.512166],[115.940675,32.46097],[115.939072,32.446564],[115.94591,32.414062],[115.944918,32.385186],[115.948892,32.367481],[115.97027,32.331908],[115.978058,32.295778],[115.981912,32.288045],[115.995286,32.269969],[116.011955,32.231434],[116.017925,32.22204],[116.037022,32.199174],[116.050699,32.172884],[116.068454,32.152017],[116.081078,32.124231],[116.108782,32.080745],[116.123839,32.065947],[116.155577,32.041594],[116.17051,32.025031],[116.178229,32.013368],[116.182645,32.00265],[116.18132,31.980585],[116.183528,31.970184],[116.19407,31.951237],[116.206265,31.937002],[116.236423,31.895833],[116.254643,31.849958],[116.258038,31.823576],[116.28098,31.783833],[116.287655,31.768953],[116.298834,31.756497],[116.317818,31.746579],[116.354893,31.733129],[116.369533,31.731123],[116.399147,31.730935],[116.423498,31.721794],[116.4494,31.702171],[116.45534,31.699497],[116.467492,31.700315],[116.479393,31.70892],[116.493985,31.714471],[116.491298,31.713896],[116.526568,31.732096],[116.551136,31.731345],[116.570046,31.734933],[116.593697,31.735499],[116.622346,31.738789],[116.665143,31.733733],[116.723768,31.742126],[116.757921,31.752356],[116.777327,31.760028],[116.819931,31.770021],[116.836762,31.776793],[116.854491,31.778353],[116.875136,31.784992],[116.907566,31.786292],[116.940922,31.785199],[116.971192,31.789251],[116.994415,31.787457],[117.011556,31.789491],[117.055516,31.788201],[117.073221,31.789949],[117.114051,31.788484],[117.17912,31.79118],[117.187667,31.796263],[117.209055,31.824682],[117.211607,31.85129],[117.213209,31.854827],[117.231542,31.87785],[117.254574,31.896537],[117.264879,31.908299],[117.285718,31.912773],[117.293794,31.898462],[117.312137,31.888072]],"type":"LineString"}},{"type":"Feature","properties":{"seq":115,"date":"2026.6.1","origin":"合肥","destination":"天水","origin_city":"合肥","destination_city":"天水","train":"Z595","service":"conventional","table_km":1216,"time":"16:30-次日08:37","note":""},"geometry":{"coordinates":[[117.31168,31.88755],[117.294322,31.899411],[117.294567,31.904674],[117.301461,31.912647],[117.301077,31.915615],[117.298274,31.918288],[117.293173,31.918653],[117.286933,31.914805],[117.264771,31.908413],[117.249743,31.892439],[117.234641,31.88221],[117.212848,31.854434],[117.209055,31.824682],[117.187667,31.796264],[117.17912,31.79118],[117.114051,31.788484],[117.073221,31.789949],[117.055516,31.788201],[117.011557,31.789491],[116.994415,31.787457],[116.971192,31.789251],[116.940922,31.785199],[116.907566,31.786293],[116.875136,31.784992],[116.854491,31.778353],[116.836762,31.776793],[116.819931,31.770021],[116.777586,31.760238],[116.726084,31.742541],[116.665133,31.733781],[116.620899,31.73886],[116.593724,31.735561],[116.570054,31.734991],[116.549616,31.73135],[116.526558,31.732126],[116.479393,31.70892],[116.468414,31.700436],[116.458074,31.69853],[116.444707,31.702964],[116.440341,31.707018],[116.435454,31.715447],[116.425961,31.721172],[116.397383,31.731613],[116.369366,31.73125],[116.352633,31.733813],[116.317792,31.74653],[116.259277,31.774732],[116.240339,31.77752],[116.137086,31.776027],[116.03469,31.79796],[116.021971,31.802642],[115.9857,31.80463],[115.978948,31.80775],[115.954522,31.830167],[115.947809,31.833832],[115.897613,31.840128],[115.878417,31.839047],[115.865148,31.840012],[115.857587,31.843073],[115.847558,31.851943],[115.8223,31.860611],[115.809431,31.867027],[115.799573,31.868335],[115.767094,31.878327],[115.732424,31.878071],[115.718955,31.881722],[115.692869,31.899758],[115.681851,31.912041],[115.674474,31.915796],[115.643056,31.922901],[115.609595,31.923606],[115.572728,31.940177],[115.519765,31.947387],[115.49006,31.94624],[115.467678,31.950978],[115.451873,31.951056],[115.427754,31.959282],[115.417793,31.966458],[115.406431,31.970895],[115.366874,31.97082],[115.348145,31.977642],[115.334476,31.985769],[115.281543,32.004316],[115.266081,32.00768],[115.214673,32.034964],[115.196402,32.037479],[115.146622,32.051889],[115.106404,32.073671],[115.085915,32.088443],[115.083538,32.094306],[115.085823,32.100757],[115.108828,32.124934],[115.112739,32.130855],[115.115372,32.136518],[115.113773,32.140643],[115.101088,32.150473],[115.079287,32.159289],[115.002205,32.174543],[114.993215,32.175075],[114.970924,32.172887],[114.887003,32.172993],[114.846852,32.176297],[114.814303,32.173324],[114.795874,32.175885],[114.720043,32.177165],[114.704078,32.17934],[114.686537,32.177683],[114.674323,32.179526],[114.650945,32.178214],[114.611278,32.180104],[114.49205,32.157807],[114.434053,32.158459],[114.396214,32.150177],[114.375689,32.156228],[114.353953,32.158546],[114.331813,32.153797],[114.315055,32.144665],[114.300639,32.140453],[114.251277,32.139633],[114.161095,32.121458],[114.11489,32.12054],[114.100052,32.116707],[114.093735,32.118147],[114.067557,32.138512],[114.061923,32.149694],[114.065761,32.179535],[114.072739,32.214132],[114.071979,32.217059],[114.065988,32.223336],[114.048035,32.223407],[114.026766,32.218133],[114.017862,32.219316],[114.005679,32.224335],[113.985662,32.226691],[113.963875,32.226848],[113.945255,32.225053],[113.913438,32.235206],[113.882535,32.234387],[113.860815,32.229064],[113.844801,32.23153],[113.818395,32.244042],[113.790894,32.247058],[113.774069,32.256296],[113.757668,32.260701],[113.721296,32.278463],[113.696566,32.285515],[113.691724,32.289615],[113.68453,32.301061],[113.672911,32.314955],[113.633731,32.337598],[113.623891,32.347845],[113.617429,32.351144],[113.596939,32.355004],[113.584845,32.355528],[113.571869,32.359787],[113.539818,32.362909],[113.528016,32.365555],[113.473078,32.381017],[113.449813,32.390837],[113.441755,32.392573],[113.394036,32.391313],[113.372848,32.385378],[113.36116,32.379795],[113.349987,32.380266],[113.322796,32.392126],[113.314877,32.397393],[113.306165,32.409133],[113.302774,32.411198],[113.230247,32.445972],[113.224231,32.452728],[113.219326,32.467228],[113.21522,32.474035],[113.170123,32.49876],[113.154051,32.504775],[113.144481,32.510566],[113.140125,32.514793],[113.126564,32.539542],[113.109784,32.561029],[113.084992,32.575824],[113.045157,32.609416],[113.015531,32.624566],[112.975245,32.639232],[112.894381,32.656909],[112.877057,32.664281],[112.857649,32.665427],[112.823152,32.674121],[112.784185,32.681748],[112.763576,32.690178],[112.71209,32.718936],[112.689454,32.733308],[112.663405,32.746508],[112.636995,32.763909],[112.613671,32.796131],[112.53697,32.887007],[112.510088,32.928525],[112.470938,32.951229],[112.461391,32.959338],[112.455472,32.969587],[112.452711,32.983746],[112.4406,32.9921],[112.423118,33.024782],[112.416327,33.033491],[112.41031,33.037232],[112.360588,33.047862],[112.333504,33.050704],[112.322229,33.049986],[112.294252,33.053144],[112.268705,33.05378],[112.249122,33.057715],[112.205647,33.055026],[112.194724,33.052324],[112.149802,33.048756],[112.111448,33.051973],[112.065377,33.050068],[112.049987,33.053053],[111.987771,33.04248],[111.980919,33.044258],[111.958896,33.055962],[111.902199,33.056506],[111.8823,33.064553],[111.871193,33.066417],[111.842766,33.076952],[111.818136,33.079763],[111.80921,33.085084],[111.79935,33.103367],[111.782885,33.115523],[111.775597,33.123104],[111.758938,33.132459],[111.75274,33.14223],[111.738842,33.155875],[111.724364,33.165289],[111.717676,33.17392],[111.706313,33.180269],[111.696981,33.193782],[111.683896,33.203371],[111.675875,33.212012],[111.653701,33.22468],[111.640748,33.235953],[111.610811,33.245387],[111.601541,33.246327],[111.585383,33.255415],[111.569465,33.259144],[111.559006,33.259356],[111.543353,33.264119],[111.533082,33.263151],[111.518695,33.265591],[111.497614,33.276826],[111.488268,33.27853],[111.477539,33.284678],[111.470853,33.286705],[111.456135,33.299677],[111.449103,33.312809],[111.435673,33.323792],[111.417973,33.328388],[111.408177,33.328765],[111.386132,33.336019],[111.369698,33.343705],[111.349719,33.344332],[111.335862,33.347213],[111.317626,33.355949],[111.301096,33.361503],[111.285979,33.369536],[111.278366,33.37058],[111.270336,33.374504],[111.252043,33.379732],[111.242725,33.387638],[111.231956,33.390005],[111.215029,33.400165],[111.208769,33.409054],[111.202873,33.414145],[111.186372,33.417338],[111.178384,33.417311],[111.155236,33.423293],[111.139739,33.441002],[111.128077,33.448585],[111.117275,33.45323],[111.095732,33.451248],[111.074873,33.463008],[111.067741,33.473878],[111.048405,33.483934],[111.035734,33.482673],[111.0223,33.493271],[111.005151,33.496968],[110.97009,33.495375],[110.949432,33.507173],[110.933875,33.508011],[110.925108,33.510589],[110.880927,33.537552],[110.872695,33.540497],[110.849783,33.538453],[110.815811,33.547465],[110.79297,33.550734],[110.786911,33.549505],[110.778917,33.544776],[110.766361,33.543353],[110.75386,33.546821],[110.74607,33.55519],[110.743561,33.564177],[110.740953,33.566214],[110.727124,33.568039],[110.668309,33.569702],[110.627003,33.579159],[110.603657,33.590885],[110.569443,33.61403],[110.563821,33.62174],[110.532736,33.631833],[110.512451,33.634792],[110.499162,33.630959],[110.433665,33.627129],[110.412273,33.628744],[110.403897,33.632617],[110.36129,33.660776],[110.356875,33.672674],[110.341032,33.688469],[110.338247,33.695765],[110.333174,33.699713],[110.324694,33.700896],[110.315585,33.706679],[110.299769,33.70201],[110.28367,33.704737],[110.277782,33.706301],[110.267487,33.71518],[110.247072,33.718473],[110.236339,33.71798],[110.230027,33.724445],[110.221722,33.728806],[110.215219,33.7291],[110.207347,33.724759],[110.202393,33.72438],[110.173557,33.739339],[110.148993,33.743737],[110.141558,33.756505],[110.137762,33.759517],[110.123396,33.763949],[110.104873,33.77764],[110.078647,33.779923],[110.07398,33.783512],[110.066641,33.793289],[110.059818,33.797578],[110.046999,33.797035],[110.0416,33.798728],[110.026875,33.820199],[110.003045,33.82629],[109.997056,33.832329],[109.98917,33.837296],[109.975011,33.841923],[109.969333,33.846162],[109.967956,33.849208],[109.967002,33.867063],[109.953606,33.920939],[109.948895,33.934123],[109.949106,33.938211],[109.954937,33.949544],[109.954624,33.958179],[109.951291,33.96235],[109.932823,33.976195],[109.929603,33.990984],[109.918979,34.003007],[109.904818,34.012041],[109.89822,34.014513],[109.891954,34.019898],[109.878922,34.025042],[109.858939,34.036001],[109.842255,34.036702],[109.837362,34.038265],[109.828081,34.045348],[109.810901,34.068288],[109.797275,34.07204],[109.786341,34.071044],[109.780672,34.072844],[109.676275,34.147747],[109.65399,34.152547],[109.643833,34.156345],[109.614169,34.162168],[109.580492,34.175307],[109.569124,34.176892],[109.564883,34.179228],[109.563192,34.183446],[109.561761,34.220605],[109.542492,34.24962],[109.543868,34.256792],[109.556037,34.274892],[109.555777,34.284352],[109.55159,34.290656],[109.551726,34.294464],[109.558724,34.301788],[109.571759,34.309437],[109.580471,34.323703],[109.597273,34.330269],[109.605856,34.340599],[109.615276,34.34657],[109.644709,34.356785],[109.647392,34.359815],[109.647739,34.364156],[109.644095,34.368353],[109.638903,34.369587],[109.623244,34.364581],[109.611754,34.363829],[109.57456,34.343538],[109.558887,34.33865],[109.551243,34.340054],[109.548312,34.34501],[109.549867,34.360173],[109.545023,34.384445],[109.523885,34.422584],[109.525395,34.436716],[109.523128,34.444696],[109.524686,34.461168],[109.518931,34.466267],[109.478319,34.475598],[109.463115,34.480868],[109.399261,34.47802],[109.383486,34.476031],[109.370625,34.480121],[109.361548,34.480179],[109.306233,34.460374],[109.300276,34.456762],[109.294402,34.449655],[109.285035,34.442707],[109.257218,34.428481],[109.24054,34.421971],[109.232639,34.412374],[109.202253,34.413901],[109.176197,34.405321],[109.157586,34.402126],[109.134851,34.401794],[109.092177,34.405394],[108.971564,34.432913],[108.942535,34.433856],[108.892902,34.415078],[108.836125,34.397391],[108.761463,34.366085],[108.744269,34.356447],[108.741401,34.346854],[108.739094,34.345056],[108.714381,34.347026],[108.561722,34.303029],[108.405232,34.276118],[108.298875,34.260371],[108.268709,34.258201],[108.219062,34.257534],[108.125842,34.264976],[108.084293,34.270821],[108.057369,34.269479],[108.033385,34.272466],[107.968724,34.272496],[107.899139,34.278893],[107.824686,34.272157],[107.804329,34.283117],[107.786926,34.287694],[107.764817,34.301434],[107.752979,34.304688],[107.694574,34.312549],[107.677646,34.317726],[107.650089,34.320049],[107.633343,34.319143],[107.602958,34.324213],[107.581042,34.319338],[107.57436,34.319312],[107.497709,34.332835],[107.451487,34.348278],[107.432977,34.350803],[107.403791,34.357727],[107.392381,34.357997],[107.349587,34.366249],[107.309217,34.366894],[107.271226,34.363205],[107.2434,34.367355],[107.23242,34.370708],[107.219071,34.36811],[107.2079,34.371169],[107.181515,34.371715],[107.126618,34.377148],[107.116351,34.381521],[107.088256,34.384959],[107.080913,34.383923],[107.066011,34.376082],[107.060999,34.375526],[107.055282,34.378145],[107.040521,34.390508],[107.006167,34.396277],[106.992074,34.395079],[106.978812,34.397597],[106.956635,34.393393],[106.941983,34.396371],[106.881083,34.38924],[106.840893,34.374488],[106.82717,34.373853],[106.804273,34.368936],[106.775221,34.370838],[106.764289,34.373492],[106.739903,34.370928],[106.696083,34.372967],[106.683012,34.378271],[106.661751,34.37958],[106.643162,34.39256],[106.629659,34.397198],[106.618522,34.409729],[106.6129,34.44443],[106.610074,34.449931],[106.591458,34.457654],[106.56209,34.475376],[106.538406,34.48391],[106.514844,34.502004],[106.50388,34.512519],[106.485704,34.519226],[106.475987,34.520439],[106.405591,34.52098],[106.383105,34.517735],[106.351649,34.52388],[106.321866,34.517555],[106.312375,34.517345],[106.305075,34.51923],[106.29397,34.525356],[106.268847,34.52422],[106.260371,34.525167],[106.247301,34.530344],[106.229106,34.53109],[106.223942,34.533952],[106.214177,34.544894],[106.197344,34.54834],[106.18501,34.545455],[106.169027,34.52907],[106.16007,34.526816],[106.137174,34.531307],[106.128665,34.538238],[106.100797,34.551767],[106.039192,34.564826],[106.029664,34.564977],[106.015255,34.562229],[106.006062,34.555715],[105.999278,34.553388],[105.967872,34.551855],[105.948932,34.554549],[105.929293,34.563768],[105.891736,34.567981],[105.894963,34.567353]],"type":"LineString"}},{"type":"Feature","properties":{"seq":116,"date":"2026.6.2","origin":"天水","destination":"甘谷","origin_city":"天水","destination_city":"天水","train":"K1041","service":"conventional","table_km":67,"time":"14:45-15:31","note":""},"geometry":{"coordinates":[[105.894963,34.567353],[105.871047,34.571066],[105.866835,34.573225],[105.864275,34.578053],[105.861978,34.595906],[105.847136,34.608871],[105.80678,34.616229],[105.79263,34.614464],[105.788209,34.616637],[105.780979,34.623611],[105.759581,34.624402],[105.737809,34.631902],[105.733913,34.634973],[105.730915,34.644043],[105.722613,34.65553],[105.712523,34.663798],[105.700006,34.667374],[105.68909,34.674464],[105.657863,34.676998],[105.623765,34.694526],[105.611054,34.706719],[105.602313,34.707505],[105.592901,34.706225],[105.581047,34.710849],[105.572844,34.716053],[105.553652,34.716637],[105.548356,34.715292],[105.539466,34.707005],[105.525419,34.699829],[105.51373,34.700155],[105.508368,34.702493],[105.489441,34.721439],[105.485019,34.723115],[105.467164,34.723627],[105.458829,34.725612],[105.442064,34.735158],[105.426135,34.738082],[105.415331,34.747862],[105.374908,34.764156],[105.368322,34.766249],[105.347707,34.768248],[105.323687,34.76317],[105.328355,34.764153]],"type":"LineString"}},{"type":"Feature","properties":{"seq":117,"date":"2026.6.2","origin":"甘谷","destination":"武山","origin_city":"天水","destination_city":"天水","train":"T133","service":"conventional","table_km":40,"time":"08:39-09:05","note":""},"geometry":{"coordinates":[[105.323718,34.763122],[105.328355,34.764153],[105.315369,34.76149],[105.272851,34.759523],[105.261618,34.760527],[105.233705,34.755063],[105.194758,34.749928],[105.175664,34.752231],[105.133179,34.761057],[105.08326,34.760782],[105.064445,34.762681],[105.050419,34.765991],[105.045218,34.763985],[105.035909,34.754827],[105.018938,34.75332],[105.008027,34.74383],[104.979115,34.728665],[104.934403,34.722727],[104.916722,34.722188]],"type":"LineString"}},{"type":"Feature","properties":{"seq":118,"date":"2026.6.2","origin":"陇西","destination":"定西","origin_city":"定西","destination_city":"定西","train":"K1041","service":"conventional","table_km":84,"time":"16:26-17:22","note":""},"geometry":{"coordinates":[[104.702645,34.953477],[104.690067,34.970089],[104.687378,34.994229],[104.688771,35.028065],[104.699652,35.04835],[104.699345,35.058621],[104.702429,35.070346],[104.710416,35.080997],[104.714224,35.094222],[104.719443,35.13476],[104.71623,35.175131],[104.716703,35.186644],[104.710334,35.20919],[104.7009,35.226292],[104.694312,35.24582],[104.696102,35.252942],[104.696008,35.271862],[104.691985,35.289932],[104.679267,35.304084],[104.681053,35.311409],[104.679793,35.320698],[104.670362,35.3318],[104.652726,35.343514],[104.636952,35.362516],[104.617741,35.370686],[104.614632,35.374001],[104.611905,35.398682],[104.606367,35.405999],[104.605834,35.425629],[104.600625,35.433128],[104.59102,35.454495],[104.607014,35.483662],[104.622315,35.499579],[104.647512,35.505242],[104.661284,35.512352],[104.663514,35.515374],[104.66264,35.519018],[104.651301,35.53033],[104.639807,35.535775],[104.636828,35.538895],[104.632492,35.563102],[104.63181,35.579277],[104.630951,35.580994],[104.630149,35.582185],[104.62472,35.590101],[104.624627,35.590239],[104.624275,35.590764],[104.619918,35.597101],[104.619296,35.598017],[104.618228,35.599559],[104.617584,35.600388],[104.616351,35.601443],[104.619593,35.597476],[104.62002,35.59729],[104.620383,35.596919],[104.62463,35.59024],[104.624298,35.590623],[104.622793,35.592824]],"type":"LineString"}},{"type":"Feature","properties":{"seq":119,"date":"2026.6.3","origin":"定西北","destination":"兰州西","origin_city":"定西","destination_city":"兰州","train":"D2653","service":"highspeed","table_km":94,"time":"11:04-11:34","note":""},"geometry":{"coordinates":[[104.583131,35.606641],[104.566142,35.633359],[104.557396,35.641984],[104.547931,35.648573],[104.53598,35.654707],[104.482012,35.675832],[104.452818,35.689557],[104.285989,35.774567],[104.220082,35.818045],[104.195227,35.832272],[104.148499,35.866939],[104.072248,35.912151],[104.054664,35.919395],[104.014598,35.928342],[103.998118,35.933983],[103.850051,36.001048],[103.832184,36.005806],[103.806556,36.008581],[103.795917,36.012499],[103.788884,36.018094],[103.784326,36.025924],[103.780172,36.040504],[103.780967,36.053732],[103.778745,36.059413],[103.772211,36.063601],[103.74929,36.06764]],"type":"LineString"}},{"type":"Feature","properties":{"seq":120,"date":"2026.6.6","origin":"兰州","destination":"武威","origin_city":"兰州","destination_city":"武威","train":"Z6205","service":"conventional","table_km":303,"time":"07:44-10:43","note":"软座"},"geometry":{"coordinates":[[103.84866,36.0345],[103.822534,36.040879],[103.809954,36.05591],[103.806833,36.057589],[103.746123,36.068779],[103.707507,36.070757],[103.687383,36.078262],[103.673418,36.080177],[103.666645,36.084174],[103.607943,36.101409],[103.582149,36.11413],[103.571435,36.115488],[103.559386,36.108977],[103.548252,36.109023],[103.536508,36.114487],[103.53189,36.122173],[103.52881,36.132692],[103.525441,36.136046],[103.522001,36.137655],[103.510169,36.137843],[103.501929,36.141053],[103.482773,36.165159],[103.441574,36.162229],[103.430609,36.16761],[103.430448,36.172183],[103.437584,36.178237],[103.438833,36.182197],[103.436345,36.193269],[103.429268,36.206532],[103.433157,36.21906],[103.431938,36.231553],[103.423938,36.262233],[103.423722,36.277751],[103.416797,36.293184],[103.414398,36.304435],[103.408232,36.315587],[103.408074,36.337569],[103.396465,36.358827],[103.396473,36.379962],[103.399036,36.389703],[103.398457,36.399859],[103.400593,36.410901],[103.388084,36.454095],[103.386241,36.481623],[103.383044,36.497087],[103.38531,36.509814],[103.381416,36.535394],[103.367361,36.576837],[103.36926,36.589777],[103.368123,36.594663],[103.355195,36.613042],[103.339991,36.629682],[103.332615,36.645068],[103.304988,36.681335],[103.282975,36.704024],[103.27214,36.719402],[103.263424,36.737424],[103.251924,36.754378],[103.232357,36.774561],[103.222772,36.782154],[103.220351,36.786716],[103.218528,36.798955],[103.204565,36.823912],[103.202975,36.830534],[103.203901,36.853123],[103.196591,36.869209],[103.177524,36.880851],[103.169952,36.891691],[103.149664,36.906568],[103.145634,36.912528],[103.142464,36.931047],[103.144284,36.939426],[103.142342,36.95524],[103.131429,36.970034],[103.13645,36.99216],[103.13021,37.008896],[103.120646,37.018149],[103.115696,37.020942],[103.0981,37.022793],[103.073497,37.028231],[103.049976,37.039079],[103.031542,37.050544],[103.008266,37.071719],[102.990607,37.099341],[102.980646,37.107163],[102.970431,37.112303],[102.966154,37.117041],[102.897342,37.308071],[102.898648,37.317156],[102.902166,37.326443],[102.89879,37.339347],[102.904362,37.350309],[102.90315,37.356604],[102.900056,37.360561],[102.885982,37.371258],[102.882832,37.376749],[102.883637,37.38218],[102.886427,37.384448],[102.897048,37.385232],[102.902649,37.383391],[102.905632,37.379264],[102.908181,37.369609],[102.916889,37.366943],[102.92755,37.372337],[102.934822,37.380793],[102.934921,37.385264],[102.925479,37.394946],[102.918537,37.398553],[102.892342,37.400534],[102.87988,37.40701],[102.874683,37.415492],[102.871396,37.440124],[102.873868,37.446057],[102.878878,37.448422],[102.898799,37.444837],[102.904492,37.446421],[102.907892,37.452492],[102.906253,37.469126],[102.924025,37.487501],[102.932645,37.491764],[102.934412,37.49804],[102.929616,37.502843],[102.91488,37.505378],[102.908781,37.509832],[102.90709,37.517249],[102.913589,37.526299],[102.914647,37.533748],[102.889743,37.581508],[102.879939,37.59174],[102.864826,37.619326],[102.824337,37.670938],[102.816341,37.690163],[102.783157,37.734581],[102.757382,37.762554],[102.746886,37.769492],[102.746261,37.806001],[102.727528,37.818404],[102.718163,37.819911],[102.712564,37.823557],[102.708128,37.831472],[102.669612,37.868517],[102.640985,37.89092],[102.621898,37.903255]],"type":"LineString"}},{"type":"Feature","properties":{"seq":121,"date":"2026.6.7","origin":"武威南","destination":"武威","origin_city":"武威","destination_city":"武威","train":"7519","service":"conventional","table_km":13,"time":"21:10-21:25","note":""},"geometry":{"coordinates":[[102.731092,37.817247],[102.735329,37.814741],[102.709452,37.830529],[102.666789,37.870922],[102.640985,37.89092],[102.621898,37.903255]],"type":"LineString"}},{"type":"Feature","properties":{"seq":122,"date":"2026.6.7","origin":"武威","destination":"张掖","origin_city":"武威","destination_city":"张掖","train":"K9667","service":"conventional","table_km":244,"time":"21:38-次日00:26","note":""},"geometry":{"coordinates":[[102.621898,37.903255],[102.568293,37.938612],[102.55774,37.947607],[102.458992,38.057107],[102.420715,38.083579],[102.405952,38.088868],[102.398248,38.093483],[102.379083,38.115268],[102.370663,38.132978],[102.365015,38.141332],[102.325877,38.172761],[102.257068,38.248589],[102.217859,38.271189],[102.174611,38.309138],[102.125867,38.32724],[102.099804,38.340257],[102.086238,38.349034],[102.075243,38.353028],[102.064275,38.360264],[102.062034,38.363277],[102.056085,38.397398],[102.042705,38.409368],[102.038422,38.410829],[102.033745,38.409682],[102.022231,38.396517],[102.017378,38.396086],[102.013447,38.398197],[102.008741,38.417355],[102.0131,38.425737],[102.010297,38.430614],[101.987445,38.43486],[101.983404,38.432005],[101.979179,38.420594],[101.975688,38.418873],[101.971249,38.419139],[101.967184,38.423313],[101.971438,38.435144],[101.969776,38.447167],[101.96717,38.450372],[101.952409,38.455456],[101.937622,38.464024],[101.929039,38.465405],[101.922543,38.468708],[101.915439,38.475293],[101.909608,38.475098],[101.90297,38.469518],[101.898077,38.468756],[101.889339,38.470856],[101.881611,38.47687],[101.871776,38.481384],[101.871047,38.485449],[101.87444,38.488911],[101.897296,38.491052],[101.899723,38.495691],[101.896544,38.499787],[101.859929,38.5029],[101.852609,38.511788],[101.805619,38.532454],[101.779549,38.530486],[101.764933,38.538244],[101.739511,38.542757],[101.718705,38.548387],[101.710385,38.552197],[101.694365,38.563173],[101.682395,38.577907],[101.674146,38.585233],[101.658389,38.592627],[101.645212,38.600998],[101.599365,38.617047],[101.532095,38.648923],[101.516912,38.659007],[101.493757,38.669502],[101.466107,38.680357],[101.439514,38.68809],[101.370907,38.702166],[101.334581,38.713098],[101.311739,38.717042],[101.286363,38.727411],[101.260617,38.740665],[101.221676,38.753048],[101.210078,38.761136],[101.201448,38.765076],[101.165718,38.774547],[101.144348,38.777725],[101.118143,38.787889],[101.099101,38.799],[101.079141,38.808168],[101.065469,38.81917],[101.045262,38.821857],[100.992645,38.814598],[100.944483,38.816417],[100.851674,38.831842],[100.821797,38.839556],[100.804731,38.845161],[100.697039,38.889693],[100.645269,38.920161],[100.613344,38.929234],[100.59783,38.936949],[100.566696,38.9478],[100.530569,38.968572],[100.518061,38.973532]],"type":"LineString"}},{"type":"Feature","properties":{"seq":123,"date":"2026.6.9","origin":"张掖西","destination":"酒泉南","origin_city":"张掖","destination_city":"酒泉","train":"D575","service":"highspeed","table_km":191,"time":"13:15-14:20","note":""},"geometry":{"coordinates":[[100.426274,38.922075],[100.43947,38.91301],[100.400313,38.938683],[100.294246,39.001263],[100.080811,39.164615],[100.063968,39.173052],[100.049234,39.177634],[100.000415,39.182528],[99.971678,39.191307],[99.886617,39.232108],[99.832561,39.271026],[99.813224,39.281629],[99.797462,39.286752],[99.745332,39.299086],[99.725707,39.301941],[99.585572,39.305345],[99.546712,39.301968],[99.520983,39.301708],[99.461259,39.306997],[99.399252,39.320256],[99.35504,39.321913],[99.334686,39.324147],[99.273116,39.338147],[99.238699,39.343865],[99.17917,39.358597],[99.075122,39.377756],[99.057997,39.382439],[99.036777,39.392458],[99.004114,39.414349],[98.935694,39.477044],[98.837993,39.539395],[98.731091,39.584963],[98.635288,39.653363],[98.580414,39.684199],[98.529058,39.701857],[98.534947,39.700251]],"type":"LineString"}},{"type":"Feature","properties":{"seq":124,"date":"2026.6.10","origin":"酒泉","destination":"嘉峪关","origin_city":"酒泉","destination_city":"嘉峪关","train":"7567","service":"conventional","table_km":22,"time":"12:11-12:31","note":""},"geometry":{"coordinates":[[98.460277,39.641867],[98.415705,39.653459],[98.3787,39.66602],[98.362292,39.666973],[98.346469,39.682986],[98.342305,39.690107],[98.329917,39.69679],[98.32509,39.703472],[98.290741,39.721055],[98.284892,39.731971],[98.262229,39.747901],[98.253346,39.763617]],"type":"LineString"}},{"type":"Feature","properties":{"seq":125,"date":"2026.6.11","origin":"嘉峪关南","destination":"敦煌","origin_city":"嘉峪关","destination_city":"酒泉","train":"D2737","service":"highspeed","table_km":357,"time":"18:23-21:20","note":""},"geometry":{"coordinates":[[98.309048,39.716317],[98.31842,39.71117],[98.256247,39.742313],[98.047291,39.819944],[98.020207,39.827704],[97.948369,39.839742],[97.849985,39.869416],[97.800507,39.890927],[97.768836,39.911024],[97.751529,39.919187],[97.518417,39.996067],[97.44235,40.02586],[97.386592,40.044993],[97.372568,40.051436],[97.288792,40.100762],[97.271892,40.115352],[97.252187,40.137289],[97.230724,40.15376],[97.1649,40.19248],[97.122866,40.209081],[97.104016,40.220942],[97.057229,40.258918],[97.025345,40.287795],[97.00646,40.297325],[96.989783,40.3091],[96.987045,40.3139],[96.949905,40.349175],[96.912335,40.397285],[96.884533,40.422377],[96.82291,40.45179],[96.807043,40.467108],[96.791747,40.473696],[96.749418,40.499818],[96.709108,40.519703],[96.657492,40.548817],[96.642903,40.564368],[96.558827,40.618917],[96.538437,40.627597],[96.43647,40.67812],[96.425682,40.681694],[96.417103,40.68151],[96.409245,40.678739],[96.35664,40.640529],[96.34222,40.633603],[96.325895,40.629457],[95.992104,40.574152],[95.823494,40.563346],[95.75682,40.568129],[95.733594,40.565336],[95.703995,40.552282],[95.632857,40.513],[95.583497,40.488753],[95.299082,40.270115],[95.281595,40.260384],[95.260435,40.255087],[95.193992,40.251759],[95.138458,40.244759],[95.035261,40.214979],[95.020326,40.207048],[94.980751,40.162797],[94.971273,40.156899],[94.960863,40.153624],[94.940635,40.153516],[94.853114,40.176267],[94.816185,40.173795],[94.811352,40.173127],[94.803379,40.17177],[94.791582,40.169807],[94.789798,40.16949],[94.775519,40.167111],[94.774782,40.166978],[94.774481,40.166925],[94.78336,40.168153]],"type":"LineString"}},{"type":"Feature","properties":{"seq":126,"date":"2026.6.19","origin":"合肥南","destination":"南京南","origin_city":"合肥","destination_city":"南京","train":"G7434","service":"highspeed","table_km":157,"time":"08:28-09:20","note":""},"geometry":{"coordinates":[[117.28476,31.8006],[117.313819,31.802166],[117.351527,31.809728],[117.362887,31.809326],[117.395437,31.804225],[117.412416,31.806735],[117.420406,31.810744],[117.426927,31.816306],[117.444336,31.843979],[117.457823,31.854338],[117.539781,31.888769],[117.564431,31.896553],[117.660858,31.934256],[117.704925,31.948277],[117.727538,31.960568],[117.738816,31.964593],[117.766496,31.966889],[117.818281,31.975174],[117.867087,31.989327],[117.911576,31.994653],[117.95348,32.007357],[118.029308,32.00938],[118.103534,32.03173],[118.169693,32.038894],[118.30756,32.067744],[118.398735,32.072936],[118.409201,32.072001],[118.419164,32.069067],[118.465076,32.042835],[118.502137,32.030011],[118.597178,31.985331],[118.610322,31.976657],[118.662575,31.934313],[118.673941,31.928072],[118.685733,31.924426],[118.707625,31.92293],[118.726051,31.928337],[118.738002,31.93517],[118.765215,31.957715],[118.79304,31.97082]],"type":"LineString"}},{"type":"Feature","properties":{"seq":127,"date":"2026.6.22","origin":"南京南","destination":"合肥","origin_city":"南京","destination_city":"合肥","train":"G469","service":"highspeed","table_km":154,"time":"14:23-15:14","note":""},"geometry":{"coordinates":[[118.79322,31.97068],[118.766507,31.958528],[118.738002,31.93517],[118.725127,31.927943],[118.706463,31.922821],[118.683228,31.924985],[118.672618,31.92864],[118.662575,31.934313],[118.610322,31.976657],[118.594982,31.986514],[118.502137,32.030011],[118.465076,32.042835],[118.421194,32.068229],[118.408178,32.072178],[118.394546,32.072793],[118.302917,32.067107],[118.169693,32.038894],[118.103534,32.03173],[118.029308,32.00938],[117.95348,32.007357],[117.911576,31.994653],[117.868311,31.989613],[117.818253,31.975211],[117.76649,31.966924],[117.739982,31.96491],[117.727509,31.960598],[117.70491,31.948319],[117.660844,31.934286],[117.564405,31.89659],[117.539771,31.888795],[117.470165,31.859553],[117.45475,31.8545],[117.433199,31.854515],[117.422014,31.857909],[117.391255,31.884249],[117.381039,31.890078],[117.341555,31.88317],[117.332643,31.885922],[117.320196,31.883423],[117.31191,31.88791]],"type":"LineString"}},{"type":"Feature","properties":{"seq":128,"date":"2026.6.27","origin":"合肥","destination":"北京丰台","origin_city":"合肥","destination_city":"北京","train":"Z227","service":"conventional","table_km":1032,"time":"21:32-次日07:41","note":""},"geometry":{"coordinates":[[117.309609,31.889563],[117.312137,31.888072],[117.293794,31.898462],[117.285718,31.912773],[117.264535,31.908045],[117.254574,31.896537],[117.231542,31.87785],[117.213209,31.854827],[117.211607,31.85129],[117.209055,31.824682],[117.187667,31.796263],[117.17912,31.79118],[117.114051,31.788484],[117.073221,31.789949],[117.055516,31.788201],[117.011556,31.789491],[116.994415,31.787457],[116.971192,31.789251],[116.940922,31.785199],[116.907566,31.786292],[116.875136,31.784992],[116.854491,31.778353],[116.836762,31.776793],[116.819931,31.770021],[116.777327,31.760028],[116.757921,31.752356],[116.723768,31.742126],[116.665143,31.733733],[116.622346,31.738789],[116.593697,31.735499],[116.570046,31.734933],[116.551136,31.731345],[116.526568,31.732096],[116.491298,31.713896],[116.493985,31.714471],[116.479393,31.70892],[116.467492,31.700315],[116.45534,31.699497],[116.4494,31.702171],[116.423498,31.721794],[116.399147,31.730935],[116.369533,31.731123],[116.354893,31.733129],[116.317818,31.746579],[116.298834,31.756497],[116.287655,31.768953],[116.28098,31.783833],[116.258038,31.823576],[116.254643,31.849958],[116.236423,31.895833],[116.206265,31.937002],[116.19407,31.951237],[116.183528,31.970184],[116.18132,31.980585],[116.182645,32.00265],[116.178229,32.013368],[116.17051,32.025031],[116.155577,32.041594],[116.123839,32.065947],[116.108782,32.080745],[116.081078,32.124231],[116.068454,32.152017],[116.050699,32.172884],[116.037022,32.199174],[116.017925,32.22204],[116.011955,32.231434],[115.995286,32.269969],[115.981912,32.288045],[115.978058,32.295778],[115.97027,32.331908],[115.948892,32.367481],[115.944918,32.385186],[115.94591,32.414062],[115.939072,32.446564],[115.940675,32.46097],[115.959695,32.512166],[115.980015,32.581975],[115.982673,32.61362],[115.9888,32.652606],[115.985007,32.72934],[115.986347,32.752747],[115.993644,32.80205],[115.992011,32.837236],[115.986693,32.853125],[115.978594,32.860237],[115.899424,32.885381],[115.876214,32.890135],[115.866547,32.89496],[115.862045,32.900469],[115.868369,32.945343],[115.866891,32.979207],[115.861173,33.029986],[115.855998,33.039244],[115.850201,33.064261],[115.842216,33.121561],[115.83475,33.14009],[115.830215,33.223549],[115.816328,33.324149],[115.806633,33.448606],[115.806185,33.509867],[115.80058,33.63794],[115.794736,33.719753],[115.795181,33.734088],[115.789954,33.818698],[115.793969,33.865105],[115.801338,33.877532],[115.796808,33.940455],[115.789733,33.970043],[115.787463,33.995717],[115.757653,34.174308],[115.740308,34.254024],[115.736821,34.280267],[115.729451,34.304548],[115.725566,34.33962],[115.72028,34.366301],[115.693619,34.422907],[115.69097,34.436467],[115.681161,34.443763],[115.667091,34.46932],[115.649761,34.511976],[115.640867,34.519159],[115.637345,34.525047],[115.625064,34.562862],[115.619905,34.57177],[115.59343,34.642723],[115.594026,34.674734],[115.597461,34.698507],[115.588191,34.733437],[115.585713,34.779258],[115.573346,34.845663],[115.575382,34.865497],[115.584859,34.894754],[115.584819,34.909937],[115.582019,34.918626],[115.584077,34.937789],[115.581731,35.003684],[115.583599,35.032309],[115.589735,35.050096],[115.590918,35.075957],[115.585912,35.083964],[115.5781,35.090054],[115.56366,35.112159],[115.555017,35.118956],[115.548833,35.134504],[115.512987,35.187878],[115.5078,35.200236],[115.501781,35.209279],[115.50177,35.247577],[115.502969,35.251559],[115.526786,35.278072],[115.533129,35.293373],[115.542279,35.302179],[115.556973,35.312687],[115.563356,35.324776],[115.596519,35.354177],[115.617092,35.385538],[115.631214,35.398074],[115.707989,35.454067],[115.763655,35.500174],[115.78626,35.513345],[115.814556,35.53562],[115.862366,35.568443],[115.875334,35.581091],[115.889245,35.591064],[115.907414,35.625984],[115.913325,35.651098],[115.913693,35.659654],[115.926827,35.697462],[115.933681,35.73162],[115.93073,35.830462],[115.923512,35.847741],[115.919237,35.874672],[115.838641,35.990969],[115.831156,36.015986],[115.829257,36.045033],[115.817204,36.060417],[115.805004,36.087038],[115.803733,36.141774],[115.813691,36.181863],[115.832393,36.217735],[115.84507,36.249516],[115.845761,36.287508],[115.841455,36.299524],[115.850233,36.332433],[115.860401,36.340287],[115.885007,36.365912],[115.894928,36.379575],[115.906681,36.391861],[115.92498,36.417538],[115.933262,36.439629],[115.940534,36.473375],[115.936465,36.487147],[115.930438,36.493884],[115.90795,36.52901],[115.885311,36.557602],[115.859256,36.585752],[115.840089,36.621926],[115.829638,36.656279],[115.800815,36.722835],[115.795837,36.739285],[115.778671,36.766781],[115.770592,36.785848],[115.750904,36.805348],[115.734179,36.826152],[115.731625,36.850888],[115.732461,36.872484],[115.726602,36.886497],[115.716661,36.90089],[115.689339,36.9897],[115.689915,37.015913],[115.681148,37.051278],[115.681931,37.073373],[115.679763,37.085232],[115.67916,37.108698],[115.698253,37.210595],[115.699295,37.224327],[115.71099,37.25245],[115.719194,37.264743],[115.736503,37.34727],[115.735519,37.381666],[115.73699,37.409037],[115.730831,37.459368],[115.733279,37.485855],[115.733702,37.512039],[115.752709,37.567105],[115.760289,37.628214],[115.760421,37.69622],[115.758732,37.700108],[115.739352,37.721304],[115.735393,37.728057],[115.73115,37.731052],[115.712694,37.735156],[115.67504,37.746826],[115.614855,37.756402],[115.609707,37.760319],[115.609589,37.764231],[115.619109,37.785342],[115.620736,37.84835],[115.603479,37.974978],[115.61188,38.036895],[115.635868,38.08536],[115.663556,38.122897],[115.669927,38.14529],[115.702656,38.185168],[115.719828,38.291427],[115.739363,38.324876],[115.8586,38.425447],[115.865373,38.432894],[115.892321,38.45218],[115.957095,38.51144],[115.980447,38.527267],[116.026404,38.554787],[116.067077,38.587934],[116.082368,38.608046],[116.10227,38.627521],[116.130719,38.671453],[116.133513,38.681875],[116.144194,38.702544],[116.154884,38.711949],[116.176721,38.739419],[116.186474,38.756059],[116.286457,38.837027],[116.313573,38.864088],[116.3419,38.904347],[116.352679,38.925096],[116.35245,38.944039],[116.346131,38.95547],[116.345917,38.960245],[116.365676,38.99463],[116.376031,39.004016],[116.379066,39.011289],[116.377868,39.059443],[116.372867,39.073355],[116.36637,39.160307],[116.335486,39.244362],[116.329689,39.291804],[116.305584,39.339492],[116.298868,39.371663],[116.301306,39.391998],[116.312416,39.40708],[116.322424,39.435674],[116.324514,39.450957],[116.338705,39.483518],[116.348973,39.586532],[116.346978,39.63646],[116.359608,39.677334],[116.359844,39.683275],[116.356405,39.691992],[116.314166,39.729037],[116.299086,39.751102],[116.2849,39.763515],[116.271405,39.77901],[116.268294,39.794261],[116.27258,39.839537],[116.276703,39.844145],[116.296064,39.849379]],"type":"LineString"}},{"type":"Feature","properties":{"seq":129,"date":"2026.8.1","origin":"北京丰台","destination":"张家口","origin_city":"北京","destination_city":"张家口","train":"Z183","service":"conventional","table_km":166,"time":"09:11-12:23","note":""},"geometry":{"coordinates":[[116.296064,39.849379],[116.275885,39.844386],[116.267893,39.844673],[116.228728,39.854726],[116.220512,39.864095],[116.198881,39.882211],[116.171774,39.894902],[116.153841,39.900914],[116.141545,39.913471],[116.137725,39.920812],[116.126307,39.930739],[116.119778,39.9444],[116.097933,39.963428],[116.057011,39.970636],[116.036409,39.969909],[116.032712,39.971614],[116.027855,39.977384],[116.02414,39.978761],[116.000633,39.97764],[115.972662,39.990502],[115.94854,39.999216],[115.921898,40.012164],[115.902373,40.036309],[115.89637,40.037072],[115.889465,40.03383],[115.884486,40.033519],[115.832219,40.049227],[115.802368,40.051927],[115.789794,40.072819],[115.781149,40.078513],[115.750537,40.08225],[115.720797,40.088653],[115.716337,40.095],[115.704344,40.103869],[115.693407,40.122714],[115.686044,40.151101],[115.681803,40.158847],[115.672408,40.16265],[115.664052,40.169882],[115.645109,40.167136],[115.635407,40.17178],[115.629084,40.177744],[115.621792,40.180788],[115.61868,40.188275],[115.613446,40.194621],[115.617151,40.203067],[115.615219,40.210641],[115.609141,40.21569],[115.598767,40.229577],[115.583875,40.237966],[115.579523,40.251219],[115.564687,40.26756],[115.55764,40.281426],[115.555476,40.305362],[115.539554,40.323792],[115.532969,40.337982],[115.53394,40.34184],[115.544663,40.352892],[115.545845,40.365671],[115.528463,40.3871],[115.508165,40.396462],[115.509633,40.395865],[115.509373,40.395972],[115.508165,40.396462],[115.508061,40.396346],[115.49969,40.399788],[115.481384,40.406058],[115.456957,40.420633],[115.449401,40.427505],[115.435689,40.432541],[115.413066,40.444403],[115.390521,40.444619],[115.329648,40.435951],[115.323116,40.436748],[115.305289,40.444963],[115.287652,40.46045],[115.280067,40.479145],[115.26403,40.493149],[115.251702,40.497277],[115.246308,40.497587],[115.238553,40.494569],[115.231125,40.488329],[115.222289,40.487265],[115.213858,40.493483],[115.201535,40.498696],[115.187838,40.512466],[115.151826,40.522171],[115.149293,40.524967],[115.145907,40.5371],[115.132679,40.550997],[115.101795,40.569764],[115.076439,40.590265],[115.032197,40.600198],[114.96642,40.642688],[114.939076,40.658473],[114.922586,40.665821],[114.919651,40.670661],[114.906524,40.712421],[114.901748,40.741093],[114.897046,40.745019],[114.876586,40.749899]],"type":"LineString"}},{"type":"Feature","properties":{"seq":130,"date":"2026.8.2","origin":"宣化北","destination":"清河","origin_city":"张家口","destination_city":"北京","train":"D1050","service":"highspeed","table_km":141,"time":"18:25-19:16","note":""},"geometry":{"coordinates":[[115.042508,40.631297],[115.07395,40.628399],[115.123174,40.618733],[115.153216,40.608514],[115.165993,40.60219],[115.305376,40.495212],[115.335599,40.4625],[115.35727,40.443225],[115.369493,40.434557],[115.381397,40.428561],[115.401321,40.422238],[115.49169,40.402868],[115.585022,40.365907],[115.63156,40.354296],[115.669129,40.348329],[115.713024,40.329651],[115.739768,40.326422],[115.754775,40.328143],[115.767778,40.331745],[115.835982,40.367974],[115.877242,40.387375],[115.892133,40.392595],[115.906266,40.394883],[115.921662,40.395008],[115.93742,40.39227],[115.951579,40.387049],[115.998024,40.364418],[116.043938,40.335676],[116.058669,40.323539],[116.126537,40.258846],[116.170863,40.20413],[116.193575,40.183299],[116.205098,40.175649],[116.224461,40.158669],[116.245691,40.142923],[116.266256,40.112643],[116.279517,40.090415],[116.284154,40.0786],[116.289267,40.072072],[116.302486,40.048051],[116.30904,40.03996]],"type":"LineString"}},{"type":"Feature","properties":{"seq":131,"date":"2026.8.7","origin":"北京西","destination":"广州","origin_city":"北京","destination_city":"广州","train":"D901","service":"highspeed","table_km":1989,"time":"19:42-次日06:47","note":"动卧"},"geometry":{"coordinates":[[116.315157,39.893437],[116.303386,39.89397],[116.294033,39.89066],[116.281006,39.894711],[116.217794,39.894701],[116.20653,39.89161],[116.194678,39.882522],[116.192027,39.87685],[116.192167,39.87019],[116.206075,39.843065],[116.208805,39.824806],[116.207657,39.818911],[116.200181,39.807661],[116.19782,39.80137],[116.193413,39.751444],[116.199872,39.70714],[116.197784,39.694761],[116.191858,39.681702],[116.163077,39.64806],[116.093541,39.551173],[116.058902,39.476689],[116.007589,39.393582],[115.984065,39.361559],[115.95019,39.298981],[115.898691,39.234746],[115.861457,39.195881],[115.803118,39.09984],[115.719244,39.005796],[115.691643,38.981001],[115.681612,38.970056],[115.62768,38.906336],[115.545422,38.793219],[115.507144,38.754164],[115.495696,38.744438],[115.478773,38.733895],[115.421531,38.70798],[115.176426,38.577887],[115.053668,38.497038],[114.985261,38.445142],[114.865819,38.387383],[114.842896,38.368269],[114.768979,38.283882],[114.746441,38.266646],[114.730732,38.258971],[114.716296,38.254093],[114.667196,38.241749],[114.621725,38.235253],[114.604651,38.229964],[114.590407,38.223232],[114.550712,38.196443],[114.538744,38.186475],[114.527804,38.173176],[114.512473,38.146521],[114.507473,38.131884],[114.505158,38.102723],[114.493059,38.072358],[114.470977,37.978573],[114.468804,37.933221],[114.471586,37.903249],[114.468511,37.869759],[114.474093,37.830173],[114.470873,37.78277],[114.474514,37.76549],[114.530963,37.607515],[114.540236,37.555214],[114.558179,37.505755],[114.574048,37.402693],[114.581046,37.373909],[114.582098,37.36279],[114.581228,37.294509],[114.572093,37.232812],[114.573325,37.22153],[114.583774,37.187646],[114.586475,37.106],[114.579651,37.019023],[114.567324,36.972366],[114.551427,36.935143],[114.547793,36.907579],[114.55079,36.870347],[114.552287,36.7909],[114.550573,36.765564],[114.552111,36.74032],[114.548896,36.716479],[114.547742,36.690002],[114.551941,36.64756],[114.551654,36.588217],[114.524241,36.478934],[114.454447,36.107231],[114.442889,36.061043],[114.433754,36.011595],[114.428507,35.971892],[114.413554,35.911487],[114.404892,35.892509],[114.396101,35.882245],[114.385175,35.873846],[114.360263,35.860877],[114.350286,35.854054],[114.340398,35.844279],[114.332741,35.832311],[114.328241,35.818666],[114.314046,35.738718],[114.306577,35.721416],[114.276159,35.680621],[114.242112,35.645666],[114.212804,35.602007],[114.199947,35.590238],[114.165803,35.567542],[114.150992,35.552704],[114.142961,35.539972],[114.108661,35.46831],[114.099667,35.454454],[114.084191,35.440315],[114.04828,35.419384],[114.031808,35.40223],[114.002138,35.35427],[113.951353,35.280714],[113.945914,35.264338],[113.938458,35.216442],[113.928313,35.193738],[113.920531,35.183366],[113.822401,35.079252],[113.787721,35.03378],[113.77007,35.002984],[113.750689,34.939678],[113.749327,34.892521],[113.752351,34.881572],[113.762732,34.859188],[113.76549,34.849289],[113.767411,34.830449],[113.770868,34.816908],[113.769423,34.806847],[113.774142,34.73664],[113.783736,34.695007],[113.783725,34.682701],[113.777662,34.645608],[113.783748,34.613454],[113.785109,34.575156],[113.803281,34.489631],[113.805911,34.460345],[113.805677,34.449705],[113.795554,34.379403],[113.797561,34.342664],[113.790462,34.306945],[113.789964,34.292126],[113.791949,34.282798],[113.797242,34.269981],[113.815144,34.236551],[113.826291,34.203806],[113.829233,34.191661],[113.832778,34.158466],[113.836082,34.14669],[113.871995,34.088996],[113.879068,34.071807],[113.887164,34.025407],[113.887865,34.012629],[113.885065,33.994395],[113.870739,33.950248],[113.872383,33.880563],[113.876909,33.865297],[113.905237,33.798199],[113.924738,33.760372],[113.942636,33.718224],[113.961377,33.643627],[113.954928,33.548826],[113.950046,33.514167],[113.951153,33.445142],[113.953364,33.415094],[113.949176,33.36724],[113.950587,33.331514],[113.946157,33.268427],[113.947409,33.164804],[113.949799,33.150267],[113.960699,33.111742],[113.971593,33.053086],[113.972014,32.969807],[113.973735,32.95723],[113.984036,32.91786],[113.987769,32.893951],[113.992543,32.836716],[113.992441,32.804371],[113.995033,32.787141],[113.99915,32.719168],[114.008184,32.664957],[114.015042,32.598253],[114.020228,32.566314],[114.032889,32.529617],[114.048392,32.503007],[114.0686,32.474553],[114.097101,32.429309],[114.120084,32.371476],[114.123615,32.357906],[114.124164,32.325852],[114.161139,32.107171],[114.159819,32.079417],[114.157794,32.067545],[114.139176,32.019736],[114.136232,32.007344],[114.136059,31.965468],[114.160288,31.881908],[114.167244,31.811623],[114.18197,31.724894],[114.192757,31.684799],[114.206372,31.652674],[114.214581,31.59668],[114.223056,31.562367],[114.246026,31.485849],[114.248015,31.460445],[114.254058,31.421043],[114.255121,31.384141],[114.260657,31.306558],[114.255169,31.149638],[114.259572,31.125174],[114.276156,31.078913],[114.275025,31.045992],[114.27787,30.986197],[114.284388,30.943263],[114.291032,30.911572],[114.296236,30.873048],[114.304718,30.846948],[114.351232,30.757005],[114.354453,30.74546],[114.356144,30.725665],[114.358271,30.718382],[114.392214,30.672112],[114.404313,30.649657],[114.431776,30.571253],[114.451117,30.53858],[114.454536,30.51984],[114.453208,30.439366],[114.451219,30.425948],[114.439248,30.384458],[114.431056,30.369799],[114.396698,30.318511],[114.363129,30.258157],[114.357487,30.240414],[114.356223,30.220764],[114.357775,30.172128],[114.362462,30.141673],[114.363284,30.096359],[114.373347,29.988651],[114.370073,29.972244],[114.365548,29.960905],[114.35334,29.940472],[114.340948,29.926956],[114.324404,29.915403],[114.269906,29.890198],[114.220156,29.862775],[114.004141,29.798106],[113.921633,29.751011],[113.875461,29.732056],[113.828342,29.707228],[113.813354,29.696563],[113.768794,29.656894],[113.709858,29.580042],[113.67182,29.549574],[113.655199,29.539995],[113.632934,29.530805],[113.616852,29.526556],[113.527824,29.517838],[113.425372,29.493455],[113.412101,29.488894],[113.341017,29.454307],[113.253345,29.420046],[113.237663,29.409992],[113.222429,29.395714],[113.175323,29.327837],[113.1418,29.230386],[113.138661,29.212372],[113.14086,29.160951],[113.139464,29.134049],[113.141968,28.916818],[113.130247,28.790046],[113.143991,28.716371],[113.14518,28.608969],[113.14246,28.593491],[113.138683,28.582338],[113.080594,28.452264],[113.074863,28.432617],[113.072815,28.302605],[113.066036,28.269168],[113.064946,28.24047],[113.057341,28.177148],[113.061102,28.11584],[113.0464,28.042212],[113.042052,27.950591],[113.049404,27.904348],[113.050724,27.875004],[113.059029,27.829576],[113.065703,27.751798],[113.063989,27.731657],[113.055665,27.693545],[113.046968,27.672837],[112.985277,27.587664],[112.961834,27.548979],[112.926373,27.510942],[112.91494,27.496285],[112.887217,27.432287],[112.866587,27.394798],[112.851741,27.361031],[112.824094,27.308944],[112.728553,27.174079],[112.72005,27.157507],[112.715188,27.140421],[112.713926,27.117965],[112.727876,27.011385],[112.725685,26.993718],[112.708161,26.940478],[112.70541,26.925646],[112.705992,26.860418],[112.697845,26.816784],[112.702209,26.710206],[112.74925,26.570564],[112.777751,26.456399],[112.786318,26.389229],[112.820256,26.260254],[112.82985,26.23518],[112.849832,26.169997],[112.857187,26.136983],[112.859393,26.088813],[112.861934,26.072948],[112.883587,26.019909],[112.906209,25.979527],[112.919762,25.936145],[112.929399,25.886515],[112.961431,25.777672],[112.964204,25.75817],[112.963301,25.704514],[112.966801,25.684705],[112.980735,25.652629],[113.038011,25.495243],[113.045015,25.479643],[113.051225,25.471462],[113.068767,25.455298],[113.110685,25.429171],[113.172435,25.383672],[113.25761,25.310663],[113.296824,25.269392],[113.355971,25.196776],[113.379303,25.148046],[113.395386,25.104351],[113.435689,25.010119],[113.470566,24.909345],[113.482693,24.889581],[113.520857,24.846212],[113.527232,24.833991],[113.531794,24.817151],[113.531215,24.798668],[113.527105,24.784054],[113.521896,24.773776],[113.490815,24.726663],[113.484593,24.711265],[113.48174,24.697205],[113.483372,24.649675],[113.488079,24.63364],[113.502381,24.599199],[113.505946,24.568046],[113.503352,24.548433],[113.489883,24.513696],[113.4857,24.497241],[113.484237,24.440997],[113.482136,24.432193],[113.470879,24.41105],[113.397844,24.316968],[113.389038,24.302897],[113.383393,24.288235],[113.375177,24.250591],[113.35952,24.21232],[113.336417,24.137815],[113.305241,24.072553],[113.258963,23.997019],[113.234124,23.918065],[113.212324,23.860289],[113.204258,23.844348],[113.185157,23.815887],[113.172064,23.785012],[113.160517,23.764468],[113.149479,23.73818],[113.136959,23.715421],[113.12333,23.680062],[113.120233,23.667447],[113.119421,23.652994],[113.120772,23.641774],[113.13331,23.60299],[113.140248,23.551257],[113.145877,23.53353],[113.169859,23.488024],[113.175146,23.474022],[113.179532,23.449343],[113.190579,23.403903],[113.204494,23.360859],[113.205132,23.34647],[113.209498,23.331779],[113.206071,23.322734],[113.206783,23.315434],[113.21233,23.304113],[113.217449,23.282356],[113.225354,23.267448],[113.226597,23.237121],[113.229095,23.231427],[113.235997,23.223943],[113.241279,23.214932],[113.24004,23.192321],[113.241385,23.181833],[113.237349,23.158224],[113.239887,23.15572],[113.244776,23.155654],[113.252193,23.152661]],"type":"LineString"}},{"type":"Feature","properties":{"seq":132,"date":"2026.8.9","origin":"广州","destination":"湛江北","origin_city":"广州","destination_city":"湛江","train":"G5689","service":"highspeed","table_km":369,"time":"16:00-17:30","note":""},"geometry":{"coordinates":[[113.252154,23.152588],[113.244776,23.155654],[113.241079,23.154766],[113.239814,23.152138],[113.240531,23.144249],[113.238095,23.140172],[113.226959,23.128995],[113.215678,23.128117],[113.211883,23.126328],[113.199061,23.105543],[113.196106,23.102958],[113.172561,23.102532],[113.162271,23.098564],[113.146231,23.095486],[113.1184,23.085591],[113.108031,23.069125],[113.108571,23.053576],[113.105569,23.049054],[113.072479,23.055109],[113.046561,23.056273],[113.039473,23.054573],[113.019267,23.045399],[112.991964,23.041092],[112.971003,23.035008],[112.928512,23.018896],[112.903275,23.006491],[112.895304,23.001389],[112.872078,22.981271],[112.84491,22.965763],[112.831685,22.960882],[112.810243,22.958449],[112.763806,22.964025],[112.749184,22.96347],[112.709517,22.956483],[112.674793,22.947469],[112.630353,22.93828],[112.61491,22.932719],[112.595555,22.919832],[112.582044,22.903904],[112.574686,22.888698],[112.560301,22.839594],[112.546758,22.813156],[112.532423,22.798033],[112.514059,22.787994],[112.470991,22.775271],[112.442343,22.763854],[112.384117,22.736471],[112.309208,22.695492],[112.268448,22.666084],[112.245168,22.652664],[112.213673,22.629392],[112.199788,22.612705],[112.133236,22.49742],[112.115373,22.474787],[112.104273,22.456319],[112.068641,22.409012],[112.022553,22.359821],[112.006223,22.340177],[111.98296,22.304539],[111.931359,22.2404],[111.917195,22.219602],[111.909372,22.202081],[111.894168,22.153531],[111.8919,22.115759],[111.888526,22.088632],[111.871956,22.033699],[111.859913,21.969899],[111.854111,21.955415],[111.825817,21.907527],[111.817349,21.895478],[111.803209,21.880865],[111.793437,21.873789],[111.766083,21.858507],[111.717379,21.81792],[111.694236,21.806534],[111.672997,21.800569],[111.655403,21.799126],[111.606655,21.801405],[111.593275,21.799605],[111.581384,21.796066],[111.570037,21.790595],[111.545601,21.773381],[111.513279,21.75452],[111.467732,21.731981],[111.442271,21.717546],[111.3827,21.696345],[111.338538,21.67306],[111.290816,21.657114],[111.271456,21.652017],[111.189013,21.638135],[111.108603,21.632505],[111.0234,21.611137],[110.938977,21.593335],[110.912012,21.585179],[110.880594,21.57322],[110.83803,21.565499],[110.821186,21.559985],[110.809433,21.553634],[110.791642,21.539089],[110.745761,21.493289],[110.705339,21.455839],[110.694352,21.449198],[110.663267,21.435716],[110.632616,21.418657],[110.621387,21.410352],[110.573467,21.365092],[110.566664,21.354022],[110.551927,21.31709],[110.54391,21.306313],[110.532299,21.295858],[110.481862,21.26785],[110.468954,21.265113],[110.442107,21.265249],[110.431418,21.262926],[110.389167,21.235108],[110.348643,21.219096],[110.351714,21.220709]],"type":"LineString"}},{"type":"Feature","properties":{"seq":133,"date":"2026.8.23","origin":"湛江","destination":"北京西","origin_city":"湛江","destination_city":"北京","train":"K158","service":"conventional","table_km":2725,"time":"09:54-次日22:48","note":""},"geometry":{"coordinates":[[110.382516,21.189849],[110.372141,21.200132],[110.367997,21.213497],[110.361489,21.219863],[110.362103,21.230268],[110.343538,21.25423],[110.281797,21.366741],[110.268796,21.382138],[110.258754,21.41482],[110.258382,21.461283],[110.255882,21.477871],[110.256354,21.509992],[110.280635,21.569503],[110.283329,21.590482],[110.303178,21.648123],[110.302572,21.672458],[110.295309,21.709246],[110.285522,21.712491],[110.275838,21.706633],[110.268884,21.707601],[110.265491,21.71075],[110.262194,21.719919],[110.252429,21.732557],[110.249757,21.749032],[110.250798,21.781766],[110.252831,21.78866],[110.254746,21.809741],[110.263817,21.81998],[110.264644,21.824762],[110.258989,21.838021],[110.257995,21.845086],[110.241781,21.892364],[110.228308,21.912608],[110.213115,21.925873],[110.200569,21.943504],[110.189917,21.962181],[110.189852,21.969767],[110.185153,21.984786],[110.186678,21.990073],[110.224004,22.053663],[110.221741,22.073123],[110.206491,22.102821],[110.202516,22.118429],[110.2145,22.139738],[110.21494,22.144511],[110.21158,22.160981],[110.217353,22.169116],[110.221328,22.184416],[110.226853,22.194946],[110.2258,22.203019],[110.228845,22.208725],[110.229461,22.215298],[110.222553,22.231856],[110.223171,22.246353],[110.229458,22.252929],[110.232066,22.263019],[110.240548,22.277746],[110.246261,22.298524],[110.251008,22.306418],[110.257823,22.326473],[110.263649,22.333479],[110.265233,22.341326],[110.264023,22.366063],[110.258601,22.388336],[110.248331,22.413265],[110.2455,22.425823],[110.234526,22.445168],[110.23852,22.475313],[110.217764,22.498063],[110.214978,22.504879],[110.205623,22.510544],[110.19753,22.523799],[110.187938,22.532189],[110.182591,22.541061],[110.172331,22.548923],[110.160571,22.578009],[110.162412,22.587262],[110.160927,22.591307],[110.136121,22.615937],[110.124411,22.622854],[110.101228,22.650491],[110.039948,22.687814],[110.019301,22.689839],[110.00543,22.683861],[109.988673,22.682249],[109.978919,22.676986],[109.971748,22.676946],[109.957788,22.699792],[109.94212,22.711562],[109.931172,22.725423],[109.878907,22.754404],[109.870505,22.754565],[109.866818,22.756386],[109.865904,22.761948],[109.878453,22.779526],[109.882771,22.790739],[109.890445,22.799671],[109.892228,22.8074],[109.891216,22.810721],[109.887788,22.812913],[109.877244,22.813956],[109.864971,22.825049],[109.859869,22.832028],[109.847328,22.842196],[109.839856,22.85658],[109.819181,22.876943],[109.78843,22.923234],[109.780941,22.930452],[109.766478,22.955038],[109.756892,22.962462],[109.748125,22.974257],[109.731966,22.991159],[109.701039,23.015962],[109.68782,23.029934],[109.661652,23.063549],[109.660628,23.074817],[109.649606,23.081317],[109.648206,23.091137],[109.646474,23.093665],[109.620606,23.102516],[109.611746,23.103067],[109.61342,23.10341],[109.569313,23.097898],[109.506433,23.113553],[109.464905,23.109611],[109.44631,23.111854],[109.39062,23.111223],[109.371942,23.112497],[109.356705,23.122626],[109.328628,23.135545],[109.323588,23.142817],[109.306676,23.159704],[109.301893,23.167132],[109.293305,23.174794],[109.284724,23.182285],[109.276235,23.18568],[109.261496,23.195059],[109.248788,23.20001],[109.226812,23.201218],[109.207717,23.200488],[109.166282,23.194001],[109.149802,23.196068],[109.143556,23.200017],[109.13314,23.210598],[109.127,23.222234],[109.12119,23.256667],[109.121851,23.272027],[109.127514,23.292],[109.126692,23.310676],[109.136019,23.327332],[109.140894,23.34593],[109.141252,23.372495],[109.148579,23.404681],[109.148913,23.46108],[109.150747,23.46766],[109.155215,23.473825],[109.159349,23.491285],[109.158064,23.497679],[109.151246,23.510575],[109.150463,23.528028],[109.152399,23.536509],[109.146449,23.571676],[109.14558,23.609028],[109.150188,23.6139],[109.157739,23.616513],[109.162605,23.620398],[109.177993,23.625086],[109.184883,23.63954],[109.19254,23.66173],[109.202036,23.677877],[109.219777,23.69983],[109.228546,23.704683],[109.233346,23.712436],[109.233293,23.722039],[109.250193,23.766706],[109.247825,23.778474],[109.249187,23.7959],[109.245304,23.806464],[109.255263,23.826327],[109.254537,23.858546],[109.251502,23.871221],[109.266382,23.891855],[109.268119,23.899977],[109.278766,23.916928],[109.279396,23.939118],[109.271366,23.954665],[109.269994,23.966094],[109.273362,23.994673],[109.269834,24.032815],[109.266278,24.040208],[109.265002,24.054543],[109.267504,24.077721],[109.265921,24.097631],[109.261054,24.11952],[109.286805,24.159441],[109.289097,24.167107],[109.305261,24.178443],[109.322721,24.206811],[109.340495,24.224576],[109.34617,24.247341],[109.346383,24.254064],[109.372499,24.292143],[109.377281,24.295625],[109.378864,24.30437],[109.390682,24.323035],[109.3887,24.331059],[109.38093,24.342563],[109.343467,24.360427],[109.329857,24.364547],[109.328239,24.368076],[109.328619,24.382321],[109.334022,24.389374],[109.355395,24.403748],[109.360715,24.40536],[109.374989,24.401572],[109.401061,24.400939],[109.405465,24.397168],[109.406527,24.38912],[109.410453,24.387722],[109.419577,24.393593],[109.432533,24.40525],[109.481248,24.428391],[109.494493,24.433329],[109.511361,24.435351],[109.530869,24.441665],[109.537045,24.439798],[109.548164,24.428426],[109.560713,24.4115],[109.569402,24.406001],[109.57873,24.404447],[109.591997,24.408572],[109.60675,24.409015],[109.613142,24.403149],[109.617312,24.402755],[109.647471,24.418459],[109.683001,24.442014],[109.691,24.44452],[109.698336,24.452118],[109.705251,24.454544],[109.733564,24.47226],[109.748338,24.491563],[109.758233,24.496679],[109.797503,24.540361],[109.797848,24.547583],[109.804061,24.557741],[109.804263,24.569468],[109.798921,24.577258],[109.809151,24.584767],[109.810748,24.58795],[109.807085,24.59735],[109.802229,24.600484],[109.801318,24.606481],[109.810038,24.609591],[109.820776,24.616796],[109.841559,24.62079],[109.845361,24.626433],[109.856313,24.633276],[109.861531,24.643161],[109.862139,24.646524],[109.859196,24.661298],[109.84601,24.675424],[109.846011,24.679908],[109.849333,24.687204],[109.846128,24.695936],[109.847723,24.699823],[109.854926,24.70427],[109.857931,24.708343],[109.859516,24.715873],[109.858158,24.726421],[109.863758,24.738669],[109.873309,24.746351],[109.873714,24.753741],[109.869566,24.76342],[109.873326,24.772913],[109.897565,24.786844],[109.906165,24.795918],[109.914374,24.8105],[109.92194,24.817151],[109.928755,24.816356],[109.932596,24.811243],[109.941733,24.803805],[109.956148,24.802958],[109.968763,24.810746],[109.976653,24.811661],[109.993471,24.821268],[109.995371,24.826898],[109.993658,24.839994],[109.995929,24.849362],[110.000871,24.856699],[109.998966,24.866511],[110.002916,24.878686],[110.000655,24.889526],[110.004913,24.899328],[109.993743,24.915057],[109.993863,24.930764],[109.988858,24.941986],[109.978336,24.950386],[109.975861,24.956441],[109.97717,24.96359],[109.981965,24.971625],[109.987341,24.990548],[109.996863,25.007873],[109.997914,25.021025],[110.006307,25.034585],[110.011503,25.049617],[110.017596,25.055126],[110.027745,25.060671],[110.042266,25.079161],[110.049958,25.083623],[110.059469,25.100981],[110.072962,25.116889],[110.091383,25.127408],[110.103624,25.138848],[110.138386,25.180871],[110.175393,25.199881],[110.197398,25.238073],[110.206238,25.247211],[110.220617,25.255302],[110.231117,25.257907],[110.241175,25.257762],[110.261779,25.252592],[110.277379,25.254835],[110.278419,25.257458],[110.275789,25.277537],[110.278466,25.282828],[110.279112,25.290437],[110.282035,25.295752],[110.292273,25.306053],[110.296022,25.331633],[110.295501,25.330039],[110.308909,25.395999],[110.326081,25.432311],[110.34627,25.44922],[110.365446,25.459468],[110.375962,25.468741],[110.385266,25.48996],[110.389823,25.495607],[110.401397,25.504572],[110.40704,25.506922],[110.414848,25.507674],[110.421802,25.510946],[110.427663,25.52009],[110.42962,25.532398],[110.433546,25.535856],[110.438079,25.543633],[110.44053,25.544584],[110.451709,25.541151],[110.454085,25.541673],[110.473399,25.562706],[110.498485,25.581133],[110.506014,25.593693],[110.513731,25.597214],[110.522424,25.595992],[110.533599,25.602279],[110.538004,25.602416],[110.561067,25.610168],[110.592201,25.612386],[110.604394,25.607676],[110.614353,25.606996],[110.627528,25.609354],[110.636489,25.609071],[110.659243,25.613343],[110.664597,25.626015],[110.672503,25.638517],[110.673549,25.65522],[110.678614,25.665582],[110.689448,25.670421],[110.707922,25.689506],[110.723637,25.710787],[110.729782,25.723966],[110.740032,25.735563],[110.76318,25.75513],[110.781609,25.779509],[110.783856,25.789033],[110.782112,25.795603],[110.778889,25.799538],[110.778066,25.807074],[110.79389,25.822589],[110.801535,25.834916],[110.810155,25.841897],[110.820523,25.855802],[110.850545,25.872108],[110.861564,25.883117],[110.864566,25.889843],[110.864442,25.898923],[110.874406,25.909827],[110.881245,25.923432],[110.898133,25.934869],[110.906488,25.937349],[110.950519,25.93958],[110.961878,25.938761],[110.969864,25.941772],[110.979999,25.942681],[110.984508,25.948614],[110.988531,25.950082],[110.993541,25.950977],[111.008283,25.94903],[111.016457,25.952274],[111.025665,25.952747],[111.045014,25.960285],[111.050993,25.966322],[111.064055,25.970651],[111.080807,25.993252],[111.096053,25.999375],[111.109594,26.011479],[111.116218,26.015129],[111.127349,26.02628],[111.14139,26.035797],[111.144754,26.038899],[111.148762,26.047622],[111.162096,26.057216],[111.166895,26.063804],[111.179231,26.070954],[111.199343,26.078298],[111.204097,26.082482],[111.217574,26.104465],[111.221487,26.121694],[111.225356,26.128628],[111.224361,26.1327],[111.217396,26.137873],[111.215474,26.141969],[111.221895,26.182082],[111.217602,26.195975],[111.222537,26.210839],[111.225711,26.231576],[111.229625,26.236193],[111.232243,26.242968],[111.235856,26.266169],[111.236791,26.281315],[111.231245,26.300405],[111.233092,26.320393],[111.241454,26.32885],[111.243049,26.338498],[111.257075,26.35333],[111.260874,26.367661],[111.26311,26.369037],[111.273651,26.36942],[111.286333,26.382206],[111.286644,26.384277],[111.283779,26.389131],[111.284814,26.391817],[111.297005,26.394469],[111.308984,26.40641],[111.328577,26.400269],[111.335615,26.402974],[111.359969,26.405633],[111.367629,26.40506],[111.374955,26.400393],[111.394486,26.402182],[111.40837,26.390424],[111.432855,26.384095],[111.451914,26.389736],[111.458747,26.404865],[111.475914,26.413723],[111.491686,26.413306],[111.498193,26.415623],[111.522145,26.413627],[111.528262,26.418144],[111.530403,26.422464],[111.543049,26.42927],[111.546799,26.434667],[111.549288,26.434771],[111.556555,26.430805],[111.562041,26.431806],[111.565457,26.435671],[111.564689,26.457688],[111.567569,26.505197],[111.554558,26.531998],[111.549226,26.538562],[111.550335,26.544864],[111.556475,26.547173],[111.569475,26.542567],[111.591413,26.541742],[111.614764,26.543541],[111.631628,26.54891],[111.640362,26.549272],[111.671468,26.538921],[111.677786,26.538562],[111.682299,26.540298],[111.685392,26.543637],[111.692431,26.563468],[111.706012,26.572051],[111.697979,26.586711],[111.702121,26.593709],[111.697626,26.603905],[111.695622,26.613152],[111.698653,26.630189],[111.697788,26.632677],[111.691688,26.636],[111.692511,26.643285],[111.699191,26.64597],[111.70598,26.645498],[111.717467,26.648294],[111.724604,26.645363],[111.731617,26.646401],[111.756658,26.663382],[111.776603,26.665825],[111.787376,26.669985],[111.813575,26.693629],[111.82247,26.71441],[111.823963,26.728233],[111.827741,26.733233],[111.837154,26.744146],[111.847525,26.748509],[111.865219,26.763434],[111.884586,26.767688],[111.90489,26.776959],[111.917734,26.777062],[111.927541,26.78168],[111.949216,26.781582],[111.967308,26.788749],[111.980271,26.790336],[111.993865,26.798485],[112.02739,26.807132],[112.049531,26.804996],[112.069074,26.793865],[112.078936,26.791116],[112.110243,26.786976],[112.123404,26.783198],[112.129351,26.779019],[112.129227,26.770624],[112.132591,26.76876],[112.14133,26.771518],[112.147882,26.775837],[112.161546,26.777013],[112.16802,26.775738],[112.181001,26.78213],[112.196024,26.786715],[112.200429,26.791889],[112.210761,26.797801],[112.213426,26.801648],[112.226148,26.811539],[112.227066,26.816251],[112.225577,26.825706],[112.227051,26.834912],[112.232664,26.843312],[112.246624,26.846749],[112.252961,26.85173],[112.271194,26.85214],[112.287629,26.841858],[112.294994,26.842523],[112.301294,26.841117],[112.3178,26.843007],[112.328298,26.83846],[112.342648,26.840231],[112.353226,26.839316],[112.36603,26.840828],[112.37666,26.844863],[112.385535,26.850343],[112.447457,26.856896],[112.467471,26.862992],[112.481287,26.864335],[112.502131,26.861607],[112.517578,26.864311],[112.5288,26.867203],[112.537837,26.874343],[112.543788,26.876777],[112.560993,26.875616],[112.57411,26.883475],[112.587504,26.88547],[112.620267,26.887665],[112.624168,26.885248],[112.626779,26.878101],[112.63106,26.876827],[112.633771,26.878809],[112.634058,26.882389],[112.622836,26.899577],[112.623029,26.90866],[112.626617,26.913383],[112.664428,26.925997],[112.70408,26.936918],[112.723607,26.946181],[112.738231,26.95104],[112.747131,26.959126],[112.754357,26.974683],[112.764639,26.981111],[112.778118,26.997121],[112.785278,27.002442],[112.790464,27.017438],[112.802147,27.024945],[112.806447,27.034171],[112.824284,27.057925],[112.837846,27.089821],[112.842753,27.096449],[112.849575,27.125525],[112.853114,27.129365],[112.863491,27.134384],[112.872569,27.148724],[112.873505,27.165872],[112.876006,27.173578],[112.874311,27.181615],[112.876176,27.199224],[112.8795,27.206679],[112.883265,27.223764],[112.897265,27.237975],[112.908105,27.251789],[112.97236,27.316516],[112.985531,27.340057],[113.004459,27.366322],[113.029631,27.383234],[113.052731,27.388101],[113.063172,27.402849],[113.07501,27.406572],[113.102181,27.431993],[113.107095,27.442342],[113.133675,27.46724],[113.14439,27.498555],[113.15665,27.514131],[113.162339,27.532207],[113.161507,27.542407],[113.155767,27.550252],[113.130262,27.564885],[113.126379,27.570433],[113.123319,27.582268],[113.113324,27.606527],[113.111265,27.640278],[113.115878,27.662798],[113.136829,27.709789],[113.138006,27.728626],[113.145738,27.739046],[113.161434,27.769797],[113.165165,27.788259],[113.156916,27.803249],[113.156846,27.825754],[113.147137,27.848661],[113.129045,27.862651],[113.122028,27.87766],[113.108734,27.883832],[113.094679,27.89541],[113.090953,27.904147],[113.07714,27.911906],[113.063902,27.927702],[113.038318,27.942422],[113.017478,27.966687],[113.010806,27.972325],[113.005694,27.982604],[112.988713,27.993822],[112.978168,28.004572],[112.968491,28.020829],[112.958133,28.0451],[112.951684,28.077626],[112.952271,28.096785],[112.956367,28.131823],[112.958676,28.136071],[112.965858,28.141514],[112.9843,28.14881],[113.001413,28.153479],[113.006135,28.157227],[113.007487,28.161176],[113.010473,28.210903],[113.008112,28.215384],[112.987787,28.23307],[112.986759,28.247228],[112.975089,28.281263],[112.978062,28.290745],[112.977492,28.296015],[112.964414,28.318263],[112.956827,28.32803],[112.953553,28.336604],[112.929337,28.353756],[112.922156,28.367342],[112.928281,28.389661],[112.944595,28.41892],[112.954606,28.426952],[112.957935,28.431498],[112.970508,28.458478],[112.974232,28.474481],[112.981416,28.482896],[112.98441,28.493163],[113.009212,28.520951],[113.016878,28.536452],[113.023717,28.545435],[113.033914,28.585197],[113.041645,28.598551],[113.049837,28.635103],[113.037983,28.681154],[113.041494,28.695017],[113.045839,28.703925],[113.05153,28.735754],[113.058837,28.752311],[113.072125,28.824755],[113.083967,28.837933],[113.085913,28.847134],[113.09183,28.858924],[113.09206,28.868024],[113.088979,28.872671],[113.085976,28.882662],[113.088495,28.895909],[113.087333,28.902989],[113.088705,28.915611],[113.094758,28.924662],[113.096472,28.937918],[113.111403,28.96041],[113.115604,28.977522],[113.126424,29.007833],[113.126918,29.014189],[113.121752,29.037329],[113.12474,29.070099],[113.123513,29.077506],[113.125441,29.08525],[113.122196,29.094872],[113.119054,29.11416],[113.12128,29.123131],[113.119701,29.129968],[113.120993,29.139425],[113.118477,29.153449],[113.12167,29.165638],[113.128231,29.179345],[113.128457,29.187353],[113.125737,29.196549],[113.126081,29.204871],[113.121011,29.215752],[113.120918,29.223945],[113.093302,29.26699],[113.093397,29.283704],[113.090888,29.29842],[113.082606,29.318541],[113.076947,29.327884],[113.077214,29.332145],[113.083039,29.344031],[113.083801,29.354682],[113.085951,29.36146],[113.098845,29.378518],[113.124615,29.381222],[113.138036,29.393946],[113.162062,29.405766],[113.177661,29.410964],[113.203827,29.433073],[113.216317,29.438548],[113.226321,29.445129],[113.235611,29.447697],[113.254602,29.457048],[113.264115,29.463906],[113.280006,29.484766],[113.285225,29.489303],[113.291978,29.502058],[113.302852,29.506641],[113.328482,29.506205],[113.344119,29.513497],[113.376639,29.511854],[113.393906,29.502813],[113.406071,29.500064],[113.42314,29.491224],[113.44909,29.487725],[113.472928,29.477232],[113.489868,29.478455],[113.504768,29.483325],[113.523984,29.485173],[113.57182,29.500446],[113.590623,29.50227],[113.609438,29.509454],[113.642353,29.515404],[113.680776,29.535801],[113.707597,29.559607],[113.718479,29.573051],[113.733145,29.578149],[113.78099,29.62607],[113.795424,29.635265],[113.816232,29.654426],[113.820404,29.657051],[113.830694,29.657958],[113.852437,29.670463],[113.863017,29.684039],[113.876953,29.710522],[113.911377,29.719179],[113.984126,29.743604],[114.01348,29.76386],[114.031325,29.770869],[114.050207,29.775036],[114.070817,29.776307],[114.103344,29.785181],[114.129677,29.800954],[114.149173,29.807542],[114.1777,29.832447],[114.218793,29.843389],[114.242097,29.864074],[114.255208,29.868657],[114.266041,29.868998],[114.274091,29.872906],[114.28937,29.89142],[114.313687,29.901633],[114.331686,29.912163],[114.359311,29.937025],[114.362042,29.941045],[114.357728,29.96799],[114.363094,29.990583],[114.361841,30.011478],[114.354362,30.037813],[114.34777,30.097539],[114.320315,30.152897],[114.316707,30.165919],[114.31712,30.176989],[114.322396,30.204271],[114.322332,30.215976],[114.327507,30.237643],[114.325685,30.246444],[114.325025,30.264723],[114.326954,30.276761],[114.313529,30.299381],[114.305899,30.308208],[114.298865,30.322536],[114.294981,30.337592],[114.295694,30.341953],[114.304976,30.360481],[114.307285,30.369247],[114.301762,30.39225],[114.300284,30.462532],[114.2974,30.505117],[114.300478,30.51503],[114.317239,30.537263],[114.317886,30.540345],[114.314555,30.543796],[114.288607,30.548995],[114.27471,30.556414],[114.255769,30.55389],[114.231678,30.562455],[114.226979,30.568051],[114.22663,30.578395],[114.21998,30.603631],[114.223021,30.609867],[114.241552,30.618873],[114.316711,30.637783],[114.330865,30.643785],[114.340041,30.658082],[114.349439,30.683715],[114.352916,30.697239],[114.352174,30.718284],[114.339804,30.7412],[114.319135,30.761441],[114.299389,30.799519],[114.276331,30.830914],[114.258246,30.842169],[114.237115,30.86114],[114.221069,30.879299],[114.202704,30.896673],[114.191659,30.901702],[114.152253,30.926184],[114.112643,30.945339],[114.073989,30.9428],[114.023257,30.943215],[114.005002,30.944623],[113.987849,30.948508],[113.964552,30.948745],[113.933564,30.952506],[113.923056,30.959033],[113.916289,30.97077],[113.916013,31.0012],[113.919194,31.025802],[113.932098,31.077378],[113.931472,31.091986],[113.928809,31.1031],[113.931349,31.145872],[113.934684,31.157138],[113.940738,31.166736],[113.956723,31.180295],[113.959444,31.189295],[113.965161,31.197481],[113.96928,31.209989],[113.972917,31.270133],[113.965868,31.293672],[113.965956,31.298153],[113.970473,31.309046],[113.964788,31.330491],[113.967428,31.346887],[113.977173,31.365121],[113.975247,31.385968],[113.97672,31.400197],[113.973605,31.41815],[113.972614,31.449429],[113.985774,31.49102],[114.00819,31.515055],[114.028356,31.546494],[114.029702,31.557144],[114.024045,31.582771],[114.016592,31.603108],[114.01664,31.61232],[114.021096,31.622088],[114.041489,31.648105],[114.04656,31.676679],[114.045281,31.713018],[114.027494,31.761376],[114.022317,31.780414],[114.02259,31.785473],[114.027079,31.795655],[114.049186,31.820557],[114.070039,31.848347],[114.088539,31.878802],[114.092254,31.888219],[114.094905,31.911397],[114.090734,31.932514],[114.092668,31.940574],[114.092124,31.959989],[114.093824,31.969287],[114.086854,31.978615],[114.088275,31.987947],[114.085239,31.996007],[114.08863,32.002761],[114.083151,32.018649],[114.089383,32.026296],[114.09026,32.044169],[114.094783,32.049872],[114.09798,32.060452],[114.11144,32.084083],[114.11312,32.092425],[114.110597,32.097732],[114.096236,32.114585],[114.066947,32.138992],[114.061854,32.150123],[114.065858,32.17974],[114.071203,32.205668],[114.074816,32.216124],[114.073137,32.231941],[114.076926,32.252768],[114.080787,32.262711],[114.080841,32.269071],[114.079931,32.272908],[114.071498,32.2834],[114.066102,32.304618],[114.057808,32.315319],[114.053664,32.336523],[114.053723,32.361956],[114.044206,32.427438],[114.044951,32.441029],[114.042168,32.49476],[114.045033,32.518691],[114.041597,32.530859],[114.042703,32.584479],[114.023664,32.707358],[114.01932,32.726142],[114.030129,32.78018],[114.031519,32.814952],[114.037249,32.866008],[114.037309,32.988021],[114.038489,32.980992],[114.038037,32.984764],[114.037309,32.988021],[114.037273,33.106975],[114.03568,33.113531],[114.030076,33.124314],[114.028957,33.131279],[114.037174,33.213838],[114.036322,33.278544],[114.03806,33.309089],[114.031361,33.41633],[114.029332,33.501495],[114.039312,33.585095],[114.037547,33.589598],[113.988733,33.65865],[113.969735,33.693742],[113.955214,33.715865],[113.943065,33.746414],[113.812764,34.024855],[113.813033,34.024272],[113.813191,34.023694],[113.81332,34.023322],[113.813614,34.021639],[113.80821,34.037384],[113.777563,34.183449],[113.770254,34.237525],[113.762446,34.336486],[113.769122,34.353744],[113.766351,34.374614],[113.771547,34.39072],[113.777786,34.432193],[113.778636,34.447941],[113.789695,34.494921],[113.812748,34.544559],[113.805123,34.583109],[113.784228,34.612931],[113.77233,34.626459],[113.667177,34.722203],[113.665033,34.725126],[113.658042,34.739004],[113.657695,34.739825],[113.655422,34.744269],[113.653839,34.747559],[113.659613,34.736944],[113.665324,34.734348],[113.76817,34.736362],[113.772757,34.739934],[113.774213,34.743881],[113.768774,34.810895],[113.771119,34.819022],[113.775706,34.823351],[113.787791,34.829795],[113.800622,34.83222],[113.839837,34.834848],[113.849048,34.838662],[113.85489,34.844903],[113.856942,34.853435],[113.844728,34.922866],[113.847163,34.9769],[113.84299,35.006351],[113.844865,35.023373],[113.870323,35.082952],[113.881908,35.114322],[113.912869,35.160915],[113.922115,35.182425],[113.934772,35.204876],[113.940478,35.224449],[113.871835,35.22785],[113.809787,35.221803],[113.802742,35.225648],[113.801899,35.233486],[113.805118,35.236914],[113.81511,35.239087],[113.823957,35.245133],[113.850387,35.278681],[113.851725,35.282467],[113.851735,35.303188],[113.867626,35.351949],[113.881543,35.370188],[113.900832,35.386962],[113.911833,35.392489],[113.947814,35.397114],[114.009375,35.413963],[114.040803,35.418575],[114.050236,35.424176],[114.095248,35.490502],[114.101975,35.502905],[114.11264,35.531804],[114.14976,35.564771],[114.175802,35.599965],[114.198471,35.644716],[114.203209,35.659479],[114.246762,35.710147],[114.259474,35.743874],[114.26687,35.759128],[114.28063,35.780368],[114.30365,35.805904],[114.309933,35.833438],[114.317488,35.84358],[114.325805,35.860897],[114.326386,35.877624],[114.341654,35.920837],[114.342725,35.96665],[114.346393,36.011756],[114.348697,36.023484],[114.335833,36.055031],[114.335515,36.077582],[114.333539,36.092199],[114.333938,36.120642],[114.328646,36.140635],[114.327104,36.157116],[114.33115,36.181282],[114.332567,36.212615],[114.338729,36.238134],[114.339504,36.257204],[114.346531,36.319561],[114.349207,36.325838],[114.363882,36.345323],[114.36642,36.366265],[114.365365,36.370588],[114.348879,36.399603],[114.345962,36.414682],[114.355485,36.431243],[114.401593,36.458417],[114.412626,36.466867],[114.426979,36.483853],[114.432682,36.502327],[114.45358,36.549231],[114.460498,36.575337],[114.469061,36.597639],[114.483054,36.736363],[114.476324,36.792992],[114.49091,36.831806],[114.492236,36.840927],[114.486974,36.913672],[114.483333,36.934997],[114.494686,36.952037],[114.496749,36.983412],[114.484849,37.029869],[114.481651,37.050628],[114.503441,37.140047],[114.49856,37.174965],[114.505133,37.236788],[114.507826,37.244289],[114.518844,37.26346],[114.532656,37.316173],[114.538536,37.355249],[114.542594,37.36833],[114.547538,37.375212],[114.569871,37.397173],[114.583795,37.40766],[114.60176,37.425319],[114.606231,37.432247],[114.60824,37.43983],[114.584646,37.668209],[114.584929,37.686005],[114.541169,37.748354],[114.496591,37.951818],[114.490084,37.957943],[114.472744,37.96391],[114.468164,37.971272],[114.492882,38.072394],[114.503478,38.099134],[114.539881,38.135373],[114.554939,38.171423],[114.56218,38.177568],[114.574232,38.182982],[114.622633,38.226123],[114.651419,38.293979],[114.663666,38.315288],[114.670685,38.325191],[114.699067,38.355055],[114.757425,38.378304],[114.766095,38.383964],[114.783885,38.402105],[114.800804,38.405968],[114.815573,38.411468],[114.837697,38.439726],[114.857038,38.460794],[114.872608,38.470936],[114.911874,38.501014],[114.972683,38.532707],[114.992776,38.53903],[115.010902,38.580878],[115.018268,38.610474],[115.028647,38.622994],[115.048855,38.637132],[115.113459,38.675674],[115.142643,38.697192],[115.261483,38.776435],[115.432208,38.834723],[115.46076,38.848434],[115.485594,38.874851],[115.504569,38.887876],[115.532651,38.913311],[115.558517,38.943329],[115.63096,39.020151],[115.653874,39.059553],[115.730293,39.165695],[115.783401,39.257147],[115.848074,39.323857],[115.853131,39.331241],[115.857167,39.333213],[115.880238,39.356996],[115.897161,39.38414],[115.952191,39.444538],[115.994127,39.501461],[116.01222,39.561209],[116.023041,39.582955],[116.052941,39.615189],[116.137593,39.717326],[116.146736,39.733861],[116.184321,39.783549],[116.188458,39.793675],[116.188038,39.796957],[116.167291,39.810738],[116.164303,39.81538],[116.165859,39.84615],[116.171788,39.854175],[116.172979,39.858197],[116.165816,39.870145],[116.16982,39.881344],[116.175751,39.887194],[116.194271,39.884763],[116.207995,39.892679],[116.21794,39.894831],[116.315157,39.893437]],"type":"LineString"}},{"type":"Feature","properties":{"seq":134,"date":"2026.9.2","origin":"合肥","destination":"德州","origin_city":"合肥","destination_city":"德州","train":"K1036","service":"conventional","table_km":732,"time":"","note":""},"geometry":{"coordinates":[[117.309609,31.889563],[117.312137,31.888072],[117.295691,31.897206],[117.290535,31.90346],[117.282257,31.93751],[117.280748,31.954053],[117.2651,31.972281],[117.262254,31.97776],[117.260889,31.991602],[117.255282,32.000512],[117.252892,32.027416],[117.243889,32.077022],[117.215976,32.186831],[117.204384,32.215964],[117.205605,32.238993],[117.202514,32.283656],[117.212478,32.315781],[117.207638,32.341948],[117.190156,32.385503],[117.183808,32.405613],[117.185319,32.440513],[117.179708,32.461037],[117.184224,32.475855],[117.196998,32.487298],[117.221308,32.535564],[117.229112,32.569816],[117.269101,32.631097],[117.286326,32.701612],[117.26371,32.74272],[117.263031,32.749046],[117.265648,32.755679],[117.274919,32.763517],[117.326845,32.795411],[117.343699,32.837101],[117.347292,32.840919],[117.352859,32.842574],[117.399808,32.843253],[117.416539,32.851133],[117.423157,32.856032],[117.426865,32.86791],[117.431364,32.871983],[117.445109,32.875006],[117.470294,32.875199],[117.488115,32.892507],[117.49341,32.904791],[117.496709,32.919376],[117.492143,32.923825],[117.425684,32.932716],[117.364484,32.946307],[117.349634,32.96006],[117.348561,32.966043],[117.354774,32.98695],[117.364398,33.008143],[117.366286,33.025678],[117.367168,33.065048],[117.362888,33.126319],[117.345183,33.194166],[117.33138,33.232428],[117.323966,33.27802],[117.315472,33.296198],[117.308814,33.308945],[117.259891,33.363532],[117.244198,33.387005],[117.151803,33.460461],[117.081547,33.529636],[116.993014,33.629476],[116.989594,33.640725],[116.978852,33.698065],[116.974412,33.737545],[117.008145,33.854601],[117.059538,33.905736],[117.089914,33.925285],[117.099253,33.939433],[117.11819,34.020826],[117.200041,34.212479],[117.204969,34.241816],[117.200847,34.273786],[117.203431,34.281226],[117.207569,34.285012],[117.219732,34.306437],[117.257938,34.379113],[117.292232,34.414665],[117.300033,34.429576],[117.300653,34.443058],[117.308908,34.449594],[117.323754,34.466972],[117.324742,34.47117],[117.321918,34.496015],[117.327458,34.509912],[117.326134,34.524494],[117.335561,34.550583],[117.374963,34.597316],[117.376635,34.603194],[117.374604,34.608168],[117.359914,34.622206],[117.342747,34.633473],[117.328748,34.646631],[117.32136,34.665025],[117.307574,34.686352],[117.280867,34.710985],[117.27243,34.734524],[117.256136,34.758181],[117.251714,34.788002],[117.242626,34.801852],[117.233935,34.8098],[117.190888,34.941113],[117.180551,34.96564],[117.174425,35.007143],[117.155156,35.039537],[117.145269,35.090549],[117.118586,35.133389],[117.099241,35.15309],[117.092089,35.176536],[117.061282,35.211822],[117.055102,35.235255],[117.048171,35.242866],[117.041751,35.255158],[117.033234,35.261258],[117.020094,35.276221],[117.008171,35.282609],[117.006409,35.28632],[117.006084,35.296513],[117.001364,35.304525],[116.990893,35.320783],[116.980115,35.327467],[116.971744,35.349711],[116.959403,35.393386],[116.941267,35.412283],[116.896622,35.464675],[116.855733,35.528692],[116.840324,35.547158],[116.831182,35.570171],[116.83176,35.588546],[116.839323,35.62262],[116.844023,35.629593],[116.896516,35.649123],[117.04286,35.735581],[117.052221,35.744594],[117.055536,35.752688],[117.056893,35.766433],[117.063022,35.773849],[117.070229,35.790358],[117.06962,35.798388],[117.070937,35.804445],[117.069655,35.817683],[117.076744,35.82584],[117.081733,35.843958],[117.102867,35.882142],[117.098792,35.921814],[117.088943,35.945439],[117.088865,35.949226],[117.103947,35.985566],[117.122412,36.007993],[117.130029,36.038984],[117.143148,36.051244],[117.146839,36.06207],[117.147005,36.067526],[117.142834,36.080221],[117.139252,36.100419],[117.107067,36.149272],[117.106922,36.156815],[117.115025,36.176912],[117.114328,36.181049],[117.085857,36.193732],[117.080604,36.193316],[117.071076,36.188958],[117.064886,36.189702],[117.045658,36.204553],[117.036924,36.215103],[117.026796,36.220953],[117.01765,36.224016],[117.009931,36.231799],[116.991625,36.240522],[116.982223,36.259027],[116.942865,36.309631],[116.922252,36.34335],[116.922485,36.352625],[116.917563,36.364777],[116.92152,36.381888],[116.918221,36.390985],[116.918454,36.40736],[116.911638,36.445389],[116.892949,36.463451],[116.890076,36.473215],[116.883333,36.48274],[116.868849,36.492344],[116.85267,36.496007],[116.848006,36.50001],[116.847397,36.510585],[116.842665,36.520029],[116.843687,36.532985],[116.849926,36.543236],[116.850556,36.556288],[116.866242,36.566663],[116.88318,36.56648],[116.887941,36.568091],[116.90467,36.586461],[116.905688,36.589821],[116.904701,36.593066],[116.890224,36.606121],[116.874344,36.607257],[116.868818,36.610335],[116.867338,36.614461],[116.869702,36.64077],[116.868444,36.644618],[116.841149,36.677251],[116.828938,36.702389],[116.780446,36.745227],[116.776372,36.763923],[116.776423,36.792423],[116.774843,36.79648],[116.7707,36.799131],[116.741181,36.807034],[116.67429,36.845639],[116.651764,36.867944],[116.635432,36.897016],[116.628236,36.923076],[116.59193,36.970724],[116.568935,37.007391],[116.565293,37.028073],[116.556479,37.05077],[116.533045,37.076175],[116.495158,37.107474],[116.478403,37.125042],[116.460593,37.139344],[116.441104,37.160214],[116.430619,37.174434],[116.415339,37.19996],[116.397183,37.241764],[116.372361,37.285138],[116.358417,37.296416],[116.345055,37.313362],[116.310647,37.387445],[116.284351,37.433683],[116.28155,37.447815]],"type":"LineString"}},{"type":"Feature","properties":{"seq":135,"date":"2026.9.3","origin":"德州东","destination":"北京南","origin_city":"德州","destination_city":"北京","train":"G816","service":"highspeed","table_km":314,"time":"","note":""},"geometry":{"coordinates":[[116.456341,37.409008],[116.45177,37.451456],[116.463263,37.531665],[116.482311,37.595701],[116.487437,37.635474],[116.497597,37.666048],[116.513936,37.69904],[116.536512,37.756188],[116.551079,37.787536],[116.562191,37.819395],[116.593381,37.891488],[116.651327,38.004325],[116.682105,38.08952],[116.702238,38.126239],[116.734338,38.244484],[116.750149,38.276844],[116.7764,38.346047],[116.781634,38.355863],[116.812068,38.399791],[116.8376,38.431718],[116.845158,38.443641],[116.850504,38.456727],[116.865357,38.50575],[116.878874,38.535313],[116.903578,38.573934],[116.922791,38.620192],[116.938222,38.650135],[116.968098,38.727168],[116.975718,38.76401],[116.984755,38.83818],[117.007958,38.892831],[117.030246,38.985464],[117.051709,39.03486],[117.05716,39.074282],[117.058236,39.12831],[117.053969,39.158144],[117.043941,39.204094],[117.033867,39.248214],[117.028436,39.260189],[117.016017,39.274945],[116.977243,39.304874],[116.940735,39.336094],[116.919575,39.361446],[116.908681,39.371658],[116.849354,39.411424],[116.821768,39.439592],[116.798009,39.456825],[116.705213,39.507532],[116.671319,39.528552],[116.603544,39.56566],[116.548557,39.591242],[116.509155,39.602829],[116.490438,39.610952],[116.42263,39.653852],[116.372359,39.679508],[116.351213,39.69521],[116.310102,39.731034],[116.3024,39.74391],[116.301599,39.757665],[116.319533,39.803119],[116.328227,39.831346],[116.338024,39.849567],[116.364251,39.855826],[116.372359,39.863541]],"type":"LineString"}}]}