{"type":"FeatureCollection","features":[{"type":"Feature","properties":{"display":"湛江","province":"广东省"},"geometry":{"coordinates":[[[[110.645401,21.227394],[110.637967,21.289022],[110.6126,21.286231],[110.592138,21.265351],[110.522168,21.303567],[110.538875,21.330183],[110.55152,21.32648],[110.548225,21.333456],[110.568457,21.361408],[110.558801,21.37616],[110.539258,21.376696],[110.53305,21.411558],[110.508066,21.436439],[110.49021,21.438744],[110.484002,21.447108],[110.484539,21.456705],[110.494118,21.474234],[110.490823,21.482811],[110.509063,21.479273],[110.508066,21.490583],[110.510442,21.499587],[110.497567,21.517111],[110.485152,21.513735],[110.483849,21.543849],[110.422692,21.562226],[110.443154,21.58692],[110.427214,21.600096],[110.413342,21.586063],[110.412653,21.616966],[110.396865,21.633137],[110.407058,21.648611],[110.382457,21.667456],[110.412346,21.675753],[110.40974,21.686619],[110.385753,21.674736],[110.351419,21.713647],[110.368739,21.721835],[110.373184,21.784163],[110.388359,21.789084],[110.377246,21.806627],[110.348354,21.802509],[110.365137,21.807055],[110.357857,21.815451],[110.339387,21.806359],[110.342606,21.837322],[110.350729,21.863947],[110.387362,21.852239],[110.398398,21.861755],[110.387592,21.890407],[110.337318,21.887841],[110.290416,21.917984],[110.283748,21.892224],[110.236003,21.878647],[110.18205,21.899653],[110.150859,21.897088],[110.141815,21.881801],[110.11982,21.901684],[110.107942,21.870789],[110.097212,21.886291],[110.082038,21.864481],[110.054372,21.856837],[109.986241,21.879128],[109.944933,21.846839],[109.953363,21.842294],[109.936197,21.81283],[109.931292,21.752173],[109.941715,21.73671],[109.922632,21.727507],[109.923781,21.704442],[109.904622,21.686994],[109.915811,21.668794],[109.898338,21.649628],[109.874044,21.658087],[109.844615,21.638331],[109.809055,21.642989],[109.807216,21.628907],[109.795183,21.63046],[109.777863,21.670507],[109.766368,21.668045],[109.743836,21.60106],[109.788363,21.490476],[109.785604,21.456919],[109.894353,21.442283],[109.904699,21.430112],[109.868832,21.365807],[109.770659,21.35953],[109.757478,21.346762],[109.763992,21.226266],[109.667505,21.121793],[109.673866,21.068265],[109.654937,20.903532],[109.729888,20.719653],[109.745062,20.621134],[109.793344,20.615635],[109.813576,20.574655],[109.824459,20.502913],[109.896882,20.461848],[109.895579,20.427521],[109.864924,20.401716],[109.861245,20.376663],[109.915811,20.316875],[109.913512,20.219448],[109.949302,20.216691],[109.986318,20.251714],[110.026246,20.257389],[110.082574,20.258686],[110.117981,20.219773],[110.146337,20.21761],[110.192243,20.227664],[110.21646,20.250526],[110.258305,20.253174],[110.285664,20.238312],[110.327508,20.251552],[110.376173,20.288621],[110.43641,20.297157],[110.516727,20.404361],[110.541557,20.420665],[110.55175,20.462982],[110.49979,20.572443],[110.466146,20.680264],[110.41135,20.671156],[110.392267,20.682905],[110.407748,20.764365],[110.393723,20.816655],[110.33249,20.848365],[110.269034,20.839698],[110.209716,20.860207],[110.177682,20.907083],[110.180747,20.981753],[110.205041,21.003426],[110.211249,21.054182],[110.23424,21.014342],[110.247652,21.020741],[110.249644,21.045258],[110.29693,21.093795],[110.348967,21.106048],[110.37694,21.133345],[110.401234,21.131088],[110.427674,21.193563],[110.451125,21.186419],[110.46331,21.203015],[110.491896,21.216118],[110.534736,21.204411],[110.645401,21.227394]]],[[[110.508373,21.490958],[110.514044,21.480774],[110.494118,21.474234],[110.484002,21.447108],[110.508066,21.436439],[110.50845,21.427002],[110.53305,21.411558],[110.531288,21.39874],[110.539258,21.376696],[110.546998,21.371547],[110.558801,21.37616],[110.558187,21.370581],[110.568457,21.361408],[110.55152,21.32648],[110.538875,21.330183],[110.523011,21.316607],[110.522168,21.303567],[110.570296,21.281884],[110.592138,21.265351],[110.6126,21.286231],[110.62287,21.291062],[110.637967,21.289022],[110.644635,21.254507],[110.645401,21.227394],[110.768558,21.364948],[110.796377,21.374765],[110.907272,21.369669],[110.977012,21.406785],[110.950112,21.443731],[110.929037,21.447912],[110.901907,21.425768],[110.880449,21.444856],[110.895316,21.460833],[110.870409,21.471125],[110.876004,21.49814],[110.867344,21.506125],[110.840674,21.493638],[110.856231,21.503714],[110.848031,21.527668],[110.822127,21.541974],[110.813697,21.583064],[110.795611,21.579582],[110.798216,21.631852],[110.771853,21.647808],[110.736217,21.623874],[110.747176,21.588741],[110.727403,21.573636],[110.735987,21.533348],[110.714758,21.526811],[110.730775,21.501088],[110.708474,21.500927],[110.706788,21.521023],[110.677742,21.521398],[110.683337,21.488332],[110.656973,21.490904],[110.657893,21.503607],[110.645095,21.501248],[110.645478,21.482918],[110.621184,21.481042],[110.599035,21.507304],[110.577194,21.499158],[110.575201,21.515772],[110.557038,21.512663],[110.538875,21.473859],[110.508373,21.490958]]],[[[110.396329,21.90612],[110.413726,21.911304],[110.400391,21.913976],[110.413419,21.915686],[110.414799,21.932732],[110.442388,21.940854],[110.391117,21.950258],[110.372954,21.93332],[110.396329,21.90612]]],[[[110.381078,21.783361],[110.379162,21.763675],[110.389048,21.762124],[110.391041,21.776674],[110.381078,21.783361]]],[[[110.545006,21.083853],[110.582328,21.094763],[110.632373,21.21107],[110.589532,21.194529],[110.557115,21.201618],[110.525463,21.190501],[110.496034,21.212144],[110.457409,21.184915],[110.433805,21.183626],[110.436717,21.16676],[110.451201,21.165203],[110.46331,21.14957],[110.510825,21.137858],[110.545006,21.083853]]],[[[110.51757,21.078962],[110.459708,21.06289],[110.398551,21.096268],[110.352492,21.079499],[110.306126,21.088099],[110.275778,21.033591],[110.211096,20.986862],[110.20121,20.938397],[110.363911,20.988046],[110.451661,20.988368],[110.47289,20.983151],[110.501935,20.925593],[110.526153,20.916284],[110.560103,21.061385],[110.51757,21.078962]]],[[[110.717364,21.519684],[110.706788,21.521023],[110.708014,21.519362],[110.717364,21.519684]]],[[[110.405372,20.678054],[110.438786,20.679779],[110.423842,20.71114],[110.401004,20.691581],[110.405372,20.678054]]],[[[110.645018,20.935654],[110.589686,20.953084],[110.548914,20.908644],[110.55152,20.872641],[110.562632,20.861068],[110.611757,20.860046],[110.646321,20.917307],[110.645018,20.935654]]],[[[110.556655,20.327463],[110.593671,20.360678],[110.58639,20.381091],[110.575891,20.350687],[110.556655,20.327463]]],[[[110.420776,21.159992],[110.419473,21.151182],[110.442235,21.148281],[110.447753,21.160153],[110.420776,21.159992]]],[[[110.395409,21.104382],[110.426524,21.094602],[110.428593,21.105189],[110.416101,21.112389],[110.395409,21.104382]]]],"type":"MultiPolygon"}},{"type":"Feature","properties":{"display":"广州","province":"广东省"},"geometry":{"coordinates":[[[113.365116,22.772595],[113.412172,22.742849],[113.467964,22.728504],[113.540693,22.666222],[113.533106,22.656388],[113.561615,22.607528],[113.62078,22.579554],[113.651588,22.515715],[113.728149,22.521993],[113.740487,22.534284],[113.716883,22.645172],[113.685308,22.717719],[113.571195,22.853143],[113.575104,22.888331],[113.529198,22.982599],[113.522913,23.037262],[113.556327,23.081252],[113.640245,23.103878],[113.651281,23.119295],[113.687837,23.119772],[113.71696,23.138895],[113.841113,23.116169],[113.849849,23.148853],[113.895679,23.164529],[113.902116,23.177186],[113.8838,23.191694],[113.903802,23.212554],[113.895142,23.253523],[113.877209,23.264213],[113.890314,23.282681],[113.895985,23.34505],[113.939285,23.342934],[113.958905,23.33262],[113.958445,23.314953],[113.996687,23.297443],[113.984195,23.330505],[114.000902,23.346636],[113.982049,23.379369],[114.000442,23.39338],[113.986801,23.405591],[113.98795,23.431439],[113.952774,23.442907],[113.955456,23.466053],[113.981743,23.472129],[113.938749,23.476726],[113.931162,23.483066],[113.946643,23.492522],[113.911543,23.504144],[113.871384,23.541327],[113.852838,23.570579],[113.864027,23.587368],[113.859582,23.60996],[113.817432,23.623471],[113.816742,23.63582],[113.827778,23.648009],[113.818811,23.656188],[113.839963,23.655449],[113.847857,23.679348],[113.881884,23.685151],[113.920049,23.729454],[113.972853,23.739262],[113.976071,23.757716],[114.013087,23.777959],[114.009945,23.762988],[114.02489,23.752549],[114.038454,23.771212],[114.05999,23.775851],[114.037228,23.793509],[114.047728,23.803312],[114.035312,23.813378],[114.057767,23.846784],[114.033856,23.91889],[114.008413,23.933001],[113.865177,23.928947],[113.807315,23.900407],[113.791605,23.903882],[113.758191,23.857479],[113.713511,23.862484],[113.720178,23.825129],[113.706384,23.815275],[113.687378,23.825709],[113.684312,23.812956],[113.651664,23.820123],[113.615185,23.779804],[113.636414,23.750229],[113.628137,23.711682],[113.638176,23.704562],[113.597252,23.664946],[113.568053,23.679454],[113.55878,23.700712],[113.481069,23.684043],[113.438459,23.727134],[113.378375,23.731511],[113.32833,23.645371],[113.289245,23.644368],[113.299438,23.637456],[113.290548,23.617085],[113.24035,23.606212],[113.245868,23.588265],[113.227859,23.594441],[113.202262,23.576492],[113.211918,23.543914],[113.192069,23.514761],[113.15352,23.502823],[113.128689,23.512596],[113.055884,23.471971],[112.975184,23.463622],[112.961926,23.44444],[112.96024,23.425995],[112.989132,23.443277],[112.982771,23.434451],[113.001088,23.406332],[112.980626,23.380268],[112.989822,23.354728],[113.018331,23.341347],[113.034808,23.357372],[113.043392,23.351131],[113.023466,23.324898],[113.037567,23.320084],[113.032509,23.300881],[113.051439,23.278395],[113.044925,23.2522],[113.079795,23.250083],[113.072284,23.284268],[113.105545,23.289718],[113.105775,23.302733],[113.128,23.31453],[113.177738,23.271304],[113.177508,23.220866],[113.209006,23.192171],[113.186857,23.14827],[113.211535,23.142603],[113.203718,23.121891],[113.215826,23.100646],[113.208776,23.083531],[113.177201,23.076695],[113.211688,23.043305],[113.254912,23.044842],[113.251923,22.970348],[113.298212,22.934014],[113.282424,22.927383],[113.27706,22.894699],[113.300434,22.87708],[113.312083,22.830369],[113.393396,22.809822],[113.356533,22.792989],[113.365116,22.772595]]],"type":"Polygon"}},{"type":"Feature","properties":{"display":"茂名","province":"广东省"},"geometry":{"coordinates":[[[[110.677742,21.521398],[110.735987,21.533348],[110.727403,21.573636],[110.747176,21.588741],[110.736217,21.623874],[110.761507,21.647969],[110.798216,21.631852],[110.795611,21.579582],[110.813697,21.583064],[110.822127,21.541974],[110.848031,21.527668],[110.856231,21.503714],[110.840674,21.493638],[110.867344,21.506125],[110.876004,21.49814],[110.870409,21.471125],[110.895316,21.460833],[110.880449,21.444856],[110.901907,21.425768],[110.929037,21.447912],[110.950112,21.443731],[110.977012,21.406785],[111.061313,21.449199],[111.290536,21.484204],[111.2818,21.446518],[111.250532,21.449574],[111.263483,21.412684],[111.329852,21.446787],[111.382502,21.495514],[111.452395,21.515182],[111.458909,21.534151],[111.44703,21.570904],[111.42151,21.573743],[111.416452,21.598061],[111.427718,21.614234],[111.416299,21.646898],[111.44067,21.69347],[111.431243,21.71857],[111.381275,21.734463],[111.388786,21.756239],[111.374301,21.774374],[111.423503,21.81374],[111.417218,21.850154],[111.40327,21.862183],[111.367864,21.862557],[111.362499,21.877044],[111.340044,21.874424],[111.320119,21.897836],[111.290077,21.907991],[111.283333,21.986797],[111.305941,22.011846],[111.285325,22.048369],[111.337515,22.118453],[111.327169,22.171326],[111.348091,22.181035],[111.346099,22.211488],[111.360507,22.233938],[111.42266,22.272643],[111.453468,22.270297],[111.465807,22.33004],[111.492247,22.333557],[111.517001,22.365309],[111.531102,22.358384],[111.600689,22.375537],[111.679089,22.45685],[111.678553,22.496397],[111.625673,22.510925],[111.619618,22.497302],[111.618315,22.533912],[111.59632,22.551362],[111.54459,22.517364],[111.545433,22.499324],[111.525201,22.480164],[111.486882,22.505551],[111.469409,22.490277],[111.480444,22.46015],[111.471325,22.441996],[111.421817,22.426662],[111.403347,22.479526],[111.413387,22.512628],[111.350084,22.506988],[111.338588,22.522951],[111.276972,22.491927],[111.272067,22.506136],[111.293909,22.547638],[111.326633,22.557267],[111.279271,22.592053],[111.219187,22.58583],[111.196732,22.61024],[111.174737,22.605773],[111.144235,22.625713],[111.127911,22.666169],[111.136878,22.685941],[111.108369,22.704328],[111.055642,22.648521],[111.027976,22.651551],[110.997091,22.631349],[110.959002,22.636506],[110.957699,22.616727],[110.941299,22.608113],[110.895853,22.613537],[110.887269,22.583543],[110.83324,22.584926],[110.799213,22.556841],[110.778674,22.585405],[110.760204,22.580777],[110.764496,22.565938],[110.748095,22.554767],[110.760817,22.516779],[110.740432,22.498845],[110.741351,22.464302],[110.68349,22.473405],[110.693529,22.448279],[110.713302,22.437471],[110.711539,22.369624],[110.741275,22.362007],[110.749398,22.329774],[110.78971,22.286661],[110.758748,22.274668],[110.720966,22.294123],[110.686019,22.248547],[110.653525,22.238203],[110.646857,22.223007],[110.678892,22.17266],[110.629077,22.14908],[110.598422,22.163431],[110.602484,22.183382],[110.560333,22.196396],[110.529448,22.154469],[110.489444,22.144599],[110.430816,22.206209],[110.414569,22.208555],[110.381078,22.164232],[110.348507,22.195862],[110.326052,22.164445],[110.364601,22.12523],[110.365674,22.098707],[110.350806,22.096999],[110.358853,22.075916],[110.347741,22.038972],[110.363528,22.005811],[110.352952,21.976595],[110.391117,21.950258],[110.442388,21.940854],[110.414799,21.932732],[110.413419,21.915686],[110.400391,21.913976],[110.413726,21.911304],[110.387592,21.890407],[110.398398,21.861755],[110.387362,21.852239],[110.350729,21.863947],[110.339387,21.806359],[110.357857,21.815451],[110.365137,21.807055],[110.348354,21.802509],[110.377246,21.806627],[110.386749,21.795556],[110.380312,21.784484],[110.381078,21.783361],[110.391041,21.776674],[110.389048,21.762124],[110.365367,21.748],[110.368739,21.721835],[110.351419,21.713647],[110.385753,21.674736],[110.40974,21.686619],[110.412346,21.675753],[110.382457,21.667456],[110.407058,21.648611],[110.396865,21.633137],[110.412653,21.616966],[110.413342,21.586063],[110.427214,21.600096],[110.443154,21.58692],[110.422692,21.562226],[110.475572,21.554136],[110.485152,21.513735],[110.497567,21.517111],[110.518183,21.480184],[110.538875,21.473859],[110.557038,21.512663],[110.575201,21.515772],[110.577194,21.499158],[110.599035,21.507304],[110.621184,21.481042],[110.645478,21.482918],[110.645095,21.501248],[110.657893,21.503607],[110.656973,21.490904],[110.683337,21.488332],[110.677742,21.521398]]],[[[110.508066,21.490583],[110.509063,21.479273],[110.490823,21.482811],[110.494118,21.474234],[110.514044,21.480774],[110.508066,21.490583]]],[[[110.379162,21.763675],[110.381078,21.783361],[110.373184,21.784163],[110.370042,21.770148],[110.379162,21.763675]]],[[[110.730775,21.501088],[110.708014,21.519362],[110.708474,21.500927],[110.730775,21.501088]]],[[[111.1847,21.37101],[111.194816,21.380075],[111.195659,21.391017],[111.1847,21.381953],[111.1847,21.37101]]],[[[110.484002,21.447108],[110.49044,21.456866],[110.484539,21.456705],[110.484002,21.447108]]]],"type":"MultiPolygon"}},{"type":"Feature","properties":{"display":"东莞","province":"广东省"},"geometry":{"coordinates":[[[114.229205,22.81253],[114.231198,22.880318],[114.26032,22.899634],[114.213035,22.928444],[114.222385,22.980743],[114.182303,22.995432],[114.158546,22.978303],[114.124442,22.994],[114.150269,23.024698],[114.102217,23.058623],[114.088959,23.094182],[114.065891,23.101441],[114.010252,23.083425],[113.970554,23.113308],[113.894836,23.111295],[113.844715,23.125599],[113.841113,23.116169],[113.738572,23.141331],[113.556327,23.081252],[113.522913,23.037262],[113.529198,22.982599],[113.575104,22.888331],[113.571195,22.853143],[113.678181,22.726113],[113.723934,22.73828],[113.751447,22.715381],[113.790838,22.75342],[113.802257,22.784863],[113.837204,22.800901],[113.841496,22.833979],[113.872611,22.837271],[113.887325,22.858504],[113.910929,22.829997],[113.937829,22.832705],[113.972393,22.812476],[113.974999,22.798458],[113.990863,22.800211],[114.002971,22.763459],[114.049797,22.771161],[114.049414,22.756448],[114.074781,22.740883],[114.098462,22.747205],[114.107198,22.722979],[114.144674,22.714159],[114.167436,22.680679],[114.16391,22.665372],[114.15548,22.668933],[114.172494,22.654368],[114.195332,22.680095],[114.196711,22.710227],[114.215641,22.73557],[114.201079,22.764787],[114.182073,22.765265],[114.180847,22.775728],[114.229205,22.81253]]],"type":"Polygon"}},{"type":"Feature","properties":{"display":"阳江","province":"广东省"},"geometry":{"coordinates":[[[[112.307824,21.704174],[112.304529,21.744415],[112.333574,21.770844],[112.32775,21.799193],[112.358558,21.834006],[112.351737,21.849298],[112.370054,21.861434],[112.343077,21.876723],[112.350818,21.901631],[112.331045,21.9595],[112.318477,21.976381],[112.276939,21.982524],[112.263757,22.001432],[112.225669,22.012219],[112.232029,22.019589],[112.221607,22.01788],[112.216779,22.03956],[112.231263,22.0528],[112.226818,22.063585],[112.185051,22.066841],[112.156541,22.095718],[112.126116,22.096572],[112.105884,22.135795],[112.034381,22.113437],[112.027254,22.127044],[112.051165,22.14684],[112.03668,22.168019],[112.051625,22.207542],[112.037906,22.215061],[112.037906,22.232178],[112.004262,22.248333],[112.010547,22.266193],[112.036604,22.262781],[112.061511,22.28357],[112.065036,22.324392],[112.081896,22.351086],[112.119985,22.35636],[112.119832,22.337766],[112.128185,22.349754],[112.147268,22.339098],[112.161523,22.400676],[112.142057,22.41548],[112.13286,22.405842],[112.086725,22.416226],[112.058828,22.451207],[112.012923,22.471755],[112.008861,22.491075],[111.983724,22.505391],[111.969546,22.546468],[111.998361,22.589287],[111.956517,22.633795],[111.900265,22.570512],[111.870836,22.571735],[111.821788,22.59769],[111.846925,22.612207],[111.859111,22.605401],[111.85344,22.624331],[111.871296,22.633529],[111.870836,22.65979],[111.835277,22.68897],[111.809756,22.656123],[111.814508,22.633263],[111.738023,22.570459],[111.713346,22.504699],[111.680315,22.4824],[111.679089,22.45685],[111.630884,22.402859],[111.590266,22.369784],[111.517001,22.365309],[111.492247,22.333557],[111.465807,22.33004],[111.453468,22.270297],[111.42266,22.272643],[111.360507,22.233938],[111.346099,22.211488],[111.348091,22.181035],[111.327169,22.171326],[111.337515,22.118453],[111.285325,22.048369],[111.305941,22.011846],[111.283333,21.986797],[111.294675,21.935885],[111.287241,21.924129],[111.290077,21.907991],[111.320119,21.897836],[111.340044,21.874424],[111.362499,21.877044],[111.367864,21.862557],[111.40327,21.862183],[111.417218,21.850154],[111.423503,21.81374],[111.374301,21.774374],[111.388786,21.756239],[111.381275,21.734463],[111.431243,21.71857],[111.44067,21.69347],[111.416299,21.646898],[111.427718,21.614234],[111.418291,21.578671],[111.44703,21.570904],[111.458909,21.534151],[111.452395,21.515182],[111.47577,21.50023],[111.539839,21.518987],[111.541755,21.506393],[111.560684,21.505429],[111.605977,21.529383],[111.650427,21.512288],[111.677403,21.529758],[111.676407,21.565815],[111.693727,21.590348],[111.758716,21.613913],[111.810293,21.604541],[111.830985,21.582849],[111.813665,21.57144],[111.812822,21.555047],[111.846772,21.567369],[111.862789,21.556976],[111.921494,21.599507],[111.972458,21.603256],[112.024955,21.629764],[112.022196,21.645988],[111.954525,21.667723],[111.955981,21.710543],[112.03645,21.761428],[112.136539,21.793844],[112.192331,21.789351],[112.197006,21.736657],[112.231646,21.729594],[112.240076,21.701606],[112.263068,21.69347],[112.307824,21.704174]]],[[[112.189879,21.558315],[112.186813,21.543314],[112.204823,21.548189],[112.189879,21.558315]]],[[[112.140601,21.601917],[112.150104,21.601863],[112.144816,21.613913],[112.140601,21.601917]]],[[[112.118146,21.633458],[112.129258,21.640526],[112.118146,21.642829],[112.118146,21.633458]]]],"type":"MultiPolygon"}},{"type":"Feature","properties":{"display":"河源","province":"广东省"},"geometry":{"coordinates":[[[115.419311,23.243785],[115.423909,23.277178],[115.459009,23.288554],[115.458396,23.312414],[115.497328,23.322465],[115.471348,23.327543],[115.475486,23.373658],[115.457017,23.38381],[115.454871,23.418119],[115.435558,23.43165],[115.440693,23.447981],[115.416858,23.484122],[115.418468,23.495956],[115.440616,23.500975],[115.435328,23.534356],[115.450349,23.555954],[115.428737,23.581138],[115.432722,23.63772],[115.452648,23.663363],[115.457093,23.696281],[115.445981,23.709572],[115.420231,23.696123],[115.407432,23.703349],[115.412567,23.723021],[115.382985,23.748173],[115.399385,23.768734],[115.387276,23.778223],[115.347961,23.75392],[115.317153,23.761617],[115.358461,23.792455],[115.354399,23.842411],[115.37647,23.851052],[115.371872,23.865223],[115.391875,23.881921],[115.408505,23.950585],[115.453261,23.967009],[115.445598,24.038311],[115.417778,24.068241],[115.44874,24.112781],[115.442302,24.124452],[115.481387,24.143167],[115.483763,24.123506],[115.500393,24.128395],[115.513192,24.099058],[115.529592,24.098479],[115.537409,24.108838],[115.509897,24.140381],[115.520856,24.143324],[115.503612,24.187575],[115.545303,24.170234],[115.538099,24.192777],[115.571437,24.204231],[115.570823,24.235751],[115.590826,24.242894],[115.550898,24.359914],[115.557948,24.386201],[115.583852,24.411276],[115.575805,24.441747],[115.593048,24.459733],[115.575728,24.461044],[115.57067,24.478398],[115.551511,24.469433],[115.554116,24.484427],[115.493266,24.498004],[115.483227,24.562722],[115.513882,24.576186],[115.506065,24.601485],[115.520779,24.628507],[115.559481,24.64301],[115.556186,24.68269],[115.523078,24.703049],[115.523691,24.717544],[115.507904,24.716497],[115.478705,24.761123],[115.41295,24.792869],[115.372562,24.774408],[115.358537,24.735176],[115.306654,24.758664],[115.278528,24.754113],[115.258908,24.728793],[115.18434,24.711421],[115.195146,24.691902],[115.125636,24.681486],[115.120731,24.66437],[115.104943,24.667825],[115.083255,24.700484],[115.054899,24.709904],[115.024857,24.669133],[115.003858,24.679183],[114.937414,24.651911],[114.936801,24.665417],[114.919634,24.667092],[114.89327,24.582367],[114.869053,24.562355],[114.854262,24.582524],[114.859243,24.597295],[114.846675,24.60248],[114.826366,24.588286],[114.781226,24.612954],[114.729879,24.608922],[114.738079,24.56508],[114.705202,24.526096],[114.686502,24.538568],[114.665197,24.583676],[114.624349,24.575662],[114.592468,24.537991],[114.546715,24.542812],[114.534147,24.559002],[114.42877,24.486262],[114.402023,24.498528],[114.391677,24.563455],[114.363858,24.582524],[114.308142,24.574143],[114.310518,24.558583],[114.273732,24.533695],[114.286607,24.500572],[114.310595,24.480757],[114.242004,24.426014],[114.254879,24.400155],[114.249208,24.362695],[114.278637,24.364951],[114.293581,24.352672],[114.272966,24.324856],[114.279326,24.303176],[114.266451,24.272776],[114.254649,24.266055],[114.272889,24.257495],[114.254802,24.256707],[114.274192,24.212742],[114.298026,24.195142],[114.292891,24.175069],[114.329831,24.126871],[114.352209,24.143219],[114.365161,24.132233],[114.419956,24.139329],[114.46387,24.110836],[114.479044,24.112939],[114.460574,24.169604],[114.474216,24.16624],[114.556065,24.245888],[114.591318,24.225981],[114.600055,24.174911],[114.558134,24.15063],[114.565568,24.136175],[114.554226,24.124295],[114.535833,24.124347],[114.533993,24.138856],[114.509469,24.106682],[114.489697,24.114043],[114.481267,24.086595],[114.437813,24.062192],[114.440725,24.033208],[114.425628,24.032998],[114.420416,24.019582],[114.398038,24.026],[114.389685,24.012741],[114.382481,23.932159],[114.34991,23.887925],[114.356347,23.869595],[114.33029,23.852948],[114.332666,23.808635],[114.348913,23.791453],[114.341556,23.7516],[114.368839,23.725499],[114.378649,23.744693],[114.388612,23.739262],[114.405395,23.708201],[114.421413,23.709942],[114.440112,23.687578],[114.473143,23.703349],[114.512688,23.688527],[114.557061,23.622204],[114.554609,23.590165],[114.57898,23.561498],[114.600591,23.555214],[114.606646,23.536838],[114.623583,23.529233],[114.625039,23.549406],[114.65554,23.562871],[114.661825,23.535623],[114.692173,23.532402],[114.698764,23.520624],[114.68267,23.493949],[114.697155,23.46061],[114.676079,23.45522],[114.632779,23.407865],[114.650712,23.396922],[114.652858,23.411882],[114.707501,23.40427],[114.693246,23.393538],[114.697461,23.366203],[114.719916,23.358588],[114.72758,23.327649],[114.75448,23.328812],[114.776628,23.313472],[114.768581,23.2794],[114.786821,23.266277],[114.786361,23.207101],[114.850353,23.165271],[114.868823,23.189841],[114.859933,23.211072],[114.91174,23.274532],[114.913043,23.338756],[114.953891,23.343727],[114.948066,23.329606],[114.976116,23.316858],[114.978032,23.294374],[114.992133,23.296755],[115.007154,23.332356],[115.056125,23.321195],[115.12234,23.368159],[115.157517,23.362342],[115.17637,23.381008],[115.235457,23.385343],[115.240822,23.376725],[115.265039,23.384445],[115.295618,23.357319],[115.306117,23.360597],[115.310792,23.307971],[115.334856,23.322412],[115.377313,23.302892],[115.401378,23.276437],[115.403447,23.250083],[115.419311,23.243785]]],"type":"Polygon"}},{"type":"Feature","properties":{"display":"惠州","province":"广东省"},"geometry":{"coordinates":[[[[114.514451,22.660747],[114.608178,22.695613],[114.59423,22.721172],[114.601741,22.730736],[114.685966,22.765212],[114.709647,22.787678],[114.75241,22.759741],[114.733941,22.719259],[114.728576,22.651285],[114.740915,22.638473],[114.747352,22.581628],[114.875184,22.590351],[114.883614,22.540243],[114.925305,22.551628],[114.924232,22.610878],[114.93772,22.637357],[115.02616,22.702149],[114.994432,22.754376],[114.999797,22.773551],[114.977725,22.776631],[114.944388,22.809397],[114.950135,22.834722],[114.931666,22.840456],[114.925075,22.868323],[114.941245,22.877452],[114.917794,22.907009],[115.047925,22.966848],[115.062333,22.994106],[115.085937,23.007733],[115.099349,22.996227],[115.110998,23.009589],[115.146864,22.991136],[115.180431,23.040337],[115.24588,23.061803],[115.262664,23.091426],[115.290253,23.095559],[115.283509,23.157433],[115.325277,23.159392],[115.342367,23.19413],[115.404443,23.21986],[115.409655,23.237963],[115.425289,23.236322],[115.403447,23.250083],[115.401378,23.276437],[115.377313,23.302892],[115.334856,23.322412],[115.310792,23.307971],[115.306117,23.360597],[115.295618,23.357319],[115.265039,23.384445],[115.17637,23.381008],[115.157517,23.362342],[115.12234,23.368159],[115.056125,23.321195],[115.007154,23.332356],[114.992133,23.296755],[114.978032,23.294374],[114.976116,23.316858],[114.948066,23.329606],[114.953891,23.343727],[114.913043,23.338756],[114.919097,23.314848],[114.898865,23.246643],[114.879629,23.241139],[114.859933,23.211072],[114.868823,23.189841],[114.850353,23.165271],[114.834413,23.171784],[114.802455,23.205566],[114.786361,23.207101],[114.786821,23.266277],[114.768581,23.2794],[114.776628,23.313472],[114.75448,23.328812],[114.72758,23.327649],[114.719916,23.358588],[114.697461,23.366203],[114.693246,23.393538],[114.707501,23.40427],[114.652858,23.411882],[114.650712,23.396922],[114.632779,23.407865],[114.676079,23.45522],[114.697155,23.46061],[114.68267,23.493949],[114.698764,23.520624],[114.692173,23.532402],[114.661825,23.535623],[114.65554,23.562871],[114.625039,23.549406],[114.623583,23.529233],[114.567637,23.570738],[114.55047,23.605315],[114.557061,23.622204],[114.512688,23.688527],[114.473143,23.703349],[114.440112,23.687578],[114.421413,23.709942],[114.405395,23.708201],[114.388612,23.739262],[114.378649,23.744693],[114.368839,23.725499],[114.355351,23.736046],[114.337954,23.770632],[114.348913,23.791453],[114.326918,23.8324],[114.33029,23.852948],[114.356347,23.869595],[114.34991,23.887925],[114.331517,23.900512],[114.303161,23.891454],[114.28814,23.90541],[114.236716,23.910676],[114.271816,23.959482],[114.238479,23.941899],[114.201999,23.941267],[114.174333,23.959429],[114.158162,23.939846],[114.117008,23.929737],[114.075624,23.924366],[114.056771,23.935844],[114.036232,23.901776],[114.057767,23.846784],[114.035312,23.813378],[114.047728,23.803312],[114.037228,23.793509],[114.05999,23.775851],[114.038454,23.771212],[114.02489,23.752549],[114.009945,23.762988],[114.013087,23.777959],[113.976071,23.757716],[113.972853,23.739262],[113.920049,23.729454],[113.881884,23.685151],[113.847857,23.679348],[113.839963,23.655449],[113.818811,23.656188],[113.827778,23.648009],[113.817432,23.623471],[113.859582,23.60996],[113.864027,23.587368],[113.852838,23.570579],[113.871384,23.541327],[113.911543,23.504144],[113.946643,23.492522],[113.931162,23.483066],[113.938749,23.476726],[113.981743,23.472129],[113.955456,23.466053],[113.952774,23.442907],[113.98795,23.431439],[113.986801,23.405591],[114.000442,23.39338],[113.982049,23.379369],[114.000902,23.346636],[113.984195,23.330505],[113.996687,23.297443],[113.958445,23.314953],[113.958905,23.33262],[113.939285,23.342934],[113.895985,23.34505],[113.889394,23.334154],[113.890314,23.282681],[113.877209,23.264213],[113.895142,23.253523],[113.903802,23.212554],[113.8838,23.191694],[113.902116,23.177186],[113.895679,23.164529],[113.858739,23.157221],[113.844715,23.125599],[113.894836,23.111295],[113.970554,23.113308],[114.010252,23.083425],[114.065891,23.101441],[114.088959,23.094182],[114.102217,23.058623],[114.150269,23.024698],[114.124442,22.994],[114.158546,22.978303],[114.182303,22.995432],[114.212498,22.987796],[114.223841,22.963719],[114.211349,22.953959],[114.213035,22.928444],[114.259171,22.906054],[114.251737,22.884351],[114.231198,22.880318],[114.234953,22.792989],[114.26147,22.781783],[114.284844,22.808282],[114.353128,22.806636],[114.342706,22.783642],[114.355964,22.764893],[114.388075,22.757191],[114.404706,22.781305],[114.41827,22.766327],[114.403403,22.723935],[114.442028,22.697579],[114.431912,22.660907],[114.453447,22.669943],[114.514451,22.660747]]],[[[114.638144,22.585724],[114.658913,22.560512],[114.657763,22.575565],[114.638144,22.585724]]],[[[114.628947,22.448492],[114.652092,22.454507],[114.657227,22.462439],[114.620287,22.466325],[114.628947,22.448492]]],[[[114.609941,22.670262],[114.61293,22.661704],[114.617988,22.669518],[114.609941,22.670262]]],[[[114.845908,22.516779],[114.84062,22.502038],[114.855641,22.513799],[114.845908,22.516779]]],[[[114.649409,22.675152],[114.648107,22.664734],[114.653548,22.664043],[114.649409,22.675152]]],[[[114.72689,22.577693],[114.720836,22.588543],[114.719226,22.580246],[114.72689,22.577693]]],[[[114.641286,22.429378],[114.650482,22.428739],[114.659602,22.444073],[114.654238,22.445138],[114.641286,22.429378]]]],"type":"MultiPolygon"}},{"type":"Feature","properties":{"display":"江门","province":"广东省"},"geometry":{"coordinates":[[[[112.165431,22.385018],[112.144433,22.358597],[112.147268,22.339098],[112.128185,22.349754],[112.119832,22.337766],[112.119985,22.35636],[112.081896,22.351086],[112.065036,22.324392],[112.061511,22.28357],[112.036604,22.262781],[112.010547,22.266193],[112.004262,22.248333],[112.037906,22.232178],[112.037906,22.215061],[112.051625,22.207542],[112.03668,22.168019],[112.051165,22.14684],[112.027254,22.127044],[112.034381,22.113437],[112.105884,22.135795],[112.126116,22.096572],[112.156541,22.095718],[112.185051,22.066841],[112.226818,22.063585],[112.231263,22.0528],[112.216779,22.03956],[112.221607,22.01788],[112.232029,22.019589],[112.225669,22.012219],[112.263757,22.001432],[112.276939,21.982524],[112.318477,21.976381],[112.331045,21.9595],[112.350818,21.901631],[112.343077,21.876723],[112.370054,21.861434],[112.351737,21.849298],[112.358558,21.834006],[112.32775,21.799193],[112.333574,21.770844],[112.304529,21.744415],[112.303456,21.71445],[112.315105,21.700749],[112.409522,21.728417],[112.439411,21.803685],[112.47773,21.795663],[112.535591,21.754099],[112.639358,21.756025],[112.800374,21.924824],[112.840915,21.920496],[112.885135,21.852185],[112.911345,21.838979],[112.944529,21.84208],[112.989669,21.86956],[113.04753,21.956455],[113.054198,22.003835],[113.032279,22.045753],[113.035498,22.077357],[113.087152,22.126137],[113.106388,22.209355],[113.168541,22.238417],[113.193065,22.358171],[113.169154,22.377987],[113.165399,22.40025],[113.181646,22.40238],[113.192145,22.381662],[113.212224,22.398599],[113.262652,22.392048],[113.240121,22.476172],[113.187087,22.539924],[113.185095,22.574289],[113.157045,22.614228],[113.17061,22.651392],[113.161414,22.673717],[113.102096,22.698536],[113.059562,22.801219],[112.980396,22.802759],[112.923454,22.856274],[112.844594,22.835306],[112.852947,22.809609],[112.812099,22.791714],[112.822369,22.784545],[112.803899,22.752145],[112.807961,22.72877],[112.755771,22.692425],[112.717989,22.691681],[112.708256,22.71028],[112.69538,22.695613],[112.709022,22.729567],[112.69653,22.75905],[112.680436,22.747045],[112.701128,22.728398],[112.683885,22.733923],[112.680053,22.713999],[112.665109,22.724041],[112.664649,22.713043],[112.660127,22.727335],[112.646256,22.726698],[112.620965,22.70114],[112.604182,22.706241],[112.587321,22.696357],[112.600273,22.688439],[112.577359,22.656388],[112.546474,22.642248],[112.535591,22.67765],[112.560038,22.695826],[112.523176,22.728079],[112.47704,22.715912],[112.52172,22.607262],[112.463552,22.584873],[112.435732,22.619971],[112.435272,22.661279],[112.419562,22.664202],[112.400402,22.635921],[112.405077,22.618216],[112.380247,22.594978],[112.377411,22.552479],[112.344533,22.564342],[112.359631,22.545457],[112.33641,22.545457],[112.323918,22.554554],[112.328133,22.569874],[112.309127,22.572427],[112.301233,22.515289],[112.25732,22.500229],[112.262531,22.480803],[112.235938,22.427035],[112.243678,22.408238],[112.196163,22.404936],[112.189189,22.36467],[112.165431,22.385018]]],[[[112.77539,21.564101],[112.817311,21.59008],[112.798918,21.610861],[112.821066,21.653697],[112.805432,21.68132],[112.811256,21.703746],[112.832945,21.736389],[112.875785,21.750354],[112.876015,21.772716],[112.840839,21.776674],[112.800067,21.759502],[112.781368,21.768329],[112.782287,21.737994],[112.724196,21.719694],[112.707872,21.698501],[112.713467,21.673344],[112.734542,21.666599],[112.754621,21.682658],[112.780295,21.671524],[112.73094,21.613752],[112.735385,21.602506],[112.756001,21.611932],[112.753548,21.583546],[112.76696,21.588099],[112.761289,21.573743],[112.77539,21.564101]]],[[[112.530993,21.583921],[112.562414,21.59008],[112.544788,21.600631],[112.568622,21.619429],[112.621502,21.606737],[112.637672,21.632655],[112.659821,21.630942],[112.665645,21.642507],[112.639895,21.6545],[112.640431,21.673719],[112.665952,21.683943],[112.664036,21.713754],[112.610006,21.702676],[112.592303,21.693042],[112.589237,21.676128],[112.559808,21.665475],[112.570461,21.64572],[112.535055,21.628479],[112.530993,21.583921]]],[[[112.435426,21.663548],[112.456348,21.648772],[112.466081,21.686673],[112.458417,21.690098],[112.435426,21.663548]]],[[[112.6799,21.707493],[112.690092,21.699893],[112.686184,21.713701],[112.6799,21.707493]]],[[[112.883449,21.593776],[112.902532,21.602292],[112.903222,21.610861],[112.861991,21.60663],[112.883449,21.593776]]],[[[113.025459,21.847801],[113.04684,21.854752],[113.045844,21.882763],[113.007372,21.869186],[113.025459,21.847801]]],[[[112.656372,21.595704],[112.667025,21.607862],[112.65369,21.60588],[112.656372,21.595704]]],[[[112.587934,21.58617],[112.60035,21.591741],[112.59989,21.599185],[112.581727,21.600578],[112.587934,21.58617]]],[[[112.674228,21.610646],[112.672312,21.617608],[112.664802,21.612467],[112.674228,21.610646]]],[[[112.794013,21.568922],[112.814245,21.569458],[112.818077,21.579635],[112.794013,21.568922]]]],"type":"MultiPolygon"}},{"type":"Feature","properties":{"display":"佛山","province":"广东省"},"geometry":{"coordinates":[[[[112.975184,23.463622],[112.957634,23.447558],[112.930198,23.463094],[112.928435,23.483488],[112.903298,23.488613],[112.887741,23.517402],[112.91533,23.55231],[112.900309,23.566725],[112.893412,23.55268],[112.86291,23.57343],[112.827197,23.567042],[112.831642,23.537577],[112.850418,23.527596],[112.845743,23.487134],[112.811793,23.462513],[112.787269,23.371173],[112.806582,23.367419],[112.814092,23.391793],[112.838386,23.387352],[112.863907,23.349122],[112.883296,23.347324],[112.866895,23.293263],[112.823595,23.24569],[112.8472,23.238651],[112.842984,23.224465],[112.815012,23.217107],[112.810873,23.200378],[112.80091,23.200431],[112.799837,23.228224],[112.786349,23.205937],[112.781521,23.225842],[112.769412,23.223354],[112.764431,23.202919],[112.798458,23.13863],[112.834094,23.014784],[112.794856,22.990394],[112.790564,23.00206],[112.789721,23.00137],[112.777076,22.996545],[112.759679,22.979735],[112.751556,22.99103],[112.734772,22.98122],[112.734082,22.940751],[112.708869,22.927754],[112.699749,22.94839],[112.672696,22.940486],[112.696683,22.917196],[112.692468,22.901969],[112.587168,22.862962],[112.561648,22.873312],[112.571841,22.833077],[112.527544,22.815131],[112.52034,22.82729],[112.499035,22.826918],[112.482788,22.795006],[112.392509,22.76978],[112.411898,22.671219],[112.426306,22.670847],[112.448607,22.70842],[112.47658,22.704009],[112.500108,22.728664],[112.523176,22.728079],[112.560038,22.695826],[112.535591,22.67765],[112.546474,22.642248],[112.577359,22.656388],[112.600273,22.688439],[112.587321,22.696357],[112.604182,22.706241],[112.620965,22.70114],[112.646256,22.726698],[112.660127,22.727335],[112.664649,22.713043],[112.665109,22.724041],[112.680053,22.713999],[112.683885,22.733923],[112.701128,22.728398],[112.680436,22.747045],[112.69653,22.75905],[112.709022,22.729567],[112.69538,22.695613],[112.708256,22.71028],[112.717989,22.691681],[112.755771,22.692425],[112.807961,22.72877],[112.803899,22.752145],[112.822369,22.784545],[112.812099,22.791714],[112.852947,22.809609],[112.844594,22.835306],[112.867892,22.835412],[112.883679,22.852187],[112.900463,22.845286],[112.923454,22.856274],[112.988596,22.800423],[113.049523,22.807751],[113.075273,22.777959],[113.102096,22.698536],[113.161414,22.673717],[113.201035,22.675949],[113.204254,22.697314],[113.243033,22.745345],[113.270546,22.726485],[113.284877,22.738864],[113.329097,22.741255],[113.365116,22.772595],[113.356533,22.792989],[113.393396,22.809822],[113.312083,22.830369],[113.300434,22.87708],[113.27706,22.894699],[113.282424,22.927383],[113.298212,22.934014],[113.251923,22.970348],[113.254912,23.044842],[113.211688,23.043305],[113.184865,23.05963],[113.177201,23.076695],[113.208776,23.083531],[113.215826,23.100646],[113.203718,23.121891],[113.211535,23.142603],[113.186857,23.14827],[113.209006,23.192171],[113.177508,23.220866],[113.177738,23.271304],[113.128,23.31453],[113.105775,23.302733],[113.105545,23.289718],[113.072284,23.284268],[113.079795,23.250083],[113.044925,23.2522],[113.051439,23.278395],[113.032509,23.300881],[113.037567,23.320084],[113.023466,23.324898],[113.043392,23.351131],[113.034808,23.357372],[113.018331,23.341347],[112.989822,23.354728],[112.980626,23.380268],[113.001088,23.406332],[112.982771,23.434451],[112.989132,23.443277],[112.96024,23.425995],[112.975184,23.463622]]],[[[112.788572,23.001158],[112.790564,23.00206],[112.787882,23.000999],[112.788572,23.001158]]]],"type":"MultiPolygon"}},{"type":"Feature","properties":{"display":"中山","province":"广东省"},"geometry":{"coordinates":[[[113.568743,22.411912],[113.631509,22.47596],[113.668448,22.480431],[113.692052,22.515129],[113.651588,22.515715],[113.62078,22.579554],[113.561615,22.607528],[113.533106,22.656388],[113.540693,22.666222],[113.467964,22.728504],[113.412172,22.742849],[113.365116,22.772595],[113.329097,22.741255],[113.284877,22.738864],[113.270546,22.726485],[113.243033,22.745345],[113.204254,22.697314],[113.201035,22.675949],[113.161414,22.673717],[113.17061,22.651392],[113.157045,22.614228],[113.185095,22.574289],[113.187087,22.539924],[113.240121,22.476172],[113.262652,22.392048],[113.32036,22.329561],[113.352395,22.249133],[113.390943,22.231858],[113.415774,22.202902],[113.486357,22.227113],[113.478847,22.23831],[113.512797,22.249986],[113.470493,22.310377],[113.504137,22.324286],[113.490342,22.34075],[113.49586,22.407546],[113.568743,22.411912]]],"type":"Polygon"}},{"type":"Feature","properties":{"display":"珠海","province":"广东省"},"geometry":{"coordinates":[[[[113.262652,22.392048],[113.212224,22.398599],[113.192145,22.381662],[113.181646,22.40238],[113.165399,22.40025],[113.169154,22.377987],[113.193065,22.358171],[113.185478,22.294762],[113.168541,22.238417],[113.106388,22.209355],[113.087152,22.126137],[113.10156,22.048262],[113.143097,22.011846],[113.151451,21.979853],[113.218126,21.904998],[113.26679,21.871645],[113.3199,21.909701],[113.33768,21.969009],[113.442214,22.009496],[113.459764,22.043724],[113.482679,22.054669],[113.530654,22.07362],[113.565754,22.07266],[113.554641,22.142411],[113.534562,22.1741],[113.538241,22.209409],[113.597175,22.234951],[113.590124,22.29391],[113.616948,22.31885],[113.604762,22.339897],[113.62806,22.349274],[113.669904,22.435607],[113.624841,22.442955],[113.608901,22.408824],[113.585986,22.40041],[113.537168,22.416332],[113.49586,22.407546],[113.490342,22.34075],[113.504137,22.324286],[113.470493,22.310377],[113.512797,22.249986],[113.430565,22.201302],[113.352395,22.249133],[113.32036,22.329561],[113.262652,22.392048]]],[[[114.051789,22.086324],[114.047651,22.108954],[114.026959,22.10319],[114.034546,22.091342],[114.051789,22.086324]]],[[[114.222615,22.018948],[114.311361,22.041428],[114.32301,22.064172],[114.239781,22.035502],[114.222615,22.018948]]],[[[113.714584,22.007413],[113.729988,22.016385],[113.723014,22.02872],[113.702628,22.029308],[113.695731,22.021565],[113.714584,22.007413]]],[[[113.830767,21.996625],[113.831763,21.98888],[113.842339,21.998868],[113.830767,21.996625]]],[[[114.009945,21.853148],[114.016536,21.863145],[114.031557,21.873623],[114.010252,21.86368],[114.009945,21.853148]]],[[[113.815056,22.157136],[113.808542,22.174207],[113.799575,22.166472],[113.815056,22.157136]]],[[[113.999293,22.045273],[114.001055,22.035929],[114.005424,22.045112],[113.999293,22.045273]]],[[[113.765165,21.961958],[113.778653,21.978357],[113.772905,21.998761],[113.742403,21.987812],[113.765165,21.961958]]],[[[114.034469,21.886077],[114.04926,21.88271],[114.063592,21.892384],[114.058687,21.902326],[114.034469,21.886077]]],[[[113.922962,22.048583],[113.924111,22.032778],[113.937753,22.036249],[113.922962,22.048583]]],[[[113.143251,21.831707],[113.159881,21.851864],[113.187624,21.848389],[113.205787,21.871324],[113.18088,21.862183],[113.167698,21.876563],[113.151221,21.864963],[113.144707,21.873516],[113.143251,21.831707]]],[[[113.722937,21.922152],[113.743476,21.928244],[113.751677,21.940747],[113.743093,21.950738],[113.717956,21.951273],[113.722937,21.922152]]],[[[113.88426,22.112583],[113.869622,22.11301],[113.880581,22.10746],[113.88426,22.112583]]],[[[113.828238,22.117919],[113.83958,22.130993],[113.828544,22.156283],[113.818045,22.153295],[113.816435,22.132327],[113.828238,22.117919]]],[[[114.18989,21.986423],[114.220239,21.989842],[114.223841,22.007787],[114.18192,22.010938],[114.18989,21.986423]]],[[[113.165399,21.953463],[113.172373,21.941068],[113.172066,21.954745],[113.165399,21.953463]]],[[[114.153947,21.975099],[114.17234,21.999776],[114.124212,21.985248],[114.123675,21.97996],[114.153947,21.975099]]],[[[113.150455,21.937915],[113.127617,21.910395],[113.125164,21.896126],[113.156202,21.919587],[113.150455,21.937915]]],[[[113.67136,22.045433],[113.670211,22.033419],[113.666532,22.02338],[113.675805,22.029361],[113.67136,22.045433]]],[[[113.683163,21.938824],[113.709449,21.944968],[113.70669,21.957203],[113.692819,21.962973],[113.683163,21.938824]]],[[[113.901733,22.114184],[113.890161,22.122775],[113.886405,22.111249],[113.901733,22.114184]]],[[[113.707687,22.143532],[113.707993,22.134728],[113.722094,22.141878],[113.707687,22.143532]]],[[[114.007493,22.026958],[114.017992,22.028346],[114.013471,22.038225],[114.007493,22.026958]]],[[[113.702705,22.101696],[113.700866,22.094864],[113.711059,22.091769],[113.702705,22.101696]]],[[[114.126664,21.961744],[114.142835,21.965484],[114.139003,21.970345],[114.126664,21.961744]]],[[[113.576866,22.212075],[113.576176,22.201036],[113.586523,22.201036],[113.590738,22.208982],[113.576866,22.212075]]]],"type":"MultiPolygon"}},{"type":"Feature","properties":{"display":"韶关","province":"广东省"},"geometry":{"coordinates":[[[113.800265,23.902566],[113.865177,23.928947],[114.008413,23.933001],[114.033856,23.91889],[114.036232,23.901776],[114.056771,23.935844],[114.075624,23.924366],[114.117008,23.929737],[114.158162,23.939846],[114.174333,23.959429],[114.201999,23.941267],[114.238479,23.941899],[114.263309,23.960218],[114.271739,23.948479],[114.251047,23.940477],[114.236716,23.910676],[114.28814,23.90541],[114.303161,23.891454],[114.331517,23.900512],[114.34991,23.887925],[114.382481,23.932159],[114.385546,24.003901],[114.398038,24.026],[114.420416,24.019582],[114.425628,24.032998],[114.440725,24.033208],[114.437813,24.062192],[114.481267,24.086595],[114.495828,24.118617],[114.509469,24.106682],[114.533993,24.138856],[114.535833,24.124347],[114.554226,24.124295],[114.565568,24.136175],[114.558134,24.15063],[114.594077,24.164138],[114.597602,24.21248],[114.556065,24.245888],[114.474216,24.16624],[114.460574,24.169604],[114.479044,24.112939],[114.46387,24.110836],[114.419956,24.139329],[114.365161,24.132233],[114.352209,24.143219],[114.329831,24.126871],[114.254802,24.256707],[114.272889,24.257495],[114.254649,24.266055],[114.266451,24.272776],[114.279326,24.303176],[114.272966,24.324856],[114.293581,24.352672],[114.278637,24.364951],[114.249208,24.362695],[114.254879,24.400155],[114.242004,24.426014],[114.310595,24.480757],[114.286607,24.500572],[114.273732,24.533695],[114.310518,24.558583],[114.308142,24.574143],[114.27902,24.631596],[114.207134,24.653952],[114.174563,24.645576],[114.175866,24.658978],[114.189814,24.657983],[114.169045,24.689651],[114.272506,24.700432],[114.284385,24.72738],[114.335808,24.749092],[114.342399,24.807353],[114.377882,24.860832],[114.40302,24.877555],[114.390758,24.913138],[114.402177,24.928444],[114.395892,24.951112],[114.425551,24.959259],[114.423635,24.972576],[114.456666,24.978528],[114.456666,24.99722],[114.479887,25.005781],[114.506174,25.000091],[114.516903,25.024573],[114.539664,25.031619],[114.561583,25.077592],[114.598369,25.071123],[114.604653,25.083696],[114.640136,25.073888],[114.66512,25.101224],[114.735627,25.122035],[114.735014,25.155826],[114.685736,25.173188],[114.680141,25.1931],[114.695162,25.195185],[114.702213,25.221192],[114.726277,25.233073],[114.740685,25.226246],[114.748425,25.235157],[114.738309,25.231978],[114.749345,25.242555],[114.742907,25.274542],[114.723978,25.28397],[114.714398,25.315373],[114.627568,25.330628],[114.599518,25.359417],[114.599748,25.385856],[114.586183,25.3959],[114.573002,25.384503],[114.579056,25.397617],[114.540431,25.417025],[114.505944,25.39871],[114.508856,25.384659],[114.496977,25.377634],[114.477741,25.371544],[114.448006,25.386533],[114.430149,25.343852],[114.382941,25.317143],[114.31481,25.338594],[114.306226,25.334117],[114.312357,25.311832],[114.292891,25.289178],[114.270973,25.302146],[114.257025,25.29272],[114.204681,25.299646],[114.194105,25.317351],[114.173643,25.305062],[114.131339,25.308447],[114.083517,25.275532],[114.055928,25.277667],[114.039911,25.250735],[114.01462,25.280532],[114.027649,25.301833],[114.056158,25.311884],[114.029335,25.328338],[114.051406,25.34885],[114.047881,25.367276],[114.024353,25.37399],[114.045122,25.384035],[114.010788,25.386429],[113.98772,25.403497],[113.997913,25.444232],[113.961894,25.452554],[113.93507,25.437522],[113.886865,25.436637],[113.892077,25.411874],[113.876902,25.38034],[113.839733,25.363477],[113.814979,25.328702],[113.758114,25.330004],[113.754129,25.361186],[113.73451,25.348902],[113.706537,25.360874],[113.679101,25.334481],[113.61074,25.327036],[113.585986,25.307353],[113.581464,25.342707],[113.544295,25.3666],[113.524293,25.353587],[113.504137,25.374979],[113.442291,25.361291],[113.424127,25.392673],[113.373317,25.402612],[113.359752,25.438406],[113.340056,25.449901],[113.313923,25.442931],[113.303347,25.515836],[113.282654,25.494208],[113.249087,25.51412],[113.226172,25.509701],[113.200805,25.479389],[113.177048,25.471589],[113.151987,25.492232],[113.149995,25.468],[113.134591,25.467688],[113.118497,25.44548],[113.131525,25.414735],[113.092363,25.417493],[113.080178,25.383358],[113.02975,25.361239],[113.023696,25.345934],[112.968134,25.349839],[112.931807,25.322819],[112.927822,25.299907],[112.900616,25.311363],[112.894868,25.337605],[112.851798,25.33344],[112.856396,25.291574],[112.873946,25.274282],[112.868351,25.248808],[112.904524,25.238439],[112.958401,25.254382],[112.992581,25.247193],[113.034502,25.201388],[112.974341,25.168235],[112.96798,25.141644],[113.018408,25.083122],[112.97848,25.026504],[113.009978,24.97738],[113.002774,24.957118],[113.011894,24.946099],[112.991661,24.937533],[113.019557,24.855971],[112.95158,24.815771],[112.960087,24.800974],[112.933647,24.755369],[112.930351,24.718695],[112.900616,24.713776],[112.914487,24.662695],[112.896401,24.650602],[112.887971,24.595304],[112.91717,24.60049],[112.964378,24.586138],[112.96139,24.570266],[112.981928,24.542917],[113.063701,24.468804],[113.087305,24.471583],[113.096808,24.496431],[113.114128,24.502983],[113.153367,24.467703],[113.16195,24.479027],[113.20617,24.476458],[113.216516,24.495697],[113.25108,24.510216],[113.272155,24.466969],[113.294993,24.457164],[113.350632,24.472159],[113.37416,24.49402],[113.415544,24.485266],[113.419223,24.459943],[113.440988,24.453703],[113.507816,24.484007],[113.518852,24.469852],[113.540463,24.506233],[113.579548,24.50052],[113.589665,24.515248],[113.609667,24.489983],[113.63718,24.486471],[113.683163,24.454175],[113.709909,24.412377],[113.722248,24.414633],[113.726999,24.437028],[113.762866,24.43299],[113.765318,24.417727],[113.803867,24.401781],[113.800955,24.377334],[113.817048,24.34459],[113.850462,24.318872],[113.84004,24.265109],[113.890774,24.241476],[113.896522,24.210326],[113.930319,24.19593],[113.857053,24.16151],[113.870465,24.141169],[113.839273,24.119931],[113.836821,24.088331],[113.845711,24.086806],[113.83115,24.063507],[113.803637,24.053566],[113.790608,24.025106],[113.753592,24.026842],[113.718646,23.993008],[113.744703,23.95906],[113.774285,23.952691],[113.775358,23.938424],[113.799345,23.923524],[113.800265,23.902566]]],"type":"Polygon"}},{"type":"Feature","properties":{"display":"揭阳","province":"广东省"},"geometry":{"coordinates":[[[116.552551,23.105891],[116.445488,23.093281],[116.426865,23.063393],[116.3805,23.039807],[116.368314,23.05751],[116.346703,23.05857],[116.327543,23.09646],[116.29137,23.099162],[116.29183,23.110501],[116.244545,23.140431],[116.252362,23.176286],[116.262325,23.175174],[116.252745,23.191536],[116.269222,23.204984],[116.259719,23.216842],[116.294129,23.239815],[116.308997,23.296067],[116.328846,23.299559],[116.319573,23.332303],[116.348848,23.335794],[116.354903,23.347324],[116.34563,23.408182],[116.322868,23.421767],[116.316891,23.442273],[116.350764,23.449619],[116.377051,23.500658],[116.41491,23.510271],[116.426482,23.468642],[116.482581,23.500552],[116.491164,23.478734],[116.465721,23.442485],[116.523429,23.437517],[116.544887,23.424356],[116.568339,23.378258],[116.591177,23.426524],[116.580294,23.461139],[116.630108,23.429378],[116.633557,23.45057],[116.619762,23.466423],[116.559908,23.482432],[116.543661,23.505623],[116.544811,23.528546],[116.570638,23.548614],[116.567036,23.569207],[116.526264,23.590165],[116.533545,23.617296],[116.514156,23.655924],[116.474534,23.655924],[116.470319,23.669589],[116.444722,23.6698],[116.43154,23.690637],[116.404104,23.694382],[116.37161,23.717431],[116.335437,23.773953],[116.271215,23.757294],[116.233126,23.718169],[116.227684,23.728821],[116.214119,23.71896],[116.214349,23.702558],[116.181089,23.68552],[116.17764,23.657296],[116.191358,23.641361],[116.165455,23.616082],[116.09878,23.622574],[116.056476,23.646374],[116.021223,23.644685],[116.006585,23.675497],[115.985816,23.676974],[115.954471,23.64516],[115.897836,23.620093],[115.86036,23.65756],[115.83461,23.660884],[115.800047,23.615502],[115.812309,23.578974],[115.786175,23.517455],[115.751612,23.52749],[115.723179,23.514656],[115.687389,23.557538],[115.639797,23.528758],[115.642096,23.513863],[115.622094,23.507102],[115.606537,23.471865],[115.682868,23.407759],[115.671602,23.38344],[115.676813,23.354992],[115.777668,23.383651],[115.819666,23.335741],[115.802039,23.324422],[115.797671,23.286596],[115.831621,23.258128],[115.758126,23.244949],[115.752148,23.193601],[115.73866,23.211125],[115.725631,23.183805],[115.833154,23.122897],[115.85147,23.098791],[115.864345,23.117865],[115.908795,23.125652],[115.939833,23.082206],[115.937688,23.067156],[115.966963,23.04728],[115.950716,23.024327],[115.937688,23.030424],[115.923586,23.017594],[115.942209,23.006195],[115.959989,23.017435],[115.941213,22.987053],[115.943819,22.956293],[115.963515,22.94961],[115.973247,22.969818],[115.977846,22.951838],[115.967116,22.943775],[115.983287,22.925897],[116.005665,22.945632],[116.080234,22.915764],[116.109969,22.891143],[116.135106,22.900589],[116.156105,22.886208],[116.172505,22.893425],[116.16806,22.913695],[116.181549,22.92611],[116.223929,22.926852],[116.226918,22.914491],[116.302789,22.951519],[116.382646,22.919213],[116.45024,22.936773],[116.505572,22.930884],[116.540979,22.994583],[116.576002,23.017117],[116.563204,23.025812],[116.565809,23.08316],[116.552551,23.105891]]],"type":"Polygon"}},{"type":"Feature","properties":{"display":"潮州","province":"广东省"},"geometry":{"coordinates":[[[116.91704,23.531662],[116.963405,23.506997],[117.010231,23.502665],[117.044795,23.539689],[117.09959,23.537577],[117.192935,23.561656],[117.192552,23.629593],[117.147489,23.653813],[117.124881,23.646057],[117.115454,23.665263],[117.087941,23.669325],[117.053225,23.698391],[117.047783,23.758665],[117.020041,23.800729],[117.022416,23.838776],[117.01207,23.855266],[116.962026,23.861377],[116.979269,23.884449],[116.954745,23.920417],[116.980189,23.941056],[116.981339,23.996692],[116.954439,24.005954],[116.939801,24.03305],[116.952446,24.054723],[116.929761,24.065453],[116.926619,24.098585],[116.934896,24.126923],[116.998659,24.17901],[116.956125,24.216998],[116.917116,24.232809],[116.896577,24.218784],[116.904548,24.202813],[116.884315,24.193671],[116.878568,24.167817],[116.867072,24.163717],[116.847836,24.182689],[116.831819,24.161878],[116.809594,24.169183],[116.780241,24.147319],[116.76637,24.124032],[116.76752,24.074657],[116.75748,24.082125],[116.734642,24.053619],[116.71257,24.062455],[116.700155,24.050094],[116.708815,24.019161],[116.690422,24.005375],[116.68797,23.981062],[116.646969,23.994429],[116.637312,23.968851],[116.610796,23.968483],[116.62574,23.950006],[116.604205,23.950322],[116.604741,23.910781],[116.590487,23.900933],[116.557992,23.907253],[116.514386,23.866698],[116.496989,23.869226],[116.525881,23.8324],[116.509864,23.827764],[116.516761,23.802679],[116.496146,23.752496],[116.464954,23.755238],[116.436215,23.780331],[116.416903,23.777854],[116.368468,23.73304],[116.377741,23.712209],[116.43154,23.690637],[116.444722,23.6698],[116.448477,23.677766],[116.474534,23.655924],[116.514156,23.655924],[116.533545,23.617296],[116.526264,23.590165],[116.567036,23.569207],[116.570638,23.548614],[116.544811,23.528546],[116.543661,23.505623],[116.559908,23.482432],[116.619762,23.466423],[116.633557,23.45057],[116.630108,23.429378],[116.702608,23.438204],[116.717935,23.471072],[116.70483,23.517561],[116.70621,23.542541],[116.719391,23.552522],[116.702991,23.574433],[116.71303,23.597925],[116.738934,23.60162],[116.761389,23.573958],[116.785223,23.579554],[116.795799,23.610488],[116.827527,23.611807],[116.821319,23.635609],[116.830976,23.645793],[116.874812,23.616082],[116.900639,23.61946],[116.91704,23.531662]]],"type":"Polygon"}},{"type":"Feature","properties":{"display":"深圳","province":"广东省"},"geometry":{"coordinates":[[[[114.229205,22.81253],[114.180847,22.775728],[114.182073,22.765265],[114.201079,22.764787],[114.215641,22.73557],[114.196711,22.710227],[114.195332,22.680095],[114.172494,22.654368],[114.15548,22.668933],[114.16391,22.665372],[114.167436,22.680679],[114.144674,22.714159],[114.107198,22.722979],[114.098462,22.747205],[114.074781,22.740883],[114.049414,22.756448],[114.049797,22.771161],[114.002971,22.763459],[113.990863,22.800211],[113.974999,22.798458],[113.972393,22.812476],[113.937829,22.832705],[113.910929,22.829997],[113.893916,22.846189],[113.89951,22.855478],[113.841496,22.833979],[113.837204,22.800901],[113.802257,22.784863],[113.790838,22.75342],[113.751447,22.715381],[113.782255,22.625713],[113.832223,22.570246],[113.834675,22.539552],[113.856593,22.539605],[113.862801,22.475853],[113.881731,22.446788],[113.915758,22.455945],[113.976531,22.510606],[114.054702,22.49959],[114.094093,22.533593],[114.117238,22.526942],[114.153488,22.539285],[114.165596,22.558916],[114.223304,22.552745],[114.232578,22.54003],[114.304847,22.568704],[114.325309,22.588649],[114.398345,22.602848],[114.422562,22.592744],[114.467625,22.53338],[114.474446,22.464515],[114.48985,22.443647],[114.52541,22.440559],[114.549244,22.46574],[114.611397,22.482027],[114.627798,22.502996],[114.614539,22.545191],[114.568097,22.560778],[114.559054,22.583277],[114.60312,22.638739],[114.60289,22.655272],[114.515217,22.655485],[114.505867,22.668455],[114.431912,22.660907],[114.428157,22.676746],[114.445324,22.68897],[114.403403,22.723935],[114.41827,22.766327],[114.404706,22.781305],[114.388075,22.757191],[114.355964,22.764893],[114.342706,22.783642],[114.353128,22.806636],[114.284844,22.808282],[114.250817,22.781677],[114.229205,22.81253]]],[[[113.819961,22.396362],[113.811224,22.420432],[113.7867,22.413563],[113.807315,22.40025],[113.819961,22.396362]]],[[[113.844485,22.510234],[113.856823,22.503582],[113.842569,22.515821],[113.844485,22.510234]]],[[[113.844485,22.503369],[113.847244,22.491927],[113.851995,22.49661],[113.844485,22.503369]]]],"type":"MultiPolygon"}},{"type":"Feature","properties":{"display":"贵阳","province":"贵州省"},"geometry":{"coordinates":[[[107.200763,27.355803],[107.170482,27.356629],[107.098585,27.321533],[107.005761,27.355207],[106.894049,27.263427],[106.857411,27.308042],[106.820533,27.32424],[106.795289,27.312631],[106.79259,27.276602],[106.745159,27.21806],[106.74276,27.238955],[106.754153,27.245062],[106.735325,27.255898],[106.714877,27.309235],[106.632907,27.302397],[106.619475,27.274766],[106.586855,27.251353],[106.451696,27.190363],[106.440063,27.161969],[106.413679,27.148964],[106.399648,27.091964],[106.413559,27.041192],[106.441922,27.007468],[106.383397,26.976957],[106.354435,26.892329],[106.331529,26.882932],[106.301487,26.895507],[106.26275,26.857778],[106.223234,26.890901],[106.140065,26.846581],[106.125733,26.803903],[106.172685,26.767573],[106.16393,26.709734],[106.173344,26.682419],[106.125074,26.657728],[106.187496,26.587087],[106.184078,26.554661],[106.2134,26.538259],[106.276962,26.555539],[106.315698,26.536365],[106.325712,26.520331],[106.320076,26.494865],[106.352756,26.47374],[106.327391,26.451732],[106.398209,26.439709],[106.443901,26.457604],[106.450977,26.422968],[106.46117,26.425419],[106.497568,26.379946],[106.562689,26.375782],[106.562089,26.338437],[106.547218,26.317977],[106.522393,26.31557],[106.515738,26.295291],[106.487075,26.273851],[106.500627,26.244904],[106.513219,26.24898],[106.500747,26.224335],[106.567486,26.233276],[106.591472,26.219887],[106.629489,26.235037],[106.629429,26.270193],[106.649157,26.268201],[106.688133,26.291726],[106.722792,26.276908],[106.742041,26.288299],[106.753134,26.265098],[106.794989,26.269267],[106.797927,26.223316],[106.835764,26.183418],[106.858191,26.186894],[106.886194,26.213679],[106.858191,26.243931],[106.886074,26.272138],[106.868384,26.29793],[106.874381,26.314042],[106.840981,26.304227],[106.785095,26.313023],[106.82617,26.348156],[106.833605,26.386609],[106.778679,26.374163],[106.757032,26.391883],[106.784735,26.426806],[106.813338,26.430044],[106.812678,26.44794],[106.829048,26.453073],[106.805302,26.48072],[106.843379,26.517465],[106.851475,26.540292],[106.833605,26.556093],[106.840981,26.567272],[106.916115,26.596739],[106.911618,26.61304],[106.872942,26.623152],[106.896687,26.63871],[106.962048,26.647342],[106.95761,26.660128],[106.948736,26.656159],[106.951494,26.684495],[106.972601,26.690356],[106.965646,26.722144],[106.982136,26.726388],[106.968344,26.739903],[107.042459,26.769325],[107.0746,26.802797],[107.130546,26.820266],[107.216654,26.811924],[107.255271,26.792286],[107.266064,26.803258],[107.279196,26.86409],[107.250533,26.963194],[107.236082,26.996563],[107.198365,27.008435],[107.192249,27.026655],[107.167004,27.025826],[107.166644,27.040916],[107.174259,27.092976],[107.190869,27.115043],[107.180496,27.145655],[107.258688,27.180623],[107.262406,27.216269],[107.236742,27.241068],[107.155791,27.23418],[107.138401,27.245154],[107.202982,27.318045],[107.200763,27.355803]]],"type":"Polygon"}},{"type":"Feature","properties":{"display":"黔南","province":"贵州省"},"geometry":{"coordinates":[[[[106.501286,26.25741],[106.36199,26.281863],[106.360791,26.254122],[106.337405,26.222343],[106.319056,26.222343],[106.297829,26.253195],[106.257414,26.242449],[106.243262,26.22452],[106.273604,26.223084],[106.299448,26.199499],[106.284517,26.191853],[106.275463,26.143878],[106.256814,26.129829],[106.276302,26.128624],[106.286676,26.102145],[106.269586,26.089807],[106.256634,26.102191],[106.245601,26.093054],[106.226832,26.03237],[106.276602,26.020072],[106.303226,26.002759],[106.31246,25.978898],[106.287096,25.963204],[106.289434,25.938545],[106.276362,25.937802],[106.277382,25.923404],[106.297949,25.912999],[106.273364,25.858961],[106.243202,25.831538],[106.259273,25.744438],[106.255375,25.728202],[106.231989,25.714522],[106.24692,25.698189],[106.308923,25.728295],[106.301787,25.697211],[106.326552,25.672404],[106.401806,25.650711],[106.436525,25.67785],[106.488934,25.646846],[106.470705,25.601863],[106.433047,25.560404],[106.435206,25.528997],[106.417217,25.496883],[106.397729,25.486953],[106.39611,25.45534],[106.410861,25.452776],[106.419556,25.430949],[106.39527,25.418309],[106.391493,25.400675],[106.424353,25.389944],[106.423633,25.32624],[106.456733,25.323766],[106.483297,25.29085],[106.506383,25.21873],[106.446299,25.176204],[106.47838,25.158815],[106.525931,25.099199],[106.522573,25.05986],[106.551296,25.082829],[106.590632,25.087787],[106.640522,25.135066],[106.645019,25.164846],[106.691131,25.179242],[106.722433,25.161854],[106.764647,25.183121],[106.798107,25.170455],[106.852734,25.186954],[106.888292,25.182186],[106.912997,25.243024],[106.933265,25.250451],[106.976079,25.232933],[106.995867,25.239613],[106.987472,25.255776],[107.013736,25.275346],[107.014276,25.344818],[106.986933,25.359753],[106.963727,25.437339],[106.996467,25.442702],[107.019073,25.497395],[107.070102,25.511752],[107.064526,25.559518],[107.185233,25.57834],[107.211197,25.609175],[107.228647,25.60489],[107.237641,25.551644],[107.328666,25.494552],[107.321231,25.484575],[107.332744,25.446713],[107.308398,25.433141],[107.314874,25.402634],[107.364644,25.394983],[107.375798,25.412058],[107.42089,25.39307],[107.409138,25.347152],[107.432703,25.289122],[107.481574,25.300188],[107.490089,25.2767],[107.472279,25.21373],[107.513115,25.21658],[107.518331,25.207609],[107.558927,25.246901],[107.599402,25.250965],[107.593766,25.262829],[107.605639,25.255215],[107.631963,25.310133],[107.659666,25.316296],[107.6689,25.307472],[107.658347,25.293371],[107.661885,25.258952],[107.696244,25.219851],[107.694625,25.197889],[107.742116,25.240221],[107.762144,25.228962],[107.759985,25.188636],[107.789488,25.154748],[107.762684,25.124499],[107.76898,25.117531],[107.819529,25.129174],[107.841896,25.115941],[107.872417,25.141611],[107.928604,25.155824],[108.001939,25.196534],[108.080612,25.193777],[108.114911,25.210226],[108.13374,25.234381],[108.143334,25.269788],[108.135958,25.297854],[108.152088,25.324419],[108.136618,25.343138],[108.152148,25.353732],[108.155267,25.377953],[108.142794,25.390644],[108.18255,25.391577],[108.193284,25.405527],[108.157605,25.439018],[108.192624,25.459071],[108.221407,25.450071],[108.225844,25.426985],[108.252048,25.430483],[108.236098,25.449371],[108.240715,25.461915],[108.299239,25.501125],[108.305416,25.516227],[108.283109,25.546239],[108.286707,25.567905],[108.260623,25.588449],[108.246831,25.585887],[108.246951,25.620678],[108.237297,25.628501],[108.217149,25.611271],[108.181711,25.616487],[108.186208,25.642796],[108.1657,25.65653],[108.158505,25.702656],[108.09932,25.679246],[108.097282,25.740949],[108.107895,25.752811],[108.08259,25.782904],[108.093084,25.811408],[108.124025,25.831026],[108.110114,25.845761],[108.151609,25.885542],[108.137877,25.915136],[108.167739,25.937059],[108.167739,25.954939],[108.19862,25.954382],[108.223325,25.973187],[108.218228,26.011161],[108.240715,26.032138],[108.238436,26.044621],[108.226324,26.041558],[108.228722,26.070139],[108.175774,26.035015],[108.162222,26.069629],[108.170257,26.079556],[108.151849,26.096208],[108.112992,26.073386],[108.014292,26.090271],[107.963442,26.075381],[107.957386,26.060072],[107.953249,26.078675],[107.940416,26.078211],[107.906417,26.124033],[107.886929,26.116707],[107.860365,26.140262],[107.848612,26.137202],[107.840637,26.098852],[107.815752,26.10015],[107.763044,26.170904],[107.746074,26.179062],[107.737979,26.167798],[107.741157,26.213679],[107.779714,26.310061],[107.722088,26.317329],[107.647493,26.279918],[107.624048,26.334456],[107.587949,26.3619],[107.559946,26.367546],[107.533742,26.349544],[107.518331,26.411867],[107.506219,26.41936],[107.447934,26.405252],[107.413695,26.378142],[107.306779,26.428934],[107.301922,26.441975],[107.35577,26.487285],[107.318472,26.516449],[107.33832,26.551889],[107.402541,26.539692],[107.398044,26.553413],[107.426827,26.551334],[107.425687,26.565794],[107.449073,26.579143],[107.466883,26.577434],[107.462505,26.547361],[107.479055,26.54713],[107.489369,26.56487],[107.503281,26.55212],[107.588069,26.612163],[107.588009,26.591244],[107.60312,26.584039],[107.610556,26.609254],[107.622549,26.611932],[107.668781,26.572954],[107.73564,26.573831],[107.745114,26.587318],[107.699782,26.652835],[107.687669,26.712548],[107.709076,26.752632],[107.76832,26.803212],[107.763763,26.824414],[107.733062,26.827318],[107.740018,26.842019],[107.690787,26.866486],[107.691807,26.84589],[107.648393,26.835844],[107.634062,26.844784],[107.645155,26.865472],[107.600002,26.909738],[107.630404,26.956704],[107.662844,26.971986],[107.638559,27.049241],[107.658827,27.07771],[107.676996,27.072927],[107.673758,27.092562],[107.704219,27.135452],[107.678795,27.187422],[107.687429,27.191833],[107.671659,27.209242],[107.651751,27.207405],[107.666382,27.234593],[107.646474,27.247863],[107.656308,27.267008],[107.556588,27.257872],[107.566662,27.225408],[107.55347,27.216637],[107.519711,27.244144],[107.524628,27.207864],[107.511496,27.203454],[107.492007,27.230276],[107.461066,27.240057],[107.458488,27.268064],[107.50418,27.315476],[107.498304,27.364059],[107.434802,27.372682],[107.419511,27.342546],[107.401762,27.363463],[107.375978,27.36649],[107.376217,27.388],[107.400503,27.405699],[107.399124,27.417803],[107.376217,27.442877],[107.35541,27.444527],[107.359368,27.465654],[107.308998,27.462446],[107.266963,27.476148],[107.266604,27.438477],[107.244777,27.415694],[107.248615,27.403544],[107.200763,27.355803],[107.202982,27.318045],[107.138401,27.245154],[107.155791,27.23418],[107.236742,27.241068],[107.262406,27.216269],[107.258688,27.180623],[107.180496,27.145655],[107.190869,27.115043],[107.174259,27.092976],[107.166644,27.040916],[107.167004,27.025826],[107.192249,27.026655],[107.198365,27.008435],[107.236082,26.996563],[107.250533,26.963194],[107.279196,26.86409],[107.266064,26.803258],[107.255271,26.792286],[107.216654,26.811924],[107.130546,26.820266],[107.0746,26.802797],[107.015895,26.755122],[106.982076,26.752678],[106.966365,26.731139],[106.982136,26.726388],[106.965646,26.722144],[106.972601,26.690356],[106.951494,26.684495],[106.948736,26.656159],[106.95761,26.660128],[106.962048,26.647342],[106.896687,26.63871],[106.872942,26.623152],[106.911618,26.61304],[106.916115,26.596739],[106.840981,26.567272],[106.833605,26.556093],[106.851475,26.540292],[106.843379,26.517465],[106.805302,26.48072],[106.829048,26.453073],[106.812678,26.44794],[106.813338,26.430044],[106.784735,26.426806],[106.757032,26.391883],[106.778679,26.374163],[106.833605,26.386609],[106.82617,26.348156],[106.785095,26.313023],[106.840981,26.304227],[106.874381,26.314042],[106.868384,26.29793],[106.886074,26.272138],[106.858191,26.243931],[106.886194,26.213679],[106.858191,26.186894],[106.835764,26.183418],[106.797927,26.223316],[106.794989,26.269267],[106.753134,26.265098],[106.742041,26.288299],[106.722792,26.276908],[106.688133,26.291726],[106.649157,26.268201],[106.629429,26.270193],[106.629489,26.235037],[106.591472,26.219887],[106.567486,26.233276],[106.500747,26.224335],[106.513219,26.24898],[106.500627,26.244904],[106.501286,26.25741]]],[[[106.224374,26.023924],[106.215199,26.032741],[106.211901,26.021464],[106.224374,26.023924]]]],"type":"MultiPolygon"}},{"type":"Feature","properties":{"display":"黔东南","province":"贵州省"},"geometry":{"coordinates":[[[[108.004398,27.316852],[108.011833,27.274583],[108.039716,27.258102],[108.020708,27.229771],[107.965901,27.214937],[107.971298,27.199183],[107.95169,27.192338],[107.945154,27.160269],[107.956067,27.14878],[107.908935,27.147356],[107.88483,27.15889],[107.881952,27.142208],[107.862703,27.141565],[107.85119,27.16445],[107.819469,27.159028],[107.846093,27.183196],[107.832901,27.192705],[107.760405,27.191649],[107.780973,27.209242],[107.772938,27.21806],[107.684431,27.235328],[107.666382,27.234593],[107.651751,27.207405],[107.671659,27.209242],[107.687429,27.191833],[107.678795,27.187422],[107.704219,27.135452],[107.673758,27.092562],[107.676996,27.072927],[107.658827,27.07771],[107.638559,27.049241],[107.662844,26.971986],[107.630404,26.956704],[107.600002,26.909738],[107.645155,26.865472],[107.634062,26.844784],[107.648393,26.835844],[107.691807,26.84589],[107.690787,26.866486],[107.740018,26.842019],[107.733062,26.827318],[107.763763,26.824414],[107.761844,26.792793],[107.709076,26.752632],[107.687669,26.712548],[107.699782,26.652835],[107.745114,26.587318],[107.73564,26.573831],[107.668781,26.572954],[107.622549,26.611932],[107.610556,26.609254],[107.60312,26.584039],[107.588009,26.591244],[107.588069,26.612163],[107.503281,26.55212],[107.489369,26.56487],[107.479055,26.54713],[107.462505,26.547361],[107.466883,26.577434],[107.449073,26.579143],[107.425687,26.565794],[107.426827,26.551334],[107.398044,26.553413],[107.402541,26.539692],[107.33832,26.551889],[107.318472,26.516449],[107.35577,26.487285],[107.301922,26.441975],[107.33964,26.406085],[107.413695,26.378142],[107.447934,26.405252],[107.506219,26.41936],[107.518331,26.411867],[107.533742,26.349544],[107.559946,26.367546],[107.587949,26.3619],[107.624048,26.334456],[107.647493,26.279918],[107.722088,26.317329],[107.779714,26.310061],[107.741157,26.213679],[107.737979,26.167798],[107.746074,26.179062],[107.763044,26.170904],[107.815752,26.10015],[107.840637,26.098852],[107.848612,26.137202],[107.860365,26.140262],[107.886929,26.116707],[107.906417,26.124033],[107.940416,26.078211],[107.953249,26.078675],[107.957386,26.060072],[107.963442,26.075381],[108.014292,26.090271],[108.112992,26.073386],[108.151849,26.096208],[108.170257,26.079556],[108.162222,26.069629],[108.175774,26.035015],[108.228722,26.070139],[108.226324,26.041558],[108.238436,26.044621],[108.240715,26.032138],[108.218228,26.011161],[108.223325,25.973187],[108.19862,25.954382],[108.167739,25.954939],[108.167739,25.937059],[108.137877,25.915136],[108.151609,25.885542],[108.110114,25.845761],[108.124025,25.831026],[108.093084,25.811408],[108.08259,25.782904],[108.107895,25.752811],[108.097282,25.740949],[108.09932,25.679246],[108.158505,25.702656],[108.1657,25.65653],[108.186208,25.642796],[108.181711,25.616487],[108.217149,25.611271],[108.237297,25.628501],[108.246831,25.585887],[108.260623,25.588449],[108.286707,25.567905],[108.291444,25.524616],[108.352487,25.533098],[108.359563,25.513477],[108.400338,25.491382],[108.418987,25.443355],[108.433438,25.436406],[108.443153,25.449978],[108.488365,25.456366],[108.51385,25.42871],[108.511271,25.41439],[108.544371,25.407999],[108.56248,25.37408],[108.585866,25.366007],[108.589044,25.335342],[108.625202,25.308126],[108.622264,25.389758],[108.587665,25.421387],[108.611531,25.479633],[108.633178,25.464433],[108.607453,25.492081],[108.621185,25.49278],[108.632878,25.518884],[108.667717,25.532213],[108.690443,25.51893],[108.687325,25.535242],[108.658183,25.551831],[108.660941,25.584815],[108.690443,25.596274],[108.689004,25.623193],[108.76198,25.637767],[108.784046,25.628268],[108.780269,25.601816],[108.799157,25.576011],[108.781288,25.554347],[108.812709,25.52634],[108.826501,25.55006],[108.890422,25.556257],[108.897498,25.54088],[108.952425,25.55635],[108.972872,25.531793],[109.025101,25.512498],[109.088542,25.549501],[109.046328,25.5748],[109.046628,25.618862],[109.031217,25.629526],[109.07523,25.693861],[109.079128,25.720711],[109.055862,25.738111],[109.030557,25.722712],[109.003214,25.736344],[108.948407,25.676686],[108.900316,25.682365],[108.896239,25.71415],[108.911409,25.724759],[108.940252,25.740112],[108.963578,25.732529],[108.964238,25.745089],[109.000036,25.760579],[108.989602,25.778951],[108.997697,25.784392],[109.011789,25.779509],[109.031337,25.793925],[109.077869,25.776765],[109.094779,25.802295],[109.117985,25.809408],[109.143589,25.795273],[109.132316,25.762952],[109.148266,25.741833],[109.19108,25.774533],[109.166136,25.796296],[109.17543,25.804898],[109.206671,25.788112],[109.206971,25.740251],[109.280486,25.713964],[109.313886,25.72206],[109.314906,25.73318],[109.34009,25.731738],[109.327858,25.761417],[109.339311,25.833769],[109.369053,25.842647],[109.396756,25.900316],[109.434353,25.932322],[109.408509,25.96729],[109.468413,26.000531],[109.482624,26.029632],[109.479146,26.047776],[109.453842,26.05404],[109.449704,26.10182],[109.504091,26.096857],[109.514105,26.128253],[109.495217,26.15264],[109.480106,26.145593],[109.467513,26.162329],[109.459298,26.194077],[109.468293,26.203207],[109.452402,26.209647],[109.43963,26.238835],[109.476868,26.299227],[109.466134,26.314135],[109.442628,26.289874],[109.339791,26.26408],[109.32492,26.290337],[109.285883,26.295847],[109.27449,26.315431],[109.319583,26.41862],[109.37355,26.449466],[109.380986,26.461766],[109.362457,26.46625],[109.364076,26.475913],[109.385483,26.493525],[109.381705,26.518482],[109.408749,26.537058],[109.399035,26.570967],[109.385483,26.571014],[109.391299,26.600526],[109.355141,26.65902],[109.334094,26.646234],[109.304232,26.663128],[109.283724,26.698569],[109.364975,26.69617],[109.385963,26.712133],[109.381285,26.727449],[109.40707,26.719837],[109.437711,26.755214],[109.486702,26.760149],[109.476568,26.829899],[109.466914,26.831927],[109.452642,26.861832],[109.436452,26.861141],[109.444847,26.871738],[109.436452,26.892605],[109.555,26.946898],[109.546725,26.984597],[109.527597,26.977187],[109.541329,27.012898],[109.517943,27.043216],[109.518483,27.072559],[109.48982,27.078629],[109.496176,27.062488],[109.487062,27.053933],[109.454561,27.069478],[109.481425,27.071272],[109.482444,27.081113],[109.459598,27.084101],[109.47267,27.134901],[109.440889,27.118169],[109.400834,27.159579],[109.393158,27.143863],[109.358739,27.15287],[109.280546,27.127133],[109.248106,27.153422],[109.163557,27.065799],[109.101135,27.068926],[109.131057,27.110125],[109.122962,27.123364],[109.061978,27.1104],[109.053703,27.098309],[109.032536,27.10378],[108.940432,27.044734],[108.951945,27.018741],[108.921363,27.009769],[108.921004,27.029783],[108.872853,26.999876],[108.87735,27.016257],[108.854744,27.031991],[108.840952,27.06304],[108.831178,27.057888],[108.792261,27.083274],[108.807492,27.098585],[108.82728,27.089343],[108.854324,27.09601],[108.859961,27.11486],[108.887484,27.112515],[108.885085,27.132189],[108.857982,27.152503],[108.840472,27.187468],[108.801256,27.203179],[108.825541,27.21953],[108.857622,27.276786],[108.866197,27.306803],[108.846589,27.352684],[108.864398,27.353555],[108.856962,27.363188],[108.866017,27.368096],[108.883047,27.344977],[108.900016,27.346032],[108.917106,27.366766],[109.018565,27.372361],[109.034995,27.412668],[109.020244,27.436918],[108.950566,27.460018],[108.971433,27.487785],[108.934136,27.511561],[108.903674,27.487969],[108.838554,27.496719],[108.841072,27.507622],[108.830338,27.507576],[108.820564,27.501667],[108.829319,27.478851],[108.759521,27.48719],[108.7618,27.469595],[108.746809,27.471107],[108.710111,27.515684],[108.669516,27.504873],[108.617347,27.521638],[108.575552,27.471611],[108.543472,27.479493],[108.511091,27.418261],[108.490944,27.422891],[108.478291,27.40657],[108.424264,27.424083],[108.321306,27.349473],[108.28221,27.345757],[108.218288,27.364426],[108.16654,27.28771],[108.130741,27.325249],[108.082411,27.33048],[108.004398,27.316852]]],[[[109.452642,26.861832],[109.466914,26.831927],[109.482085,26.837042],[109.486702,26.760149],[109.502352,26.757705],[109.504631,26.744607],[109.52214,26.749219],[109.497495,26.815289],[109.513146,26.840268],[109.513805,26.874271],[109.474169,26.894309],[109.452642,26.861832]]],[[[109.577367,26.751617],[109.558059,26.754661],[109.553921,26.73529],[109.528437,26.741471],[109.547265,26.7179],[109.578146,26.733307],[109.596435,26.760702],[109.577127,26.77057],[109.577367,26.751617]]],[[[107.88483,27.15889],[107.939217,27.15071],[107.929383,27.162658],[107.945154,27.160269],[107.95169,27.192338],[107.922967,27.196013],[107.905098,27.175937],[107.886689,27.17805],[107.88483,27.15889]]]],"type":"MultiPolygon"}},{"type":"Feature","properties":{"display":"安顺","province":"贵州省"},"geometry":{"coordinates":[[[[105.25422,25.98549],[105.266692,25.937431],[105.33613,25.888515],[105.367072,25.892697],[105.376966,25.8828],[105.378585,25.825541],[105.48544,25.747183],[105.531852,25.69521],[105.577844,25.712521],[105.622997,25.678734],[105.680982,25.661418],[105.732671,25.572564],[105.74994,25.563292],[105.786638,25.468397],[105.893853,25.42232],[105.909264,25.436266],[105.927433,25.432209],[105.939186,25.438039],[105.912862,25.491289],[105.993033,25.552343],[105.962092,25.567299],[105.98218,25.612295],[105.992134,25.569256],[106.04916,25.558587],[106.054676,25.581834],[106.076203,25.598556],[106.103607,25.565109],[106.100488,25.54102],[106.069187,25.525455],[106.091794,25.508536],[106.111342,25.511939],[106.135567,25.484995],[106.123095,25.478048],[106.127832,25.454781],[106.155595,25.466112],[106.159313,25.481545],[106.16339,25.465413],[106.191993,25.470402],[106.226472,25.394003],[106.26425,25.401935],[106.29591,25.390411],[106.332009,25.354199],[106.382018,25.367873],[106.418836,25.36204],[106.431009,25.369506],[106.424353,25.389944],[106.391493,25.400675],[106.39527,25.418309],[106.419556,25.430949],[106.410861,25.452776],[106.39611,25.45534],[106.397729,25.486953],[106.417217,25.496883],[106.435206,25.528997],[106.433047,25.560404],[106.470705,25.601863],[106.488934,25.646846],[106.436525,25.67785],[106.401806,25.650711],[106.326552,25.672404],[106.301787,25.697211],[106.308923,25.728295],[106.24692,25.698189],[106.232709,25.702144],[106.259273,25.744438],[106.243202,25.831538],[106.273364,25.858961],[106.297949,25.912999],[106.277382,25.923404],[106.276362,25.937802],[106.289434,25.938545],[106.287096,25.963204],[106.307124,25.967801],[106.31258,25.990458],[106.276602,26.020072],[106.259572,26.016173],[106.254056,26.032185],[106.235047,26.02216],[106.211901,26.021464],[106.239125,26.051395],[106.245601,26.093054],[106.256634,26.102191],[106.269586,26.089807],[106.286676,26.102145],[106.276302,26.128624],[106.256814,26.129829],[106.275463,26.143878],[106.284517,26.191853],[106.299448,26.199499],[106.273604,26.223084],[106.243262,26.22452],[106.257414,26.242449],[106.297829,26.253195],[106.319056,26.222343],[106.337405,26.222343],[106.360791,26.254122],[106.36199,26.281863],[106.381359,26.284086],[106.485995,26.262134],[106.522393,26.31557],[106.547218,26.317977],[106.562089,26.338437],[106.562689,26.375782],[106.497568,26.379946],[106.46117,26.425419],[106.450977,26.422968],[106.443901,26.457604],[106.398209,26.439709],[106.327391,26.451732],[106.352756,26.47374],[106.320076,26.494865],[106.325712,26.520331],[106.315698,26.536365],[106.276962,26.555539],[106.232529,26.538721],[106.201407,26.542371],[106.184078,26.554661],[106.187496,26.587087],[106.150438,26.624444],[106.157994,26.594569],[106.139105,26.572307],[106.130111,26.503185],[106.116319,26.484603],[105.972826,26.439709],[105.959814,26.45409],[105.973905,26.461396],[105.969528,26.521902],[105.933489,26.512474],[105.916999,26.521116],[105.848821,26.477161],[105.778963,26.471521],[105.75012,26.447663],[105.732971,26.460702],[105.701909,26.451223],[105.690636,26.431755],[105.676964,26.442484],[105.607407,26.415429],[105.582462,26.38374],[105.51854,26.354404],[105.493955,26.333114],[105.471469,26.283298],[105.473328,26.259819],[105.50265,26.22957],[105.512064,26.223733],[105.524776,26.236658],[105.542586,26.222157],[105.591756,26.232072],[105.604588,26.209091],[105.661674,26.208535],[105.704308,26.18175],[105.715761,26.188887],[105.722837,26.170162],[105.679363,26.162746],[105.669469,26.135301],[105.630912,26.141931],[105.611724,26.160335],[105.592296,26.062438],[105.567171,26.077747],[105.547083,26.074963],[105.498992,26.030328],[105.383862,26.012692],[105.277486,26.012321],[105.261176,26.008561],[105.25422,25.98549]]],[[[106.226832,26.03237],[106.224374,26.023924],[106.234807,26.027312],[106.226832,26.03237]]]],"type":"MultiPolygon"}},{"type":"Feature","properties":{"display":"铜仁","province":"贵州省"},"geometry":{"coordinates":[[[[108.887124,27.121203],[108.92676,27.160912],[108.914228,27.214662],[108.963458,27.235511],[108.987503,27.270635],[109.040811,27.276235],[109.053943,27.29487],[109.052084,27.336673],[109.069234,27.322817],[109.103773,27.337086],[109.124761,27.387908],[109.115886,27.400105],[109.14197,27.417711],[109.138672,27.430318],[109.125,27.415556],[109.10917,27.41872],[109.123321,27.418399],[109.144009,27.448835],[109.15942,27.442327],[109.156241,27.416519],[109.202114,27.450073],[109.245528,27.418169],[109.299915,27.423946],[109.312387,27.486182],[109.404971,27.550489],[109.433634,27.548383],[109.461937,27.565599],[109.451263,27.585925],[109.470032,27.628762],[109.45612,27.669432],[109.470452,27.680272],[109.414146,27.725037],[109.365935,27.722203],[109.377987,27.73802],[109.333015,27.782808],[109.345547,27.84073],[109.326838,27.858585],[109.337512,27.869543],[109.321861,27.867991],[109.301774,27.958353],[109.320182,27.970989],[109.321622,27.991786],[109.365095,28.009114],[109.379187,28.033096],[109.334574,28.062222],[109.325219,28.04276],[109.298715,28.032503],[109.35676,28.23349],[109.399694,28.269294],[109.376908,28.276935],[109.352203,28.268521],[109.363116,28.282984],[109.34099,28.293717],[109.306391,28.274206],[109.273051,28.309405],[109.268554,28.338092],[109.288342,28.374315],[109.264656,28.39249],[109.256861,28.436734],[109.27437,28.494667],[109.19174,28.47088],[109.176749,28.431511],[109.154263,28.417612],[109.141251,28.320545],[109.081527,28.24855],[109.101435,28.201407],[109.082066,28.184337],[109.02678,28.220066],[109.00981,28.167902],[108.985765,28.161346],[108.929399,28.190574],[108.933176,28.20787],[108.919505,28.217791],[108.855163,28.199859],[108.836215,28.207369],[108.821764,28.245138],[108.773313,28.213468],[108.765338,28.192121],[108.758682,28.220203],[108.738834,28.227347],[108.725762,28.280301],[108.770075,28.314952],[108.76144,28.324591],[108.783087,28.380404],[108.76174,28.395262],[108.779309,28.427423],[108.746749,28.450221],[108.723363,28.491943],[108.709691,28.501066],[108.701416,28.482502],[108.64523,28.46861],[108.641453,28.455715],[108.696799,28.404575],[108.664719,28.382858],[108.656444,28.356365],[108.673953,28.354547],[108.675752,28.343047],[108.610811,28.325091],[108.602416,28.34082],[108.58011,28.343274],[108.577531,28.390173],[108.587425,28.404939],[108.608832,28.407301],[108.609912,28.435689],[108.586766,28.463071],[108.573214,28.528114],[108.610931,28.539412],[108.604635,28.59026],[108.636056,28.621772],[108.632338,28.638953],[108.585327,28.639633],[108.566498,28.662566],[108.561161,28.649151],[108.538495,28.652731],[108.502756,28.637638],[108.501018,28.626668],[108.471096,28.627801],[108.332519,28.679604],[108.34727,28.736271],[108.389005,28.785847],[108.382409,28.805806],[108.354226,28.814269],[108.346431,28.856299],[108.357464,28.893384],[108.346911,28.941484],[108.322925,28.953957],[108.308714,29.003384],[108.29786,29.047144],[108.307155,29.077525],[108.270637,29.090885],[108.242274,29.028359],[108.224645,29.031566],[108.230401,29.046963],[108.197721,29.070664],[108.13272,29.054096],[108.109814,29.076081],[108.069398,29.086552],[108.078993,29.007178],[108.138417,28.932082],[108.128643,28.869778],[108.158085,28.856344],[108.189446,28.800692],[108.207495,28.817572],[108.213671,28.776341],[108.184649,28.74895],[108.163242,28.677066],[108.122586,28.652369],[108.128882,28.644165],[108.114491,28.628799],[108.084269,28.627212],[108.037558,28.592754],[108.04991,28.566766],[108.038517,28.5547],[108.070058,28.516542],[108.048171,28.489901],[108.060104,28.472378],[108.048711,28.444045],[108.068259,28.422018],[108.037138,28.365454],[108.005897,28.389764],[108.025745,28.401213],[108.006197,28.424244],[107.98323,28.422881],[108.010754,28.446452],[107.977294,28.447814],[107.960744,28.411071],[108.00098,28.384585],[107.996662,28.369635],[107.936039,28.384721],[107.913792,28.382903],[107.921108,28.370135],[107.874456,28.370407],[107.861564,28.339502],[107.859225,28.200269],[107.816052,28.17546],[107.803399,28.183563],[107.799022,28.125551],[107.778874,28.072977],[107.813233,28.06728],[107.813293,28.047363],[107.832122,28.049095],[107.8359,28.031044],[107.862164,28.037381],[107.88441,28.063042],[107.933341,28.001408],[107.911394,27.962322],[107.923686,27.90807],[107.898802,27.897709],[107.888368,27.844018],[107.946233,27.767728],[107.927764,27.745288],[107.940776,27.691522],[107.903119,27.627892],[107.902639,27.568392],[107.88513,27.551588],[107.844774,27.555114],[107.808016,27.491267],[107.762924,27.475964],[107.757407,27.453327],[107.798062,27.43811],[107.801001,27.394098],[107.762264,27.385156],[107.780913,27.373691],[107.779953,27.351491],[107.806817,27.347408],[107.805318,27.331948],[107.819829,27.324377],[107.894364,27.345574],[107.908276,27.33204],[107.919369,27.332544],[107.948452,27.354198],[107.958106,27.350757],[107.956547,27.312952],[107.975915,27.317908],[107.9999,27.302764],[108.004398,27.316852],[108.082411,27.33048],[108.130741,27.325249],[108.16654,27.28771],[108.218288,27.364426],[108.28221,27.345757],[108.321306,27.349473],[108.424264,27.424083],[108.478291,27.40657],[108.490944,27.422891],[108.511091,27.418261],[108.543472,27.479493],[108.575552,27.471611],[108.617347,27.521638],[108.669516,27.504873],[108.710111,27.515684],[108.746809,27.471107],[108.7618,27.469595],[108.759521,27.48719],[108.829319,27.478851],[108.820564,27.501667],[108.830338,27.507576],[108.841072,27.507622],[108.838554,27.496719],[108.903674,27.487969],[108.934136,27.511561],[108.971433,27.487785],[108.950566,27.460018],[109.020244,27.436918],[109.034995,27.412668],[109.018565,27.372361],[108.917106,27.366766],[108.900016,27.346032],[108.883047,27.344977],[108.866017,27.368096],[108.856962,27.363188],[108.864398,27.353555],[108.846589,27.352684],[108.866197,27.306803],[108.857622,27.276786],[108.825541,27.21953],[108.801256,27.203179],[108.840472,27.187468],[108.887124,27.121203]]],[[[107.919369,27.332544],[107.906117,27.325983],[107.930822,27.31364],[107.931422,27.321257],[107.919369,27.332544]]]],"type":"MultiPolygon"}},{"type":"Feature","properties":{"display":"合肥","province":"安徽省"},"geometry":{"coordinates":[[[117.032273,31.256607],[117.055104,31.235386],[117.071358,31.236871],[117.12212,31.148543],[117.117306,31.08506],[117.156248,31.072411],[117.175314,31.087451],[117.277315,30.984728],[117.298002,30.985526],[117.306343,30.999994],[117.348907,30.992122],[117.371453,30.950994],[117.383273,30.951899],[117.385466,30.964829],[117.412968,30.97728],[117.441567,30.967916],[117.45925,30.988983],[117.507534,31.003452],[117.485037,31.041952],[117.51211,31.047162],[117.528697,31.079267],[117.512206,31.10658],[117.558774,31.159111],[117.555008,31.177216],[117.525266,31.200573],[117.555723,31.215062],[117.57212,31.271034],[117.633845,31.297125],[117.692901,31.407349],[117.705628,31.458707],[117.768497,31.466011],[117.778459,31.4812],[117.850146,31.483634],[117.900146,31.504059],[117.934226,31.488556],[117.965399,31.498239],[117.939565,31.525113],[117.952148,31.536961],[117.908297,31.54685],[117.907248,31.556686],[117.935323,31.58053],[117.941138,31.626932],[117.971929,31.620486],[117.967639,31.662168],[117.939183,31.671357],[117.913206,31.704042],[117.924741,31.76141],[117.909441,31.767424],[117.901385,31.811782],[117.913874,31.840885],[117.935751,31.855433],[117.951862,31.906229],[117.900051,31.92914],[117.868116,31.928982],[117.865637,31.954311],[117.810918,32.002262],[117.832987,32.015259],[117.842377,32.041773],[117.885084,32.064125],[117.858059,32.093832],[117.867019,32.106553],[117.851624,32.105975],[117.872739,32.141028],[117.863921,32.195498],[117.819879,32.230516],[117.791471,32.219755],[117.770928,32.239177],[117.741281,32.247154],[117.712015,32.236553],[117.673216,32.250985],[117.672215,32.261061],[117.631748,32.248886],[117.631986,32.256915],[117.553864,32.215975],[117.498145,32.203532],[117.427268,32.242536],[117.425218,32.259539],[117.395761,32.283727],[117.423359,32.334546],[117.444903,32.343512],[117.44171,32.366524],[117.392568,32.388115],[117.359251,32.384971],[117.377315,32.398385],[117.38232,32.43102],[117.408297,32.468565],[117.394046,32.478302],[117.32722,32.441704],[117.30844,32.451234],[117.28294,32.442751],[117.209012,32.472544],[117.2011,32.534035],[117.157773,32.535866],[117.139613,32.520432],[117.084847,32.530477],[117.06702,32.461445],[117.039661,32.415987],[117.009203,32.404567],[117.00458,32.386228],[117.045619,32.381145],[117.037897,32.342148],[117.057297,32.32815],[117.038374,32.281156],[117.067354,32.280054],[117.072215,32.266256],[117.059727,32.23461],[117.003102,32.212458],[117.025314,32.190877],[117.019022,32.168923],[116.978412,32.152271],[117.047001,32.051767],[117.029937,32.006998],[116.996572,31.993421],[116.985562,32.013944],[116.940423,32.027728],[116.923789,32.013523],[116.937421,31.989474],[116.865352,31.96942],[116.810157,31.921188],[116.790042,31.922557],[116.716067,31.884207],[116.724647,31.85828],[116.740567,31.857911],[116.692521,31.820272],[116.719785,31.779083],[116.734752,31.77481],[116.731129,31.76542],[116.758012,31.762465],[116.752149,31.728746],[116.767926,31.672097],[116.75315,31.647061],[116.763255,31.58238],[116.829747,31.519083],[116.934561,31.537754],[116.987135,31.533787],[116.990852,31.558536],[117.002101,31.56081],[117.006868,31.548013],[117.039613,31.538864],[117.065971,31.553513],[117.112301,31.540081],[117.144999,31.554835],[117.153817,31.545158],[117.228316,31.544788],[117.250719,31.49681],[117.149194,31.483317],[117.074837,31.374401],[117.081367,31.345947],[117.070786,31.301102],[117.032273,31.256607]]],"type":"Polygon"}},{"type":"Feature","properties":{"display":"池州","province":"安徽省"},"geometry":{"coordinates":[[[116.654151,29.694756],[116.745857,29.790336],[116.762492,29.802506],[116.789804,29.795128],[116.812349,29.811713],[116.891996,29.919337],[116.900147,29.949504],[116.887897,29.968805],[116.868688,29.980469],[116.835943,29.970686],[116.835276,29.95773],[116.829556,30.006534],[116.802816,29.996539],[116.783512,30.030712],[116.747335,30.057248],[116.816925,30.115075],[116.860061,30.17732],[116.867497,30.213576],[116.927173,30.273455],[116.893855,30.381595],[116.892425,30.431099],[116.914446,30.425481],[117.025457,30.494267],[117.135133,30.492075],[117.192187,30.465871],[117.236372,30.504747],[117.252244,30.563967],[117.217068,30.630626],[117.366829,30.694251],[117.470404,30.678989],[117.507249,30.726688],[117.670594,30.781508],[117.701815,30.806614],[117.698526,30.789931],[117.751529,30.802936],[117.758202,30.761674],[117.781938,30.764127],[117.78375,30.749729],[117.796238,30.748449],[117.842282,30.773617],[117.872787,30.807893],[117.934608,30.835763],[117.953626,30.817593],[117.980413,30.843808],[117.989612,30.828836],[117.968783,30.794941],[118.030461,30.774097],[118.124979,30.717833],[118.134941,30.700281],[118.065923,30.600026],[117.985132,30.561348],[117.987229,30.537675],[117.945904,30.466726],[117.938564,30.425106],[117.953197,30.392568],[117.91659,30.366552],[117.940137,30.33469],[117.907677,30.309783],[117.91292,30.299283],[117.886419,30.293228],[117.888516,30.269597],[117.842997,30.260378],[117.824932,30.241617],[117.829317,30.225212],[117.858345,30.21733],[117.852863,30.191749],[117.778125,30.156719],[117.698955,30.143466],[117.673264,30.122106],[117.676219,30.107936],[117.646143,30.114484],[117.631176,30.099293],[117.61049,30.131499],[117.599765,30.129781],[117.560299,30.103748],[117.571071,30.101762],[117.559965,30.0834],[117.541043,30.11062],[117.528983,30.099561],[117.544093,30.086783],[117.542091,30.052844],[117.511491,30.037105],[117.461777,30.037965],[117.433273,30.02072],[117.394093,30.029745],[117.386372,30.011048],[117.206152,29.974288],[117.206248,29.927511],[117.134704,29.903846],[117.127697,29.861611],[117.073312,29.832224],[117.135609,29.780965],[117.108679,29.751985],[117.122454,29.728548],[117.113016,29.712165],[117.051243,29.682896],[116.996048,29.683381],[116.971167,29.655668],[116.873455,29.609282],[116.838088,29.569837],[116.780652,29.570539],[116.786944,29.591315],[116.760443,29.599085],[116.721596,29.56498],[116.716544,29.590775],[116.651911,29.63717],[116.677078,29.66904],[116.680509,29.681495],[116.654151,29.694756]],[[116.698956,29.7078],[116.705819,29.697128],[116.703388,29.710063],[116.698956,29.7078]],[[116.715876,29.697289],[116.705057,29.688664],[116.717163,29.690767],[116.715876,29.697289]],[[117.319784,30.49277],[117.256724,30.458543],[117.267211,30.441746],[117.251958,30.420558],[117.281129,30.414458],[117.299289,30.425374],[117.293378,30.440997],[117.326648,30.470631],[117.319784,30.49277]]],"type":"Polygon"}},{"type":"Feature","properties":{"display":"黄山","province":"安徽省"},"geometry":{"coordinates":[[[118.868878,30.10144],[118.85005,30.110458],[118.82107,30.102728],[118.789945,30.078299],[118.754626,30.080608],[118.743139,30.092743],[118.730365,30.070298],[118.69781,30.056818],[118.688754,30.028993],[118.628029,30.016529],[118.605818,29.971654],[118.548668,29.945203],[118.524741,29.967407],[118.520403,29.99885],[118.50577,29.99138],[118.498716,30.005997],[118.514016,30.038932],[118.494474,30.072124],[118.449955,30.102621],[118.370642,30.099722],[118.355103,30.111908],[118.339326,30.16584],[118.290708,30.199526],[118.286562,30.232879],[118.267782,30.243333],[118.266638,30.259842],[118.320546,30.293764],[118.294903,30.302122],[118.310203,30.32055],[118.300289,30.370139],[118.255913,30.378437],[118.221452,30.414351],[118.215399,30.438322],[118.231604,30.445651],[118.21373,30.466833],[118.185847,30.46448],[118.188039,30.474481],[118.16864,30.453033],[118.181128,30.447844],[118.125027,30.423662],[118.107582,30.42928],[118.103435,30.465229],[118.130747,30.49817],[118.117591,30.509238],[118.089612,30.51731],[118.034941,30.498438],[117.985751,30.498705],[117.970118,30.512231],[117.951481,30.489134],[117.938564,30.425106],[117.953197,30.392568],[117.91659,30.366552],[117.940137,30.33469],[117.907677,30.309783],[117.91292,30.299283],[117.886419,30.293228],[117.888516,30.269597],[117.842997,30.260378],[117.824932,30.241617],[117.829317,30.225212],[117.858345,30.21733],[117.852863,30.191749],[117.778125,30.156719],[117.698955,30.143466],[117.673264,30.122106],[117.676219,30.107936],[117.646143,30.114484],[117.631176,30.099293],[117.61049,30.131499],[117.599765,30.129781],[117.560299,30.103748],[117.571071,30.101762],[117.559965,30.0834],[117.541043,30.11062],[117.528983,30.099561],[117.544093,30.086783],[117.542091,30.052844],[117.511491,30.037105],[117.461777,30.037965],[117.433273,30.02072],[117.394093,30.029745],[117.386372,30.011048],[117.206152,29.974288],[117.206248,29.927511],[117.253722,29.90901],[117.257392,29.831255],[117.292425,29.822803],[117.297239,29.836853],[117.333273,29.850578],[117.356248,29.813705],[117.375981,29.818066],[117.384084,29.843635],[117.418783,29.850417],[117.424789,29.834646],[117.409155,29.802613],[117.455104,29.749184],[117.451862,29.695942],[117.474217,29.668339],[117.530556,29.65405],[117.523454,29.629619],[117.54333,29.588563],[117.586467,29.584732],[117.661443,29.611818],[117.678983,29.59547],[117.69047,29.555912],[117.707677,29.549002],[117.807296,29.573561],[117.876505,29.546195],[117.938707,29.549596],[117.964874,29.569999],[117.984703,29.561633],[118.014112,29.577285],[118.042949,29.566275],[118.050718,29.543172],[118.103435,29.530647],[118.13456,29.508778],[118.143807,29.489767],[118.127648,29.472049],[118.136085,29.418876],[118.204245,29.395415],[118.218115,29.42039],[118.248525,29.431307],[118.316113,29.422606],[118.310537,29.496032],[118.34762,29.473994],[118.38394,29.510398],[118.429507,29.503647],[118.495904,29.519578],[118.500575,29.575666],[118.535227,29.590614],[118.573883,29.638357],[118.619974,29.654104],[118.647333,29.643372],[118.700813,29.706452],[118.718687,29.709201],[118.744712,29.738786],[118.736513,29.788451],[118.739945,29.813274],[118.765922,29.823073],[118.750956,29.831632],[118.755627,29.845412],[118.778744,29.841913],[118.841328,29.891312],[118.838706,29.934502],[118.848287,29.941278],[118.894664,29.938051],[118.890327,30.012015],[118.902576,30.029047],[118.868878,30.10144]]],"type":"Polygon"}},{"type":"Feature","properties":{"display":"芜湖","province":"安徽省"},"geometry":{"coordinates":[[[118.656866,31.304654],[118.575122,31.291345],[118.55515,31.318862],[118.557724,31.346371],[118.522929,31.381924],[118.524979,31.401788],[118.444998,31.393472],[118.424598,31.456166],[118.431747,31.472997],[118.376552,31.532518],[118.347953,31.465058],[118.326171,31.444149],[118.314636,31.45336],[118.321976,31.485487],[118.309965,31.506598],[118.291948,31.499403],[118.248239,31.533576],[118.202434,31.526541],[118.18537,31.538071],[118.135084,31.51702],[118.15067,31.468287],[118.127696,31.461353],[118.131652,31.437267],[118.171214,31.429484],[118.16516,31.399139],[117.97965,31.432872],[117.968354,31.465641],[117.986895,31.474479],[117.963016,31.486545],[117.965399,31.498239],[117.934226,31.488556],[117.900146,31.504059],[117.850146,31.483634],[117.778459,31.4812],[117.768497,31.466011],[117.705628,31.458707],[117.692901,31.407349],[117.633845,31.297125],[117.57212,31.271034],[117.555723,31.215062],[117.525266,31.200573],[117.555008,31.177216],[117.558774,31.159111],[117.512206,31.10658],[117.524217,31.095156],[117.524169,31.066458],[117.51211,31.047162],[117.483941,31.035837],[117.507534,31.003452],[117.536943,30.992015],[117.532892,30.973662],[117.62641,30.972119],[117.66049,30.940031],[117.697525,31.0101],[117.718306,31.019087],[117.731414,31.00994],[117.767496,31.096113],[117.807391,31.129742],[117.850718,31.140205],[117.869879,31.133141],[117.890423,31.086016],[117.923788,31.068318],[117.973311,31.084316],[118.005818,31.078204],[118.021881,31.064704],[118.013778,31.034508],[118.03251,31.017173],[118.070975,31.011376],[118.105198,30.970948],[118.159059,30.963925],[118.152911,30.932207],[118.164779,30.907186],[118.099097,30.885515],[118.079412,30.866608],[118.056914,30.872254],[118.039612,30.857553],[118.048144,30.855156],[118.041566,30.843276],[118.013397,30.862347],[117.993473,30.854623],[117.966781,30.799099],[118.124979,30.717833],[118.134941,30.700281],[118.100956,30.641251],[118.1368,30.652195],[118.171214,30.691637],[118.218354,30.709458],[118.314445,30.705083],[118.276647,30.743169],[118.307582,30.77639],[118.306724,30.806934],[118.318687,30.821749],[118.34762,30.824414],[118.358916,30.84578],[118.424502,30.841091],[118.4368,30.824733],[118.419498,30.813649],[118.4317,30.796434],[118.446476,30.800911],[118.451671,30.779162],[118.48027,30.76642],[118.48475,30.79025],[118.502863,30.801497],[118.477982,30.833579],[118.498239,30.859843],[118.47741,30.857553],[118.483987,30.870762],[118.472119,30.875077],[118.492948,30.883491],[118.489707,30.900052],[118.511537,30.914054],[118.495713,30.941042],[118.515255,30.937582],[118.510251,30.9511],[118.582462,30.981855],[118.572262,31.016269],[118.596142,31.047853],[118.606819,31.020204],[118.650003,31.036848],[118.682653,31.074909],[118.690327,31.124961],[118.733558,31.149446],[118.647286,31.245519],[118.66006,31.269761],[118.656866,31.304654]]],"type":"Polygon"}},{"type":"Feature","properties":{"display":"宣城","province":"安徽省"},"geometry":{"coordinates":[[[118.868878,30.10144],[118.896809,30.148081],[118.845713,30.156129],[118.929888,30.203387],[118.882414,30.24746],[118.879888,30.314872],[118.936418,30.35081],[118.955388,30.359216],[118.959964,30.347275],[118.988086,30.348668],[118.988039,30.333458],[119.05086,30.306729],[119.090231,30.324032],[119.128506,30.304694],[119.188181,30.291674],[119.222595,30.299604],[119.229173,30.289692],[119.247142,30.340796],[119.278124,30.341599],[119.329077,30.371531],[119.34943,30.34915],[119.403052,30.374368],[119.371451,30.38395],[119.363205,30.409481],[119.349525,30.408625],[119.326551,30.533025],[119.272118,30.510521],[119.242566,30.530032],[119.236942,30.546707],[119.264778,30.582025],[119.239135,30.609319],[119.25005,30.620267],[119.311966,30.621228],[119.343138,30.664205],[119.391518,30.685233],[119.412681,30.642959],[119.448286,30.655825],[119.482747,30.704442],[119.480126,30.773298],[119.524501,30.776017],[119.55453,30.825639],[119.575741,30.829742],[119.556341,30.896697],[119.580364,30.929173],[119.580412,30.967117],[119.634034,31.01946],[119.629554,31.085538],[119.649144,31.105092],[119.624168,31.115983],[119.623786,31.130273],[119.581985,31.108652],[119.534511,31.158102],[119.494473,31.163996],[119.482509,31.152526],[119.423167,31.181835],[119.39147,31.174243],[119.389325,31.188365],[119.405674,31.194416],[119.379173,31.189214],[119.360059,31.212144],[119.379697,31.26939],[119.356627,31.303275],[119.337562,31.258888],[119.238563,31.254644],[119.215255,31.27411],[119.204244,31.26573],[119.199478,31.293625],[119.181127,31.300465],[119.158153,31.294792],[119.150098,31.277133],[119.107009,31.250612],[119.105293,31.23528],[119.015017,31.241646],[118.986466,31.231141],[118.915207,31.244193],[118.802672,31.228223],[118.781413,31.239843],[118.761394,31.277663],[118.707915,31.296807],[118.719593,31.294792],[118.72107,31.322679],[118.704102,31.307782],[118.656866,31.304654],[118.66006,31.269761],[118.647286,31.245519],[118.733558,31.149446],[118.690327,31.124961],[118.682653,31.074909],[118.650003,31.036848],[118.606819,31.020204],[118.596142,31.047853],[118.572262,31.016269],[118.582462,30.981855],[118.510251,30.9511],[118.515255,30.937582],[118.495713,30.941042],[118.511537,30.914054],[118.489707,30.900052],[118.492948,30.883491],[118.472119,30.875077],[118.483987,30.870762],[118.47741,30.857553],[118.498239,30.859843],[118.477982,30.833579],[118.502863,30.801497],[118.48475,30.79025],[118.48027,30.76642],[118.451671,30.779162],[118.446476,30.800911],[118.4317,30.796434],[118.419498,30.813649],[118.4368,30.824733],[118.424502,30.841091],[118.358916,30.84578],[118.34762,30.824414],[118.318687,30.821749],[118.306724,30.806934],[118.307582,30.77639],[118.276647,30.743169],[118.314445,30.705083],[118.293282,30.699961],[118.267591,30.714206],[118.171214,30.691637],[118.1368,30.652195],[118.077934,30.623684],[118.065923,30.600026],[117.985132,30.561348],[117.987229,30.537675],[117.970118,30.512231],[117.985751,30.498705],[118.034941,30.498438],[118.089612,30.51731],[118.130747,30.49817],[118.103435,30.465229],[118.107582,30.42928],[118.15782,30.434309],[118.163254,30.446775],[118.181128,30.447844],[118.16864,30.453033],[118.188039,30.474481],[118.185847,30.46448],[118.21373,30.466833],[118.225217,30.455013],[118.231604,30.445651],[118.215399,30.438322],[118.221452,30.414351],[118.255913,30.378437],[118.300289,30.370139],[118.310203,30.32055],[118.294903,30.302122],[118.320546,30.293764],[118.266638,30.259842],[118.267782,30.243333],[118.286562,30.232879],[118.290708,30.199526],[118.339326,30.16584],[118.355103,30.111908],[118.370642,30.099722],[118.449955,30.102621],[118.494474,30.072124],[118.514016,30.038932],[118.498716,30.005997],[118.50577,29.99138],[118.520403,29.99885],[118.524741,29.967407],[118.548668,29.945203],[118.605818,29.971654],[118.628029,30.016529],[118.688754,30.028993],[118.69781,30.056818],[118.730365,30.070298],[118.743139,30.092743],[118.754626,30.080608],[118.789945,30.078299],[118.82107,30.102728],[118.85005,30.110458],[118.868878,30.10144]]],"type":"Polygon"}},{"type":"Feature","properties":{"display":"安庆","province":"安徽省"},"geometry":{"coordinates":[[[116.888279,30.407019],[116.927173,30.273455],[116.867497,30.213576],[116.860061,30.17732],[116.816925,30.115075],[116.747335,30.057248],[116.720309,30.053918],[116.666877,30.076742],[116.596572,30.059718],[116.57131,30.014433],[116.558727,29.924338],[116.54152,29.901641],[116.467736,29.896154],[116.261444,29.782042],[116.208108,29.827487],[116.135181,29.819412],[116.125791,29.901372],[116.073837,29.969987],[116.091663,30.036192],[116.079223,30.066217],[116.085038,30.126185],[116.056725,30.169917],[116.064352,30.206873],[115.994809,30.255018],[115.980939,30.295746],[115.904438,30.310051],[115.916687,30.334422],[115.884895,30.379561],[115.946144,30.425213],[115.894809,30.452712],[115.919881,30.515011],[115.887803,30.542485],[115.87908,30.578285],[115.84848,30.601895],[115.819166,30.59789],[115.809919,30.642586],[115.762541,30.685607],[115.765544,30.707537],[115.79276,30.759275],[115.85153,30.756715],[115.868356,30.774257],[115.85868,30.784813],[115.86378,30.815781],[115.848813,30.82857],[115.865686,30.864264],[115.932369,30.889402],[115.936134,30.902874],[116.009871,30.949717],[116.07174,30.956688],[116.058918,31.012759],[116.046144,31.014514],[116.050958,31.049554],[116.093379,31.090108],[116.166258,31.0976],[116.183751,31.064917],[116.222455,31.061781],[116.261396,31.082403],[116.309776,31.140418],[116.342712,31.15242],[116.359537,31.173978],[116.415305,31.162191],[116.437707,31.128414],[116.4603,31.125917],[116.496715,31.148756],[116.508298,31.142489],[116.543474,31.181941],[116.556582,31.172173],[116.562683,31.111096],[116.538708,31.072145],[116.530605,31.021002],[116.543617,31.020311],[116.571072,31.051787],[116.591711,31.04764],[116.614018,31.073899],[116.65396,31.052212],[116.665495,31.059123],[116.70968,31.043228],[116.736753,31.063907],[116.78866,31.065289],[116.843331,31.104455],[116.847144,31.124642],[116.894952,31.133407],[116.92274,31.160067],[116.943903,31.161766],[116.981415,31.244564],[117.016257,31.266844],[117.055104,31.235386],[117.071358,31.236871],[117.12212,31.148543],[117.117306,31.08506],[117.156248,31.072411],[117.141186,31.014514],[117.093903,31.0101],[117.082654,30.974885],[117.106248,30.827558],[117.101005,30.767379],[117.162969,30.708604],[117.241376,30.690356],[117.212968,30.678616],[117.205485,30.654384],[117.252244,30.563967],[117.236372,30.504747],[117.192187,30.465871],[117.135133,30.492075],[117.025457,30.494267],[116.914446,30.425481],[116.9011,30.436503],[116.888279,30.407019]],[[116.97703,30.643547],[116.934465,30.661323],[116.920643,30.646163],[116.960728,30.628544],[116.97703,30.643547]]],"type":"Polygon"}},{"type":"Feature","properties":{"display":"铜陵","province":"安徽省"},"geometry":{"coordinates":[[[[117.156248,31.072411],[117.141186,31.014514],[117.093903,31.0101],[117.082654,30.974885],[117.106248,30.827558],[117.101005,30.767379],[117.162969,30.708604],[117.241376,30.690356],[117.207296,30.669543],[117.217068,30.630626],[117.366829,30.694251],[117.470404,30.678989],[117.507249,30.726688],[117.670594,30.781508],[117.701815,30.806614],[117.698526,30.789931],[117.751529,30.802936],[117.758202,30.761674],[117.781938,30.764127],[117.78375,30.749729],[117.796238,30.748449],[117.842282,30.773617],[117.872787,30.807893],[117.934608,30.835763],[117.953626,30.817593],[118.013397,30.862347],[118.041566,30.843276],[118.048144,30.855156],[118.039612,30.857553],[118.056914,30.872254],[118.079412,30.866608],[118.099097,30.885515],[118.164779,30.907186],[118.152911,30.932207],[118.159059,30.963925],[118.105198,30.970948],[118.070975,31.011376],[118.03251,31.017173],[118.013778,31.034508],[118.021881,31.064704],[118.005818,31.078204],[117.973311,31.084316],[117.935466,31.067681],[117.897954,31.07831],[117.88027,31.122039],[117.850718,31.140205],[117.781319,31.111468],[117.731414,31.00994],[117.718306,31.019087],[117.697525,31.0101],[117.66049,30.940031],[117.62641,30.972119],[117.532892,30.973662],[117.536943,30.992015],[117.507534,31.003452],[117.45925,30.988983],[117.441567,30.967916],[117.412968,30.97728],[117.371453,30.950994],[117.356534,30.987919],[117.306343,30.999994],[117.298002,30.985526],[117.277315,30.984728],[117.175314,31.087451],[117.156248,31.072411]]],[[[117.319784,30.49277],[117.256724,30.458543],[117.267211,30.441746],[117.251958,30.420558],[117.281129,30.414458],[117.299289,30.425374],[117.293378,30.440997],[117.326648,30.470631],[117.319784,30.49277]]],[[[116.960728,30.628544],[116.97703,30.643547],[116.967354,30.657053],[116.92212,30.654277],[116.934656,30.632121],[116.960728,30.628544]]]],"type":"MultiPolygon"}},{"type":"Feature","properties":{"display":"淮北","province":"安徽省"},"geometry":{"coordinates":[[[[116.393713,33.783082],[116.406439,33.762552],[116.435753,33.762191],[116.433226,33.739696],[116.460014,33.734123],[116.479413,33.708678],[116.492426,33.681315],[116.481129,33.654253],[116.505486,33.618968],[116.533751,33.614575],[116.551101,33.596642],[116.524742,33.53056],[116.547478,33.467897],[116.623503,33.485495],[116.700004,33.474056],[116.722597,33.450709],[116.804628,33.422902],[116.787421,33.347254],[116.801911,33.303908],[116.849909,33.281553],[116.923407,33.30702],[116.929413,33.317132],[116.913922,33.344559],[116.973455,33.391977],[116.964351,33.399334],[116.971358,33.42834],[116.958822,33.452314],[116.904961,33.47711],[116.919594,33.492895],[116.90458,33.505987],[116.937039,33.580307],[116.899527,33.572035],[116.873741,33.589612],[116.859728,33.62429],[116.873693,33.675945],[116.929365,33.673156],[116.93437,33.748158],[116.950767,33.746146],[116.942235,33.773746],[116.959108,33.880245],[116.997096,33.914188],[116.991281,33.961757],[116.95763,33.967676],[116.977459,33.993609],[116.971596,34.025604],[116.947668,34.031004],[116.94805,34.05224],[116.973074,34.07897],[116.929556,34.080615],[116.92865,34.091201],[116.902435,34.098241],[116.874122,34.073984],[116.850719,34.082516],[116.828555,34.058923],[116.818689,34.086114],[116.806248,34.077017],[116.803055,33.993712],[116.784418,34.011357],[116.745762,34.017015],[116.678984,34.010174],[116.604199,34.021335],[116.607249,33.999886],[116.64805,33.973336],[116.642712,33.892454],[116.567068,33.908214],[116.558393,33.881482],[116.484895,33.869787],[116.437326,33.846547],[116.432607,33.795304],[116.40825,33.805514],[116.393713,33.783082]]],[[[117.031748,34.155721],[117.051005,34.221577],[117.042092,34.248664],[117.021691,34.213675],[117.007821,34.232967],[116.994666,34.222808],[116.99538,34.206337],[116.980271,34.195867],[116.982416,34.172357],[116.993522,34.168352],[116.980176,34.155978],[116.975457,34.169071],[116.971501,34.154643],[116.982177,34.137285],[117.023312,34.161678],[117.031748,34.155721]]]],"type":"MultiPolygon"}},{"type":"Feature","properties":{"display":"六安","province":"安徽省"},"geometry":{"coordinates":[[[116.771072,31.911286],[116.723169,31.916711],[116.687754,31.903437],[116.677936,31.976263],[116.546858,32.028149],[116.549385,32.078848],[116.524694,32.116434],[116.526601,32.151746],[116.509299,32.18468],[116.515638,32.202692],[116.501101,32.215345],[116.527554,32.240594],[116.52641,32.270716],[116.506534,32.344403],[116.48418,32.360286],[116.484799,32.439347],[116.392235,32.447621],[116.358489,32.464743],[116.320071,32.521164],[116.271692,32.520955],[116.26397,32.494738],[116.246334,32.48406],[116.244523,32.4549],[116.23561,32.465843],[116.213065,32.463748],[116.203722,32.447621],[116.191187,32.454271],[116.176411,32.425363],[116.124552,32.47113],[116.090948,32.539162],[116.036849,32.555011],[116.022026,32.591563],[115.967355,32.605103],[115.936992,32.571955],[115.87765,32.54387],[115.845763,32.501803],[115.87317,32.504734],[115.883561,32.489242],[115.864257,32.458932],[115.882703,32.456104],[115.879223,32.432591],[115.899099,32.390106],[115.900291,32.301404],[115.920072,32.273181],[115.912731,32.227629],[115.941949,32.165141],[115.926554,32.105239],[115.942569,32.077692],[115.919547,32.027886],[115.933799,32.001631],[115.911349,31.957996],[115.920167,31.92045],[115.895715,31.867503],[115.89295,31.833294],[115.91316,31.820113],[115.910253,31.792322],[115.885229,31.776076],[115.858298,31.773702],[115.850243,31.786731],[115.815353,31.76236],[115.767927,31.787839],[115.741997,31.78209],[115.729843,31.763309],[115.677793,31.778872],[115.553485,31.695278],[115.531845,31.698551],[115.495382,31.672942],[115.476983,31.64294],[115.488232,31.612242],[115.440043,31.588723],[115.415877,31.525959],[115.371168,31.494535],[115.389805,31.45029],[115.373647,31.40576],[115.392808,31.38987],[115.372074,31.349285],[115.404581,31.337838],[115.420501,31.349921],[115.442045,31.346106],[115.449624,31.31584],[115.460968,31.318067],[115.457822,31.281588],[115.473122,31.265253],[115.507584,31.267905],[115.530081,31.249339],[115.540711,31.191337],[115.585706,31.144188],[115.645954,31.209596],[115.700815,31.201104],[115.770072,31.113061],[115.797908,31.127883],[115.841282,31.128998],[115.869261,31.14764],[115.880081,31.141905],[115.902769,31.089205],[115.939805,31.071667],[115.938565,31.047321],[116.00663,31.034668],[116.015019,31.011908],[116.046144,31.014514],[116.050958,31.049554],[116.10458,31.094465],[116.11888,31.086866],[116.166258,31.0976],[116.183751,31.064917],[116.222455,31.061781],[116.261396,31.082403],[116.309776,31.140418],[116.342712,31.15242],[116.359537,31.173978],[116.415305,31.162191],[116.437707,31.128414],[116.4603,31.125917],[116.496715,31.148756],[116.508298,31.142489],[116.552816,31.179712],[116.562683,31.111096],[116.538708,31.072145],[116.530605,31.021002],[116.543617,31.020311],[116.571072,31.051787],[116.591711,31.04764],[116.614018,31.073899],[116.65396,31.052212],[116.665495,31.059123],[116.70968,31.043228],[116.736753,31.063907],[116.78866,31.065289],[116.843331,31.104455],[116.847144,31.124642],[116.894952,31.133407],[116.92274,31.160067],[116.943903,31.161766],[116.981415,31.244564],[117.006725,31.267693],[117.032273,31.256607],[117.045809,31.282967],[117.063874,31.289436],[117.081367,31.345947],[117.074837,31.374401],[117.149194,31.483317],[117.237277,31.490461],[117.251386,31.502947],[117.228316,31.544788],[117.198288,31.551979],[117.153817,31.545158],[117.144999,31.554835],[117.112301,31.540081],[117.065971,31.553513],[117.039613,31.538864],[117.006868,31.548013],[117.002101,31.56081],[116.990852,31.558536],[116.987135,31.533787],[116.934561,31.537754],[116.829747,31.519083],[116.792854,31.543941],[116.763255,31.58238],[116.75315,31.647061],[116.767926,31.672097],[116.752149,31.728746],[116.758012,31.762465],[116.731129,31.76542],[116.734752,31.77481],[116.719785,31.779083],[116.692521,31.820272],[116.740567,31.857911],[116.724647,31.85828],[116.716067,31.884207],[116.771072,31.911286]]],"type":"Polygon"}},{"type":"Feature","properties":{"display":"滁州","province":"安徽省"},"geometry":{"coordinates":[[[117.900051,31.92914],[117.988373,31.881836],[118.083988,31.8538],[118.085942,31.877462],[118.120832,31.906123],[118.171118,31.900118],[118.187277,31.919186],[118.219736,31.925296],[118.304865,31.985527],[118.31721,32.019836],[118.393282,32.062705],[118.39476,32.075589],[118.499097,32.120376],[118.495046,32.132883],[118.507438,32.137875],[118.496809,32.178588],[118.509822,32.19429],[118.64414,32.20999],[118.675741,32.255131],[118.659249,32.266098],[118.670784,32.285615],[118.66025,32.305443],[118.694855,32.317243],[118.683463,32.325003],[118.707915,32.338426],[118.692901,32.35169],[118.698763,32.383189],[118.690184,32.378263],[118.678697,32.393931],[118.692615,32.46511],[118.59333,32.478826],[118.592376,32.499867],[118.617448,32.512426],[118.604864,32.522839],[118.608821,32.537069],[118.56373,32.564372],[118.581271,32.594543],[118.598096,32.601339],[118.633034,32.578962],[118.65229,32.593079],[118.689564,32.588531],[118.68904,32.604737],[118.700861,32.588531],[118.698001,32.60641],[118.725312,32.608239],[118.740708,32.589367],[118.757533,32.603953],[118.784369,32.58257],[118.824931,32.601914],[118.827028,32.572687],[118.848525,32.56819],[118.907867,32.592295],[118.888325,32.557207],[118.936561,32.557521],[118.97984,32.503844],[119.041375,32.514781],[119.073691,32.455371],[119.147762,32.492644],[119.167781,32.536337],[119.153863,32.561862],[119.175169,32.571066],[119.176933,32.593811],[119.187133,32.59998],[119.19433,32.578596],[119.209297,32.573576],[119.230984,32.607141],[119.208677,32.642784],[119.2082,32.740493],[119.18494,32.825634],[119.104292,32.826729],[119.054912,32.875053],[119.044997,32.911422],[119.015064,32.911683],[119.029602,32.92632],[119.020832,32.955795],[118.933796,32.938663],[118.893568,32.940798],[118.896237,32.957774],[118.884654,32.960585],[118.849335,32.956628],[118.836942,32.911422],[118.812205,32.916892],[118.811728,32.854986],[118.741804,32.85337],[118.737943,32.773265],[118.756294,32.737048],[118.707248,32.720292],[118.639421,32.744825],[118.576599,32.719091],[118.559726,32.729897],[118.483511,32.721388],[118.45925,32.726086],[118.450479,32.743364],[118.422882,32.718099],[118.375313,32.718987],[118.366209,32.768309],[118.326409,32.763456],[118.320785,32.778274],[118.298764,32.785578],[118.301719,32.846228],[118.284607,32.85728],[118.250575,32.848366],[118.235418,32.926528],[118.309631,32.958971],[118.252434,32.982137],[118.233368,33.060025],[118.212396,33.06195],[118.227648,33.06949],[118.223692,33.083477],[118.202863,33.088104],[118.221309,33.087637],[118.22088,33.105883],[118.209679,33.104324],[118.219593,33.114096],[118.221261,33.182208],[118.178173,33.217983],[118.14905,33.169483],[118.044617,33.127192],[118.073835,33.135143],[118.065017,33.09741],[118.072691,33.081034],[118.004341,33.055293],[118.005151,33.031417],[118.0368,33.027099],[118.011347,33.001759],[117.947858,33.014508],[117.913492,32.987655],[117.899384,32.990257],[117.879698,33.002748],[117.89762,33.019607],[117.886752,33.046607],[117.822406,33.02814],[117.773359,33.047335],[117.737039,33.001083],[117.707963,33.00254],[117.671834,32.918819],[117.657534,32.910745],[117.603483,32.922257],[117.531224,32.980576],[117.528602,32.938976],[117.512396,32.93283],[117.49967,32.897408],[117.513588,32.875261],[117.471167,32.837157],[117.422168,32.846593],[117.415113,32.831995],[117.361729,32.840129],[117.255819,32.80566],[117.202673,32.745399],[117.195905,32.734699],[117.205152,32.728279],[117.184322,32.696691],[117.1613,32.679562],[117.214637,32.560345],[117.2011,32.534035],[117.209012,32.472544],[117.28294,32.442751],[117.30844,32.451234],[117.32722,32.441704],[117.394046,32.478302],[117.408297,32.468565],[117.38232,32.43102],[117.377315,32.398385],[117.359251,32.384971],[117.392568,32.388115],[117.44171,32.366524],[117.444903,32.343512],[117.423359,32.334546],[117.395761,32.283727],[117.425218,32.259539],[117.427268,32.242536],[117.498145,32.203532],[117.652434,32.260799],[117.712015,32.236553],[117.741281,32.247154],[117.791471,32.219755],[117.819879,32.230516],[117.847191,32.217445],[117.863921,32.195498],[117.872739,32.141028],[117.851624,32.105975],[117.867019,32.106553],[117.858059,32.093832],[117.885084,32.064125],[117.842377,32.041773],[117.832987,32.015259],[117.810918,32.002262],[117.865637,31.954311],[117.868116,31.928982],[117.900051,31.92914]]],"type":"Polygon"}},{"type":"Feature","properties":{"display":"马鞍山","province":"安徽省"},"geometry":{"coordinates":[[[118.883701,31.500143],[118.86964,31.421594],[118.851146,31.392518],[118.771261,31.363116],[118.765398,31.387963],[118.754626,31.385049],[118.704102,31.307782],[118.617543,31.294103],[118.575122,31.291345],[118.55515,31.318862],[118.557724,31.346371],[118.522929,31.381924],[118.524979,31.401788],[118.444998,31.393472],[118.424598,31.456166],[118.431747,31.472997],[118.376552,31.532518],[118.347953,31.465058],[118.326171,31.444149],[118.314636,31.45336],[118.321976,31.485487],[118.309965,31.506598],[118.291948,31.499403],[118.248239,31.533576],[118.202434,31.526541],[118.18537,31.538071],[118.135084,31.51702],[118.15067,31.468287],[118.127696,31.461353],[118.131652,31.437267],[118.171214,31.429484],[118.16516,31.399139],[117.97965,31.432872],[117.968354,31.465641],[117.986895,31.474479],[117.963016,31.486545],[117.952386,31.519823],[117.939565,31.525113],[117.952148,31.536961],[117.908297,31.54685],[117.935323,31.58053],[117.934608,31.618108],[117.941138,31.626932],[117.971929,31.620486],[117.973311,31.63845],[117.967639,31.662168],[117.939183,31.671357],[117.913206,31.704042],[117.924741,31.76141],[117.905961,31.777553],[117.908011,31.832556],[117.935751,31.855433],[117.951862,31.906229],[117.988373,31.881836],[118.083988,31.8538],[118.085942,31.877462],[118.120832,31.906123],[118.171118,31.900118],[118.187277,31.919186],[118.219736,31.925296],[118.304865,31.985527],[118.31721,32.019836],[118.385084,32.05813],[118.394378,32.0484],[118.385989,32.033146],[118.401528,32.018679],[118.376695,31.981737],[118.36435,31.930141],[118.47231,31.879623],[118.466781,31.858016],[118.504721,31.841729],[118.482176,31.778344],[118.533844,31.767266],[118.538706,31.74938],[118.522119,31.743047],[118.545093,31.732071],[118.627076,31.759458],[118.641661,31.758244],[118.653959,31.730118],[118.684893,31.724893],[118.697715,31.709426],[118.643234,31.671357],[118.643616,31.650019],[118.657867,31.641091],[118.716923,31.639454],[118.719402,31.62746],[118.734226,31.632216],[118.751146,31.677694],[118.774121,31.682605],[118.799049,31.666393],[118.783082,31.656516],[118.802767,31.619482],[118.833844,31.630314],[118.868735,31.611397],[118.883701,31.500143]]],"type":"Polygon"}},{"type":"Feature","properties":{"display":"淮南","province":"安徽省"},"geometry":{"coordinates":[[[116.723169,31.916711],[116.810157,31.921188],[116.865352,31.96942],[116.937421,31.989474],[116.923789,32.013523],[116.940423,32.027728],[116.985562,32.013944],[116.996572,31.993421],[117.040757,32.024256],[117.047001,32.051767],[116.978412,32.152271],[117.019022,32.168923],[117.025314,32.190877],[117.003102,32.212458],[117.059727,32.23461],[117.072215,32.266256],[117.067354,32.280054],[117.038374,32.281156],[117.057297,32.32815],[117.037897,32.342148],[117.045619,32.381145],[117.00458,32.386228],[117.009203,32.404567],[117.039661,32.415987],[117.06702,32.461445],[117.084847,32.530477],[117.139613,32.520432],[117.157773,32.535866],[117.2011,32.534035],[117.211396,32.54659],[117.1613,32.679562],[117.205152,32.728279],[117.125266,32.75782],[117.084561,32.744095],[117.0909,32.727757],[117.074837,32.717525],[117.046334,32.716167],[117.054437,32.729688],[117.001958,32.779161],[116.921072,32.80952],[116.898336,32.842996],[116.78499,32.917204],[116.627888,32.941475],[116.382416,33.004777],[116.365162,32.946891],[116.393856,32.910745],[116.389995,32.857071],[116.421882,32.857853],[116.445572,32.843518],[116.442998,32.748583],[116.45539,32.729845],[116.44519,32.697997],[116.460252,32.680972],[116.502197,32.681024],[116.506439,32.662899],[116.526267,32.657779],[116.554771,32.585864],[116.620119,32.583354],[116.635085,32.55386],[116.566591,32.544183],[116.523741,32.509234],[116.509966,32.460607],[116.494714,32.465319],[116.484799,32.439347],[116.48418,32.360286],[116.506534,32.344403],[116.52641,32.270716],[116.527554,32.240594],[116.501101,32.215345],[116.515638,32.202692],[116.509299,32.18468],[116.526601,32.151746],[116.524694,32.116434],[116.549385,32.078848],[116.546858,32.028149],[116.677936,31.976263],[116.687754,31.903437],[116.723169,31.916711]]],"type":"Polygon"}},{"type":"Feature","properties":{"display":"阜阳","province":"安徽省"},"geometry":{"coordinates":[[[115.523218,32.442018],[115.47665,32.520955],[115.438947,32.53257],[115.443713,32.543294],[115.431082,32.552448],[115.408871,32.54999],[115.411588,32.574779],[115.305105,32.55318],[115.297145,32.560555],[115.310873,32.570543],[115.29848,32.573263],[115.299386,32.588112],[115.267212,32.578073],[115.254772,32.595223],[115.229796,32.579067],[115.22951,32.59057],[115.192236,32.602332],[115.209634,32.611689],[115.194905,32.642366],[115.209538,32.636723],[115.219405,32.65919],[115.204009,32.653913],[115.205153,32.672928],[115.193666,32.682852],[115.196907,32.672719],[115.182989,32.666764],[115.178461,32.682904],[115.189615,32.770917],[115.182084,32.787299],[115.209491,32.785421],[115.189948,32.812545],[115.198575,32.854361],[115.159777,32.862284],[115.14052,32.897512],[115.029748,32.906838],[115.03542,32.932361],[114.942236,32.937569],[114.914543,32.971622],[114.883371,32.983751],[114.901579,33.000354],[114.891903,33.020492],[114.936993,33.025486],[114.92298,33.036099],[114.914019,33.082801],[114.897289,33.086597],[114.902913,33.129583],[114.92665,33.13852],[114.932656,33.154003],[114.966354,33.146366],[114.992332,33.120956],[114.990473,33.102868],[115.057441,33.083737],[115.153247,33.084413],[115.197146,33.121424],[115.209824,33.113472],[115.246288,33.13639],[115.290329,33.132441],[115.301483,33.141638],[115.296764,33.201317],[115.326411,33.211338],[115.316307,33.223797],[115.340139,33.261164],[115.335039,33.2981],[115.360205,33.2981],[115.36502,33.336005],[115.348337,33.33896],[115.341664,33.371199],[115.313256,33.377107],[115.329414,33.401665],[115.316354,33.448897],[115.324552,33.457595],[115.345811,33.449777],[115.345429,33.502934],[115.366592,33.523473],[115.396812,33.502002],[115.421979,33.556782],[115.463685,33.567227],[115.511302,33.553369],[115.559347,33.561953],[115.565019,33.576378],[115.639757,33.585115],[115.676697,33.508729],[115.720834,33.51085],[115.769404,33.490515],[115.848861,33.450864],[115.897383,33.400525],[115.898432,33.356999],[115.927841,33.298722],[115.914828,33.295506],[115.906725,33.255975],[115.925696,33.229195],[115.916497,33.215491],[115.876983,33.248295],[115.832083,33.256753],[115.845238,33.193528],[115.824361,33.150938],[115.850196,33.153535],[115.844333,33.125321],[115.877126,33.122151],[115.866735,33.094343],[115.980796,33.07079],[116.018213,33.056125],[116.01602,33.041925],[116.051053,33.044266],[116.054914,32.99057],[116.167926,32.967145],[116.168165,32.940642],[116.198432,32.893396],[116.245333,32.884954],[116.280319,32.859052],[116.386992,32.89772],[116.389995,32.857071],[116.421882,32.857853],[116.445572,32.843518],[116.442998,32.748583],[116.45539,32.729845],[116.44519,32.697997],[116.460252,32.680972],[116.502197,32.681024],[116.506439,32.662899],[116.526267,32.657779],[116.554771,32.585864],[116.620119,32.583354],[116.635085,32.55386],[116.566591,32.544183],[116.523741,32.509234],[116.509966,32.460607],[116.494714,32.465319],[116.484799,32.439347],[116.472359,32.438247],[116.437564,32.45092],[116.392235,32.447621],[116.358489,32.464743],[116.320071,32.521164],[116.271692,32.520955],[116.26397,32.494738],[116.246334,32.48406],[116.244523,32.4549],[116.23561,32.465843],[116.213065,32.463748],[116.203722,32.447621],[116.191187,32.454271],[116.176411,32.425363],[116.124552,32.47113],[116.090948,32.539162],[116.036849,32.555011],[116.022026,32.591563],[115.967355,32.605103],[115.928365,32.567563],[115.891568,32.576243],[115.839948,32.524775],[115.841473,32.501227],[115.823837,32.502222],[115.788756,32.468931],[115.771502,32.505309],[115.74195,32.476365],[115.701197,32.495313],[115.692093,32.487515],[115.701244,32.470869],[115.675887,32.466419],[115.680606,32.439976],[115.66745,32.40991],[115.656297,32.408758],[115.654152,32.428925],[115.627126,32.405457],[115.604533,32.42594],[115.563875,32.402995],[115.553628,32.407501],[115.567593,32.421644],[115.523218,32.442018]]],"type":"Polygon"}},{"type":"Feature","properties":{"display":"武汉","province":"湖北省"},"geometry":{"coordinates":[[[[113.702312,30.395304],[113.709614,30.377791],[113.751718,30.375393],[113.741153,30.34901],[113.763293,30.324378],[113.76438,30.288981],[113.792735,30.28388],[113.779373,30.249627],[113.755913,30.232045],[113.769585,30.215447],[113.811223,30.204166],[113.820157,30.178982],[113.866223,30.189665],[113.867233,30.209528],[113.929457,30.289195],[113.975678,30.295196],[114.01452,30.267248],[114.048467,30.219651],[114.038524,30.197431],[114.075345,30.208413],[114.115275,30.194428],[114.151397,30.143876],[114.150465,30.117174],[114.167788,30.090679],[114.192725,30.086685],[114.212145,30.003243],[114.265436,29.99946],[114.361996,30.033027],[114.481239,29.988154],[114.497475,29.991894],[114.532277,29.969322],[114.543929,30.007885],[114.534297,30.022026],[114.565137,30.030277],[114.533908,30.094673],[114.505476,30.123829],[114.506486,30.149842],[114.521479,30.192797],[114.540589,30.202579],[114.544473,30.234619],[114.595045,30.296396],[114.583237,30.437466],[114.590539,30.457407],[114.619981,30.451331],[114.640956,30.4779],[114.621146,30.556879],[114.71926,30.584102],[114.760044,30.60914],[114.85101,30.628191],[114.859556,30.636349],[114.830813,30.668374],[114.815587,30.659707],[114.805954,30.671576],[114.81279,30.685578],[114.791428,30.718783],[114.79873,30.73201],[114.811004,30.72625],[114.848214,30.741695],[114.875558,30.764516],[114.883404,30.797309],[114.917662,30.783451],[114.933898,30.792918],[114.952231,30.774368],[114.958135,30.788654],[114.946949,30.801147],[114.989752,30.808778],[114.999385,30.857537],[115.029914,30.857579],[115.03442,30.846841],[115.056327,30.855832],[115.081651,30.87803],[115.079399,30.89098],[115.028283,30.916576],[115.035896,30.926923],[115.009562,30.926114],[114.990529,30.945146],[114.988976,30.99643],[114.985713,30.99443],[114.969089,30.99392],[114.964661,30.985878],[114.957359,31.000004],[114.931878,30.994856],[114.921469,31.014341],[114.855205,30.991367],[114.876257,30.968897],[114.862352,30.945699],[114.825608,30.948807],[114.80712,30.993622],[114.795312,30.988899],[114.798497,31.000855],[114.767967,30.96047],[114.77022,30.985622],[114.750566,30.994005],[114.702481,30.973792],[114.708617,30.939909],[114.682594,30.948679],[114.615942,30.927264],[114.604367,30.960555],[114.576246,30.969876],[114.551775,30.998004],[114.544007,30.990814],[114.500427,31.03344],[114.534064,31.094369],[114.525674,31.135462],[114.461585,31.168553],[114.459177,31.183077],[114.472306,31.190932],[114.405887,31.229564],[114.402236,31.249341],[114.440067,31.307968],[114.332942,31.316619],[114.282915,31.361261],[114.240111,31.339176],[114.21937,31.302879],[114.203911,31.301649],[114.200726,31.268053],[114.179985,31.256767],[114.212145,31.199297],[114.233197,31.203627],[114.248346,31.179807],[114.181849,31.112644],[114.186355,31.054023],[114.157923,31.029144],[114.179441,30.986814],[114.157845,30.953659],[114.157534,30.885698],[114.180218,30.818711],[114.178353,30.75799],[114.087153,30.782087],[113.994944,30.786266],[113.905297,30.764047],[113.917338,30.753511],[113.915862,30.725397],[113.894422,30.725909],[113.896985,30.708242],[113.913143,30.713534],[113.924407,30.693134],[113.937847,30.697615],[113.95719,30.683017],[113.92534,30.647836],[113.940565,30.634597],[113.926583,30.619221],[113.940565,30.608584],[113.939711,30.586282],[113.890538,30.568547],[113.882148,30.525928],[113.868087,30.517633],[113.852784,30.530075],[113.774635,30.432716],[113.723131,30.423557],[113.702312,30.395304]]],[[[114.939258,31.019914],[114.946328,31.034035],[114.93351,31.03714],[114.929004,31.025188],[114.939258,31.019914]]],[[[114.969089,30.99392],[114.988976,30.99643],[114.980663,31.025231],[114.971575,31.021148],[114.969089,30.99392]]]],"type":"MultiPolygon"}},{"type":"Feature","properties":{"display":"孝感","province":"湖北省"},"geometry":{"coordinates":[[[[113.465611,30.391921],[113.501268,30.384343],[113.515251,30.414953],[113.536924,30.420561],[113.562948,30.474948],[113.595187,30.490775],[113.611034,30.475162],[113.626493,30.482691],[113.636592,30.460188],[113.621211,30.421246],[113.663004,30.414354],[113.682192,30.391921],[113.710002,30.388924],[113.702312,30.395304],[113.723131,30.423557],[113.774635,30.432716],[113.852784,30.530075],[113.868087,30.517633],[113.882148,30.525928],[113.890538,30.568547],[113.939711,30.586282],[113.940565,30.608584],[113.926583,30.619221],[113.940565,30.634597],[113.92534,30.647836],[113.95719,30.683017],[113.937847,30.697615],[113.924407,30.693134],[113.913143,30.713534],[113.896985,30.708242],[113.894422,30.725909],[113.915862,30.725397],[113.917338,30.753511],[113.905297,30.764047],[113.91594,30.769634],[113.924174,30.76153],[113.949266,30.779699],[114.030289,30.785328],[114.178353,30.75799],[114.180218,30.818711],[114.157534,30.885698],[114.157845,30.953659],[114.179441,30.986814],[114.157923,31.029144],[114.186355,31.054023],[114.181849,31.112644],[114.248346,31.179807],[114.233197,31.203627],[114.212145,31.199297],[114.192103,31.223749],[114.183558,31.267502],[114.200726,31.268053],[114.203911,31.301649],[114.21937,31.302879],[114.240111,31.339176],[114.282915,31.361261],[114.332942,31.316619],[114.440067,31.307968],[114.440999,31.342143],[114.428182,31.361091],[114.450321,31.387493],[114.450943,31.414481],[114.481705,31.409271],[114.489707,31.463861],[114.512002,31.461532],[114.503068,31.514018],[114.51977,31.557466],[114.542065,31.549049],[114.558689,31.568928],[114.549678,31.642485],[114.591394,31.700359],[114.57912,31.708172],[114.58448,31.764106],[114.55496,31.768537],[114.532122,31.740808],[114.521246,31.766934],[114.509671,31.766892],[114.508661,31.740681],[114.450865,31.737642],[114.446593,31.728059],[114.350421,31.755412],[114.29278,31.752289],[114.23646,31.841936],[114.221312,31.832364],[114.180295,31.854037],[114.134074,31.84278],[114.107895,31.787061],[114.120324,31.771407],[114.100515,31.7525],[114.113488,31.731901],[114.097252,31.70378],[114.127704,31.675947],[114.088552,31.556536],[114.106962,31.528151],[114.063615,31.487694],[114.071228,31.463056],[114.054837,31.432101],[114.02524,31.436252],[113.999061,31.41859],[113.979718,31.430196],[113.981815,31.3944],[113.94445,31.384019],[113.928602,31.389866],[113.95214,31.411643],[113.928447,31.415964],[113.911046,31.43748],[113.892868,31.413591],[113.87904,31.416048],[113.862882,31.450438],[113.831887,31.425198],[113.813243,31.441461],[113.728335,31.465385],[113.63465,31.387027],[113.593167,31.421004],[113.540187,31.38868],[113.521621,31.391392],[113.4747,31.432313],[113.392512,31.410584],[113.35802,31.426468],[113.336036,31.4202],[113.342173,31.369102],[113.316693,31.340109],[113.330132,31.319163],[113.358487,31.307756],[113.377053,31.275478],[113.388783,31.291936],[113.406262,31.291512],[113.444715,31.234573],[113.487363,31.226296],[113.49047,31.212161],[113.491169,31.148377],[113.477497,31.13219],[113.49482,31.117106],[113.46833,31.102657],[113.459008,31.045221],[113.39391,30.985367],[113.381791,30.99209],[113.391968,30.966557],[113.366255,30.959959],[113.362914,30.929563],[113.328967,30.930968],[113.32819,30.911168],[113.344348,30.870958],[113.367342,30.863885],[113.437257,30.781959],[113.424051,30.736405],[113.439743,30.722751],[113.425527,30.696634],[113.441996,30.694158],[113.435548,30.654071],[113.462426,30.633871],[113.43516,30.538369],[113.458154,30.506044],[113.448133,30.492999],[113.440131,30.489407],[113.441996,30.473323],[113.466155,30.460317],[113.465611,30.391921]]],[[[113.436558,30.49471],[113.453881,30.506856],[113.447822,30.514254],[113.436558,30.49471]]],[[[113.390803,30.676059],[113.398571,30.684554],[113.389793,30.685237],[113.390803,30.676059]]]],"type":"MultiPolygon"}},{"type":"Feature","properties":{"display":"岳阳","province":"湖南省"},"geometry":{"coordinates":[[[[112.315744,29.524298],[112.331116,29.51057],[112.328271,29.450091],[112.342002,29.444435],[112.366182,29.458441],[112.392057,29.396476],[112.485766,29.342941],[112.502068,29.312198],[112.579421,29.303674],[112.611806,29.333287],[112.634454,29.335984],[112.66476,29.300383],[112.673622,29.306264],[112.699881,29.287381],[112.683305,29.27497],[112.693699,29.253976],[112.679093,29.2448],[112.68243,29.192265],[112.741949,29.168283],[112.793864,29.190915],[112.810384,29.185514],[112.798513,29.159802],[112.812901,29.1524],[112.88161,29.162773],[112.924663,29.149429],[112.93905,29.065541],[112.949389,29.060783],[112.927945,29.023031],[112.876085,28.984075],[112.87242,28.962967],[112.83812,28.929295],[112.722911,28.883478],[112.685165,28.879741],[112.659837,28.840839],[112.671708,28.791568],[112.619137,28.778555],[112.603764,28.746884],[112.552233,28.72958],[112.555843,28.719652],[112.526412,28.702561],[112.510602,28.654799],[112.533797,28.640412],[112.552561,28.644104],[112.57406,28.623796],[112.588721,28.62738],[112.590143,28.601692],[112.562462,28.563556],[112.591948,28.542962],[112.629366,28.5472],[112.658688,28.580507],[112.705351,28.599574],[112.736095,28.568229],[112.688283,28.54432],[112.685384,28.525407],[112.714542,28.510621],[112.746872,28.510458],[112.772693,28.546385],[112.808798,28.559046],[112.792058,28.523015],[112.822419,28.528396],[112.822529,28.512796],[112.872365,28.500618],[112.87149,28.519156],[112.891293,28.524754],[112.939816,28.508501],[112.978656,28.52345],[112.977726,28.498552],[112.960768,28.477075],[112.974006,28.465274],[112.99184,28.460923],[113.041403,28.484905],[113.07904,28.521873],[113.085002,28.508229],[113.130462,28.498498],[113.128657,28.473975],[113.154313,28.470875],[113.18544,28.503391],[113.200758,28.555569],[113.186097,28.567957],[113.183252,28.596858],[113.215473,28.620809],[113.233635,28.661639],[113.251797,28.629715],[113.283635,28.638728],[113.310003,28.633136],[113.320342,28.615759],[113.349226,28.616573],[113.375813,28.643343],[113.4245,28.636068],[113.414599,28.590883],[113.424336,28.578715],[113.462739,28.596532],[113.500923,28.559155],[113.507378,28.536929],[113.547258,28.52508],[113.575923,28.536386],[113.64972,28.470005],[113.657324,28.447706],[113.704643,28.422192],[113.729698,28.441287],[113.806394,28.458638],[113.858473,28.532255],[113.889546,28.515622],[113.903222,28.528613],[113.941242,28.526385],[113.975979,28.564752],[113.995782,28.564915],[114.025432,28.542798],[114.065968,28.547689],[114.094688,28.562252],[114.132107,28.607178],[114.12226,28.623253],[114.133091,28.671681],[114.122369,28.689483],[114.139984,28.702941],[114.157107,28.761473],[114.137468,28.779748],[114.151964,28.801597],[114.149503,28.83504],[114.134459,28.826965],[114.124885,28.843277],[114.080411,28.833252],[114.059677,28.849726],[114.06017,28.902381],[114.040585,28.906551],[114.028332,28.89117],[114.00541,28.917815],[114.008857,28.955389],[113.966734,28.944292],[113.946001,29.044775],[113.895344,29.029468],[113.876581,29.03823],[113.881832,29.065433],[113.85262,29.058674],[113.831558,29.069326],[113.837029,29.08679],[113.815968,29.105331],[113.775595,29.095223],[113.740147,29.058728],[113.726252,29.083654],[113.732105,29.105061],[113.696328,29.077653],[113.685606,29.082302],[113.690584,29.11452],[113.662028,29.167257],[113.693812,29.201824],[113.690092,29.230818],[113.660059,29.224502],[113.635223,29.25063],[113.609621,29.251547],[113.606886,29.267631],[113.633035,29.318401],[113.661044,29.333449],[113.670015,29.384564],[113.731886,29.394805],[113.754917,29.447559],[113.68856,29.509655],[113.643374,29.507824],[113.631394,29.52349],[113.709293,29.554331],[113.741022,29.591564],[113.722915,29.610821],[113.708418,29.608992],[113.702783,29.634752],[113.671602,29.640774],[113.680354,29.641366],[113.662357,29.684533],[113.637849,29.669859],[113.538396,29.683673],[113.561153,29.73907],[113.550978,29.76818],[113.57565,29.807964],[113.565256,29.81258],[113.580901,29.835659],[113.571547,29.848913],[113.377345,29.703181],[113.272257,29.580858],[113.222421,29.543729],[113.155736,29.457148],[113.145342,29.449337],[113.099992,29.45968],[113.090582,29.43075],[113.080735,29.434091],[113.05765,29.522467],[113.018755,29.516169],[112.969192,29.469052],[112.950155,29.472876],[112.911862,29.606841],[113.004969,29.693777],[113.02614,29.772798],[112.979258,29.737619],[112.957814,29.694153],[112.933197,29.683243],[112.922748,29.76732],[112.870013,29.786007],[112.793918,29.7359],[112.806117,29.726069],[112.791785,29.713712],[112.788557,29.679911],[112.765964,29.675073],[112.735439,29.646259],[112.718973,29.652549],[112.68697,29.592747],[112.650646,29.592478],[112.624716,29.616522],[112.607758,29.608024],[112.5722,29.62389],[112.535219,29.599687],[112.505241,29.610982],[112.499114,29.629267],[112.43965,29.633784],[112.397254,29.564125],[112.370284,29.542222],[112.320066,29.540553],[112.315744,29.524298]]],[[[112.886533,29.796422],[112.937901,29.766569],[112.939597,29.779993],[112.919685,29.799697],[112.886533,29.796422]]]],"type":"MultiPolygon"}},{"type":"Feature","properties":{"display":"郴州","province":"湖南省"},"geometry":{"coordinates":[[[112.364212,25.191725],[112.399497,25.14066],[112.413337,25.141332],[112.442987,25.185623],[112.45825,25.152084],[112.507703,25.13674],[112.562681,25.12453],[112.628218,25.140604],[112.659782,25.132764],[112.715636,25.078368],[112.715143,25.026023],[112.741839,24.998609],[112.743152,24.960308],[112.784673,24.936637],[112.780734,24.897307],[112.873514,24.89669],[112.904367,24.921827],[112.983634,24.920929],[113.011917,24.946117],[113.002781,24.957111],[113.010002,24.977357],[112.978437,25.026472],[113.018427,25.083131],[112.967989,25.141612],[112.974335,25.168267],[113.034455,25.201409],[112.999006,25.244055],[112.959564,25.254071],[112.896927,25.239299],[112.868317,25.248811],[112.873951,25.274324],[112.856391,25.291609],[112.851796,25.33344],[112.894849,25.337578],[112.900593,25.311352],[112.927836,25.299887],[112.931829,25.322816],[112.968098,25.349822],[113.023678,25.345964],[113.029751,25.361227],[113.080134,25.383362],[113.092388,25.417507],[113.128383,25.413204],[113.118427,25.447285],[113.13462,25.467673],[113.149992,25.468008],[113.152016,25.492246],[113.177071,25.471583],[113.200812,25.479402],[113.226195,25.509667],[113.249062,25.514078],[113.282596,25.4942],[113.291732,25.516367],[113.303329,25.515864],[113.313942,25.442928],[113.340091,25.449911],[113.35973,25.438403],[113.376524,25.400743],[113.424117,25.392695],[113.442279,25.361283],[113.480026,25.375201],[113.519194,25.370059],[113.524336,25.353624],[113.544304,25.366593],[113.581448,25.342722],[113.585989,25.307325],[113.61077,25.32701],[113.68019,25.334503],[113.706558,25.360891],[113.734512,25.348872],[113.754097,25.361171],[113.75809,25.329973],[113.821274,25.330756],[113.839764,25.363463],[113.876909,25.380344],[113.892062,25.411863],[113.886865,25.436615],[113.943484,25.43885],[113.939929,25.459407],[113.958966,25.483646],[113.945837,25.499561],[113.96285,25.528258],[113.986099,25.528984],[113.983091,25.599357],[113.949557,25.625186],[113.913834,25.703753],[113.914272,25.728668],[113.961701,25.777311],[113.970071,25.833953],[114.028277,25.89335],[114.027128,25.991037],[114.008474,26.015669],[114.028113,26.031179],[114.043813,26.076697],[114.106888,26.069473],[114.120181,26.084198],[114.108748,26.10031],[114.187687,26.120975],[114.237249,26.152188],[114.218485,26.168513],[114.232216,26.17995],[114.21679,26.203154],[114.192282,26.196715],[114.181286,26.214477],[114.102785,26.187833],[114.088562,26.168402],[114.05913,26.166181],[114.055356,26.181338],[114.040968,26.177396],[114.036373,26.188555],[113.962686,26.150855],[113.944524,26.163738],[113.94611,26.184502],[113.916953,26.171344],[113.896438,26.135527],[113.824775,26.084087],[113.791624,26.10431],[113.780957,26.066139],[113.736427,26.041129],[113.693265,26.09581],[113.702455,26.124419],[113.729261,26.139248],[113.736536,26.159351],[113.725158,26.223745],[113.655464,26.270575],[113.615201,26.278896],[113.617061,26.308236],[113.583527,26.370331],[113.583199,26.394661],[113.609621,26.431007],[113.588998,26.467121],[113.603604,26.507652],[113.572969,26.519111],[113.558691,26.549497],[113.562192,26.575172],[113.541295,26.59271],[113.509183,26.59271],[113.467279,26.559347],[113.429478,26.558738],[113.399117,26.596969],[113.415474,26.645694],[113.382049,26.69915],[113.400758,26.706943],[113.428111,26.769761],[113.394303,26.804774],[113.384456,26.797099],[113.338121,26.81024],[113.299281,26.768104],[113.283417,26.771473],[113.280627,26.825202],[113.259784,26.827797],[113.238066,26.805216],[113.207103,26.829674],[113.144138,26.834477],[113.149062,26.792129],[113.097256,26.781636],[113.09556,26.759929],[113.12904,26.74413],[113.122311,26.72319],[113.160878,26.687875],[113.182979,26.687765],[113.186699,26.608088],[113.160003,26.534222],[113.230079,26.482072],[113.226852,26.467065],[113.192278,26.44552],[113.212191,26.425246],[113.191239,26.406186],[113.163558,26.409566],[113.167114,26.374266],[113.156556,26.36246],[113.173788,26.329696],[113.142059,26.32587],[113.127344,26.31356],[113.128821,26.29304],[113.103547,26.290544],[113.087136,26.273626],[113.091676,26.250103],[113.025867,26.245276],[113.039926,26.213589],[113.035659,26.172843],[113.008635,26.155631],[112.968645,26.154242],[112.930133,26.176785],[112.903601,26.148467],[112.875866,26.1498],[112.818754,26.161794],[112.818535,26.186667],[112.78987,26.179839],[112.786041,26.196993],[112.775975,26.183892],[112.791402,26.166292],[112.782157,26.146024],[112.758743,26.149855],[112.752507,26.129862],[112.739979,26.144469],[112.688557,26.114198],[112.676139,26.125974],[112.654913,26.101033],[112.642277,26.105977],[112.670668,26.127696],[112.637299,26.138915],[112.623403,26.192108],[112.597802,26.220526],[112.581062,26.219083],[112.572309,26.193384],[112.578381,26.153632],[112.529092,26.147579],[112.524443,26.137471],[112.5129,26.135583],[112.507812,26.159573],[112.48872,26.150911],[112.47953,26.175786],[112.395066,26.186168],[112.386641,26.205208],[112.357046,26.161294],[112.310437,26.158574],[112.304256,26.132917],[112.284453,26.143636],[112.232428,26.117865],[112.240579,26.09331],[112.309836,26.099033],[112.33582,26.076641],[112.292987,25.974298],[112.311532,25.962396],[112.299332,25.962507],[112.315197,25.935806],[112.265525,25.896689],[112.272089,25.886337],[112.33686,25.885725],[112.360383,25.905871],[112.387024,25.846258],[112.359289,25.834398],[112.357101,25.818249],[112.385383,25.805552],[112.37756,25.750791],[112.392057,25.740315],[112.336422,25.690876],[112.321433,25.698458],[112.310602,25.728891],[112.247363,25.703921],[112.257429,25.634055],[112.238829,25.603876],[112.260492,25.58234],[112.246269,25.567608],[112.325591,25.529989],[112.369902,25.539422],[112.367932,25.520442],[112.392002,25.490961],[112.399989,25.457172],[112.439924,25.408287],[112.421324,25.39359],[112.458414,25.37509],[112.444464,25.362736],[112.432867,25.368382],[112.409508,25.32578],[112.345175,25.289259],[112.368151,25.232696],[112.364212,25.191725]]],"type":"Polygon"}},{"type":"Feature","properties":{"display":"永州","province":"湖南省"},"geometry":{"coordinates":[[[112.364212,25.191725],[112.368151,25.232696],[112.345175,25.289259],[112.409508,25.32578],[112.432867,25.368382],[112.444464,25.362736],[112.458414,25.37509],[112.421324,25.39359],[112.439924,25.408287],[112.399989,25.457172],[112.392002,25.490961],[112.367932,25.520442],[112.369902,25.539422],[112.325591,25.529989],[112.285766,25.555776],[112.250973,25.559013],[112.260492,25.58234],[112.238829,25.603876],[112.257429,25.634055],[112.247363,25.703921],[112.310602,25.728891],[112.321433,25.698458],[112.336422,25.690876],[112.392057,25.740315],[112.37756,25.750791],[112.385383,25.805552],[112.357101,25.818249],[112.359289,25.834398],[112.387024,25.846258],[112.38686,25.859786],[112.360383,25.905871],[112.33686,25.885725],[112.272089,25.886337],[112.265525,25.896689],[112.315197,25.935806],[112.299332,25.962507],[112.311532,25.962396],[112.292987,25.974298],[112.33582,26.076641],[112.309836,26.099033],[112.251685,26.089588],[112.230295,26.107032],[112.217221,26.165459],[112.185929,26.185668],[112.197308,26.277287],[112.212461,26.30563],[112.177942,26.305741],[112.181498,26.34339],[112.153161,26.349544],[112.141728,26.387068],[112.140634,26.407959],[112.153271,26.403139],[112.143205,26.441477],[112.161914,26.450727],[112.152177,26.469668],[112.166509,26.477033],[112.159999,26.493866],[112.1757,26.500178],[112.195339,26.486613],[112.211258,26.502725],[112.236695,26.505382],[112.242713,26.535052],[112.213118,26.548556],[112.144737,26.504441],[112.147363,26.527469],[112.162735,26.539314],[112.149113,26.547173],[112.174715,26.571188],[112.170557,26.585352],[112.143916,26.593429],[112.151082,26.625731],[112.10978,26.654043],[112.093478,26.634026],[112.006498,26.648458],[111.995666,26.63939],[112.019736,26.619205],[112.006005,26.596914],[111.960983,26.645307],[111.917985,26.748936],[111.903325,26.751754],[111.871486,26.796491],[111.827504,26.780918],[111.817055,26.784011],[111.820556,26.804498],[111.781278,26.789147],[111.772142,26.80875],[111.744735,26.812173],[111.746759,26.841487],[111.731278,26.8326],[111.712678,26.84916],[111.684615,26.833538],[111.650862,26.840438],[111.644516,26.803228],[111.601245,26.785888],[111.575369,26.809357],[111.549986,26.812338],[111.528269,26.865],[111.349657,26.859812],[111.315139,26.802565],[111.329198,26.772136],[111.32143,26.714238],[111.276244,26.68887],[111.314263,26.626616],[111.288498,26.557078],[111.296922,26.511748],[111.288771,26.492316],[111.271867,26.499403],[111.259723,26.479913],[111.229635,26.481131],[111.201189,26.457318],[111.181057,26.463355],[111.15551,26.48246],[111.165959,26.511748],[111.12586,26.553924],[111.137129,26.610632],[111.127447,26.623076],[111.10923,26.617435],[111.104744,26.585905],[111.073562,26.587841],[111.067107,26.577274],[111.060269,26.473766],[111.031768,26.432503],[111.019186,26.401033],[111.025094,26.384575],[111.00261,26.340119],[111.106878,26.304077],[111.204745,26.307848],[111.212841,26.269133],[111.281277,26.27113],[111.2926,26.252434],[111.291452,26.220804],[111.271703,26.217196],[111.274384,26.182559],[111.258136,26.152021],[111.265959,26.096032],[111.244624,26.077975],[111.264318,26.055691],[111.236802,26.048855],[111.213716,26.01767],[111.189537,25.953274],[111.219679,25.93703],[111.232261,25.911046],[111.222469,25.907318],[111.251627,25.864685],[111.291889,25.854442],[111.305292,25.883666],[111.346211,25.906316],[111.355019,25.892126],[111.378432,25.904758],[111.385489,25.882107],[111.454253,25.888452],[111.456824,25.871086],[111.492054,25.868581],[111.433246,25.846258],[111.425041,25.826268],[111.440194,25.769623],[111.416069,25.768174],[111.399603,25.744606],[111.327283,25.732736],[111.307535,25.716351],[111.309997,25.64493],[111.343148,25.602761],[111.324931,25.564148],[111.320609,25.49554],[111.292108,25.435833],[111.26585,25.425441],[111.25748,25.395937],[111.236692,25.378164],[111.210543,25.363519],[111.181823,25.366593],[111.138442,25.303578],[111.103322,25.285064],[111.117819,25.239299],[111.112786,25.217081],[111.00272,25.165747],[110.951899,25.041157],[110.975477,24.987787],[110.968748,24.975506],[110.992107,24.959018],[110.994897,24.930354],[110.979142,24.914701],[110.997195,24.927044],[111.097414,24.9409],[111.101845,25.035216],[111.200751,25.07467],[111.274767,25.151133],[111.321813,25.104925],[111.36038,25.103076],[111.37515,25.128507],[111.399767,25.124586],[111.402831,25.107558],[111.436693,25.098426],[111.418804,25.065592],[111.4234,25.035496],[111.468312,25.019464],[111.467327,25.002477],[111.438389,24.98431],[111.431386,24.959691],[111.470227,24.928952],[111.447087,24.893098],[111.460489,24.872221],[111.449439,24.857066],[111.479417,24.797551],[111.464155,24.733849],[111.431113,24.685854],[111.446758,24.682538],[111.451791,24.665786],[111.471594,24.674668],[111.504144,24.664886],[111.52991,24.636548],[111.549877,24.648581],[111.560107,24.63891],[111.589155,24.690688],[111.641672,24.684674],[111.642328,24.730028],[111.708411,24.788846],[111.868696,24.771827],[111.875206,24.75666],[111.938226,24.756997],[111.963554,24.770085],[112.024113,24.740142],[112.059233,24.799516],[112.083796,24.804851],[112.124058,24.841123],[112.149496,24.836969],[112.17105,24.862735],[112.175207,24.927493],[112.142111,24.937927],[112.12001,24.963729],[112.122034,24.989525],[112.155732,25.026976],[112.152177,25.055953],[112.177122,25.10739],[112.187133,25.182544],[112.246542,25.184951],[112.256061,25.159364],[112.30256,25.15718],[112.315963,25.17521],[112.364212,25.191725]]],"type":"Polygon"}},{"type":"Feature","properties":{"display":"扬州","province":"江苏省"},"geometry":{"coordinates":[[[119.229036,32.222179],[119.286115,32.23288],[119.388375,32.225086],[119.433893,32.257535],[119.478569,32.261277],[119.514769,32.248907],[119.544852,32.282756],[119.576395,32.28456],[119.570894,32.230062],[119.599406,32.234553],[119.607207,32.252913],[119.621744,32.217423],[119.633923,32.257755],[119.688589,32.282492],[119.708401,32.276374],[119.745163,32.313865],[119.786022,32.317912],[119.819192,32.302514],[119.847311,32.328426],[119.842709,32.360662],[119.853709,32.361498],[119.856179,32.379744],[119.844561,32.395964],[119.868526,32.438722],[119.853372,32.46275],[119.814534,32.468855],[119.823402,32.535367],[119.835525,32.54976],[119.815656,32.578759],[119.814365,32.627085],[119.832999,32.640894],[119.869537,32.619369],[119.911855,32.625156],[119.894849,32.674334],[119.870659,32.679066],[119.877282,32.69843],[119.843663,32.736709],[119.863082,32.775715],[119.833504,32.781973],[119.830249,32.806872],[119.806508,32.800572],[119.78866,32.810197],[119.805778,32.851926],[119.782599,32.914832],[119.746173,32.898706],[119.719514,32.906179],[119.696727,32.961316],[119.708008,33.005681],[119.683931,33.072535],[119.640321,33.119241],[119.657271,33.162349],[119.708177,33.198336],[119.712611,33.219068],[119.685727,33.238619],[119.71508,33.271877],[119.700319,33.294245],[119.654016,33.280711],[119.631959,33.335353],[119.616356,33.333135],[119.605411,33.379702],[119.576731,33.378442],[119.543898,33.414905],[119.48839,33.407909],[119.416831,33.376181],[119.243123,33.352443],[119.235041,33.345138],[119.262655,33.303033],[119.153435,33.285281],[119.163145,33.271529],[119.146644,33.248589],[119.150685,33.212797],[119.219158,33.206002],[119.228531,33.151106],[119.250251,33.157643],[119.313897,33.128614],[119.343251,33.065119],[119.363736,33.053513],[119.359246,33.029688],[119.325122,32.998434],[119.349817,32.868411],[119.345383,32.838325],[119.332699,32.81501],[119.278651,32.798909],[119.184922,32.82564],[119.208214,32.740518],[119.208719,32.641508],[119.231,32.607135],[119.220168,32.57661],[119.193733,32.579154],[119.187167,32.599944],[119.176952,32.593848],[119.175212,32.571083],[119.153828,32.56187],[119.167803,32.536332],[119.147767,32.492655],[119.085131,32.452735],[119.067452,32.462398],[119.02373,32.456073],[119.029455,32.428836],[119.016434,32.413193],[119.017556,32.399261],[119.037425,32.388844],[119.02171,32.375436],[119.043823,32.365191],[119.027322,32.35134],[119.041971,32.333264],[119.037088,32.259868],[119.086029,32.241158],[119.153772,32.243668],[119.229036,32.222179]]],"type":"Polygon"}},{"type":"Feature","properties":{"display":"镇江","province":"江苏省"},"geometry":{"coordinates":[[[119.212423,31.627718],[119.282804,31.642787],[119.316535,31.671013],[119.331072,31.727305],[119.305647,31.733017],[119.304637,31.767367],[119.3295,31.845757],[119.342072,31.859553],[119.364129,31.857961],[119.40409,31.832092],[119.443378,31.828908],[119.419525,31.852081],[119.423229,31.871666],[119.448822,31.885414],[119.508203,31.851859],[119.556077,31.862515],[119.586946,31.847438],[119.615009,31.796174],[119.644643,31.795554],[119.656541,31.773607],[119.688196,31.769402],[119.708289,31.737931],[119.74,31.731157],[119.736295,31.7621],[119.763965,31.808119],[119.790456,31.806968],[119.785461,31.816745],[119.811784,31.852213],[119.769914,31.847615],[119.75521,31.880331],[119.780466,31.901634],[119.781757,31.913875],[119.760485,31.926644],[119.789446,31.926909],[119.767613,31.949306],[119.777435,32.014257],[119.796293,32.049032],[119.869593,32.058121],[119.919712,32.003663],[119.975501,32.006886],[119.930601,32.078942],[119.87846,32.247542],[119.852699,32.28192],[119.768623,32.318924],[119.730683,32.30401],[119.708401,32.276374],[119.688589,32.282492],[119.633923,32.257755],[119.621744,32.217423],[119.607207,32.252913],[119.599406,32.234553],[119.570894,32.230062],[119.576395,32.28456],[119.544852,32.282756],[119.514769,32.248907],[119.462461,32.26251],[119.433893,32.257535],[119.388375,32.225086],[119.254966,32.23222],[119.229036,32.222179],[119.241664,32.216278],[119.216239,32.190686],[119.13671,32.193374],[119.078677,32.178747],[119.076039,32.161695],[119.039333,32.157023],[119.008913,32.115941],[119.079799,32.107343],[119.098882,32.091027],[119.08659,32.053224],[119.092371,32.004105],[119.112464,32.000441],[119.121612,31.984812],[119.102979,31.965603],[119.06487,31.97342],[119.029455,31.950013],[119.037537,31.93897],[119.104157,31.933624],[119.116449,31.890497],[119.092427,31.860437],[119.069753,31.868793],[118.969457,31.834613],[119.006387,31.798607],[119.002908,31.783431],[118.982534,31.782988],[118.980458,31.764667],[119.029679,31.784714],[119.077105,31.783962],[119.157701,31.699362],[119.186437,31.694136],[119.187335,31.649168],[119.204734,31.646642],[119.212423,31.627718]]],"type":"Polygon"}},{"type":"Feature","properties":{"display":"徐州","province":"江苏省"},"geometry":{"coordinates":[[[118.408205,34.435512],[118.379974,34.415545],[118.290679,34.424563],[118.277377,34.40468],[118.220298,34.405925],[118.217716,34.379121],[118.183368,34.390333],[118.170403,34.381355],[118.177755,34.453241],[118.132855,34.483412],[118.164959,34.504906],[118.184659,34.544192],[118.078975,34.569786],[118.114727,34.614396],[118.094578,34.636584],[118.10266,34.64772],[118.020661,34.660437],[118.007864,34.647505],[117.9917,34.670071],[117.963301,34.678547],[117.939672,34.664847],[117.909701,34.670199],[117.903135,34.64455],[117.793634,34.651788],[117.80166,34.518761],[117.684471,34.547322],[117.659102,34.501045],[117.609656,34.490491],[117.592257,34.462512],[117.547806,34.475173],[117.487359,34.466332],[117.486686,34.482039],[117.466481,34.484656],[117.403789,34.546893],[117.402554,34.5694],[117.35294,34.584058],[117.31904,34.573643],[117.333015,34.56177],[117.302988,34.55894],[117.308376,34.571886],[117.272849,34.556711],[117.302651,34.541362],[117.268078,34.532828],[117.274364,34.503534],[117.259323,34.497056],[117.263588,34.472641],[117.252363,34.486501],[117.24271,34.47852],[117.255113,34.472555],[117.247929,34.451052],[117.166043,34.434653],[117.139383,34.526653],[117.147634,34.570257],[117.103912,34.648961],[117.072987,34.639069],[117.062323,34.657697],[117.077365,34.696482],[117.070518,34.713685],[117.021913,34.759202],[116.967921,34.772971],[116.951139,34.810591],[116.979146,34.81495],[116.966125,34.844477],[116.928858,34.842896],[116.933741,34.861906],[116.976845,34.868526],[116.922123,34.87143],[116.922291,34.89449],[116.858084,34.928384],[116.822164,34.929323],[116.815878,34.965292],[116.805775,34.968364],[116.812173,34.927957],[116.798928,34.928512],[116.802015,34.970497],[116.789106,34.975104],[116.781641,34.961922],[116.797637,34.938754],[116.786973,34.940461],[116.781192,34.916561],[116.631787,34.940717],[116.613883,34.922792],[116.560059,34.909304],[116.445059,34.895429],[116.40796,34.850714],[116.403189,34.756293],[116.365698,34.742778],[116.363789,34.715226],[116.392694,34.703886],[116.364407,34.651831],[116.37058,34.642238],[116.430466,34.650803],[116.432823,34.63016],[116.477218,34.615081],[116.490408,34.573343],[116.526159,34.553367],[116.520659,34.543162],[116.548048,34.542905],[116.595193,34.511512],[116.592443,34.493838],[116.568646,34.492508],[116.76065,34.462598],[116.828057,34.389216],[116.909214,34.408287],[116.969324,34.38883],[116.961242,34.363266],[116.980773,34.358109],[116.982962,34.345775],[116.969268,34.323122],[116.968987,34.28369],[117.018882,34.255512],[117.020791,34.243335],[117.049583,34.242432],[117.047226,34.205803],[117.025337,34.167651],[117.123837,34.128232],[117.130291,34.10177],[117.157961,34.09871],[117.15145,34.083707],[117.224693,34.064175],[117.277002,34.078922],[117.311463,34.068056],[117.319489,34.084397],[117.357149,34.088234],[117.377803,34.071462],[117.371124,34.060682],[117.415631,34.025916],[117.514805,34.060854],[117.545337,34.035191],[117.544663,34.013619],[117.575757,33.982891],[117.616672,34.004946],[117.610217,34.029281],[117.629749,34.02872],[117.666286,33.998688],[117.672629,33.934965],[117.70361,33.887789],[117.715396,33.879233],[117.740821,33.891981],[117.758668,33.885672],[117.749015,33.791629],[117.723478,33.739007],[117.752663,33.711515],[117.805589,33.736193],[117.901675,33.720131],[117.900497,33.735674],[117.936754,33.729353],[117.952749,33.738185],[117.96549,33.763461],[117.972505,33.749872],[118.019931,33.738704],[118.065561,33.765798],[118.117982,33.766534],[118.149187,33.746452],[118.178597,33.763115],[118.159515,33.795653],[118.169056,33.820134],[118.18797,33.822945],[118.168495,33.881005],[118.125896,33.954959],[118.106139,33.935138],[118.085766,33.942048],[118.085654,33.965192],[118.03385,33.983927],[118.034917,34.01267],[118.054168,34.009692],[118.063653,34.020738],[118.063821,34.053781],[118.048611,34.092545],[118.005507,34.09164],[117.998997,34.140038],[118.055571,34.148827],[118.072408,34.170924],[118.10294,34.139521],[118.139309,34.136419],[118.150534,34.137281],[118.150703,34.158476],[118.187745,34.161664],[118.213844,34.14202],[118.232646,34.100304],[118.363586,34.118795],[118.469718,34.097201],[118.517705,34.117545],[118.503225,34.123147],[118.505358,34.158562],[118.519221,34.168598],[118.560192,34.165454],[118.571473,34.298957],[118.632706,34.308246],[118.631752,34.337179],[118.621986,34.341133],[118.644268,34.359012],[118.644773,34.383632],[118.673958,34.400728],[118.669075,34.419281],[118.646457,34.439547],[118.607899,34.446931],[118.585617,34.419496],[118.524216,34.440191],[118.462422,34.40687],[118.415221,34.420269],[118.408205,34.435512]]],"type":"Polygon"}},{"type":"Feature","properties":{"display":"南京","province":"江苏省"},"geometry":{"coordinates":[[[[119.067452,32.462398],[119.041409,32.514782],[118.97984,32.503851],[118.936568,32.557526],[118.887907,32.55485],[118.901995,32.589023],[118.848507,32.568187],[118.827011,32.572662],[118.820501,32.604241],[118.784749,32.582444],[118.757528,32.603978],[118.740691,32.589374],[118.725312,32.608232],[118.69798,32.60639],[118.700842,32.588541],[118.658411,32.594812],[118.633043,32.578979],[118.598077,32.601347],[118.569509,32.586435],[118.563728,32.564371],[118.608853,32.537034],[118.604812,32.52299],[118.617496,32.512411],[118.592464,32.500207],[118.59673,32.476628],[118.68928,32.47351],[118.678672,32.393943],[118.690178,32.378293],[118.698878,32.383085],[118.692928,32.351692],[118.707914,32.33841],[118.683948,32.324071],[118.696352,32.317736],[118.660263,32.305418],[118.670759,32.285617],[118.659253,32.266119],[118.675137,32.255862],[118.644099,32.20998],[118.509848,32.194299],[118.495592,32.177073],[118.507435,32.137895],[118.494694,32.130974],[118.500812,32.121584],[118.405455,32.080794],[118.385025,32.060768],[118.394342,32.048414],[118.38598,32.033147],[118.401526,32.018671],[118.376719,31.981721],[118.364371,31.930178],[118.4723,31.879623],[118.466744,31.858005],[118.504741,31.841733],[118.482178,31.778342],[118.533869,31.767234],[118.529772,31.742358],[118.55312,31.729032],[118.571698,31.746253],[118.627037,31.759444],[118.641686,31.758249],[118.653977,31.730139],[118.684902,31.724914],[118.697699,31.709416],[118.643257,31.671367],[118.643594,31.649656],[118.65785,31.641103],[118.71695,31.639463],[118.719419,31.627452],[118.735976,31.633436],[118.748099,31.675753],[118.774141,31.682619],[118.799005,31.666361],[118.782953,31.656258],[118.802765,31.619473],[118.832848,31.630377],[118.868768,31.611139],[118.862258,31.595001],[118.877299,31.589902],[118.881958,31.565156],[118.873539,31.532062],[118.886279,31.527669],[118.86961,31.421561],[118.829481,31.377529],[118.767575,31.363973],[118.765386,31.387928],[118.75461,31.385084],[118.721103,31.32267],[118.719588,31.294784],[118.704434,31.302791],[118.726603,31.28224],[118.761401,31.277702],[118.79575,31.229373],[118.915184,31.244195],[118.986463,31.231154],[119.014526,31.241524],[119.10528,31.235293],[119.10702,31.250603],[119.149787,31.276945],[119.15815,31.294784],[119.195361,31.309373],[119.198336,31.330674],[119.218035,31.348859],[119.174089,31.380906],[119.164155,31.441105],[119.140919,31.444969],[119.152986,31.493186],[119.183518,31.500199],[119.199458,31.524519],[119.180656,31.526959],[119.181105,31.538096],[119.21579,31.570389],[119.232516,31.632283],[119.212423,31.627718],[119.204734,31.646642],[119.187335,31.649168],[119.186437,31.694136],[119.157701,31.699362],[119.077105,31.783962],[119.029679,31.784714],[118.980458,31.764667],[118.982534,31.782988],[119.002908,31.783431],[119.006387,31.798607],[118.970411,31.826077],[118.979672,31.842352],[119.025919,31.846376],[119.069753,31.868793],[119.092427,31.860437],[119.116449,31.890497],[119.104157,31.933624],[119.037537,31.93897],[119.029455,31.950013],[119.046854,31.968562],[119.102979,31.965603],[119.121107,31.977571],[119.112464,32.000441],[119.092371,32.004105],[119.08659,32.053224],[119.098882,32.091027],[119.079799,32.107343],[119.057686,32.102228],[119.008913,32.115941],[119.00925,32.12467],[119.039333,32.157023],[119.076039,32.161695],[119.078677,32.178747],[119.13671,32.193374],[119.216239,32.190686],[119.241664,32.216278],[119.177232,32.238912],[119.086029,32.241158],[119.037088,32.259868],[119.041971,32.333264],[119.027322,32.35134],[119.043823,32.365191],[119.02171,32.375436],[119.037425,32.388844],[119.017556,32.399261],[119.016434,32.413193],[119.029455,32.428836],[119.02373,32.456073],[119.067452,32.462398]]],[[[118.86585,31.518972],[118.856421,31.522256],[118.846711,31.50304],[118.855691,31.504726],[118.86585,31.518972]]]],"type":"MultiPolygon"}},{"type":"Feature","properties":{"display":"咸阳","province":"陕西省"},"geometry":{"coordinates":[[[107.820028,34.973739],[107.857961,34.844438],[107.90804,34.842684],[107.951787,34.863332],[107.94983,34.821552],[107.963127,34.79842],[107.992023,34.782782],[108.015335,34.726032],[108.032143,34.626644],[107.995822,34.612573],[107.980453,34.575866],[108.002441,34.552105],[107.997606,34.487189],[108.017637,34.479101],[108.011881,34.457956],[108.041698,34.390001],[108.027711,34.38503],[108.029438,34.370838],[108.053095,34.325761],[108.009118,34.317015],[107.995764,34.332901],[107.987878,34.313485],[107.953744,34.32183],[107.950808,34.287803],[107.995131,34.265647],[107.990181,34.22212],[108.086769,34.231036],[108.20195,34.221718],[108.237638,34.199625],[108.293185,34.209989],[108.328585,34.195928],[108.37452,34.207659],[108.468115,34.205731],[108.650125,34.265808],[108.692087,34.238987],[108.700952,34.273675],[108.744756,34.276886],[108.750282,34.296151],[108.796792,34.296713],[108.803239,34.359531],[108.961015,34.424787],[108.955834,34.444979],[108.976441,34.44594],[108.974081,34.541383],[108.955201,34.565866],[109.06123,34.593542],[109.108891,34.577705],[109.138823,34.588823],[109.139053,34.639514],[109.168237,34.666525],[109.173187,34.705589],[109.090356,34.700876],[109.068655,34.713176],[109.046436,34.687058],[109.029053,34.70503],[109.04517,34.752297],[109.034406,34.771451],[108.957158,34.829766],[108.918189,34.83455],[108.898561,34.823545],[108.902302,34.810146],[108.855504,34.82219],[108.82327,34.804881],[108.81383,34.830643],[108.766399,34.87202],[108.726509,34.866839],[108.689036,34.880707],[108.62048,35.011782],[108.583526,35.043524],[108.626812,35.099897],[108.591297,35.101645],[108.662673,35.128585],[108.655708,35.156866],[108.633432,35.164093],[108.65473,35.178467],[108.656629,35.194267],[108.676545,35.196729],[108.670674,35.210462],[108.696865,35.222764],[108.750627,35.293366],[108.873349,35.326108],[108.868629,35.344653],[108.846467,35.349803],[108.835876,35.380304],[108.803584,35.379195],[108.808246,35.392898],[108.767378,35.486769],[108.727084,35.505831],[108.690303,35.505436],[108.659162,35.537775],[108.622898,35.540779],[108.605975,35.502826],[108.631129,35.418632],[108.610752,35.356459],[108.615357,35.331656],[108.568272,35.290908],[108.543463,35.303911],[108.489125,35.275285],[108.449062,35.273699],[108.352819,35.285753],[108.345336,35.300661],[108.298078,35.268385],[108.239365,35.256248],[108.221463,35.296855],[108.193776,35.306607],[108.094885,35.280043],[108.048663,35.253789],[107.949772,35.2453],[107.960594,35.261484],[107.866193,35.256407],[107.841844,35.276395],[107.745716,35.311601],[107.716648,35.302326],[107.736794,35.296141],[107.737312,35.267433],[107.692357,35.251171],[107.662597,35.255375],[107.651948,35.239746],[107.670311,35.21443],[107.687291,35.216653],[107.715784,35.168144],[107.722519,35.114917],[107.762006,35.084316],[107.759474,35.071198],[107.802069,35.032388],[107.848349,35.023876],[107.843629,35.002313],[107.863372,34.999209],[107.858595,34.986873],[107.820028,34.973739]]],"type":"Polygon"}},{"type":"Feature","properties":{"display":"西安","province":"陕西省"},"geometry":{"coordinates":[[[[109.754502,34.212239],[109.731074,34.236337],[109.627751,34.240031],[109.575831,34.262516],[109.523622,34.255851],[109.477688,34.294465],[109.456045,34.298237],[109.461859,34.394169],[109.423753,34.423505],[109.413277,34.46068],[109.391346,34.468529],[109.399692,34.49976],[109.391346,34.529138],[109.449771,34.553625],[109.42335,34.679548],[109.429854,34.713814],[109.410859,34.743117],[109.365098,34.739285],[109.340749,34.69872],[109.286641,34.687697],[109.254176,34.6988],[109.243873,34.687297],[109.173072,34.691931],[109.156034,34.644709],[109.139053,34.639514],[109.138823,34.588823],[109.108891,34.577705],[109.06123,34.593542],[108.955201,34.565866],[108.974081,34.541383],[108.976441,34.44594],[108.955834,34.444979],[108.961015,34.424787],[108.803239,34.359531],[108.796792,34.296713],[108.750282,34.296151],[108.744756,34.276886],[108.700952,34.273675],[108.692087,34.238987],[108.650125,34.265808],[108.468115,34.205731],[108.37452,34.207659],[108.328585,34.195928],[108.293185,34.209989],[108.237638,34.199625],[108.20195,34.221718],[108.027941,34.228144],[108.030013,34.208623],[108.003074,34.155742],[108.00106,34.103953],[107.943038,34.042312],[107.949887,33.985379],[107.915638,33.986104],[107.908213,33.999314],[107.846564,33.975148],[107.8103,33.995045],[107.76736,33.954521],[107.71377,33.92736],[107.708589,33.846794],[107.697422,33.817903],[107.679463,33.808298],[107.68591,33.796996],[107.665821,33.760013],[107.695868,33.72366],[107.763503,33.719781],[107.854278,33.694081],[107.90309,33.748947],[107.931583,33.731255],[107.951672,33.745797],[108.054247,33.709842],[108.073818,33.723417],[108.180191,33.711862],[108.191761,33.725276],[108.233148,33.726649],[108.288292,33.767282],[108.307,33.76292],[108.345969,33.793848],[108.369454,33.793202],[108.404855,33.763324],[108.484405,33.804262],[108.544557,33.788438],[108.560444,33.765101],[108.584274,33.764536],[108.617717,33.825974],[108.650067,33.841549],[108.697843,33.828315],[108.755923,33.839048],[108.756038,33.812657],[108.778487,33.798046],[108.805771,33.817177],[108.874788,33.824522],[108.913239,33.848649],[108.922161,33.869383],[109.007985,33.883256],[109.051502,33.923169],[109.070555,33.906641],[109.107682,33.907609],[109.120576,33.876481],[109.207379,33.867043],[109.251874,33.880675],[109.299823,33.856556],[109.355945,33.867608],[109.399059,33.845422],[109.508541,33.848004],[109.576118,33.897691],[109.592984,33.896804],[109.603633,33.940982],[109.533235,33.982077],[109.567139,34.064688],[109.634313,34.075633],[109.658835,34.105481],[109.739824,34.09792],[109.742184,34.12189],[109.78098,34.160083],[109.789787,34.145049],[109.822194,34.155742],[109.778102,34.183392],[109.745465,34.187491],[109.754502,34.212239]]],[[[109.174166,33.808702],[109.162366,33.812657],[109.147284,33.799337],[109.154019,33.791103],[109.174166,33.808702]]]],"type":"MultiPolygon"}},{"type":"Feature","properties":{"display":"榆林","province":"陕西省"},"geometry":{"coordinates":[[[110.418706,36.973589],[110.377146,37.010291],[110.38319,37.021849],[110.441212,37.00618],[110.450307,37.016497],[110.424059,37.023944],[110.425958,37.04085],[110.460495,37.044728],[110.535556,37.115102],[110.540276,37.144612],[110.650161,37.254341],[110.661903,37.282019],[110.690051,37.287043],[110.678711,37.317877],[110.693965,37.325912],[110.695059,37.349625],[110.634044,37.36615],[110.631799,37.398803],[110.648146,37.438154],[110.744965,37.450726],[110.771098,37.538365],[110.794928,37.56617],[110.772249,37.592655],[110.76373,37.639596],[110.793317,37.65075],[110.796137,37.663056],[110.706571,37.705342],[110.70352,37.718638],[110.750721,37.736157],[110.755671,37.755055],[110.680381,37.790072],[110.587937,37.926602],[110.522489,37.95495],[110.516618,37.970728],[110.52836,37.990638],[110.501422,38.03901],[110.501882,38.098132],[110.521165,38.124427],[110.507869,38.18493],[110.523928,38.210506],[110.567272,38.217529],[110.577461,38.297247],[110.668581,38.313637],[110.701621,38.35334],[110.750318,38.36949],[110.77766,38.4409],[110.796828,38.453454],[110.84069,38.439986],[110.874248,38.453682],[110.870161,38.508894],[110.907692,38.521056],[110.919895,38.582064],[110.89664,38.588216],[110.88081,38.626933],[110.916211,38.673973],[110.915405,38.704305],[110.965023,38.755688],[110.956274,38.776746],[110.979126,38.787727],[111.010094,38.841623],[110.996049,38.868026],[111.012339,38.878312],[111.009921,38.932593],[110.979989,38.972257],[110.998409,38.998536],[111.038241,39.020126],[111.088953,39.02707],[111.138341,39.064267],[111.147321,39.100539],[111.174144,39.135136],[111.163093,39.152465],[111.218985,39.24567],[111.227159,39.284406],[111.247478,39.3023],[111.187959,39.314327],[111.17944,39.326803],[111.194233,39.340479],[111.18842,39.350922],[111.161711,39.33552],[111.155034,39.368273],[111.108121,39.356556],[111.086593,39.380139],[111.09776,39.404539],[111.086651,39.412721],[111.064374,39.400936],[111.05833,39.447689],[111.108869,39.474165],[111.100005,39.483239],[111.107143,39.499208],[111.148875,39.532633],[111.154976,39.568664],[111.136787,39.58701],[111.100984,39.559452],[111.04371,39.554584],[111.040947,39.567691],[110.959152,39.519445],[110.890826,39.508952],[110.738288,39.348518],[110.732877,39.308464],[110.688382,39.267485],[110.669617,39.275908],[110.626273,39.266808],[110.596571,39.283052],[110.566927,39.318461],[110.559156,39.352124],[110.521741,39.383217],[110.499177,39.360687],[110.434995,39.380889],[110.416576,39.348668],[110.429124,39.342057],[110.385205,39.310494],[110.257648,39.407091],[110.276759,39.420301],[110.152483,39.45399],[110.133373,39.448289],[110.126408,39.416849],[110.136769,39.391777],[110.158872,39.389599],[110.185293,39.3531],[110.210851,39.281473],[110.010997,39.208568],[109.962702,39.211881],[109.902723,39.271922],[109.868992,39.249732],[109.960457,39.186735],[109.893916,39.141239],[109.922121,39.107023],[109.890923,39.104007],[109.860128,39.124435],[109.725376,39.01839],[109.704826,39.016956],[109.691242,38.992647],[109.672016,38.997026],[109.665339,38.981697],[109.68537,38.968254],[109.683759,38.93554],[109.624413,38.854485],[109.549755,38.805672],[109.511189,38.833753],[109.450864,38.788863],[109.412528,38.747581],[109.403952,38.720603],[109.338734,38.7015],[109.328891,38.660471],[109.366537,38.631107],[109.331366,38.597935],[109.27674,38.622986],[109.196845,38.552668],[109.178655,38.520828],[109.054265,38.433975],[109.051272,38.385255],[109.007813,38.35913],[108.961878,38.265065],[108.976557,38.249503],[108.938508,38.207453],[108.947258,38.170725],[108.964469,38.154761],[109.06359,38.100196],[109.050754,38.055],[109.069519,38.023017],[109.038032,38.021487],[109.017483,37.969962],[108.97955,37.959316],[108.974197,37.931889],[108.935803,37.921621],[108.893841,37.978157],[108.882961,38.013833],[108.830638,38.049798],[108.797655,38.047886],[108.826666,37.995155],[108.798231,37.933652],[108.801397,37.792298],[108.784704,37.764655],[108.792014,37.700269],[108.777681,37.68351],[108.713442,37.680665],[108.628366,37.652212],[108.532641,37.690583],[108.422411,37.648827],[108.33296,37.633057],[108.301128,37.64075],[108.292782,37.656981],[108.246502,37.665748],[108.133912,37.621978],[108.060233,37.652058],[108.025408,37.649827],[108.013205,37.665517],[108.02443,37.698655],[108.014069,37.725861],[107.993692,37.735081],[107.981949,37.787231],[107.741169,37.845328],[107.683435,37.887739],[107.650222,37.864581],[107.659259,37.8441],[107.620692,37.775944],[107.599222,37.791146],[107.49918,37.765654],[107.485077,37.706495],[107.465449,37.691198],[107.386877,37.691121],[107.389583,37.671208],[107.422047,37.665056],[107.419918,37.650212],[107.39672,37.652443],[107.36132,37.613282],[107.312565,37.610127],[107.330467,37.584033],[107.372199,37.580029],[107.345663,37.518873],[107.284302,37.481955],[107.261047,37.37086],[107.257939,37.336958],[107.273135,37.29114],[107.293282,37.277458],[107.309342,37.238874],[107.270315,37.229129],[107.317688,37.199961],[107.337835,37.153982],[107.307039,37.100459],[107.278258,37.128194],[107.268703,37.099452],[107.304276,36.951699],[107.294836,36.929414],[107.311702,36.913026],[107.332827,36.925608],[107.370645,36.904792],[107.47794,36.908443],[107.533717,36.867184],[107.540106,36.828624],[107.590818,36.836244],[107.639515,36.818514],[107.723095,36.8591],[107.723267,36.920094],[107.693335,36.97421],[107.748307,36.986317],[107.752739,37.001137],[107.702142,37.018126],[107.69512,36.996637],[107.65995,37.058529],[107.670138,37.064653],[107.696962,37.050078],[107.720217,37.07349],[107.700473,37.091471],[107.692472,37.123856],[107.675779,37.121687],[107.704099,37.142676],[107.734377,37.136946],[107.744738,37.153905],[107.724131,37.16366],[107.749343,37.176511],[107.747616,37.207699],[107.797694,37.246144],[107.82141,37.243283],[107.820086,37.220697],[107.858652,37.212341],[107.866941,37.16397],[107.887145,37.132299],[107.888584,37.083953],[107.930835,37.094028],[107.959097,37.081783],[107.982525,37.110299],[108.032316,37.127187],[108.102195,37.130052],[108.123954,37.20414],[108.136617,37.191139],[108.173745,37.195705],[108.174723,37.164666],[108.213347,37.171866],[108.260087,37.216983],[108.251971,37.234775],[108.275571,37.235239],[108.282248,37.26161],[108.245524,37.283642],[108.249438,37.298018],[108.21657,37.325139],[108.236659,37.340279],[108.319548,37.358814],[108.362201,37.405363],[108.361395,37.388461],[108.407445,37.381127],[108.406581,37.406675],[108.418842,37.407215],[108.431736,37.388306],[108.438701,37.3144],[108.486419,37.28542],[108.474274,37.26161],[108.452688,37.2538],[108.48665,37.233074],[108.515258,37.231294],[108.512725,37.204217],[108.547838,37.163583],[108.536325,37.117117],[108.552097,37.088293],[108.536728,37.060544],[108.542254,37.039842],[108.510135,37.023246],[108.487743,37.026891],[108.501213,37.001292],[108.558486,36.986549],[108.598607,37.004783],[108.611328,37.029838],[108.651218,37.03961],[108.688173,36.996637],[108.73664,36.982592],[108.758456,36.98911],[108.768241,36.974831],[108.80485,37.002999],[108.803987,37.023789],[108.815845,37.029916],[108.741245,37.081241],[108.757707,37.099607],[108.750915,37.114405],[108.778314,37.121919],[108.79754,37.111694],[108.819528,37.139734],[108.834437,37.136868],[108.853202,37.154601],[108.883019,37.150962],[108.882904,37.177285],[108.862239,37.180149],[108.85349,37.205378],[108.868801,37.242123],[108.862354,37.263543],[108.889639,37.222321],[108.894646,37.23493],[108.950884,37.233383],[108.963778,37.263233],[109.01449,37.283024],[109.013684,37.303891],[109.056567,37.28542],[109.078498,37.312005],[109.111193,37.307214],[109.11787,37.322435],[109.173935,37.30451],[109.178713,37.327148],[109.231497,37.329311],[109.24347,37.31865],[109.24865,37.337035],[109.307651,37.354644],[109.342994,37.347385],[109.329812,37.373253],[109.349786,37.379815],[109.385877,37.438154],[109.453397,37.460212],[109.468651,37.487351],[109.492539,37.498451],[109.564088,37.460135],[109.576291,37.438],[109.634659,37.419407],[109.717778,37.435377],[109.738673,37.424808],[109.734758,37.400501],[109.772807,37.393246],[109.77344,37.363756],[109.784434,37.343369],[109.80366,37.347308],[109.812351,37.305051],[109.783801,37.310691],[109.762043,37.270733],[109.811948,37.257821],[109.841017,37.279546],[109.905601,37.277922],[109.898176,37.294927],[109.919128,37.314091],[109.926784,37.29284],[110.028323,37.265244],[110.013126,37.204913],[109.954529,37.206306],[109.982101,37.179375],[109.978071,37.151659],[109.990677,37.130207],[110.013644,37.146316],[110.025099,37.132221],[110.011112,37.095345],[110.032467,37.029605],[110.087554,36.985308],[110.115816,36.973201],[110.170557,36.988567],[110.191107,37.013394],[110.242855,37.00362],[110.269621,36.988955],[110.278601,36.968544],[110.294718,36.965594],[110.324247,36.98492],[110.352222,36.975141],[110.362238,36.943857],[110.375649,36.962024],[110.418706,36.973589]]],"type":"Polygon"}},{"type":"Feature","properties":{"display":"运城","province":"山西省"},"geometry":{"coordinates":[[[110.57722,35.73688],[110.577611,35.701476],[110.609332,35.632138],[110.5675,35.539489],[110.513084,35.483138],[110.450033,35.327763],[110.374832,35.251934],[110.378347,35.210844],[110.364331,35.197991],[110.364721,35.140255],[110.373704,35.134205],[110.32059,35.038496],[110.32085,35.005144],[110.262182,34.944335],[110.230982,34.880734],[110.246864,34.788886],[110.229593,34.692646],[110.269082,34.629491],[110.295508,34.611036],[110.407724,34.589242],[110.48848,34.610779],[110.547365,34.583601],[110.610981,34.607318],[110.706403,34.603985],[110.749146,34.652235],[110.791846,34.649737],[110.824304,34.615842],[110.88371,34.644099],[110.903715,34.668825],[110.91977,34.730221],[110.976312,34.706475],[111.035371,34.740908],[111.11821,34.756584],[111.160736,34.814591],[111.223483,34.789462],[111.239842,34.793555],[111.255247,34.819578],[111.294128,34.807686],[111.340299,34.83134],[111.395583,34.814975],[111.439367,34.838179],[111.464622,34.826929],[111.502635,34.829933],[111.527803,34.85013],[111.570806,34.843292],[111.591852,34.881629],[111.617672,34.894787],[111.621577,34.916308],[111.681547,34.95225],[111.669614,34.988176],[111.809515,35.036839],[111.818411,35.068457],[111.900078,35.079865],[111.91839,35.071516],[111.928371,35.082032],[112.02119,35.068011],[112.038938,35.045509],[112.062153,35.055773],[112.056252,35.098471],[112.067231,35.136243],[112.042062,35.200281],[112.078686,35.219369],[112.079641,35.242395],[112.058812,35.279909],[112.069096,35.315691],[112.052824,35.341421],[112.022144,35.353997],[112.032776,35.39019],[111.974064,35.431443],[111.94933,35.393618],[111.89179,35.387905],[111.851303,35.399331],[111.838155,35.435123],[111.814245,35.430364],[111.838893,35.458214],[111.833989,35.472485],[111.853256,35.511477],[111.902768,35.52333],[111.908843,35.541137],[111.84384,35.553302],[111.839934,35.584592],[111.860503,35.599663],[111.764646,35.611376],[111.722815,35.644859],[111.683413,35.639923],[111.675559,35.655996],[111.653211,35.643214],[111.612638,35.649984],[111.585213,35.55875],[111.506584,35.574776],[111.423051,35.55951],[111.410336,35.572179],[111.296254,35.536194],[111.271303,35.55894],[111.283974,35.571925],[111.266269,35.598017],[111.268135,35.629923],[111.290266,35.629796],[111.302026,35.650111],[111.291741,35.669535],[111.347589,35.670737],[111.336784,35.709633],[111.291438,35.704637],[111.252774,35.680289],[111.23598,35.703626],[111.196015,35.71937],[111.183821,35.764813],[111.126932,35.819703],[111.101113,35.812442],[111.057025,35.741052],[111.002652,35.734099],[110.976356,35.807832],[110.951708,35.786041],[110.953834,35.719053],[110.91248,35.690408],[110.746586,35.744338],[110.68475,35.729105],[110.67976,35.742569],[110.696813,35.765319],[110.656153,35.788189],[110.62747,35.784399],[110.616752,35.762476],[110.57722,35.73688]]],"type":"Polygon"}},{"type":"Feature","properties":{"display":"太原","province":"山西省"},"geometry":{"coordinates":[[[113.066848,38.05647],[113.04142,38.081606],[113.012129,38.084915],[112.970905,38.112124],[112.961358,38.139935],[112.94105,38.13675],[112.919874,38.157143],[112.93901,38.164062],[112.957887,38.21737],[113.026319,38.255475],[113.076699,38.307067],[113.108984,38.307006],[113.150294,38.328206],[113.145695,38.411664],[113.121351,38.421305],[113.085551,38.415753],[113.083902,38.399216],[113.039293,38.381699],[113.00345,38.343354],[112.978238,38.342255],[112.972207,38.357461],[112.945129,38.333887],[112.850834,38.306089],[112.796115,38.251011],[112.681686,38.235844],[112.639984,38.246425],[112.648359,38.227586],[112.620761,38.20654],[112.569036,38.21064],[112.557536,38.223426],[112.562526,38.239147],[112.524947,38.267826],[112.524731,38.249972],[112.499606,38.237312],[112.458685,38.249972],[112.446926,38.27608],[112.406483,38.266787],[112.36374,38.278036],[112.319739,38.310977],[112.274002,38.31391],[112.248009,38.291728],[112.269966,38.267888],[112.220888,38.250583],[112.267753,38.182488],[112.25148,38.150101],[112.212166,38.143671],[112.214726,38.132401],[112.160353,38.15004],[112.134751,38.140976],[112.101381,38.167368],[112.01173,38.184202],[111.951326,38.167919],[111.898125,38.198034],[111.87287,38.193383],[111.869138,38.220062],[111.847658,38.229788],[111.849611,38.214984],[111.81763,38.214311],[111.806434,38.195464],[111.716305,38.174959],[111.716609,38.15849],[111.689749,38.134668],[111.625005,38.10183],[111.547547,38.085344],[111.515913,38.051258],[111.52802,38.037705],[111.516868,38.019672],[111.538044,37.992429],[111.545595,37.955966],[111.572412,37.931955],[111.580093,37.902713],[111.547113,37.885261],[111.56638,37.87598],[111.570242,37.852373],[111.653515,37.856677],[111.706151,37.878992],[111.747158,37.870509],[111.767814,37.832325],[111.808474,37.817133],[111.819843,37.796091],[111.912272,37.792953],[111.921384,37.757931],[111.974975,37.713159],[112.023316,37.723939],[112.034642,37.71125],[112.10277,37.716178],[112.175932,37.674525],[112.174109,37.6355],[112.227006,37.59232],[112.233776,37.570042],[112.290448,37.566894],[112.294093,37.548745],[112.273741,37.524046],[112.295698,37.521452],[112.313446,37.495508],[112.290361,37.48729],[112.33011,37.458923],[112.352371,37.463188],[112.358967,37.485004],[112.390253,37.484077],[112.394853,37.462879],[112.432779,37.458861],[112.442065,37.478886],[112.464153,37.468813],[112.508241,37.478639],[112.50976,37.507554],[112.544692,37.518364],[112.590646,37.506813],[112.593943,37.520958],[112.623755,37.525899],[112.598153,37.599231],[112.579667,37.604413],[112.579146,37.633896],[112.619502,37.642961],[112.605399,37.666758],[112.6274,37.684201],[112.626879,37.707615],[112.650486,37.710017],[112.667626,37.740198],[112.652959,37.775413],[112.684072,37.798676],[112.67509,37.811781],[112.705639,37.851205],[112.725296,37.85145],[112.73762,37.875181],[112.758232,37.881573],[112.783878,37.870571],[112.768213,37.939448],[112.825753,38.004149],[112.863419,37.989667],[112.938837,37.990526],[112.967824,38.018322],[112.989174,38.002308],[113.022847,38.026419],[113.008614,38.039975],[113.024279,38.0504],[113.066848,38.05647]]],"type":"Polygon"}},{"type":"Feature","properties":{"display":"吕梁","province":"山西省"},"geometry":{"coordinates":[[[112.33011,37.458923],[112.290361,37.48729],[112.313446,37.495508],[112.295698,37.521452],[112.273741,37.524046],[112.294093,37.548745],[112.290448,37.566894],[112.233776,37.570042],[112.227006,37.59232],[112.174109,37.6355],[112.175932,37.674525],[112.10277,37.716178],[112.034642,37.71125],[112.023316,37.723939],[111.974975,37.713159],[111.921384,37.757931],[111.912272,37.792953],[111.819843,37.796091],[111.808474,37.817133],[111.767814,37.832325],[111.747158,37.870509],[111.706151,37.878992],[111.653515,37.856677],[111.570242,37.852373],[111.56638,37.87598],[111.547113,37.885261],[111.580093,37.902713],[111.516868,38.019672],[111.52802,38.037705],[111.515913,38.051258],[111.524158,38.066096],[111.567682,38.095518],[111.625005,38.10183],[111.689749,38.134668],[111.716609,38.15849],[111.716305,38.174959],[111.766338,38.179305],[111.806434,38.195464],[111.81763,38.214311],[111.779183,38.248015],[111.777274,38.292705],[111.842364,38.304072],[111.841149,38.320997],[111.821535,38.336758],[111.823314,38.369062],[111.78886,38.387803],[111.782828,38.421],[111.793546,38.450827],[111.728759,38.500024],[111.725375,38.514161],[111.769029,38.537129],[111.749762,38.581884],[111.719256,38.602335],[111.684368,38.566603],[111.609557,38.542184],[111.565599,38.511907],[111.505846,38.518975],[111.503633,38.483873],[111.450779,38.530306],[111.44631,38.56362],[111.432771,38.570256],[111.373625,38.573057],[111.348934,38.586815],[111.346938,38.60343],[111.276206,38.594301],[111.202437,38.72935],[111.151753,38.723882],[111.025087,38.659334],[111.003086,38.663225],[110.985946,38.684321],[110.949495,38.685841],[110.945286,38.729471],[110.915388,38.704256],[110.916212,38.673987],[110.880803,38.626916],[110.896641,38.588276],[110.919901,38.582067],[110.907664,38.521107],[110.871039,38.510201],[110.87425,38.453693],[110.840707,38.439971],[110.796836,38.453449],[110.777613,38.440886],[110.750318,38.369489],[110.70163,38.353309],[110.668607,38.313666],[110.577481,38.297228],[110.56724,38.217553],[110.523933,38.210517],[110.507877,38.184937],[110.521199,38.124438],[110.501889,38.098092],[110.501411,38.038993],[110.527057,37.988133],[110.522501,37.954922],[110.587982,37.926611],[110.680367,37.790061],[110.755699,37.755037],[110.750708,37.736133],[110.703496,37.718642],[110.706577,37.705335],[110.796142,37.66306],[110.793321,37.650791],[110.763683,37.63957],[110.772275,37.59269],[110.794927,37.566154],[110.771103,37.538373],[110.74498,37.450763],[110.648169,37.438151],[110.629683,37.383659],[110.641486,37.360081],[110.695034,37.34962],[110.693949,37.325907],[110.678718,37.317918],[110.690044,37.287071],[110.661925,37.281991],[110.584554,37.180681],[110.540292,37.144626],[110.535562,37.115136],[110.460491,37.044749],[110.425993,37.040833],[110.424084,37.023924],[110.450337,37.016463],[110.441224,37.006141],[110.383207,37.02181],[110.377132,37.010245],[110.424257,36.963719],[110.410545,36.899481],[110.539251,36.860426],[110.558214,36.872325],[110.574313,36.861485],[110.630334,36.871889],[110.661751,36.933723],[110.717816,36.932602],[110.725323,36.910813],[110.765766,36.900166],[110.791412,36.864475],[110.838928,36.85893],[110.89521,36.875938],[110.937432,36.906393],[110.971062,36.89618],[110.99367,36.908011],[110.989547,36.928245],[111.00313,36.923514],[110.999224,36.89892],[111.042184,36.929117],[111.080804,36.931109],[111.09469,36.912744],[111.06783,36.85513],[111.096383,36.836622],[111.18508,36.840361],[111.211637,36.748944],[111.229298,36.741207],[111.243878,36.758116],[111.277248,36.758552],[111.274688,36.738523],[111.325241,36.739959],[111.323375,36.753811],[111.356919,36.754559],[111.365684,36.778264],[111.414676,36.804019],[111.420577,36.844287],[111.455379,36.8484],[111.464752,36.865285],[111.584736,36.918783],[111.541429,36.931856],[111.540127,36.954448],[111.498643,36.991277],[111.527152,36.999052],[111.541038,36.977655],[111.552798,36.982258],[111.637286,36.943183],[111.647483,36.964528],[111.679334,36.970252],[111.680679,36.988043],[111.735355,36.997559],[111.826395,37.044314],[111.845836,37.034182],[111.923337,37.106256],[111.951239,37.179441],[111.946422,37.209402],[111.958876,37.222238],[111.942083,37.255406],[111.972328,37.254042],[111.980443,37.271271],[112.04549,37.280008],[112.06927,37.317485],[112.095002,37.315441],[112.139611,37.266499],[112.217243,37.338229],[112.259638,37.394115],[112.263847,37.421331],[112.33011,37.458923]]],"type":"Polygon"}},{"type":"Feature","properties":{"display":"忻州","province":"山西省"},"geometry":{"coordinates":[[[111.93028,39.611411],[111.902031,39.61717],[111.878902,39.605892],[111.842538,39.620109],[111.787645,39.589691],[111.722684,39.606012],[111.646528,39.644278],[111.61663,39.633305],[111.501941,39.663104],[111.438108,39.643019],[111.46293,39.624488],[111.451951,39.608112],[111.443359,39.620169],[111.428952,39.613691],[111.438803,39.601452],[111.422487,39.542148],[111.433986,39.523409],[111.426479,39.503404],[111.38864,39.492167],[111.364165,39.467284],[111.352449,39.426754],[111.289268,39.41719],[111.172192,39.423386],[111.145331,39.409429],[111.119598,39.377233],[111.125587,39.366458],[111.155051,39.368264],[111.155398,39.338699],[111.195017,39.344962],[111.179438,39.326773],[111.187987,39.314303],[111.24748,39.302313],[111.227171,39.284354],[111.219013,39.245648],[111.163079,39.152473],[111.174144,39.13514],[111.147327,39.100521],[111.138345,39.064314],[111.09417,39.030205],[111.038235,39.020102],[110.983299,38.980342],[111.009899,38.932626],[111.012329,38.87833],[110.996013,38.868024],[111.010116,38.841584],[110.979133,38.787705],[110.956308,38.776717],[110.96503,38.755709],[110.945286,38.729471],[110.949495,38.685841],[110.985946,38.684321],[111.003086,38.663225],[111.025087,38.659334],[111.151753,38.723882],[111.202437,38.72935],[111.276206,38.594301],[111.346938,38.60343],[111.348934,38.586815],[111.373625,38.573057],[111.432771,38.570256],[111.44631,38.56362],[111.450779,38.530306],[111.503633,38.483873],[111.505846,38.518975],[111.565599,38.511907],[111.609557,38.542184],[111.684368,38.566603],[111.719256,38.602335],[111.749762,38.581884],[111.769029,38.537129],[111.725375,38.514161],[111.728759,38.500024],[111.793546,38.450827],[111.782828,38.421],[111.78886,38.387803],[111.823314,38.369062],[111.821535,38.336758],[111.841149,38.320997],[111.842364,38.304072],[111.777274,38.292705],[111.779183,38.248015],[111.81763,38.214311],[111.849611,38.214984],[111.847658,38.229788],[111.869138,38.220062],[111.87287,38.193383],[111.898125,38.198034],[111.951326,38.167919],[112.01173,38.184202],[112.101381,38.167368],[112.134751,38.140976],[112.160353,38.15004],[112.214726,38.132401],[112.212166,38.143671],[112.25148,38.150101],[112.267753,38.182488],[112.220888,38.250583],[112.269966,38.267888],[112.248009,38.291728],[112.274002,38.31391],[112.319739,38.310977],[112.36374,38.278036],[112.406483,38.266787],[112.446926,38.27608],[112.458685,38.249972],[112.499606,38.237312],[112.524731,38.249972],[112.524947,38.267826],[112.562526,38.239147],[112.557536,38.223426],[112.569036,38.21064],[112.620761,38.20654],[112.648359,38.227586],[112.639984,38.246425],[112.681686,38.235844],[112.796115,38.251011],[112.850834,38.306089],[112.945129,38.333887],[112.972207,38.357461],[112.978238,38.342255],[113.00345,38.343354],[113.039293,38.381699],[113.083902,38.399216],[113.085551,38.415753],[113.203018,38.415386],[113.416688,38.517878],[113.48486,38.508556],[113.555548,38.521046],[113.562057,38.558322],[113.602804,38.586876],[113.612871,38.646016],[113.702132,38.651672],[113.713805,38.663712],[113.709987,38.698301],[113.729036,38.711974],[113.745396,38.701522],[113.775641,38.709847],[113.802936,38.7633],[113.83956,38.758381],[113.836566,38.795959],[113.855529,38.828967],[113.80133,38.854866],[113.776205,38.885665],[113.767527,38.959637],[113.776726,38.98694],[113.806798,38.989725],[113.898012,39.067639],[113.930297,39.063467],[113.961757,39.100823],[113.940104,39.20692],[113.958589,39.222908],[113.967181,39.281521],[113.898185,39.345083],[113.899574,39.373019],[113.791306,39.378437],[113.739234,39.420859],[113.698314,39.418814],[113.649496,39.434634],[113.599159,39.424048],[113.586141,39.441249],[113.560842,39.426815],[113.561103,39.404315],[113.533895,39.384877],[113.515062,39.346949],[113.452879,39.33912],[113.449234,39.321653],[113.422677,39.332194],[113.380628,39.30171],[113.362403,39.314303],[113.258649,39.314725],[113.212174,39.295322],[113.130073,39.325388],[113.135888,39.343818],[113.10894,39.361882],[113.054264,39.349659],[113.035995,39.321171],[112.921089,39.287126],[112.872922,39.212532],[112.833694,39.206256],[112.819764,39.174933],[112.780927,39.192679],[112.751029,39.183384],[112.747254,39.158873],[112.725947,39.140032],[112.672399,39.13224],[112.638292,39.08523],[112.589344,39.088434],[112.546167,39.138099],[112.505377,39.140455],[112.437726,39.104389],[112.405137,39.114661],[112.365345,39.108075],[112.331455,39.12475],[112.312579,39.115446],[112.314054,39.100702],[112.294397,39.099071],[112.298866,39.129703],[112.274088,39.126985],[112.2635,39.175476],[112.218675,39.175657],[112.219716,39.203601],[112.201881,39.211385],[112.182831,39.266631],[112.134795,39.27917],[112.085412,39.253125],[112.048528,39.29707],[112.064193,39.304904],[112.019671,39.357065],[112.023186,39.368866],[112.007174,39.383011],[112.012251,39.40281],[111.987299,39.448405],[111.914875,39.463256],[111.895782,39.497395],[111.906023,39.517582],[112.002227,39.537163],[111.942734,39.585311],[111.93028,39.611411]]],"type":"Polygon"}},{"type":"Feature","properties":{"display":"大同","province":"山西省"},"geometry":{"coordinates":[[[113.518534,39.481109],[113.599159,39.424048],[113.649496,39.434634],[113.698314,39.418814],[113.739234,39.420859],[113.791306,39.378437],[113.899574,39.373019],[113.898185,39.345083],[113.967181,39.281521],[113.958589,39.222908],[113.940104,39.20692],[113.961757,39.100823],[114.000464,39.100763],[114.006496,39.122877],[114.050801,39.135864],[114.065251,39.093511],[114.096798,39.083719],[114.108732,39.052281],[114.157202,39.06117],[114.196994,39.050406],[114.226372,39.06649],[114.349133,39.076768],[114.369658,39.107531],[114.360762,39.133992],[114.388187,39.176985],[114.443601,39.174148],[114.453147,39.192618],[114.465601,39.188514],[114.474844,39.219228],[114.415959,39.242873],[114.437656,39.260421],[114.425072,39.285137],[114.438611,39.319424],[114.466643,39.329664],[114.479704,39.351104],[114.469464,39.355199],[114.470896,39.408767],[114.496802,39.438543],[114.502313,39.477082],[114.529868,39.485196],[114.568922,39.573967],[114.556989,39.58141],[114.515374,39.565023],[114.495804,39.608172],[114.431668,39.614051],[114.408148,39.651953],[114.416784,39.776189],[114.390704,39.818608],[114.406716,39.83344],[114.395434,39.867217],[114.221468,39.86118],[114.202071,39.872297],[114.227717,39.8959],[114.220644,39.914298],[114.174169,39.897632],[114.067768,39.922301],[114.047373,39.91615],[114.02125,39.991781],[113.914631,40.005919],[113.922486,40.026613],[113.954857,40.030847],[113.975556,40.051057],[113.979852,40.112306],[114.019948,40.102479],[114.043815,40.056898],[114.091157,40.075313],[114.101224,40.108733],[114.068028,40.179748],[114.097753,40.193549],[114.145095,40.177368],[114.235875,40.198308],[114.255229,40.236185],[114.293111,40.230122],[114.362585,40.250094],[114.406412,40.246172],[114.469941,40.268041],[114.526439,40.323574],[114.530605,40.345121],[114.470809,40.349691],[114.446552,40.372891],[114.403722,40.353786],[114.314418,40.369569],[114.28708,40.423418],[114.298709,40.445585],[114.267205,40.474202],[114.296409,40.535957],[114.293459,40.551402],[114.274322,40.552881],[114.282957,40.590796],[114.209318,40.629754],[114.216435,40.635013],[114.200075,40.662191],[114.139541,40.739941],[114.09324,40.731917],[114.064079,40.707128],[114.070458,40.660301],[114.041818,40.608652],[114.076881,40.575834],[114.080178,40.547733],[114.06191,40.528855],[113.947784,40.51678],[113.930904,40.493392],[113.863427,40.456488],[113.794821,40.517964],[113.763448,40.473965],[113.688767,40.448193],[113.559888,40.348623],[113.500135,40.334497],[113.315972,40.32013],[113.247757,40.412983],[113.033131,40.368916],[112.89297,40.326423],[112.84502,40.203899],[112.73033,40.168086],[112.624319,40.236839],[112.626098,40.223047],[112.603186,40.202947],[112.622063,40.183377],[112.622063,40.163742],[112.580448,40.154398],[112.595723,40.114748],[112.589648,40.10105],[112.622323,40.088778],[112.610563,40.079365],[112.642631,40.034484],[112.617376,39.948693],[112.596547,39.92045],[112.603881,39.880604],[112.591123,39.835951],[112.600019,39.816036],[112.62037,39.809397],[112.621021,39.760388],[112.648359,39.74069],[112.693706,39.769067],[112.734409,39.753324],[112.751593,39.757933],[112.752808,39.774214],[112.820806,39.776788],[112.817508,39.788816],[112.831307,39.79797],[112.861596,39.799765],[112.93428,39.841811],[112.938707,39.86112],[112.954068,39.85305],[112.966826,39.868173],[112.939444,39.912566],[113.122783,39.908325],[113.168433,39.916747],[113.23552,39.958303],[113.285943,39.948454],[113.352639,39.906593],[113.381192,39.906056],[113.4396,39.852154],[113.373208,39.834516],[113.32925,39.80156],[113.339925,39.776548],[113.393169,39.743684],[113.41057,39.714818],[113.386139,39.682524],[113.394167,39.663524],[113.383188,39.649195],[113.429403,39.605772],[113.43192,39.58177],[113.458737,39.578769],[113.511547,39.520406],[113.50634,39.503044],[113.518534,39.481109]]],"type":"Polygon"}},{"type":"Feature","properties":{"display":"南昌","province":"江西省"},"geometry":{"coordinates":[[[115.475552,29.006186],[115.463427,28.983943],[115.530581,28.861742],[115.505791,28.832741],[115.493764,28.844155],[115.481639,28.797058],[115.438686,28.759982],[115.463672,28.724881],[115.526654,28.739508],[115.559495,28.729408],[115.546094,28.70821],[115.547076,28.62122],[115.525673,28.607737],[115.527538,28.582479],[115.574811,28.589554],[115.587329,28.573524],[115.56303,28.55904],[115.572406,28.514525],[115.54575,28.481333],[115.551003,28.409715],[115.531661,28.39255],[115.559348,28.389061],[115.588311,28.399139],[115.598522,28.417299],[115.618108,28.418019],[115.622085,28.398032],[115.654582,28.381253],[115.621986,28.345582],[115.648888,28.334446],[115.694296,28.354723],[115.668278,28.363198],[115.674218,28.374995],[115.727038,28.350457],[115.757278,28.368515],[115.77765,28.362145],[115.814222,28.40296],[115.847897,28.381585],[115.863213,28.343145],[115.859875,28.312726],[115.879364,28.286899],[115.908818,28.315108],[115.916525,28.302695],[115.929779,28.315164],[115.957662,28.300644],[115.949709,28.2813],[115.966105,28.275978],[115.979949,28.291056],[115.99659,28.281743],[116.044305,28.295989],[116.073513,28.289005],[116.116025,28.237167],[116.155788,28.223136],[116.167717,28.188799],[116.209001,28.178423],[116.225495,28.158558],[116.244198,28.201836],[116.294957,28.225243],[116.306837,28.219253],[116.314789,28.243045],[116.352147,28.232619],[116.359265,28.207605],[116.395885,28.244819],[116.466967,28.25236],[116.480271,28.293716],[116.50241,28.312559],[116.502459,28.348075],[116.559845,28.407057],[116.554887,28.496879],[116.497697,28.552682],[116.44311,28.635972],[116.446497,28.701198],[116.392204,28.727807],[116.380471,28.750105],[116.363192,28.741219],[116.355337,28.754188],[116.32014,28.73846],[116.319846,28.76699],[116.274241,28.800091],[116.246407,28.801801],[116.240026,28.82458],[116.240026,28.860805],[116.250236,28.869019],[116.342083,28.877673],[116.366972,28.927158],[116.40428,28.953929],[116.409778,29.031561],[116.4005,29.053023],[116.373157,29.049666],[116.290784,29.108969],[116.27105,29.102149],[116.262018,29.082513],[116.274732,29.006956],[116.236884,28.991982],[116.227901,29.034368],[116.175227,29.045484],[116.142288,29.084493],[116.173509,29.118098],[116.065659,29.116503],[116.018631,29.088563],[116.003315,29.111334],[115.987852,29.089279],[115.980685,29.099729],[115.930024,29.093789],[115.915101,29.072115],[115.914463,29.041852],[115.886924,29.020057],[115.858304,28.969626],[115.819671,28.965715],[115.815989,28.909527],[115.764199,28.892444],[115.738378,28.92848],[115.719626,28.9168],[115.666364,28.928921],[115.68109,28.954976],[115.645157,28.942032],[115.619287,28.962852],[115.571228,28.971112],[115.525329,29.014993],[115.475552,29.006186]]],"type":"Polygon"}},{"type":"Feature","properties":{"display":"赣州","province":"江西省"},"geometry":{"coordinates":[[[114.02073,25.972198],[114.02829,25.893343],[113.970069,25.833927],[113.961724,25.777314],[113.918967,25.739501],[113.913813,25.703775],[113.95711,25.611914],[113.983078,25.599369],[113.979495,25.573253],[113.992356,25.56519],[113.986122,25.528957],[113.967713,25.53049],[113.945868,25.49953],[113.958975,25.483678],[113.939928,25.459413],[113.944739,25.441679],[113.961871,25.452536],[113.997903,25.444237],[113.987693,25.403533],[114.010814,25.386417],[114.045078,25.384028],[114.024363,25.374019],[114.047876,25.367251],[114.051411,25.348821],[114.029321,25.32834],[114.056124,25.311897],[114.027602,25.301824],[114.014594,25.280482],[114.029124,25.25424],[114.039924,25.250768],[114.055927,25.277693],[114.083516,25.27553],[114.11562,25.301881],[114.158525,25.313604],[114.173644,25.305068],[114.194066,25.317359],[114.205209,25.29915],[114.257048,25.292719],[114.270989,25.302166],[114.302848,25.290841],[114.306236,25.334087],[114.382914,25.317132],[114.430138,25.343872],[114.448007,25.38653],[114.477755,25.371516],[114.496949,25.377602],[114.508829,25.384654],[114.505932,25.398699],[114.540442,25.417008],[114.579027,25.397619],[114.572989,25.384483],[114.586194,25.395913],[114.599792,25.385848],[114.599546,25.359401],[114.636413,25.324528],[114.714367,25.315368],[114.723989,25.283954],[114.742888,25.274563],[114.749368,25.242569],[114.738372,25.240121],[114.748435,25.235167],[114.740679,25.226228],[114.726247,25.233061],[114.702193,25.22116],[114.695173,25.19519],[114.680152,25.193082],[114.685699,25.173202],[114.736212,25.152179],[114.735181,25.121293],[114.66513,25.10123],[114.640144,25.073924],[114.604701,25.08373],[114.598319,25.07113],[114.5616,25.077573],[114.539706,25.031612],[114.516879,25.024539],[114.506129,25.000068],[114.456205,24.996588],[114.456646,24.978502],[114.423658,24.972568],[114.420418,24.956247],[114.395922,24.951111],[114.402157,24.928451],[114.390768,24.913152],[114.40304,24.877581],[114.377857,24.860791],[114.342415,24.807322],[114.335788,24.749085],[114.284342,24.72736],[114.272511,24.700428],[114.16903,24.689677],[114.189795,24.657988],[114.173988,24.655929],[114.174577,24.645574],[114.207123,24.653927],[114.278991,24.631556],[114.308592,24.573924],[114.351104,24.578503],[114.356307,24.589951],[114.391652,24.563505],[114.402402,24.501775],[114.428812,24.486252],[114.534159,24.558982],[114.546726,24.542836],[114.592478,24.537969],[114.624337,24.575698],[114.665179,24.583712],[114.686484,24.538599],[114.705187,24.526058],[114.738127,24.565051],[114.732579,24.612387],[114.752706,24.616221],[114.804201,24.605405],[114.826341,24.588292],[114.846664,24.602486],[114.859231,24.597278],[114.854273,24.58251],[114.869049,24.56236],[114.893299,24.582339],[114.91966,24.667084],[114.936793,24.665425],[114.937431,24.651867],[115.003849,24.679153],[115.02486,24.669143],[115.054853,24.709921],[115.082884,24.700543],[115.092014,24.678695],[115.120732,24.664338],[115.125641,24.681441],[115.148271,24.689848],[115.195152,24.691907],[115.184352,24.711408],[115.258968,24.72879],[115.278555,24.754115],[115.306683,24.758688],[115.358522,24.735136],[115.372513,24.774406],[115.412963,24.792865],[115.478743,24.761146],[115.507902,24.716497],[115.52366,24.717526],[115.52312,24.703002],[115.556206,24.682699],[115.570737,24.619254],[115.594202,24.615191],[115.608683,24.626178],[115.671665,24.604718],[115.685165,24.585372],[115.686098,24.547016],[115.743925,24.543695],[115.785112,24.567283],[115.844166,24.562703],[115.840976,24.584056],[115.787173,24.630583],[115.78251,24.661421],[115.761794,24.668113],[115.796746,24.674463],[115.808036,24.697626],[115.769157,24.709864],[115.771661,24.726274],[115.756738,24.737537],[115.776668,24.774463],[115.765377,24.793836],[115.791837,24.838686],[115.782559,24.862904],[115.807055,24.861019],[115.809264,24.892884],[115.824285,24.90927],[115.86557,24.890429],[115.859875,24.864846],[115.907001,24.880151],[115.885451,24.898822],[115.878431,24.932561],[115.892569,24.937127],[115.870233,24.9595],[115.872295,24.972054],[115.925066,24.960755],[115.874651,25.009709],[115.87362,25.019919],[115.928306,25.050489],[115.908327,25.084528],[115.8801,25.092224],[115.873964,25.121863],[115.888347,25.128987],[115.875878,25.15235],[115.855113,25.153205],[115.855604,25.209428],[115.930908,25.236021],[115.951575,25.293174],[115.965614,25.286914],[116.000026,25.301483],[116.008028,25.321456],[115.991681,25.345067],[115.992761,25.371061],[116.008028,25.392899],[116.002039,25.411208],[116.021773,25.420646],[116.01922,25.474245],[116.007242,25.473734],[116.005475,25.49044],[116.036549,25.514813],[116.035322,25.540543],[116.062861,25.563316],[116.040967,25.606975],[116.041605,25.62633],[116.067132,25.634332],[116.060161,25.694926],[116.067672,25.691296],[116.067623,25.704058],[116.106944,25.701109],[116.129623,25.759175],[116.165606,25.766431],[116.165949,25.74846],[116.175473,25.74948],[116.18156,25.776407],[116.159273,25.809562],[116.131783,25.824295],[116.130703,25.858682],[116.191967,25.900987],[116.258287,25.902969],[116.302419,25.922559],[116.326276,25.956578],[116.369966,25.963313],[116.361032,26.000715],[116.384742,26.030696],[116.489254,26.113698],[116.471484,26.175177],[116.435943,26.160036],[116.392498,26.170318],[116.399371,26.18992],[116.385429,26.238203],[116.401727,26.27484],[116.418172,26.279243],[116.413067,26.298036],[116.437121,26.30825],[116.459309,26.345147],[116.499808,26.361391],[116.498287,26.387107],[116.519444,26.410336],[116.553611,26.400244],[116.553709,26.365395],[116.601424,26.372953],[116.604173,26.415805],[116.638094,26.479489],[116.597448,26.485349],[116.589004,26.497968],[116.598773,26.507263],[116.579628,26.531595],[116.538982,26.561214],[116.503343,26.549784],[116.499759,26.5669],[116.464218,26.597467],[116.451946,26.59893],[116.433488,26.559919],[116.37674,26.536945],[116.384693,26.522415],[116.365941,26.506812],[116.304922,26.499039],[116.239142,26.548657],[116.269627,26.581818],[116.236197,26.618234],[116.276647,26.646874],[116.272376,26.655875],[116.198103,26.66302],[116.187892,26.69491],[116.152793,26.699859],[116.118676,26.729828],[116.15245,26.800811],[116.139735,26.835135],[116.169287,26.873041],[116.171644,26.897014],[116.158635,26.898867],[116.147737,26.943205],[116.182198,26.996725],[116.187696,27.042483],[116.178025,27.053415],[116.158782,27.039175],[116.150486,27.04708],[116.144792,27.086372],[116.125156,27.099654],[116.122996,27.134446],[116.067475,27.142232],[116.007488,27.112317],[116.004101,27.077405],[116.014262,27.067484],[116.000812,27.044613],[115.928895,26.955269],[115.904252,26.951061],[115.864539,26.9097],[115.835478,26.897519],[115.785406,26.804126],[115.708139,26.852714],[115.688061,26.823058],[115.691154,26.780808],[115.676869,26.776705],[115.705341,26.754225],[115.724486,26.758609],[115.731555,26.711274],[115.701708,26.700759],[115.715159,26.689399],[115.67034,26.641811],[115.643979,26.661163],[115.618796,26.662232],[115.554635,26.646311],[115.537405,26.656438],[115.526703,26.695417],[115.501864,26.677476],[115.46274,26.672526],[115.449485,26.687824],[115.410803,26.659082],[115.368536,26.652669],[115.336334,26.67382],[115.299614,26.654863],[115.302069,26.632583],[115.218715,26.532045],[115.230791,26.527427],[115.226913,26.517064],[115.165894,26.522752],[115.096138,26.487715],[115.044643,26.42629],[115.037083,26.367708],[115.026529,26.359473],[115.067469,26.323991],[115.071347,26.286636],[115.091131,26.266938],[115.046017,26.195963],[115.081607,26.187039],[115.099132,26.167889],[115.095254,26.154217],[115.063837,26.143424],[115.02157,26.175459],[115.013863,26.168906],[114.99732,26.19811],[114.909008,26.211777],[114.871258,26.184667],[114.851573,26.199183],[114.817456,26.182577],[114.775042,26.192631],[114.76601,26.176137],[114.728161,26.184215],[114.714809,26.162578],[114.667192,26.185119],[114.668959,26.194325],[114.606468,26.201555],[114.607499,26.223184],[114.576327,26.23555],[114.543093,26.213415],[114.51845,26.213245],[114.520021,26.192744],[114.502349,26.171448],[114.452817,26.142859],[114.456548,26.114376],[114.428714,26.082042],[114.426309,26.10782],[114.375059,26.116524],[114.356945,26.090862],[114.292,26.048568],[114.294503,26.036861],[114.221359,26.018875],[114.161323,26.02538],[114.105066,25.990701],[114.054504,25.990871],[114.02073,25.972198]]],"type":"Polygon"}},{"type":"Feature","properties":{"display":"杭州","province":"浙江省"},"geometry":{"coordinates":[[[120.721941,30.286334],[120.706045,30.309444],[120.70388,30.365867],[120.633899,30.389449],[120.460227,30.382665],[120.43882,30.373388],[120.413771,30.318319],[120.378091,30.344937],[120.398318,30.38479],[120.342953,30.37163],[120.306388,30.396232],[120.340345,30.433899],[120.341379,30.472286],[120.329174,30.468407],[120.317707,30.521596],[120.277451,30.504822],[120.205404,30.505843],[120.201762,30.514413],[120.173809,30.492046],[120.175039,30.476818],[120.149793,30.467509],[120.146004,30.482697],[120.11121,30.476206],[120.099252,30.495801],[120.068297,30.496618],[120.064754,30.4301],[119.982962,30.445294],[119.965048,30.431571],[119.921544,30.462528],[119.872578,30.462487],[119.880796,30.476206],[119.851121,30.502006],[119.766376,30.514087],[119.768936,30.551341],[119.729073,30.551749],[119.71175,30.566516],[119.69241,30.556155],[119.709191,30.508822],[119.694919,30.452727],[119.709191,30.434062],[119.668099,30.399501],[119.633256,30.395292],[119.631829,30.424667],[119.650579,30.440352],[119.594968,30.421644],[119.565933,30.443375],[119.513127,30.401666],[119.450234,30.410818],[119.441031,30.392472],[119.375627,30.354789],[119.349446,30.349148],[119.326562,30.371753],[119.278136,30.341585],[119.247132,30.340808],[119.225479,30.288789],[119.222624,30.299628],[119.188225,30.291652],[119.090242,30.324003],[119.050823,30.306745],[118.988027,30.333489],[118.988126,30.348698],[118.959385,30.347267],[118.955399,30.359204],[118.879857,30.314884],[118.882417,30.247465],[118.929858,30.20338],[118.845704,30.156122],[118.896787,30.148093],[118.868883,30.101464],[118.902594,30.029059],[118.89034,30.012037],[118.894867,29.939197],[118.848263,29.941249],[118.838716,29.934476],[118.841324,29.891319],[118.778725,29.841899],[118.755595,29.845432],[118.750969,29.831625],[118.76593,29.823077],[118.739946,29.813295],[118.736501,29.788465],[118.744719,29.738788],[118.647327,29.643394],[118.620014,29.654099],[118.573902,29.638371],[118.53522,29.590638],[118.499689,29.573623],[118.495899,29.519553],[118.459826,29.505577],[118.383005,29.510153],[118.345751,29.465123],[118.390289,29.423951],[118.413173,29.420568],[118.405397,29.408147],[118.456234,29.365879],[118.517504,29.363484],[118.519079,29.344366],[118.603823,29.323552],[118.634138,29.272984],[118.63276,29.263149],[118.610614,29.279472],[118.606677,29.267116],[118.615437,29.25075],[118.607612,29.239713],[118.631825,29.219622],[118.626855,29.19568],[118.68463,29.202545],[118.708843,29.188774],[118.765438,29.220614],[118.763912,29.248311],[118.786402,29.266744],[118.82656,29.280298],[118.860664,29.31496],[118.900428,29.332638],[118.962092,29.296164],[118.949641,29.281744],[118.988224,29.243558],[119.003234,29.207714],[119.12351,29.236737],[119.138126,29.220242],[119.151758,29.22789],[119.189504,29.205191],[119.189504,29.227105],[119.213668,29.225203],[119.2148,29.246947],[119.192211,29.258479],[119.200282,29.29038],[119.228727,29.284182],[119.237782,29.250708],[119.260912,29.247815],[119.288077,29.268852],[119.286011,29.279348],[119.318294,29.279885],[119.3242,29.307979],[119.348806,29.319504],[119.333058,29.355061],[119.340145,29.38235],[119.328629,29.393413],[119.337093,29.411159],[119.368294,29.415699],[119.378137,29.42981],[119.404761,29.400677],[119.426759,29.405547],[119.437143,29.424116],[119.461454,29.350932],[119.480204,29.332968],[119.510421,29.333464],[119.536061,29.373145],[119.582075,29.379131],[119.616277,29.368273],[119.606238,29.388088],[119.642508,29.432946],[119.676317,29.419206],[119.688916,29.421764],[119.691179,29.438763],[119.707272,29.433235],[119.718837,29.505288],[119.74492,29.516419],[119.722626,29.542759],[119.764211,29.557347],[119.764949,29.594675],[119.779319,29.603984],[119.79118,29.654963],[119.835422,29.678138],[119.895708,29.660644],[119.973119,29.674804],[119.967411,29.694889],[119.914655,29.704682],[119.890343,29.762931],[119.927204,29.744423],[119.973119,29.765809],[119.991968,29.753143],[120.010915,29.757214],[120.030059,29.770538],[120.038425,29.82283],[120.074252,29.82731],[120.095807,29.816583],[120.166329,29.917273],[120.185079,29.904502],[120.221004,29.942235],[120.255207,29.94363],[120.2744,29.919531],[120.291034,29.935666],[120.312048,29.927702],[120.325188,29.93854],[120.346447,29.973797],[120.364312,29.978516],[120.362835,29.99776],[120.324941,30.048621],[120.33818,30.060881],[120.333701,30.09548],[120.286851,30.106791],[120.297825,30.128182],[120.312245,30.1374],[120.327993,30.125191],[120.37317,30.155507],[120.387835,30.156163],[120.411359,30.132607],[120.420956,30.152763],[120.422875,30.135884],[120.44694,30.135434],[120.46131,30.168041],[120.484096,30.172218],[120.518495,30.155384],[120.593496,30.146782],[120.609145,30.152845],[120.642708,30.217258],[120.721941,30.286334]]],"type":"Polygon"}},{"type":"Feature","properties":{"display":"宁波","province":"浙江省"},"geometry":{"coordinates":[[[[120.86702,30.271729],[120.92765,30.165215],[120.939461,30.125723],[120.930455,30.115192],[120.950141,30.091012],[120.96766,30.089987],[120.969924,30.07027],[120.992562,30.050425],[120.990151,30.027787],[121.018202,30.010765],[121.039511,30.013923],[121.038133,29.998704],[121.064413,30.006827],[121.091627,29.987257],[121.085869,29.972648],[121.045072,29.955616],[121.016578,29.894934],[121.060574,29.854143],[121.10649,29.836228],[121.096499,29.815966],[121.104964,29.805485],[121.055111,29.760669],[121.024796,29.763918],[121.03518,29.746439],[121.010722,29.73525],[121.034787,29.715997],[121.009639,29.709003],[121.01397,29.693119],[120.992414,29.675833],[121.017759,29.669742],[121.058802,29.683859],[121.074895,29.66085],[121.074206,29.637259],[121.117562,29.605508],[121.105702,29.585447],[121.120417,29.575601],[121.112986,29.554834],[121.225585,29.532908],[121.231539,29.51308],[121.216726,29.496795],[121.228488,29.490733],[121.224059,29.449242],[121.209197,29.436742],[121.226815,29.414749],[121.230063,29.362658],[121.193399,29.341434],[121.190742,29.312358],[121.201077,29.312482],[121.175289,29.278274],[121.179325,29.258727],[121.158852,29.244756],[121.174403,29.223095],[121.164708,29.2116],[121.233705,29.196797],[121.238872,29.175745],[121.264364,29.1544],[121.256096,29.114055],[121.295221,29.092696],[121.298616,29.114593],[121.316973,29.105653],[121.348715,29.135574],[121.356343,29.186044],[121.378784,29.199236],[121.403833,29.17864],[121.407032,29.156882],[121.450044,29.159612],[121.529719,29.136277],[121.564267,29.173056],[121.60846,29.169127],[121.715596,29.12498],[121.749947,29.136691],[121.768008,29.166686],[121.780557,29.109626],[121.811167,29.109916],[121.860036,29.086404],[121.898077,29.103956],[121.909642,29.085866],[121.903835,29.069056],[121.931591,29.070713],[121.935085,29.05183],[121.951621,29.04744],[121.966138,29.052866],[121.984396,29.086942],[121.968747,29.093028],[121.98853,29.110992],[121.979278,29.144842],[121.988284,29.149269],[121.9373,29.182859],[121.948619,29.19324],[121.971896,29.193364],[121.968304,29.250006],[122.001965,29.26009],[122.000243,29.278811],[121.944829,29.284182],[121.958363,29.334373],[121.932231,29.353451],[121.937693,29.384125],[121.975538,29.411159],[121.991729,29.445942],[121.96668,29.506566],[121.995076,29.545108],[121.985774,29.563776],[121.999751,29.593686],[121.966089,29.635859],[121.923422,29.65167],[121.872486,29.632483],[121.833559,29.653111],[121.925538,29.741256],[122.015991,29.771936],[122.04857,29.826036],[122.143058,29.877724],[122.140155,29.901751],[122.11673,29.909964],[122.080115,29.892634],[122.00979,29.891114],[122.003442,29.898999],[122.0029,29.923186],[121.968008,29.956519],[121.919534,29.920804],[121.784051,29.993493],[121.724996,29.992221],[121.69975,30.008016],[121.653096,30.071131],[121.626029,30.07769],[121.591678,30.143546],[121.49778,30.258595],[121.395073,30.338437],[121.371894,30.370894],[121.328046,30.397131],[121.225486,30.404649],[121.119236,30.48976],[121.086952,30.397131],[121.032572,30.337006],[120.86702,30.271729]]],[[[122.026375,29.178351],[122.013383,29.151504],[122.056739,29.158454],[122.074505,29.178144],[122.049013,29.175083],[122.056198,29.200518],[122.036217,29.207383],[122.029771,29.187367],[122.040843,29.17955],[122.026375,29.178351]]],[[[122.231297,28.859829],[122.238679,28.853315],[122.243797,28.861322],[122.231297,28.859829]]],[[[122.181936,29.407693],[122.207921,29.429645],[122.223866,29.428366],[122.22485,29.438392],[122.179771,29.424694],[122.181936,29.407693]]],[[[121.790892,29.082264],[121.82352,29.051043],[121.838628,29.057752],[121.831591,29.095015],[121.793795,29.099444],[121.790892,29.082264]]],[[[122.19483,29.465453],[122.183216,29.455595],[122.194141,29.45345],[122.19483,29.465453]]],[[[122.037645,29.613457],[122.022389,29.620211],[122.025686,29.604314],[122.037645,29.613457]]],[[[122.258807,28.886586],[122.267321,28.880364],[122.267025,28.886835],[122.258807,28.886586]]],[[[121.983461,29.227808],[121.991089,29.221441],[122.001818,29.221441],[121.993451,29.227808],[121.983461,29.227808]]],[[[121.980705,29.472671],[121.990843,29.467845],[121.987792,29.474898],[121.980705,29.472671]]],[[[121.976178,29.501124],[121.983806,29.497042],[122.004967,29.503763],[121.989908,29.510071],[121.976178,29.501124]]],[[[121.952064,29.187616],[121.971404,29.163294],[121.983511,29.165404],[121.975636,29.192123],[121.952064,29.187616]]],[[[121.931,29.041394],[121.940991,29.03369],[121.954524,29.043961],[121.931,29.041394]]],[[[122.013826,29.23281],[122.00103,29.227394],[122.008609,29.222971],[122.013826,29.23281]]],[[[122.001621,29.410416],[122.016286,29.404185],[122.018944,29.409674],[122.001621,29.410416]]],[[[121.981444,29.332638],[121.978688,29.340485],[121.985135,29.348454],[121.970223,29.340856],[121.981444,29.332638]]],[[[122.178295,29.406001],[122.173866,29.399769],[122.184348,29.399604],[122.178295,29.406001]]],[[[122.009987,29.902654],[122.02165,29.901546],[122.02416,29.909594],[122.011513,29.917027],[122.009987,29.902654]]],[[[122.006247,29.899574],[122.014367,29.892634],[122.017221,29.900806],[122.006247,29.899574]]]],"type":"MultiPolygon"}},{"type":"Feature","properties":{"display":"洛阳","province":"河南省"},"geometry":{"coordinates":[[[[111.260813,33.796775],[111.315044,33.764073],[111.390035,33.771264],[111.484529,33.726462],[111.523975,33.742847],[111.619476,33.730059],[111.645207,33.720517],[111.684968,33.677489],[111.728629,33.688086],[111.819411,33.652892],[111.832749,33.598723],[111.884526,33.596121],[111.916359,33.572102],[112.020353,33.587715],[112.028343,33.593019],[112.012301,33.602626],[112.024757,33.622436],[112.087481,33.603076],[112.074018,33.653142],[112.13089,33.676939],[112.158509,33.720117],[112.17776,33.715621],[112.184995,33.698731],[112.249354,33.719018],[112.273953,33.801667],[112.363854,33.840143],[112.42381,33.806559],[112.474643,33.855458],[112.512768,33.85895],[112.534095,33.880247],[112.536423,33.902236],[112.502576,33.913004],[112.497858,33.926064],[112.530761,33.937975],[112.547118,33.998304],[112.56964,34.003035],[112.533718,34.018122],[112.601222,34.071827],[112.620285,34.143148],[112.559763,34.224988],[112.577819,34.246988],[112.553724,34.27608],[112.623682,34.337854],[112.650168,34.341078],[112.65734,34.320592],[112.701001,34.335077],[112.75693,34.330662],[112.776622,34.345046],[112.756805,34.357394],[112.732898,34.350898],[112.721825,34.380152],[112.741894,34.433973],[112.740384,34.491077],[112.774609,34.500137],[112.806002,34.479243],[112.905215,34.468201],[112.922956,34.47657],[112.929813,34.526023],[112.984736,34.539038],[112.890682,34.547102],[112.862183,34.590284],[112.839408,34.596514],[112.840226,34.623161],[112.82475,34.625188],[112.847147,34.640362],[112.831041,34.656669],[112.830223,34.694163],[112.867782,34.708089],[112.901692,34.693521],[112.939502,34.72384],[112.909933,34.737465],[112.89993,34.780596],[112.817263,34.778278],[112.80984,34.7951],[112.827266,34.819218],[112.813363,34.832877],[112.72214,34.828833],[112.656648,34.859645],[112.638215,34.854174],[112.638404,34.919756],[112.585369,34.926503],[112.5692,34.958608],[112.527867,34.932019],[112.505155,34.942459],[112.496914,34.921726],[112.527426,34.929163],[112.534221,34.893746],[112.496536,34.895717],[112.462501,34.915668],[112.39097,34.918574],[112.28188,34.960232],[112.247844,34.940735],[112.1877,34.972981],[112.1514,35.015399],[112.108242,35.029222],[112.042436,35.027845],[112.021171,35.067973],[111.958699,35.062908],[111.940203,35.030599],[111.991917,35.005018],[111.95763,34.986221],[111.981914,34.960626],[111.890062,34.920347],[111.883267,34.894239],[111.922336,34.883941],[111.948948,34.852301],[111.990722,34.853779],[111.986003,34.837856],[112.020731,34.811327],[112.012804,34.803781],[112.031992,34.782965],[112.011042,34.750644],[111.997831,34.750693],[111.995692,34.736823],[112.01488,34.724235],[111.982921,34.695052],[111.972855,34.66739],[111.980089,34.654],[111.943223,34.629637],[111.928879,34.600272],[111.888867,34.61891],[111.863953,34.647082],[111.830736,34.649207],[111.758764,34.597454],[111.672008,34.572232],[111.692643,34.535673],[111.574305,34.564467],[111.544736,34.544925],[111.5029,34.545074],[111.385065,34.473103],[111.306676,34.474193],[111.300008,34.488948],[111.271383,34.470677],[111.272012,34.447547],[111.220235,34.457949],[111.188967,34.399286],[111.147949,34.38853],[111.138449,34.35675],[111.166634,34.344798],[111.191547,34.301837],[111.180915,34.230203],[111.158958,34.223101],[111.234516,34.178537],[111.253201,34.15309],[111.305292,34.140165],[111.313408,34.116546],[111.358768,34.108788],[111.367198,34.092473],[111.342096,34.056053],[111.356,33.984509],[111.324795,33.963039],[111.303342,33.928207],[111.239989,33.933141],[111.226652,33.913104],[111.234516,33.894857],[111.212811,33.884087],[111.206017,33.891616],[111.216397,33.865135],[111.261568,33.822878],[111.260813,33.796775]]],[[[112.021171,34.777537],[112.030231,34.782668],[112.018466,34.785678],[112.021171,34.777537]]]],"type":"MultiPolygon"}},{"type":"Feature","properties":{"display":"郑州","province":"河南省"},"geometry":{"coordinates":[[[114.22071,34.919066],[114.200704,34.939504],[114.160566,34.933496],[114.120491,34.956638],[114.051225,34.944527],[114.018385,34.958608],[113.953585,34.898082],[113.905331,34.901333],[113.826062,34.877683],[113.800456,34.87995],[113.766106,34.91488],[113.684824,34.906358],[113.650348,34.928769],[113.592091,34.933743],[113.543271,34.96801],[113.449658,34.960232],[113.407821,34.989518],[113.37561,34.98002],[113.333018,34.944871],[113.243934,34.946201],[113.227703,34.908427],[113.139815,34.884631],[113.14793,34.856096],[113.107666,34.844709],[113.06023,34.83756],[112.992851,34.863539],[112.943025,34.831102],[112.884516,34.853089],[112.853501,34.810736],[112.814118,34.811475],[112.810595,34.784938],[112.89993,34.780596],[112.909933,34.737465],[112.939502,34.72384],[112.901692,34.693521],[112.867782,34.708089],[112.830223,34.694163],[112.831041,34.656669],[112.847147,34.640362],[112.82475,34.625188],[112.840226,34.623161],[112.839408,34.596514],[112.862183,34.590284],[112.890682,34.547102],[112.984736,34.539038],[112.929813,34.526023],[112.922956,34.47657],[112.905215,34.468201],[112.806002,34.479243],[112.774609,34.500137],[112.740384,34.491077],[112.741894,34.433973],[112.721825,34.380152],[112.728117,34.361163],[112.732898,34.350898],[112.756805,34.357394],[112.760076,34.346584],[112.787002,34.343261],[112.788953,34.331158],[112.83318,34.333638],[112.854633,34.316325],[112.84117,34.297818],[113.013235,34.300398],[113.037142,34.280299],[113.097726,34.26223],[113.15202,34.266351],[113.224557,34.33473],[113.314648,34.352287],[113.32528,34.404986],[113.348809,34.404738],[113.370388,34.389918],[113.366991,34.379805],[113.414867,34.374947],[113.414175,34.349361],[113.471425,34.330811],[113.482875,34.342864],[113.510871,34.342715],[113.529619,34.317913],[113.556608,34.311513],[113.608951,34.3132],[113.658589,34.275037],[113.70332,34.276725],[113.7003,34.289381],[113.736852,34.317863],[113.777242,34.314589],[113.803791,34.33721],[113.832353,34.32342],[113.885451,34.327785],[113.878153,34.411478],[113.903507,34.454185],[113.929993,34.443485],[113.948929,34.452699],[113.948615,34.435063],[113.990326,34.435707],[114.019894,34.445368],[114.009577,34.480135],[114.035119,34.503998],[114.07035,34.481472],[114.094383,34.492265],[114.107217,34.557887],[114.129802,34.575348],[114.136848,34.605711],[114.127726,34.61718],[114.15459,34.60576],[114.158113,34.704336],[114.138484,34.73475],[114.172331,34.768311],[114.122504,34.81833],[114.199824,34.832729],[114.22071,34.919066]]],"type":"Polygon"}},{"type":"Feature","properties":{"display":"周口","province":"河南省"},"geometry":{"coordinates":[[[114.897269,33.08658],[114.902931,33.12955],[114.93445,33.15329],[114.966095,33.147104],[114.99233,33.120947],[114.990505,33.102885],[115.057444,33.083762],[115.153259,33.084416],[115.197109,33.12145],[115.209817,33.113501],[115.246307,33.136391],[115.290345,33.132417],[115.301481,33.141622],[115.296762,33.201303],[115.326394,33.211355],[115.316328,33.223818],[115.340109,33.261145],[115.335013,33.298055],[115.360178,33.298105],[115.365022,33.336003],[115.34835,33.338963],[115.341619,33.371175],[115.313245,33.377094],[115.329414,33.40167],[115.316391,33.448895],[115.324569,33.457615],[115.345771,33.449747],[115.345393,33.502707],[115.366595,33.523441],[115.396793,33.502006],[115.421958,33.556786],[115.463731,33.567197],[115.47191,33.558037],[115.500598,33.564794],[115.511293,33.553331],[115.559358,33.561941],[115.56609,33.576356],[115.63976,33.585113],[115.601635,33.657692],[115.607171,33.689035],[115.595281,33.732957],[115.563133,33.771663],[115.582258,33.788738],[115.614218,33.775658],[115.633532,33.86733],[115.546146,33.875509],[115.568543,33.910013],[115.562629,33.92721],[115.592702,34.009857],[115.606605,34.013243],[115.600943,34.023798],[115.649889,34.036194],[115.641962,34.084166],[115.543693,34.084564],[115.549921,34.047542],[115.53564,34.021757],[115.462599,34.006023],[115.458824,33.987099],[115.402581,33.993374],[115.349042,34.018222],[115.292484,33.996163],[115.288395,34.019516],[115.258449,34.015334],[115.240959,33.975144],[115.195473,33.987398],[115.204722,33.974447],[115.176474,33.950732],[115.124257,33.963089],[115.107207,33.936331],[115.070026,33.935583],[115.049957,33.950035],[115.083238,34.003185],[115.074241,34.022802],[115.121363,34.02569],[115.13967,34.050628],[115.116707,34.066353],[115.133127,34.170835],[115.11872,34.189966],[115.12627,34.209441],[115.052474,34.224641],[115.041087,34.246342],[114.986605,34.253393],[114.933695,34.282135],[114.901988,34.284567],[114.896514,34.265804],[114.832847,34.281937],[114.8314,34.268138],[114.76465,34.254436],[114.758736,34.238397],[114.730426,34.225237],[114.71388,34.241327],[114.647319,34.250315],[114.602085,34.271017],[114.556662,34.267989],[114.551629,34.284964],[114.528603,34.282234],[114.519355,34.313448],[114.493876,34.31191],[114.479343,34.32962],[114.452857,34.319997],[114.439897,34.336366],[114.427692,34.333837],[114.434486,34.313894],[114.424546,34.309032],[114.455688,34.294096],[114.405798,34.248031],[114.356412,34.247186],[114.328857,34.267294],[114.274626,34.274889],[114.259905,34.251854],[114.286013,34.218234],[114.275255,34.174661],[114.28746,34.137033],[114.262107,34.095856],[114.295324,34.007467],[114.311745,34.001492],[114.31036,33.96],[114.299917,33.953024],[114.315834,33.865734],[114.301301,33.842188],[114.323383,33.832908],[114.325082,33.818337],[114.309983,33.781349],[114.290354,33.771813],[114.178308,33.806409],[114.134772,33.806409],[114.142007,33.765921],[114.098032,33.765072],[114.106839,33.739051],[114.091489,33.71642],[114.097717,33.683187],[114.115836,33.684587],[114.116402,33.651392],[114.149745,33.650442],[114.196489,33.690934],[114.249084,33.704328],[114.277332,33.621735],[114.279659,33.604427],[114.265378,33.593219],[114.295324,33.553782],[114.281106,33.513976],[114.284629,33.472548],[114.307907,33.481316],[114.368932,33.44659],[114.446628,33.464581],[114.464118,33.437467],[114.490415,33.43481],[114.488654,33.417565],[114.563016,33.42333],[114.589314,33.362847],[114.623664,33.341723],[114.654491,33.341924],[114.665563,33.313416],[114.684122,33.314671],[114.685255,33.298205],[114.722373,33.301117],[114.73074,33.261597],[114.681354,33.170487],[114.704003,33.160531],[114.742757,33.106709],[114.761756,33.10535],[114.77157,33.069517],[114.850022,33.052753],[114.857446,33.075306],[114.897269,33.08658]]],"type":"Polygon"}},{"type":"Feature","properties":{"display":"漯河","province":"河南省"},"geometry":{"coordinates":[[[113.688347,33.407737],[113.721187,33.432705],[113.799513,33.43481],[113.856134,33.47796],[113.914139,33.478511],[113.94528,33.465633],[114.038579,33.5296],[114.099101,33.503108],[114.116276,33.51027],[114.103505,33.491586],[114.130683,33.495093],[114.131501,33.472298],[114.180384,33.453656],[114.171324,33.440926],[114.190575,33.426489],[114.195294,33.447692],[114.284629,33.472548],[114.281106,33.513976],[114.295324,33.553782],[114.265378,33.593219],[114.279659,33.604427],[114.277332,33.621735],[114.249084,33.704328],[114.196489,33.690934],[114.149745,33.650442],[114.116402,33.651392],[114.115836,33.684587],[114.097717,33.683187],[114.091489,33.71642],[114.106839,33.739051],[114.098032,33.765072],[114.142007,33.765921],[114.134772,33.806409],[114.159623,33.816191],[114.115081,33.863788],[114.128418,33.885433],[114.125902,33.915547],[114.076704,33.952676],[114.057453,33.952875],[114.053867,33.978781],[113.977492,33.98152],[113.916341,33.945849],[113.859783,33.94859],[113.871296,33.909615],[113.860097,33.907222],[113.853051,33.873315],[113.77806,33.884934],[113.760318,33.868477],[113.738802,33.868627],[113.722445,33.848624],[113.759312,33.827918],[113.761262,33.807756],[113.752895,33.771463],[113.734399,33.752337],[113.762206,33.731808],[113.741822,33.702329],[113.724018,33.695632],[113.716406,33.710624],[113.701936,33.691234],[113.637388,33.702679],[113.629335,33.688885],[113.598256,33.687536],[113.6087,33.709175],[113.576677,33.706327],[113.587624,33.654642],[113.628203,33.629038],[113.552267,33.586715],[113.563151,33.57055],[113.545536,33.548626],[113.537609,33.498499],[113.478597,33.50431],[113.484322,33.483721],[113.468846,33.422077],[113.589008,33.404728],[113.659407,33.424283],[113.688347,33.407737]]],"type":"Polygon"}},{"type":"Feature","properties":{"display":"驻马店","province":"河南省"},"geometry":{"coordinates":[[[113.814423,32.600842],[113.826691,32.622397],[113.87268,32.622751],[113.886646,32.607016],[113.919738,32.605295],[113.962204,32.505403],[114.007375,32.507784],[114.053867,32.523233],[114.056258,32.539033],[114.067204,32.534881],[114.087336,32.481236],[114.078529,32.479614],[114.085512,32.450777],[114.157421,32.458279],[114.167675,32.487012],[114.192274,32.492585],[114.198314,32.46877],[114.209135,32.468719],[114.204479,32.445252],[114.243485,32.458583],[114.269027,32.409253],[114.288467,32.418939],[114.286894,32.369892],[114.34276,32.365021],[114.349303,32.323002],[114.376607,32.292032],[114.452479,32.281368],[114.468333,32.294165],[114.490856,32.28665],[114.498342,32.301527],[114.535083,32.286091],[114.582519,32.308432],[114.575976,32.316402],[114.5929,32.321326],[114.647759,32.387597],[114.570125,32.435721],[114.585665,32.455136],[114.571509,32.466793],[114.571258,32.508088],[114.615737,32.509911],[114.650338,32.527842],[114.701927,32.517357],[114.713062,32.543743],[114.724512,32.541464],[114.729545,32.519333],[114.752319,32.523942],[114.789689,32.50824],[114.781133,32.535539],[114.810136,32.569007],[114.791325,32.584141],[114.79403,32.613695],[114.813785,32.611165],[114.822404,32.622853],[114.89167,32.61749],[114.901296,32.648954],[114.957791,32.659979],[115.030077,32.6486],[115.065182,32.629075],[115.090599,32.637017],[115.111548,32.607421],[115.140362,32.599223],[115.145647,32.580143],[115.175341,32.605346],[115.209125,32.612936],[115.194907,32.642379],[115.209503,32.636714],[115.219443,32.659221],[115.203967,32.65391],[115.205162,32.672924],[115.193649,32.682885],[115.19692,32.672722],[115.182954,32.666755],[115.178487,32.682885],[115.189623,32.770913],[115.182073,32.787326],[115.212334,32.787175],[115.189937,32.812522],[115.198619,32.854363],[115.159802,32.862285],[115.140551,32.897496],[115.029762,32.906827],[115.035425,32.932341],[114.943573,32.935013],[114.91608,32.971304],[114.886071,32.978611],[114.882799,32.990351],[114.901547,33.000326],[114.891922,33.020525],[114.936967,33.025511],[114.923,33.036087],[114.914004,33.082805],[114.857446,33.075306],[114.850022,33.052753],[114.77157,33.069517],[114.761756,33.10535],[114.742757,33.106709],[114.704003,33.160531],[114.681354,33.170487],[114.73074,33.261597],[114.722373,33.301117],[114.685255,33.298205],[114.684122,33.314671],[114.665563,33.313416],[114.654491,33.341924],[114.623664,33.341723],[114.589314,33.362847],[114.563016,33.42333],[114.488654,33.417565],[114.490415,33.43481],[114.464118,33.437467],[114.446628,33.464581],[114.368932,33.44659],[114.307907,33.481316],[114.195294,33.447692],[114.190575,33.426489],[114.171324,33.440926],[114.180384,33.453656],[114.131501,33.472298],[114.130683,33.495093],[114.103505,33.491586],[114.116276,33.51027],[114.099101,33.503108],[114.038579,33.5296],[113.94528,33.465633],[113.914139,33.478511],[113.856134,33.47796],[113.799513,33.43481],[113.721187,33.432705],[113.710429,33.417013],[113.693065,33.418216],[113.676897,33.378298],[113.639149,33.355221],[113.640282,33.325162],[113.618766,33.291477],[113.606875,33.237786],[113.613796,33.211506],[113.627511,33.186475],[113.64846,33.182402],[113.626001,33.150423],[113.600144,33.163146],[113.561201,33.161134],[113.550254,33.140113],[113.514772,33.162492],[113.413105,33.156659],[113.397881,33.14997],[113.386619,33.113451],[113.357239,33.091613],[113.313138,33.075608],[113.257335,33.083409],[113.219273,33.064584],[113.190019,33.067202],[113.127358,33.010552],[113.097789,32.946406],[113.11553,32.932996],[113.140129,32.930627],[113.145854,32.940306],[113.208137,32.916408],[113.205558,32.884937],[113.165797,32.838063],[113.187062,32.819943],[113.177247,32.775307],[113.199959,32.750253],[113.191528,32.717712],[113.231226,32.701488],[113.236259,32.682581],[113.259914,32.677778],[113.269351,32.662053],[113.258467,32.653961],[113.220594,32.684452],[113.18788,32.652241],[113.20279,32.632262],[113.205432,32.569969],[113.280486,32.595984],[113.31037,32.579536],[113.321631,32.58733],[113.342832,32.567893],[113.364537,32.569462],[113.400712,32.61324],[113.458528,32.585508],[113.458843,32.575689],[113.512759,32.571538],[113.524397,32.593505],[113.542264,32.589152],[113.565416,32.602715],[113.594041,32.661092],[113.619332,32.667362],[113.614676,32.711344],[113.649089,32.708261],[113.668404,32.692389],[113.696274,32.695624],[113.761199,32.652697],[113.781079,32.652595],[113.791963,32.642075],[113.785169,32.631402],[113.814423,32.600842]]],"type":"Polygon"}},{"type":"Feature","properties":{"display":"信阳","province":"河南省"},"geometry":{"coordinates":[[[[113.749057,32.272684],[113.740438,32.242815],[113.783344,32.189657],[113.750315,32.116324],[113.722445,32.12426],[113.728485,32.083197],[113.791271,32.036006],[113.758934,32.000915],[113.759438,31.986447],[113.816247,31.96688],[113.805112,31.931508],[113.835876,31.910961],[113.838644,31.854702],[113.872931,31.84067],[113.93144,31.880974],[113.954906,31.856334],[113.952578,31.793864],[113.988753,31.750202],[114.015805,31.770274],[114.086644,31.782223],[114.099164,31.803411],[114.119233,31.805759],[114.13408,31.842813],[114.162768,31.841078],[114.180258,31.854039],[114.221277,31.832403],[114.236439,31.841895],[114.292808,31.752296],[114.350373,31.755412],[114.446566,31.728031],[114.450844,31.737636],[114.50866,31.740701],[114.509667,31.766852],[114.521305,31.766903],[114.530679,31.742897],[114.545275,31.746167],[114.554963,31.768538],[114.582519,31.764758],[114.579122,31.708154],[114.59139,31.700335],[114.549679,31.642465],[114.561066,31.560966],[114.572453,31.554056],[114.616743,31.585326],[114.641719,31.582153],[114.670093,31.547043],[114.69985,31.546121],[114.696579,31.525847],[114.778868,31.520727],[114.78302,31.48462],[114.81303,31.478832],[114.829827,31.458902],[114.850651,31.476168],[114.8867,31.469457],[114.925265,31.480471],[114.936464,31.469764],[114.964019,31.495377],[114.998306,31.471608],[115.010826,31.488206],[115.001704,31.499987],[115.023094,31.527588],[115.096198,31.508437],[115.092801,31.519088],[115.113373,31.528971],[115.103055,31.555745],[115.127276,31.579083],[115.125389,31.599089],[115.164395,31.604564],[115.192957,31.564037],[115.235611,31.556206],[115.212334,31.490101],[115.220512,31.426718],[115.252598,31.421695],[115.260273,31.41216],[115.250459,31.391755],[115.281349,31.399856],[115.31356,31.383448],[115.383392,31.418671],[115.389809,31.450293],[115.371565,31.495838],[115.415918,31.52595],[115.440013,31.588703],[115.486569,31.610089],[115.477132,31.645431],[115.495376,31.672938],[115.531865,31.698547],[115.553507,31.695276],[115.676564,31.778393],[115.736456,31.763277],[115.741992,31.782121],[115.767912,31.78784],[115.815348,31.762358],[115.850264,31.786767],[115.858317,31.773695],[115.885244,31.776096],[115.91022,31.792333],[115.915001,31.811885],[115.892982,31.83327],[115.898329,31.88026],[115.92016,31.920445],[115.911352,31.958013],[115.931107,31.994496],[115.919531,32.027858],[115.942557,32.07765],[115.926577,32.105283],[115.94155,32.166423],[115.912736,32.227623],[115.921481,32.268519],[115.90028,32.301426],[115.899084,32.390792],[115.87933,32.432324],[115.882727,32.456099],[115.864231,32.458937],[115.883545,32.489241],[115.873165,32.504694],[115.845735,32.501806],[115.87587,32.542477],[115.929282,32.567235],[115.911856,32.577561],[115.891535,32.576245],[115.839947,32.524803],[115.841457,32.501198],[115.823841,32.502262],[115.788736,32.468922],[115.771498,32.505301],[115.760237,32.481996],[115.741992,32.476371],[115.701225,32.495321],[115.692103,32.487519],[115.698772,32.468212],[115.675872,32.466438],[115.68059,32.43998],[115.666938,32.409405],[115.656306,32.408746],[115.657816,32.428826],[115.627115,32.40545],[115.604529,32.425936],[115.563888,32.403015],[115.553633,32.407478],[115.5676,32.421626],[115.523183,32.442007],[115.477761,32.51989],[115.438944,32.532551],[115.443725,32.543287],[115.431646,32.5523],[115.410004,32.548097],[115.411577,32.574777],[115.304186,32.553768],[115.296511,32.562729],[115.310855,32.570576],[115.299404,32.58814],[115.267193,32.578068],[115.2548,32.595225],[115.227118,32.578624],[115.229509,32.590569],[115.175341,32.605346],[115.145647,32.580143],[115.140362,32.599223],[115.111548,32.607421],[115.090599,32.637017],[115.065182,32.629075],[114.985472,32.659322],[114.911047,32.653405],[114.89167,32.61749],[114.822404,32.622853],[114.813785,32.611165],[114.79403,32.613695],[114.791325,32.584141],[114.810136,32.569007],[114.781133,32.535539],[114.789689,32.50824],[114.752319,32.523942],[114.729545,32.519333],[114.724512,32.541464],[114.713062,32.543743],[114.701927,32.517357],[114.650338,32.527842],[114.615737,32.509911],[114.571258,32.508088],[114.571509,32.466793],[114.585665,32.455136],[114.570125,32.435721],[114.634673,32.39982],[114.644551,32.375879],[114.623727,32.370602],[114.623349,32.352539],[114.550685,32.289036],[114.498342,32.301527],[114.490856,32.28665],[114.468333,32.294165],[114.421589,32.279134],[114.369813,32.298735],[114.368177,32.313407],[114.349303,32.323002],[114.34276,32.365021],[114.286894,32.369892],[114.288467,32.418939],[114.269027,32.409253],[114.243485,32.458583],[114.204479,32.445252],[114.209135,32.468719],[114.198314,32.46877],[114.192274,32.492585],[114.167675,32.487012],[114.157421,32.458279],[114.085512,32.450777],[114.078529,32.479614],[114.087336,32.481236],[114.067204,32.534881],[114.056258,32.539033],[114.053867,32.523233],[114.007375,32.507784],[113.962204,32.505403],[113.919738,32.605295],[113.886646,32.607016],[113.87268,32.622751],[113.826691,32.622397],[113.820211,32.601804],[113.789698,32.586368],[113.763212,32.547895],[113.774285,32.537362],[113.759375,32.508797],[113.761828,32.470645],[113.73767,32.453362],[113.730498,32.46061],[113.710555,32.421221],[113.751699,32.390031],[113.751448,32.36081],[113.768874,32.369486],[113.753838,32.32823],[113.773907,32.306147],[113.769063,32.301324],[113.769944,32.275985],[113.749057,32.272684]]],[[[113.768182,32.28406],[113.769063,32.301324],[113.743898,32.283603],[113.749057,32.272684],[113.758494,32.291931],[113.768182,32.28406]]]],"type":"MultiPolygon"}},{"type":"Feature","properties":{"display":"新乡","province":"河南省"},"geometry":{"coordinates":[[[114.951248,35.380791],[114.856942,35.387794],[114.808877,35.346942],[114.697397,35.337486],[114.688715,35.295138],[114.627313,35.298275],[114.562198,35.276064],[114.541437,35.242809],[114.50413,35.228286],[114.487836,35.206645],[114.465376,35.216706],[114.431781,35.208755],[114.431404,35.222055],[114.415298,35.228188],[114.394348,35.219797],[114.407497,35.236627],[114.391266,35.258114],[114.407497,35.269738],[114.395732,35.293078],[114.416493,35.302785],[114.404226,35.326313],[114.423414,35.324842],[114.429076,35.342876],[114.411083,35.358064],[114.423666,35.380155],[114.405043,35.426325],[114.429139,35.449523],[114.428573,35.468947],[114.39504,35.478192],[114.312374,35.446978],[114.275444,35.465376],[114.275822,35.490176],[114.289914,35.501815],[114.17145,35.523965],[114.080102,35.567316],[114.056195,35.594528],[114.064311,35.637793],[114.050218,35.675667],[113.995988,35.704792],[113.969565,35.689572],[113.931691,35.703963],[113.923072,35.681815],[113.901619,35.677423],[113.785546,35.674447],[113.777556,35.684644],[113.794228,35.695329],[113.808006,35.742488],[113.759752,35.767398],[113.742892,35.819093],[113.711813,35.81807],[113.700552,35.837308],[113.661043,35.837259],[113.641225,35.822503],[113.585296,35.825766],[113.586177,35.806136],[113.604988,35.800095],[113.583472,35.794249],[113.599137,35.775098],[113.586806,35.744048],[113.601968,35.706402],[113.59316,35.691426],[113.623484,35.671665],[113.624868,35.632032],[113.578565,35.633545],[113.560069,35.660441],[113.547989,35.657562],[113.556671,35.619776],[113.506719,35.565997],[113.49854,35.532373],[113.506593,35.516484],[113.440535,35.507879],[113.416629,35.516191],[113.383159,35.495067],[113.392093,35.472225],[113.447707,35.432443],[113.482246,35.369967],[113.465952,35.363844],[113.466581,35.349686],[113.480044,35.33974],[113.486461,35.294108],[113.518798,35.288813],[113.538804,35.243201],[113.54044,35.228384],[113.52144,35.211504],[113.534967,35.151803],[113.564598,35.127685],[113.593852,35.131173],[113.645503,35.038075],[113.645503,35.019236],[113.629964,35.016777],[113.644371,35.004379],[113.60763,34.982382],[113.592091,34.933743],[113.650348,34.928769],[113.684824,34.906358],[113.749057,34.919017],[113.800456,34.87995],[113.826062,34.877683],[113.905331,34.901333],[113.953585,34.898082],[114.028451,34.959346],[114.051225,34.944527],[114.120491,34.956638],[114.160566,34.933496],[114.200704,34.939504],[114.243988,34.905126],[114.350499,34.908082],[114.40064,34.939504],[114.513378,34.895273],[114.586608,34.912466],[114.660279,34.898722],[114.679593,34.909018],[114.724323,34.885222],[114.76119,34.89148],[114.778994,34.916751],[114.741435,34.960675],[114.800384,35.006691],[114.852664,35.029124],[114.850903,35.041911],[114.819258,35.051796],[114.83184,35.074167],[114.882925,35.098743],[114.841026,35.159219],[114.876571,35.189023],[114.928285,35.194766],[114.929732,35.248205],[114.975595,35.261547],[114.963579,35.273759],[115.014538,35.318128],[115.017243,35.337437],[114.968171,35.354389],[114.951248,35.380791]]],"type":"Polygon"}},{"type":"Feature","properties":{"display":"枣庄","province":"山东省"},"geometry":{"coordinates":[[[117.392342,34.574909],[117.403793,34.546898],[117.465467,34.48458],[117.48663,34.482065],[117.487341,34.466354],[117.54783,34.475179],[117.592289,34.462518],[117.609662,34.490476],[117.659096,34.501071],[117.684523,34.547351],[117.801712,34.518753],[117.793657,34.651768],[117.805818,34.646254],[117.825639,34.684392],[117.830614,34.760246],[117.784576,34.780667],[117.77739,34.801248],[117.798632,34.810653],[117.803686,34.830734],[117.729298,34.876994],[117.698501,34.919989],[117.724323,34.958329],[117.728035,35.008041],[117.744618,35.022748],[117.736247,35.031514],[117.704423,35.031227],[117.707345,35.052318],[117.656885,35.077497],[117.58376,35.164317],[117.548462,35.161741],[117.526825,35.200621],[117.507162,35.198986],[117.448331,35.231842],[117.449752,35.246795],[117.406004,35.283348],[117.399528,35.306374],[117.359571,35.318375],[117.318034,35.320252],[117.311163,35.28588],[117.290079,35.299394],[117.262203,35.287472],[117.269231,35.261296],[117.220824,35.26489],[117.199108,35.24749],[117.104899,35.221464],[117.028774,35.221219],[116.962047,35.177319],[116.913718,35.178791],[116.898398,35.195757],[116.85394,35.16861],[116.832776,35.184392],[116.811218,35.17736],[116.848649,35.103774],[116.863179,35.091496],[116.888922,35.093829],[116.900373,35.068737],[116.881183,35.058133],[116.900767,35.05977],[116.951702,35.020618],[116.943015,34.975627],[116.9671,34.951072],[116.989448,34.93873],[117.038487,34.937869],[117.041093,34.925157],[117.103399,34.937459],[117.125826,34.863451],[117.194686,34.816239],[117.162467,34.782105],[117.191369,34.780914],[117.253675,34.721444],[117.310611,34.717333],[117.376707,34.622301],[117.4109,34.623454],[117.392342,34.574909]]],"type":"Polygon"}},{"type":"Feature","properties":{"display":"德州","province":"山东省"},"geometry":{"coordinates":[[[117.273417,37.532619],[117.280682,37.56621],[117.314875,37.600458],[117.304925,37.640514],[117.347489,37.683319],[117.352543,37.707345],[117.36573,37.698361],[117.357596,37.658495],[117.373074,37.648594],[117.407188,37.678846],[117.477075,37.654416],[117.488604,37.677025],[117.531247,37.688901],[117.539775,37.713993],[117.556201,37.716683],[117.542618,37.726258],[117.544119,37.747699],[117.522165,37.755371],[117.547356,37.767512],[117.56623,37.812733],[117.606582,37.845209],[117.581076,37.858993],[117.580602,37.875302],[117.542776,37.890146],[117.529036,37.932295],[117.570652,37.957264],[117.563545,37.998585],[117.54933,38.010252],[117.524377,37.989479],[117.512847,37.943459],[117.438539,37.853859],[117.40632,37.843511],[117.344251,37.862666],[117.259755,37.838257],[117.093765,37.849515],[117.027195,37.832371],[116.919325,37.84592],[116.843753,37.834465],[116.794556,37.846987],[116.786185,37.826326],[116.74599,37.795778],[116.753808,37.770517],[116.744174,37.757349],[116.723169,37.766721],[116.724511,37.744297],[116.679736,37.72879],[116.664022,37.687793],[116.641042,37.68233],[116.640884,37.666454],[116.60448,37.625105],[116.556547,37.596852],[116.482633,37.52179],[116.46218,37.517426],[116.434146,37.473334],[116.402164,37.509847],[116.368919,37.526392],[116.376895,37.546581],[116.367655,37.566289],[116.343491,37.566011],[116.33591,37.581235],[116.299664,37.56958],[116.291373,37.523813],[116.278422,37.524765],[116.280317,37.510879],[116.297532,37.508816],[116.284344,37.500721],[116.290899,37.484766],[116.271473,37.478931],[116.276448,37.466902],[116.241307,37.491434],[116.224803,37.479963],[116.229936,37.459676],[116.243597,37.455904],[116.231515,37.424529],[116.270999,37.426714],[116.263023,37.422423],[116.282923,37.401326],[116.234437,37.361221],[116.195506,37.365674],[116.168814,37.384118],[116.056206,37.369053],[116.051942,37.357484],[116.024461,37.359949],[116.000376,37.350804],[116.009457,37.343169],[115.975738,37.337283],[115.984503,37.326067],[115.975659,37.317515],[115.984346,37.319265],[115.96871,37.28632],[115.969421,37.239464],[115.953232,37.223693],[115.920934,37.223534],[115.9098,37.206803],[115.912485,37.178751],[115.87995,37.152004],[115.885399,37.128757],[115.865025,37.070828],[115.776265,36.990884],[115.796876,36.968747],[115.772791,36.936849],[115.762683,36.939327],[115.761972,36.924413],[115.779819,36.904977],[115.832964,36.918575],[115.868421,36.901457],[115.881687,36.917575],[115.885241,36.907017],[115.947704,36.888576],[116.050126,36.894497],[116.098217,36.883895],[116.164392,36.916975],[116.18366,36.959595],[116.211536,36.963112],[116.211694,36.990085],[116.235779,37.010139],[116.222276,37.010339],[116.232857,37.032225],[116.250388,37.025476],[116.254731,37.008262],[116.30535,36.994999],[116.324065,36.972024],[116.341359,36.980256],[116.370261,36.963272],[116.421117,36.975661],[116.442675,36.954319],[116.458074,36.955358],[116.470551,36.940007],[116.443149,36.932211],[116.439911,36.916495],[116.452467,36.906417],[116.421591,36.905257],[116.417958,36.894297],[116.419537,36.877213],[116.434146,36.876453],[116.407218,36.846717],[116.399874,36.823857],[116.409193,36.807038],[116.376026,36.797025],[116.396242,36.792459],[116.405639,36.761208],[116.386055,36.725294],[116.407139,36.704804],[116.411246,36.676647],[116.400901,36.524813],[116.459258,36.480061],[116.461548,36.449971],[116.507271,36.447999],[116.511851,36.430012],[116.539647,36.427597],[116.546202,36.40892],[116.612377,36.42333],[116.620905,36.44144],[116.613009,36.473425],[116.593267,36.485973],[116.624301,36.497233],[116.627223,36.508853],[116.60835,36.52011],[116.629592,36.544587],[116.658968,36.553026],[116.661258,36.578376],[116.694345,36.591149],[116.693319,36.607895],[116.759494,36.632746],[116.780657,36.691048],[116.88679,36.745538],[116.865548,36.777877],[116.872813,36.812004],[116.887975,36.811404],[116.887106,36.833427],[116.933223,36.823697],[116.934724,36.845116],[116.962836,36.842674],[116.957466,36.916495],[116.922563,36.93453],[116.935434,36.93457],[116.933381,36.959595],[116.897767,36.962712],[116.899188,36.977499],[116.875024,36.999274],[116.948701,37.036537],[116.928643,37.05103],[116.919009,37.093056],[117.044884,37.122615],[117.059809,37.137251],[117.050648,37.160894],[117.06352,37.182656],[117.022299,37.215089],[117.042673,37.238867],[117.030275,37.264229],[117.038961,37.266538],[117.002241,37.285962],[116.986684,37.335335],[117.009664,37.359671],[116.99924,37.376964],[117.019693,37.405379],[117.01843,37.435849],[117.089264,37.435055],[117.109795,37.47901],[117.199345,37.487148],[117.230063,37.528891],[117.273417,37.532619]]],"type":"Polygon"}},{"type":"Feature","properties":{"display":"福州","province":"福建省"},"geometry":{"coordinates":[[[[119.799983,26.546836],[119.763664,26.577063],[119.743676,26.575825],[119.72871,26.559547],[119.699362,26.569257],[119.659337,26.526077],[119.622579,26.521125],[119.534779,26.56107],[119.500556,26.621222],[119.408466,26.6344],[119.406418,26.617464],[119.380434,26.621508],[119.371513,26.601524],[119.351476,26.602999],[119.332268,26.578919],[119.31501,26.575492],[119.316083,26.591293],[119.29902,26.591436],[119.279179,26.535076],[119.253682,26.54855],[119.229111,26.52403],[119.196107,26.568876],[119.159398,26.541266],[119.115912,26.538885],[119.100312,26.575016],[119.072134,26.56721],[119.063213,26.570875],[119.074084,26.59272],[119.057801,26.603665],[119.028453,26.598431],[119.006125,26.555738],[118.99384,26.553644],[118.995108,26.528791],[118.953816,26.525554],[118.939824,26.493456],[118.950988,26.491646],[118.950257,26.469496],[118.906528,26.477975],[118.872109,26.466494],[118.854803,26.439526],[118.827551,26.426374],[118.810342,26.432378],[118.797521,26.460348],[118.805321,26.4825],[118.782847,26.505648],[118.748185,26.510792],[118.754913,26.48512],[118.735656,26.470544],[118.731171,26.43843],[118.762274,26.420941],[118.753304,26.398539],[118.798935,26.36054],[118.794157,26.340463],[118.773487,26.328635],[118.720543,26.340368],[118.691829,26.311033],[118.696607,26.291472],[118.666479,26.275344],[118.67306,26.251768],[118.663261,26.227901],[118.611634,26.235587],[118.598764,26.22709],[118.609733,26.204937],[118.578483,26.204029],[118.564882,26.138117],[118.586771,26.132384],[118.5837,26.098504],[118.601738,26.076518],[118.600958,26.055245],[118.516375,26.059308],[118.519592,25.924603],[118.507746,25.901531],[118.518325,25.887647],[118.480251,25.90359],[118.471085,25.898563],[118.476448,25.87132],[118.459824,25.865813],[118.463432,25.895786],[118.432524,25.917615],[118.406247,25.878455],[118.421213,25.854607],[118.397131,25.845843],[118.382115,25.814132],[118.414632,25.789744],[118.430915,25.730552],[118.479958,25.707106],[118.523736,25.659097],[118.566491,25.681114],[118.571853,25.674015],[118.576241,25.687013],[118.583846,25.677804],[118.587746,25.689986],[118.604906,25.685142],[118.610123,25.708496],[118.625479,25.697419],[118.634937,25.708496],[118.668234,25.708544],[118.707186,25.682888],[118.726296,25.694734],[118.729952,25.668163],[118.753596,25.696221],[118.772414,25.686389],[118.811902,25.720819],[118.853682,25.703845],[118.877862,25.708832],[118.874449,25.698331],[118.952597,25.760032],[118.951524,25.712716],[118.975461,25.732086],[119.132877,25.752794],[119.152231,25.744741],[119.124346,25.713723],[119.144139,25.709887],[119.154718,25.675598],[119.145553,25.676269],[119.133999,25.633383],[119.169099,25.593216],[119.170708,25.581888],[119.157009,25.584192],[119.180702,25.555101],[119.203907,25.54497],[119.227746,25.564607],[119.243005,25.513659],[119.223798,25.48969],[119.209416,25.492621],[119.212682,25.472011],[119.256119,25.488922],[119.256119,25.479218],[119.272646,25.477824],[119.263188,25.427898],[119.288002,25.410978],[119.35367,25.411844],[119.343627,25.47254],[119.357034,25.520719],[119.397399,25.506311],[119.401202,25.49363],[119.452926,25.493726],[119.44732,25.450773],[119.430257,25.435732],[119.4442,25.411747],[119.462482,25.447938],[119.490074,25.446833],[119.485931,25.422418],[119.507235,25.396316],[119.485736,25.367275],[119.496656,25.358812],[119.519959,25.376892],[119.53395,25.372516],[119.531708,25.360639],[119.548527,25.366073],[119.578898,25.400787],[119.555352,25.429147],[119.573,25.450293],[119.590404,25.398191],[119.588795,25.345778],[119.597375,25.334668],[119.6491,25.342941],[119.657046,25.363284],[119.630672,25.358667],[119.665236,25.372084],[119.656461,25.396989],[119.670111,25.435491],[119.62292,25.434049],[119.648905,25.461681],[119.674986,25.468119],[119.687564,25.4612],[119.685516,25.440105],[119.703115,25.440489],[119.718569,25.419727],[119.772537,25.395066],[119.783554,25.411507],[119.762348,25.417516],[119.764249,25.433377],[119.826504,25.465285],[119.866577,25.454954],[119.863896,25.479746],[119.81612,25.493774],[119.81456,25.529411],[119.844054,25.544009],[119.870867,25.53575],[119.890367,25.565663],[119.845614,25.569743],[119.831427,25.580016],[119.84069,25.601279],[119.808905,25.61846],[119.787991,25.615293],[119.779264,25.637221],[119.791403,25.665381],[119.727881,25.63842],[119.683761,25.595904],[119.708283,25.571136],[119.714328,25.521055],[119.723932,25.517549],[119.696534,25.510777],[119.674986,25.47499],[119.654121,25.470282],[119.652658,25.485655],[119.62448,25.473837],[119.616437,25.556781],[119.59679,25.593312],[119.534779,25.585344],[119.540239,25.628728],[119.478326,25.631463],[119.473012,25.662311],[119.526638,25.683032],[119.602981,25.685286],[119.612049,25.703557],[119.602981,25.71473],[119.612195,25.727052],[119.626479,25.723312],[119.637594,25.749583],[119.6276,25.768275],[119.628478,25.872038],[119.643054,25.892244],[119.695169,25.904404],[119.715206,25.96327],[119.72364,26.011538],[119.70019,26.032485],[119.667137,26.028946],[119.654413,26.090093],[119.618728,26.11977],[119.603664,26.153118],[119.605321,26.169741],[119.664456,26.202024],[119.679764,26.22919],[119.676254,26.26308],[119.771318,26.285222],[119.797692,26.268234],[119.818411,26.293763],[119.80676,26.307694],[119.845126,26.322768],[119.862579,26.307598],[119.909916,26.310413],[119.962372,26.373462],[119.876571,26.359634],[119.880861,26.372842],[119.835669,26.437716],[119.799983,26.546836]]],[[[120.513939,26.360349],[120.478155,26.381138],[120.47289,26.36755],[120.480544,26.37289],[120.4979,26.352338],[120.513939,26.360349]]],[[[119.899825,25.582128],[119.906504,25.600991],[119.875937,25.606174],[119.876619,25.587168],[119.899825,25.582128]]],[[[119.579873,25.627145],[119.60108,25.641011],[119.613219,25.668499],[119.572463,25.63391],[119.567881,25.646145],[119.560714,25.635014],[119.579873,25.627145]]],[[[119.980654,26.208374],[120.01629,26.208518],[120.020142,26.225658],[120.000885,26.23616],[119.97066,26.217207],[119.969587,26.191136],[119.980654,26.208374]]],[[[119.967491,25.945374],[119.979337,25.951786],[119.992988,25.964658],[119.976461,25.964754],[119.967491,25.945374]]],[[[119.705065,25.352848],[119.726711,25.356551],[119.735925,25.362514],[119.724468,25.378671],[119.697802,25.367035],[119.705065,25.352848]]],[[[119.69434,25.30388],[119.712183,25.314464],[119.699215,25.327789],[119.70292,25.342075],[119.687174,25.325336],[119.69434,25.30388]]],[[[119.929465,26.134295],[119.960032,26.147194],[119.970075,26.162767],[119.945699,26.156127],[119.918253,26.169597],[119.913036,26.140219],[119.929465,26.134295]]],[[[119.61863,26.139025],[119.65495,26.132623],[119.657192,26.152115],[119.627259,26.173132],[119.607125,26.169693],[119.61863,26.139025]]],[[[119.88403,26.410979],[119.892853,26.41484],[119.885882,26.419892],[119.88403,26.410979]]],[[[119.474035,25.331349],[119.488124,25.329665],[119.489197,25.351357],[119.471598,25.345201],[119.474035,25.331349]]],[[[119.66236,25.646576],[119.673572,25.632567],[119.721933,25.639812],[119.716863,25.664758],[119.66236,25.646576]]],[[[119.67328,25.756725],[119.683128,25.762668],[119.672402,25.765927],[119.67328,25.756725]]],[[[119.677278,26.113319],[119.684151,26.140936],[119.662214,26.133865],[119.677278,26.113319]]],[[[119.757326,25.298491],[119.764444,25.28959],[119.767564,25.298828],[119.757326,25.298491]]],[[[119.915815,26.418176],[119.90704,26.406976],[119.918886,26.409359],[119.915815,26.418176]]],[[[119.999228,26.239692],[120.011269,26.24752],[120.002592,26.246661],[119.999228,26.239692]]],[[[119.937119,25.963797],[119.953256,25.976236],[119.930197,25.978628],[119.937119,25.963797]]],[[[119.643542,25.677181],[119.641348,25.66754],[119.65963,25.680106],[119.643542,25.677181]]],[[[119.390379,25.435107],[119.399008,25.436597],[119.396473,25.443517],[119.390379,25.435107]]],[[[119.636571,26.119913],[119.644371,26.109114],[119.647978,26.118145],[119.636571,26.119913]]],[[[119.98197,26.267804],[119.994986,26.265943],[119.993865,26.28045],[119.98197,26.267804]]],[[[120.221483,26.331974],[120.234353,26.34156],[120.223774,26.338651],[120.221483,26.331974]]],[[[119.661238,25.67296],[119.647686,25.654828],[119.672256,25.661448],[119.661238,25.67296]]],[[[119.579776,25.668403],[119.582311,25.66164],[119.59094,25.674111],[119.579776,25.668403]]]],"type":"MultiPolygon"}},{"type":"Feature","properties":{"display":"龙岩","province":"福建省"},"geometry":{"coordinates":[[[116.400103,26.033059],[116.361054,26.000729],[116.369975,25.963318],[116.326294,25.956572],[116.302407,25.922593],[116.258287,25.902967],[116.191937,25.901005],[116.130706,25.858726],[116.131779,25.824288],[116.159274,25.809581],[116.181602,25.776423],[116.17546,25.749487],[116.165953,25.74848],[116.166538,25.766023],[116.129634,25.759169],[116.106965,25.701112],[116.067623,25.704085],[116.067672,25.691329],[116.060164,25.694926],[116.067135,25.634342],[116.041639,25.626329],[116.040956,25.606942],[116.062845,25.56331],[116.035301,25.540552],[116.036569,25.514764],[116.005466,25.490459],[116.007269,25.473741],[116.019213,25.474221],[116.021797,25.420688],[116.005368,25.414247],[116.008001,25.392855],[115.992742,25.371074],[115.991669,25.345105],[116.008001,25.32144],[116.000054,25.301522],[115.965636,25.286895],[115.951547,25.29315],[115.930926,25.236023],[115.855606,25.209447],[115.855118,25.153195],[115.875837,25.152328],[115.888366,25.129011],[115.873936,25.121831],[115.880078,25.092243],[115.908305,25.084531],[115.928293,25.050498],[115.873643,25.019928],[115.88198,24.995041],[115.899238,24.991761],[115.925075,24.96079],[115.894996,24.962045],[115.882955,24.976663],[115.870231,24.959488],[115.908451,24.923296],[115.976703,24.91596],[116.003077,24.896508],[116.023357,24.902156],[116.052266,24.861505],[116.083223,24.85349],[116.091316,24.838374],[116.094874,24.84924],[116.153229,24.846632],[116.191742,24.877101],[116.221139,24.830791],[116.250048,24.827893],[116.233083,24.80065],[116.251267,24.793403],[116.344089,24.827555],[116.361785,24.869859],[116.394789,24.877873],[116.393912,24.856918],[116.4178,24.840692],[116.377239,24.821083],[116.375972,24.803355],[116.384405,24.790939],[116.399664,24.793983],[116.419116,24.767311],[116.417166,24.743051],[116.446075,24.714483],[116.486977,24.718592],[116.517495,24.652297],[116.50677,24.62129],[116.525929,24.604791],[116.570438,24.621725],[116.596471,24.654039],[116.632791,24.641269],[116.707331,24.665114],[116.741895,24.666565],[116.753839,24.654522],[116.777581,24.679574],[116.801225,24.678268],[116.815314,24.654571],[116.7612,24.582967],[116.767782,24.564189],[116.758373,24.546618],[116.781091,24.533789],[116.812632,24.484058],[116.833595,24.496117],[116.849342,24.479069],[116.860749,24.462262],[116.838909,24.442544],[116.873278,24.391178],[116.885271,24.396219],[116.903894,24.369851],[116.90326,24.380127],[116.934899,24.390015],[116.944016,24.431885],[116.91145,24.515681],[116.922078,24.526623],[116.929439,24.513599],[116.947721,24.544972],[117.006222,24.544294],[117.023138,24.571352],[117.014948,24.615774],[117.019872,24.62903],[117.037471,24.626128],[117.046929,24.653313],[117.033327,24.671836],[117.039372,24.690792],[117.018556,24.709213],[117.02348,24.773641],[117.052145,24.793403],[117.056728,24.82374],[117.069208,24.821953],[117.070768,24.785866],[117.080713,24.781034],[117.137508,24.784803],[117.169391,24.826058],[117.172218,24.865948],[117.198007,24.885163],[117.184406,24.925854],[117.227063,24.909155],[117.245929,24.954036],[117.236813,24.962527],[117.286588,24.990507],[117.288781,24.971742],[117.306965,24.96822],[117.370293,24.973527],[117.383845,24.984767],[117.425137,24.978207],[117.445515,24.95997],[117.493145,24.962093],[117.490561,25.016841],[117.510841,25.090315],[117.478763,25.127806],[117.484564,25.164901],[117.515765,25.17569],[117.535022,25.201165],[117.548184,25.192208],[117.545649,25.210988],[117.578654,25.231257],[117.6139,25.222254],[117.621067,25.247479],[117.603468,25.260042],[117.599811,25.293728],[117.655192,25.320622],[117.691512,25.368285],[117.691414,25.440874],[117.722371,25.48138],[117.71813,25.511978],[117.691902,25.510681],[117.688928,25.535078],[117.705162,25.559806],[117.725783,25.547611],[117.745089,25.570079],[117.748258,25.596288],[117.718471,25.590528],[117.646076,25.670706],[117.601176,25.649455],[117.580847,25.69411],[117.549062,25.70466],[117.536045,25.725134],[117.506941,25.702886],[117.493973,25.722593],[117.502602,25.735537],[117.48788,25.739325],[117.461749,25.735777],[117.472767,25.727339],[117.440738,25.669458],[117.392182,25.658714],[117.396228,25.733716],[117.391255,25.721155],[117.382773,25.727052],[117.375801,25.782413],[117.354302,25.785863],[117.346015,25.756437],[117.266697,25.724942],[117.248611,25.687061],[117.274497,25.687348],[117.283516,25.665093],[117.237934,25.634054],[117.198495,25.570559],[117.21234,25.570271],[117.197179,25.559326],[117.183382,25.575216],[117.165783,25.570655],[117.168416,25.59624],[117.132681,25.650175],[117.081737,25.652573],[117.071743,25.684279],[117.057995,25.685958],[117.068525,25.708448],[117.048342,25.725661],[117.065113,25.736448],[117.06443,25.7573],[117.024016,25.853122],[116.952791,25.842107],[116.924174,25.855948],[116.904674,25.849914],[116.865186,25.796884],[116.820237,25.783898],[116.778214,25.818539],[116.794107,25.856331],[116.756033,25.84795],[116.737215,25.899712],[116.649707,25.942742],[116.652925,25.999389],[116.629476,26.013786],[116.611243,25.984321],[116.593546,25.991545],[116.581602,25.980972],[116.538555,25.996806],[116.495508,25.966285],[116.481468,25.974849],[116.474399,26.009673],[116.400103,26.033059]]],"type":"Polygon"}},{"type":"Feature","properties":{"display":"承德","province":"河北省"},"geometry":{"coordinates":[[[119.158474,40.614418],[119.146557,40.63579],[119.185833,40.67574],[119.176222,40.690191],[119.115098,40.666513],[119.05423,40.664964],[119.027063,40.692448],[118.987723,40.697931],[118.949344,40.747834],[118.895459,40.754021],[118.910965,40.776766],[118.849135,40.800919],[118.846252,40.822103],[118.873034,40.848042],[118.903468,40.961784],[119.000601,40.967052],[119.0204,40.997878],[118.951971,41.018421],[118.93685,41.052624],[118.964657,41.079307],[119.037507,41.067378],[119.073771,41.084244],[119.081204,41.131422],[119.126374,41.138662],[119.184295,41.182727],[119.188909,41.198156],[119.166483,41.21294],[119.169623,41.222923],[119.209796,41.225803],[119.20954,41.244483],[119.248367,41.27665],[119.239461,41.314489],[119.212103,41.308099],[119.200698,41.28234],[119.154951,41.297682],[119.035136,41.298768],[118.949536,41.318003],[118.934671,41.304584],[118.890718,41.300749],[118.844907,41.34247],[118.846124,41.373823],[118.770007,41.353071],[118.763343,41.328928],[118.741879,41.324073],[118.676974,41.350453],[118.528135,41.355051],[118.412422,41.33193],[118.399607,41.311102],[118.380193,41.312124],[118.349119,41.342789],[118.348286,41.373886],[118.361741,41.386717],[118.343993,41.404139],[118.34867,41.428318],[118.269605,41.478881],[118.295426,41.485127],[118.315801,41.512525],[118.302923,41.552709],[118.313302,41.561494],[118.215337,41.595668],[118.206879,41.65074],[118.169013,41.67076],[118.130698,41.742275],[118.140372,41.783965],[118.165873,41.813265],[118.236032,41.807559],[118.246988,41.774005],[118.270823,41.762203],[118.292287,41.772863],[118.331755,41.840651],[118.340213,41.872459],[118.270182,41.917357],[118.268901,41.930143],[118.306511,41.940269],[118.314007,41.987774],[118.237634,42.022859],[118.283061,42.03158],[118.297284,42.048765],[118.272232,42.083311],[118.226613,42.090256],[118.212581,42.081101],[118.220206,42.058619],[118.204188,42.034866],[118.116538,42.037204],[118.155173,42.081164],[118.088859,42.117144],[118.10635,42.171958],[117.977438,42.229875],[117.971095,42.248014],[118.047468,42.280563],[118.059962,42.29831],[118.016265,42.333286],[118.009153,42.358248],[118.021263,42.371636],[118.019405,42.395201],[117.797588,42.585277],[117.801496,42.612706],[117.779904,42.618591],[117.66733,42.582459],[117.600311,42.603001],[117.539955,42.605443],[117.524898,42.590727],[117.473512,42.602437],[117.435197,42.585403],[117.44436,42.577447],[117.433147,42.555769],[117.39637,42.536339],[117.387015,42.517405],[117.416296,42.512326],[117.412836,42.472493],[117.390732,42.462076],[117.330056,42.461887],[117.275466,42.481905],[117.175963,42.465527],[117.094912,42.483661],[117.079535,42.460632],[117.016744,42.45649],[117.006685,42.432948],[116.914421,42.402677],[116.886806,42.366608],[116.918522,42.229875],[116.903401,42.19087],[116.789225,42.200261],[116.825169,42.155563],[116.850221,42.15632],[116.890651,42.092655],[116.868161,42.002885],[116.831961,42.005351],[116.796209,41.978099],[116.766479,41.990304],[116.744631,41.982146],[116.72746,41.951089],[116.669154,41.947735],[116.634812,41.929953],[116.566383,41.928751],[116.533706,41.938876],[116.496416,41.97968],[116.453873,41.945964],[116.393133,41.94299],[116.41402,41.98221],[116.409087,41.994034],[116.373719,42.009965],[116.327267,42.005667],[116.29837,41.968106],[116.233401,41.941408],[116.193164,41.861816],[116.134731,41.863844],[116.106667,41.849587],[116.129221,41.806607],[116.098658,41.776479],[116.081039,41.776352],[116.056307,41.733705],[115.909967,41.642921],[115.929252,41.596113],[115.924767,41.568623],[115.97391,41.529659],[115.97673,41.470913],[116.036124,41.397694],[116.08751,41.376951],[116.141586,41.373439],[116.203352,41.326117],[116.209503,41.307715],[116.191627,41.288158],[116.198995,41.259578],[116.235195,41.211853],[116.22347,41.174275],[116.245895,41.16358],[116.233273,41.130845],[116.296128,41.062118],[116.264733,41.038252],[116.29837,40.986641],[116.333546,40.984458],[116.398515,40.905999],[116.474184,40.896032],[116.473607,40.919757],[116.447466,40.953818],[116.455539,40.980476],[116.516791,40.975274],[116.569715,40.991265],[116.597778,40.97476],[116.614309,40.982916],[116.622958,41.02086],[116.614116,41.03607],[116.630839,41.060771],[116.64769,41.059296],[116.688632,41.044669],[116.698884,41.021246],[116.67774,40.971227],[116.722334,40.927406],[116.713236,40.911978],[116.79512,40.863614],[116.805051,40.840706],[116.847723,40.839354],[116.87617,40.821202],[116.896353,40.79712],[116.894623,40.781597],[116.923391,40.773738],[116.926531,40.744869],[116.979967,40.702833],[117.031032,40.692126],[117.110673,40.70825],[117.20236,40.695609],[117.32115,40.658317],[117.409248,40.687288],[117.492862,40.675417],[117.514583,40.660511],[117.501256,40.636759],[117.477997,40.635338],[117.46198,40.65309],[117.448909,40.628366],[117.430264,40.626041],[117.412708,40.605118],[117.430008,40.576112],[117.387464,40.560861],[117.342742,40.581604],[117.311859,40.57805],[117.247403,40.54024],[117.264126,40.517285],[117.219019,40.514375],[117.208575,40.501115],[117.236511,40.45653],[117.263357,40.442352],[117.234076,40.417162],[117.240675,40.394424],[117.226195,40.369021],[117.242277,40.369993],[117.260217,40.335762],[117.275018,40.33239],[117.274377,40.308521],[117.293342,40.296713],[117.296354,40.278088],[117.331465,40.28977],[117.350943,40.229978],[117.386375,40.22712],[117.415335,40.236862],[117.419115,40.249785],[117.450062,40.252512],[117.514326,40.227705],[117.54617,40.232901],[117.571671,40.219261],[117.56238,40.206073],[117.575451,40.192817],[117.609409,40.194897],[117.694112,40.238161],[117.75152,40.229718],[117.807775,40.261926],[118.000888,40.29256],[118.061564,40.319095],[118.079312,40.353528],[118.121856,40.354695],[118.165232,40.400449],[118.153123,40.409519],[118.156967,40.423768],[118.173818,40.423056],[118.239684,40.464686],[118.277935,40.425711],[118.306575,40.419558],[118.387305,40.436719],[118.402683,40.416838],[118.430746,40.411851],[118.503211,40.403365],[118.548062,40.422667],[118.571512,40.414636],[118.550881,40.385482],[118.558377,40.36928],[118.539989,40.361048],[118.532364,40.319419],[118.533325,40.298854],[118.568949,40.287564],[118.640197,40.354566],[118.643785,40.380946],[118.618349,40.425193],[118.624179,40.437626],[118.702795,40.491411],[118.723491,40.473746],[118.772954,40.479765],[118.821328,40.531964],[118.864,40.527244],[118.886938,40.542438],[118.919038,40.53093],[118.966003,40.536102],[118.952676,40.558469],[119.063392,40.606151],[119.086394,40.588775],[119.158474,40.614418]]],"type":"Polygon"}},{"type":"Feature","properties":{"display":"保定","province":"河北省"},"geometry":{"coordinates":[[[115.302758,38.235289],[115.34953,38.248117],[115.369072,38.283451],[115.393611,38.285588],[115.381822,38.327578],[115.402453,38.320103],[115.420906,38.337922],[115.462104,38.327311],[115.495101,38.342993],[115.494781,38.362006],[115.516822,38.357337],[115.516437,38.318168],[115.547704,38.318168],[115.550908,38.332917],[115.575768,38.326377],[115.57942,38.342859],[115.644965,38.32611],[115.650155,38.340791],[115.699811,38.349932],[115.731462,38.392618],[115.715957,38.438411],[115.745686,38.481311],[115.816101,38.52545],[115.875047,38.510141],[115.878507,38.535566],[115.890809,38.52585],[115.940721,38.530508],[115.934058,38.546678],[115.960583,38.584394],[115.96321,38.613182],[115.951101,38.627938],[115.973398,38.635514],[115.973526,38.668467],[115.955009,38.702932],[115.966286,38.708973],[115.944053,38.735456],[115.995118,38.77798],[115.999731,38.796812],[116.04093,38.812259],[116.045543,38.897786],[116.112754,38.909703],[116.125633,38.920823],[116.121083,38.934391],[116.15203,38.948352],[116.209503,38.921618],[116.230262,38.92453],[116.228083,38.942199],[116.243653,38.949345],[116.253007,38.932074],[116.291386,38.948683],[116.298755,38.975076],[116.316182,38.962708],[116.33534,38.984004],[116.3215,38.998088],[116.299588,38.993658],[116.293757,39.007344],[116.318617,39.037416],[116.305354,39.098116],[116.28184,39.107623],[116.262426,39.138114],[116.221804,39.147813],[116.207837,39.168526],[116.206555,39.207429],[116.186116,39.222457],[116.201109,39.251911],[116.208734,39.330195],[116.198226,39.351315],[116.13582,39.351842],[116.116791,39.376243],[116.151325,39.471005],[116.182144,39.49635],[116.244678,39.517354],[116.246152,39.557178],[116.221164,39.578951],[116.19688,39.588982],[116.151774,39.583409],[116.149595,39.573049],[116.036188,39.571672],[116.026193,39.587409],[115.995182,39.577049],[115.991018,39.593768],[115.978459,39.595669],[115.978139,39.572852],[115.959558,39.560851],[115.910223,39.600847],[115.907852,39.566885],[115.89004,39.567869],[115.882992,39.548126],[115.855506,39.555014],[115.819241,39.53074],[115.82033,39.509741],[115.752542,39.515385],[115.738574,39.546289],[115.692058,39.56577],[115.697889,39.579344],[115.667134,39.615594],[115.664507,39.604649],[115.61844,39.604059],[115.587044,39.589965],[115.545974,39.61874],[115.515925,39.591211],[115.52246,39.639969],[115.506698,39.652153],[115.478507,39.650319],[115.499266,39.69622],[115.482351,39.742483],[115.439871,39.752099],[115.434105,39.782309],[115.483761,39.798717],[115.505289,39.784597],[115.55488,39.795579],[115.569168,39.814206],[115.514323,39.837726],[115.526625,39.875538],[115.51003,39.881479],[115.523037,39.898907],[115.480685,39.935838],[115.426801,39.950056],[115.399891,39.891336],[115.364523,39.885331],[115.365676,39.867507],[115.330052,39.80656],[115.342867,39.79205],[115.312945,39.783551],[115.283216,39.745165],[115.177625,39.700475],[115.168847,39.672651],[115.095293,39.704795],[115.050058,39.709245],[115.011487,39.674746],[114.936331,39.66368],[114.838429,39.589179],[114.821642,39.61022],[114.716756,39.618674],[114.712079,39.594358],[114.680748,39.588064],[114.654991,39.599209],[114.633527,39.555866],[114.58432,39.585835],[114.536586,39.512891],[114.532678,39.486174],[114.502308,39.477112],[114.496798,39.438556],[114.470913,39.408787],[114.469503,39.355196],[114.47969,39.351118],[114.46662,39.329669],[114.438236,39.319139],[114.425101,39.285105],[114.437018,39.25942],[114.415939,39.242885],[114.467389,39.225884],[114.469695,39.193321],[114.453165,39.192662],[114.443618,39.174132],[114.388196,39.176968],[114.360773,39.133957],[114.369679,39.107557],[114.349176,39.076788],[114.22635,39.066485],[114.197005,39.050432],[114.157217,39.061134],[114.108714,39.052282],[114.096797,39.083722],[114.065274,39.093494],[114.050793,39.13587],[114.006456,39.12287],[113.995115,39.095475],[113.961733,39.100823],[113.930274,39.063446],[113.898046,39.067607],[113.806808,38.989691],[113.776758,38.98698],[113.767532,38.959665],[113.776181,38.885669],[113.801297,38.85487],[113.855566,38.828962],[113.836537,38.79595],[113.839548,38.758413],[113.883245,38.74667],[113.932324,38.71362],[113.929697,38.702467],[113.964617,38.699811],[113.991655,38.676769],[114.052139,38.686399],[114.086097,38.65837],[114.311502,38.706517],[114.366411,38.6862],[114.413504,38.703928],[114.437787,38.692773],[114.452652,38.699413],[114.53633,38.649268],[114.552284,38.612983],[114.527616,38.590644],[114.58432,38.596429],[114.6737,38.473452],[114.702084,38.489102],[114.731237,38.48191],[114.765259,38.496626],[114.81075,38.492365],[114.830868,38.46033],[114.819143,38.449871],[114.837852,38.435745],[114.840992,38.460797],[114.858163,38.448605],[114.853998,38.435879],[114.923388,38.388217],[114.932871,38.344194],[114.942994,38.343193],[114.883343,38.284854],[114.886162,38.265286],[114.915059,38.263348],[114.927681,38.283385],[114.970096,38.281114],[114.990087,38.272165],[114.989062,38.258138],[115.031862,38.267089],[115.056465,38.258472],[115.066204,38.264684],[115.056722,38.288326],[115.073765,38.293134],[115.108107,38.264551],[115.168591,38.259608],[115.210174,38.236491],[115.252205,38.29093],[115.265788,38.287658],[115.273605,38.2403],[115.302758,38.235289]]],"type":"Polygon"}},{"type":"Feature","properties":{"display":"秦皇岛","province":"河北省"},"geometry":{"coordinates":[[[119.319039,39.429554],[119.270024,39.498582],[119.3735,39.739671],[119.395925,39.74425],[119.396886,39.761124],[119.464738,39.809239],[119.53778,39.810154],[119.537652,39.831259],[119.520352,39.838183],[119.541048,39.888138],[119.559564,39.901518],[119.587948,39.909936],[119.612936,39.898907],[119.637027,39.923182],[119.666436,39.92018],[119.674317,39.933424],[119.683543,39.921942],[119.787212,39.950382],[119.836739,39.985786],[119.835522,39.964468],[119.862432,39.951556],[119.872363,39.960621],[119.841032,40.011789],[119.854231,40.03231],[119.835009,40.050286],[119.795285,40.040387],[119.770873,40.048788],[119.76043,40.065653],[119.771578,40.082253],[119.736723,40.104836],[119.76248,40.144776],[119.745949,40.207957],[119.716797,40.196066],[119.671562,40.23959],[119.625174,40.224132],[119.651892,40.272377],[119.598136,40.334206],[119.586667,40.375437],[119.604927,40.454976],[119.553542,40.501762],[119.571033,40.540887],[119.503886,40.553945],[119.477809,40.533322],[119.302188,40.530283],[119.25612,40.543279],[119.220624,40.569133],[119.230812,40.603891],[119.178209,40.609316],[119.162575,40.600015],[119.158474,40.614418],[119.086394,40.588775],[119.063392,40.606151],[118.952676,40.558469],[118.966003,40.536102],[118.919038,40.53093],[118.886938,40.542438],[118.864,40.527244],[118.821328,40.531964],[118.772954,40.479765],[118.723491,40.473746],[118.702795,40.491411],[118.624179,40.437626],[118.618349,40.425193],[118.643785,40.380946],[118.640197,40.354566],[118.596949,40.308456],[118.580098,40.305861],[118.571384,40.269845],[118.746108,40.208087],[118.743609,40.191777],[118.794482,40.204838],[118.849135,40.178974],[118.906736,40.169679],[118.92474,40.149653],[118.918269,40.092211],[118.866307,40.061942],[118.865602,40.023777],[118.88508,40.005403],[118.884247,39.961794],[118.859643,39.93362],[118.853556,39.88409],[118.816843,39.825836],[118.825429,39.799436],[118.797942,39.790415],[118.800185,39.775706],[118.774428,39.764198],[118.804157,39.679985],[118.850097,39.622737],[118.861309,39.574754],[118.895139,39.547011],[118.938452,39.557572],[118.945243,39.544781],[118.983302,39.538942],[118.961453,39.51591],[119.008098,39.509347],[119.015658,39.482103],[119.004894,39.467459],[119.212295,39.463453],[119.257401,39.429752],[119.319039,39.429554]]],"type":"Polygon"}},{"type":"Feature","properties":{"display":"张家口","province":"河北省"},"geometry":{"coordinates":[[[116.365069,40.943216],[116.333546,40.984458],[116.29837,40.986641],[116.264733,41.038252],[116.296128,41.062118],[116.233273,41.130845],[116.245895,41.16358],[116.22347,41.174275],[116.235195,41.211853],[116.198995,41.259578],[116.191627,41.288158],[116.209503,41.307715],[116.203352,41.326117],[116.141586,41.373439],[116.08751,41.376951],[116.036124,41.397694],[115.97673,41.470913],[115.97391,41.529659],[115.924767,41.568623],[115.929252,41.596113],[115.909967,41.642921],[116.056307,41.733705],[116.083986,41.781745],[116.016646,41.77705],[115.916374,41.945141],[115.853071,41.927738],[115.828852,41.936978],[115.810976,41.912356],[115.756707,41.886774],[115.727874,41.888421],[115.724415,41.868025],[115.68815,41.867708],[115.659382,41.848319],[115.653871,41.829052],[115.574102,41.805403],[115.430068,41.728753],[115.347031,41.712307],[115.319032,41.691473],[115.360935,41.661355],[115.345494,41.635673],[115.377594,41.602475],[115.365099,41.595795],[115.311535,41.592677],[115.290328,41.622955],[115.273477,41.622764],[115.257587,41.581097],[115.204215,41.571423],[115.195053,41.602093],[115.099137,41.623973],[115.055953,41.602284],[115.025006,41.61526],[114.938317,41.613225],[114.89808,41.607182],[114.877449,41.590896],[114.860726,41.600948],[114.895581,41.636436],[114.902885,41.689313],[114.896157,41.76766],[114.8663,41.804578],[114.922363,41.825121],[114.939214,41.846165],[114.92153,41.875943],[114.916148,41.936978],[114.933255,41.943559],[114.915507,41.958934],[114.901796,42.015528],[114.89148,42.012115],[114.889622,42.030316],[114.860854,42.05483],[114.861302,42.101997],[114.823051,42.140867],[114.828369,42.147679],[114.793963,42.149193],[114.78935,42.130963],[114.754879,42.115756],[114.675494,42.120426],[114.647751,42.109634],[114.560293,42.132414],[114.510957,42.110897],[114.5025,42.067398],[114.479883,42.064304],[114.466107,42.037962],[114.510701,41.973292],[114.421705,41.942167],[114.374036,41.956783],[114.348087,41.947609],[114.343217,41.926915],[114.326751,41.9297],[114.330403,41.916977],[114.287026,41.868658],[114.202964,41.793416],[114.215266,41.756492],[114.206744,41.738402],[114.237563,41.698651],[114.219302,41.700239],[114.215394,41.685057],[114.259347,41.6234],[114.227632,41.620221],[114.237242,41.59624],[114.221673,41.582242],[114.231027,41.513671],[114.101218,41.537746],[114.032148,41.529595],[113.952827,41.483533],[113.930659,41.485573],[113.92124,41.457271],[113.884911,41.438141],[113.8712,41.413327],[113.943985,41.390802],[113.926622,41.326309],[113.89952,41.316214],[113.922585,41.291162],[113.951226,41.282916],[113.952956,41.254269],[113.971536,41.239814],[113.985824,41.270385],[114.016259,41.232073],[113.973651,41.174275],[113.920407,41.172034],[113.877927,41.115593],[113.820327,41.101619],[113.972946,40.982981],[113.991142,40.940195],[114.000753,40.947521],[114.057457,40.925092],[114.041375,40.917378],[114.052844,40.870304],[114.073539,40.857308],[114.044771,40.831115],[114.081163,40.790486],[114.104421,40.797571],[114.104165,40.768068],[114.147285,40.73346],[114.200081,40.662189],[114.209307,40.629721],[114.282926,40.590778],[114.273379,40.553815],[114.293433,40.551424],[114.296381,40.535973],[114.267228,40.474199],[114.299648,40.440086],[114.28709,40.423444],[114.314449,40.369604],[114.382237,40.362085],[114.390374,40.351259],[114.446565,40.372845],[114.470784,40.349703],[114.530627,40.3451],[114.526463,40.32357],[114.469951,40.268093],[114.406392,40.246149],[114.362567,40.250109],[114.293113,40.230108],[114.255247,40.236213],[114.235833,40.198341],[114.145107,40.177349],[114.097758,40.193597],[114.068029,40.179754],[114.101218,40.10874],[114.091159,40.075288],[114.043809,40.056863],[114.019462,40.102819],[113.989476,40.112383],[113.973843,40.097157],[113.975573,40.051068],[113.954878,40.030812],[113.922457,40.026578],[113.914641,40.005924],[114.021256,39.991782],[114.047397,39.916135],[114.067772,39.922334],[114.174132,39.897602],[114.211998,39.918745],[114.229426,39.899495],[114.19944,39.87939],[114.224877,39.851704],[114.276967,39.874494],[114.286065,39.858235],[114.395436,39.867246],[114.406712,39.83348],[114.390695,39.818584],[114.408827,39.782375],[114.408122,39.651956],[114.431636,39.614021],[114.495836,39.608188],[114.515378,39.564983],[114.557025,39.581442],[114.568942,39.573967],[114.563432,39.558162],[114.58432,39.585835],[114.633527,39.555866],[114.654991,39.599209],[114.680748,39.588064],[114.712079,39.594358],[114.716756,39.618674],[114.821642,39.61022],[114.838429,39.589179],[114.936331,39.66368],[115.011487,39.674746],[115.050058,39.709245],[115.095293,39.704795],[115.168847,39.672651],[115.177625,39.700475],[115.283216,39.745165],[115.312945,39.783551],[115.342867,39.79205],[115.330052,39.80656],[115.365676,39.867507],[115.364523,39.885331],[115.399891,39.891336],[115.426801,39.950056],[115.428531,39.984352],[115.450123,39.99289],[115.442178,40.010876],[115.454544,40.029705],[115.555457,40.082644],[115.553727,40.091691],[115.590697,40.096376],[115.59909,40.119995],[115.734858,40.129492],[115.773045,40.176179],[115.806555,40.15323],[115.847817,40.147052],[115.855506,40.188853],[115.870306,40.186058],[115.898498,40.234524],[115.968913,40.264263],[115.922653,40.325905],[115.918296,40.353917],[115.864476,40.359363],[115.861849,40.373428],[115.770418,40.444165],[115.782207,40.492058],[115.736012,40.503832],[115.755041,40.540046],[115.792203,40.561313],[115.819818,40.559374],[115.827378,40.587031],[115.885427,40.595235],[115.907788,40.617324],[115.971988,40.602341],[115.981407,40.579665],[116.005113,40.584124],[116.0285,40.607314],[116.030037,40.597367],[116.099363,40.630561],[116.121724,40.62914],[116.112562,40.648507],[116.136909,40.667674],[116.162025,40.662383],[116.171316,40.695996],[116.247946,40.791839],[116.273446,40.762913],[116.307917,40.752152],[116.317015,40.772256],[116.414276,40.777925],[116.453937,40.765877],[116.465854,40.774511],[116.43683,40.820751],[116.40646,40.833368],[116.334443,40.904648],[116.334571,40.921749],[116.365069,40.943216]]],"type":"Polygon"}},{"type":"Feature","properties":{"display":"葫芦岛","province":"辽宁省"},"geometry":{"coordinates":[[[[121.030003,40.790545],[121.00729,40.852884],[121.030628,40.884031],[121.036394,40.922394],[121.023613,40.928187],[121.034171,40.943649],[121.017292,40.942261],[121.00986,40.956092],[121.034726,41.050491],[120.99055,41.033381],[120.982978,41.045377],[120.954986,41.045903],[120.944706,41.051877],[120.938315,41.123803],[120.90935,41.121082],[120.898584,41.130962],[120.907683,41.145661],[120.876078,41.156062],[120.834472,41.131535],[120.788489,41.161835],[120.795851,41.182441],[120.786752,41.20099],[120.698259,41.184444],[120.701385,41.199035],[120.664154,41.177815],[120.64026,41.18411],[120.63637,41.168752],[120.611572,41.15549],[120.598653,41.105661],[120.537527,41.092625],[120.527525,41.062245],[120.477027,41.077628],[120.4548,41.051494],[120.454383,40.990778],[120.406594,40.953269],[120.339495,40.996804],[120.348595,41.001013],[120.320532,41.000439],[120.279481,40.945659],[120.257045,40.945372],[120.252183,40.959011],[120.218425,40.956954],[120.196823,40.923543],[120.179875,40.922202],[120.166886,40.943649],[120.204464,40.973988],[120.205019,40.9914],[120.178624,41.027501],[120.146186,41.006991],[120.108747,41.063057],[120.119236,41.076291],[120.112845,41.087802],[120.062417,41.10165],[119.999485,41.075574],[119.993651,41.067118],[120.02977,41.003021],[119.979967,40.933213],[119.967395,40.927995],[119.938916,40.947047],[119.908006,40.909992],[119.8689,40.912482],[119.832433,40.936134],[119.818957,40.929719],[119.826181,40.886378],[119.815832,40.872245],[119.781171,40.846605],[119.741439,40.86774],[119.715183,40.861223],[119.69504,40.835627],[119.711154,40.818557],[119.684412,40.78047],[119.670451,40.782245],[119.638082,40.829921],[119.608561,40.840277],[119.572928,40.818269],[119.528126,40.834812],[119.531321,40.816399],[119.505273,40.771017],[119.464222,40.764634],[119.432131,40.730838],[119.419489,40.696112],[119.345861,40.669154],[119.296475,40.614148],[119.27779,40.606595],[119.250839,40.617515],[119.220624,40.569109],[119.256118,40.543303],[119.30217,40.530301],[119.477836,40.533335],[119.503884,40.553945],[119.572997,40.538536],[119.571955,40.523654],[119.550909,40.509395],[119.604949,40.455029],[119.586681,40.375472],[119.598142,40.334186],[119.651905,40.272426],[119.625162,40.224158],[119.671562,40.23959],[119.716781,40.196091],[119.745954,40.207948],[119.762625,40.13997],[119.736716,40.10484],[119.771585,40.082251],[119.760471,40.065619],[119.770891,40.048789],[119.796035,40.040155],[119.835003,40.050245],[119.854243,40.032295],[119.839796,40.006284],[119.854243,39.988469],[119.913979,39.988469],[119.94225,40.012108],[119.955864,40.046704],[120.092215,40.077596],[120.134309,40.07459],[120.161745,40.096019],[120.272952,40.12718],[120.371725,40.174549],[120.465149,40.178761],[120.483279,40.190379],[120.523913,40.256711],[120.531832,40.321288],[120.602334,40.360941],[120.596222,40.398978],[120.615809,40.413212],[120.619005,40.459995],[120.667002,40.467467],[120.694022,40.505685],[120.722015,40.515465],[120.728127,40.539355],[120.822733,40.594134],[120.83718,40.651753],[120.831624,40.674344],[120.942622,40.686935],[120.983534,40.71278],[121.039728,40.714173],[121.028753,40.746346],[120.979366,40.749658],[120.995829,40.78877],[120.971795,40.805704],[120.979853,40.820427],[121.007359,40.80767],[121.010971,40.784644],[121.023752,40.779126],[121.030003,40.790545]]],[[[120.786544,40.47359],[120.832804,40.492097],[120.822108,40.522787],[120.792934,40.515176],[120.793004,40.499711],[120.775152,40.489495],[120.786544,40.47359]]],[[[120.614837,40.396661],[120.620672,40.396323],[120.621366,40.406216],[120.614837,40.396661]]]],"type":"MultiPolygon"}},{"type":"Feature","properties":{"display":"嘉峪关","province":"甘肃省"},"geometry":{"coordinates":[[[98.031179,39.827996],[97.855657,39.71043],[97.939979,39.695807],[97.969288,39.66277],[98.038383,39.698593],[98.157581,39.696902],[98.188199,39.725945],[98.217671,39.727436],[98.320824,39.665258],[98.370762,39.654309],[98.413824,39.710331],[98.406947,39.731016],[98.361102,39.756169],[98.355535,39.78002],[98.491106,39.840705],[98.484557,39.864428],[98.518777,39.892905],[98.520087,39.909469],[98.497328,39.916114],[98.497001,39.950219],[98.474897,39.969247],[98.444115,39.955769],[98.392539,39.965779],[98.329501,39.955868],[98.162002,39.971625],[98.062943,39.99976],[98.066382,39.954084],[98.024793,39.946551],[98.004818,39.922956],[98.036255,39.914725],[97.98386,39.882785],[98.031179,39.827996]]],"type":"Polygon"}},{"type":"Feature","properties":{"display":"酒泉","province":"甘肃省"},"geometry":{"coordinates":[[[[99.455988,39.877427],[99.440925,39.88596],[99.45959,39.898063],[99.491355,39.884274],[99.524756,39.888143],[99.621195,39.928211],[99.714032,39.97212],[99.7512,40.006891],[99.836996,40.012635],[99.881368,40.030853],[99.927704,40.063912],[99.955867,40.150836],[100.001712,40.196972],[100.169703,40.277611],[100.169703,40.541356],[100.242564,40.618639],[100.237325,40.716808],[100.107975,40.875572],[100.057054,40.908021],[99.673263,40.932934],[99.566017,40.846725],[99.174694,40.858363],[99.173057,40.747278],[99.125574,40.715142],[99.10216,40.67642],[99.041579,40.693774],[98.985091,40.782826],[98.791066,40.705341],[98.789265,40.678872],[98.807276,40.659356],[98.796142,40.633359],[98.803019,40.607843],[98.715585,40.66171],[98.687914,40.696813],[98.668594,40.772937],[98.570026,40.746887],[98.627988,40.677891],[98.344237,40.568371],[98.333267,40.91916],[98.250254,40.939185],[98.184761,40.988003],[97.972071,41.097904],[97.616442,41.464304],[97.61415,41.477189],[97.846979,41.656635],[97.172724,42.795163],[96.982629,42.757392],[96.742105,42.757107],[96.386148,42.727765],[96.165272,42.622345],[96.103544,42.604171],[96.072435,42.56933],[96.023806,42.542472],[96.017584,42.482142],[95.978779,42.436737],[96.066213,42.4145],[96.041162,42.326522],[96.17837,42.217934],[96.077183,42.149623],[96.138911,42.054172],[96.137437,42.019601],[96.115988,41.984724],[96.039197,41.925301],[95.855652,41.849645],[95.676036,41.830187],[95.571901,41.796169],[95.359539,41.668033],[95.33547,41.644172],[95.300104,41.566152],[95.250329,41.608992],[95.194168,41.694974],[95.199571,41.719395],[95.16486,41.735317],[95.13768,41.772452],[94.968871,41.71872],[94.861953,41.668516],[94.750123,41.538285],[94.534158,41.505953],[94.184096,41.268583],[94.010866,41.114855],[93.809965,40.879482],[93.821099,40.793692],[93.760845,40.664848],[93.506403,40.648468],[92.928423,40.572693],[92.906811,40.310648],[92.796454,40.153801],[92.745533,39.868298],[92.639925,39.514306],[92.525475,39.368623],[92.340129,39.238059],[92.345696,39.141556],[92.366162,39.096014],[92.351099,39.08357],[92.353719,39.069518],[92.389249,39.05958],[92.410698,39.038594],[92.458999,39.042711],[92.460473,39.066206],[92.494038,39.102135],[92.645328,39.119993],[92.663503,39.110864],[92.831166,39.143862],[92.86686,39.138648],[92.889127,39.159905],[92.939066,39.169629],[92.968702,39.149277],[93.043201,39.14647],[93.115407,39.179552],[93.142423,39.160707],[93.126705,39.122801],[93.131944,39.107954],[93.165673,39.090696],[93.198093,39.046426],[93.179263,38.923914],[93.302555,38.894033],[93.453189,38.915464],[93.72908,38.924518],[93.834361,38.867663],[93.884627,38.867663],[93.884136,38.826175],[93.772961,38.820937],[93.756424,38.807639],[93.77509,38.770047],[93.800304,38.750791],[93.871856,38.722552],[93.951431,38.715187],[94.370097,38.762789],[94.527118,38.426076],[94.529901,38.360815],[94.552005,38.35027],[94.583115,38.369229],[94.678735,38.387271],[94.861462,38.393757],[94.883893,38.414832],[94.973455,38.43033],[95.0175,38.426177],[95.031581,38.412704],[95.045334,38.418782],[95.072678,38.402471],[95.122125,38.416959],[95.140791,38.392338],[95.192367,38.372067],[95.204647,38.331611],[95.229698,38.330495],[95.259989,38.302293],[95.315495,38.318526],[95.388683,38.301177],[95.440914,38.310917],[95.454996,38.291639],[95.487906,38.31457],[95.516232,38.294785],[95.590076,38.344288],[95.608414,38.339217],[95.640178,38.365985],[95.662446,38.365275],[95.674398,38.390615],[95.704034,38.400141],[95.723846,38.378555],[95.776077,38.355948],[95.823232,38.355137],[95.856143,38.284433],[95.896421,38.290117],[95.933752,38.257838],[95.938501,38.237327],[96.044109,38.180535],[96.064739,38.172811],[96.073745,38.188157],[96.101743,38.188056],[96.222087,38.149123],[96.227654,38.16966],[96.252542,38.167423],[96.26433,38.14587],[96.313123,38.161934],[96.301825,38.183178],[96.335718,38.246162],[96.378289,38.277329],[96.463594,38.277735],[96.66515,38.230218],[96.65418,38.297727],[96.638625,38.307671],[96.627,38.356455],[96.698061,38.422125],[96.708048,38.45919],[96.666296,38.483688],[96.712797,38.506659],[96.794991,38.510301],[96.800558,38.527802],[96.76732,38.552478],[96.805306,38.570575],[96.794336,38.607968],[96.960689,38.557837],[97.055982,38.594529],[97.047304,38.653924],[97.057456,38.672803],[97.019961,38.686228],[97.009154,38.702677],[97.023072,38.75553],[97.00064,38.761075],[96.987705,38.793028],[96.9936,38.83534],[96.983776,38.870985],[96.993108,38.884774],[96.966256,38.886787],[96.940877,38.907919],[96.949228,38.939202],[96.939076,38.955492],[96.965601,39.016999],[96.957742,39.041707],[96.969858,39.09782],[97.011938,39.141857],[96.962981,39.198392],[97.047632,39.20771],[97.060403,39.19759],[97.220862,39.193081],[97.3006,39.16592],[97.342025,39.168326],[97.365275,39.143562],[97.401296,39.14667],[97.43306,39.126011],[97.426347,39.173738],[97.395074,39.240363],[97.397039,39.318027],[97.477268,39.373221],[97.480216,39.472999],[97.520494,39.53874],[97.569942,39.564162],[97.585333,39.603124],[97.619062,39.630613],[97.656229,39.632007],[97.676532,39.679092],[97.700273,39.697101],[97.785579,39.680684],[97.828968,39.68536],[97.857458,39.711823],[97.85975,39.716895],[97.862533,39.715005],[97.974363,39.780616],[97.99221,39.808631],[98.031179,39.827996],[97.98386,39.882785],[98.036255,39.914725],[98.004818,39.922956],[98.024793,39.946551],[98.066382,39.954084],[98.062943,39.99976],[98.162002,39.971625],[98.329501,39.955868],[98.392539,39.965779],[98.444115,39.955769],[98.474897,39.969247],[98.497001,39.950219],[98.497328,39.916114],[98.520087,39.909469],[98.518777,39.892905],[98.484557,39.864428],[98.491106,39.840705],[98.355535,39.78002],[98.361102,39.756169],[98.406947,39.731016],[98.413824,39.710331],[98.391229,39.690733],[98.330156,39.569544],[98.362412,39.542629],[98.396632,39.535549],[98.402035,39.514406],[98.410058,39.550904],[98.434127,39.577517],[98.549723,39.509718],[98.515503,39.480384],[98.526473,39.467509],[98.579686,39.481981],[98.57019,39.460622],[98.710509,39.414788],[98.866547,39.324229],[98.880956,39.33003],[98.902078,39.316527],[98.906498,39.33253],[98.975758,39.33073],[98.985418,39.312926],[99.046491,39.285511],[99.060244,39.257885],[99.080711,39.267795],[99.141292,39.24607],[99.143585,39.208211],[99.179115,39.181556],[99.176331,39.171634],[99.213663,39.226642],[99.198927,39.275903],[99.280793,39.289113],[99.30519,39.33313],[99.308137,39.357527],[99.23593,39.458426],[99.10609,39.514107],[99.056478,39.587681],[99.064665,39.609997],[99.053695,39.623144],[98.977886,39.619559],[98.938099,39.577916],[98.872114,39.594058],[98.816118,39.592065],[98.804492,39.627028],[98.824632,39.676405],[98.94956,39.66496],[98.960039,39.788565],[98.987055,39.832762],[99.026843,39.854007],[99.113785,39.835046],[99.140965,39.80148],[99.193196,39.809128],[99.229872,39.851624],[99.247719,39.838024],[99.455988,39.877427]]],[[[97.862533,39.715005],[97.85975,39.716895],[97.855493,39.713016],[97.857458,39.711823],[97.862533,39.715005]]]],"type":"MultiPolygon"}},{"type":"Feature","properties":{"display":"天水","province":"甘肃省"},"geometry":{"coordinates":[[[106.502097,34.99558],[106.46231,35.040583],[106.405985,35.035395],[106.382408,35.059318],[106.398781,35.083127],[106.370128,35.10492],[106.365707,35.13284],[106.330177,35.112642],[106.27549,35.171638],[106.211797,35.152294],[106.191331,35.162654],[106.157765,35.12142],[106.147778,35.144471],[106.087196,35.11444],[106.064437,35.123958],[106.018592,35.089581],[106.004675,35.090216],[106.006639,35.112747],[105.991576,35.120785],[105.961285,35.097516],[105.934924,35.096352],[105.92903,35.06027],[105.898739,35.063445],[105.887605,35.052015],[105.803119,35.074028],[105.784125,35.062916],[105.774793,35.024385],[105.75449,35.023749],[105.738608,35.047781],[105.725345,35.027349],[105.707334,35.044076],[105.706516,35.071805],[105.646262,35.104391],[105.638403,35.139396],[105.558173,35.1821],[105.558501,35.161385],[105.535578,35.138762],[105.559974,35.127659],[105.541636,35.07244],[105.52428,35.063339],[105.456495,35.130831],[105.42031,35.114334],[105.41114,35.079424],[105.396568,35.089475],[105.391656,35.064927],[105.379867,35.072017],[105.321415,35.03836],[105.297346,35.046722],[105.290141,35.006806],[105.27606,35.033596],[105.261816,35.028196],[105.249699,35.00956],[105.254611,34.964646],[105.217771,34.93211],[105.192884,34.937516],[105.193539,34.954897],[105.16816,34.969308],[105.130501,34.963904],[105.058131,34.981915],[105.070738,34.943452],[105.035372,34.925432],[104.970042,34.940484],[104.971352,34.953202],[104.933694,34.93635],[104.920922,34.950022],[104.898818,34.924584],[104.909788,34.903909],[104.895871,34.862439],[104.878679,34.856073],[104.794356,34.869334],[104.740979,34.85289],[104.657803,34.872304],[104.620144,34.86456],[104.598858,34.838883],[104.584286,34.787292],[104.584777,34.767221],[104.60639,34.745763],[104.577246,34.721218],[104.601642,34.710058],[104.589362,34.699535],[104.601642,34.679017],[104.595584,34.654027],[104.699555,34.6737],[104.671556,34.575816],[104.695952,34.544725],[104.716255,34.541423],[104.738523,34.555587],[104.753914,34.52747],[104.748347,34.472914],[104.793046,34.482293],[104.791573,34.431866],[104.837909,34.445622],[104.88572,34.422908],[104.918139,34.438691],[105.038974,34.423441],[105.084001,34.460548],[105.108725,34.460975],[105.128373,34.508401],[105.160792,34.527364],[105.20631,34.518948],[105.227759,34.533009],[105.243969,34.528429],[105.260342,34.452979],[105.291615,34.428667],[105.312082,34.43048],[105.31159,34.442423],[105.384943,34.408615],[105.408193,34.420988],[105.460261,34.391653],[105.522807,34.304972],[105.546384,34.319496],[105.558009,34.306788],[105.527391,34.28457],[105.554899,34.258072],[105.540163,34.248668],[105.563576,34.086381],[105.591739,34.084453],[105.596978,34.105868],[105.623994,34.096232],[105.61548,34.081348],[105.640859,34.081241],[105.667711,34.144613],[105.740409,34.176602],[105.771027,34.164407],[105.781997,34.11957],[105.815235,34.147502],[105.86108,34.15328],[105.86501,34.125136],[105.90316,34.119034],[105.945076,34.144185],[106.017773,34.159058],[106.071805,34.146646],[106.082121,34.124814],[106.117323,34.111434],[106.14876,34.124279],[106.189693,34.110471],[106.229972,34.118071],[106.246836,34.132199],[106.244708,34.152638],[106.266648,34.161412],[106.282039,34.225472],[106.323627,34.230497],[106.344585,34.179277],[106.327393,34.140868],[106.336562,34.109829],[106.363087,34.100622],[106.402874,34.109829],[106.472298,34.154885],[106.475081,34.180025],[106.494238,34.201415],[106.49653,34.25508],[106.526493,34.291941],[106.577087,34.280938],[106.602466,34.250912],[106.633575,34.259889],[106.663866,34.24311],[106.701197,34.290125],[106.690227,34.334018],[106.711021,34.344374],[106.717407,34.369244],[106.637341,34.391973],[106.611798,34.452766],[106.591659,34.456604],[106.599355,34.465985],[106.515196,34.497213],[106.513886,34.512875],[106.453959,34.531305],[106.407787,34.523103],[106.399927,34.510105],[106.380443,34.521292],[106.334434,34.517883],[106.340983,34.568044],[106.313967,34.578797],[106.323136,34.589868],[106.425306,34.654346],[106.44872,34.636476],[106.467222,34.640943],[106.470496,34.654133],[106.441352,34.681675],[106.45969,34.705594],[106.48687,34.71516],[106.505863,34.746932],[106.539592,34.745657],[106.548597,34.761697],[106.574958,34.770088],[106.578397,34.788991],[106.55089,34.829544],[106.555965,34.861272],[106.520599,34.885245],[106.510284,34.925114],[106.493092,34.94112],[106.483104,34.980114],[106.502097,34.99558]]],"type":"Polygon"}},{"type":"Feature","properties":{"display":"定西","province":"甘肃省"},"geometry":{"coordinates":[[[105.638403,35.139396],[105.648227,35.145845],[105.63873,35.173117],[105.617117,35.1821],[105.614661,35.216438],[105.607457,35.223304],[105.573564,35.207459],[105.545893,35.257941],[105.559483,35.293301],[105.532631,35.311873],[105.54049,35.342148],[105.47778,35.388435],[105.477289,35.352166],[105.456331,35.345101],[105.426859,35.398342],[105.404427,35.407406],[105.383797,35.458921],[105.345483,35.485351],[105.319777,35.482824],[105.303404,35.500299],[105.271476,35.475138],[105.232998,35.482719],[105.1752,35.441858],[105.135413,35.449126],[105.117894,35.440278],[105.123461,35.420156],[105.083673,35.418575],[105.070738,35.454814],[105.000333,35.456183],[104.996731,35.471347],[104.946465,35.491562],[104.933202,35.51293],[104.937132,35.544602],[104.95285,35.548179],[104.967095,35.608435],[104.986743,35.635025],[104.980358,35.716634],[104.891941,35.767112],[104.884246,35.79344],[104.864762,35.804031],[104.853628,35.854873],[104.768978,35.887457],[104.769305,35.91741],[104.738032,35.931754],[104.72788,35.951958],[104.709379,35.94955],[104.676959,35.986804],[104.646505,35.996533],[104.680725,36.033764],[104.663369,36.041501],[104.633242,36.035541],[104.61867,36.044846],[104.532383,36.014627],[104.484572,36.020693],[104.483754,35.993708],[104.441019,35.974771],[104.42612,35.916154],[104.448879,35.875619],[104.421371,35.865456],[104.384695,35.767426],[104.331154,35.732379],[104.316746,35.705296],[104.317564,35.66791],[104.331809,35.658561],[104.305939,35.643327],[104.310196,35.601812],[104.282198,35.571109],[104.225382,35.578575],[104.198039,35.598973],[104.202787,35.614111],[104.173151,35.649421],[104.138931,35.618525],[104.101436,35.636076],[104.092431,35.657615],[104.067543,35.664759],[104.019569,35.713589],[103.865005,35.794803],[103.848959,35.774979],[103.837334,35.841773],[103.779863,35.848166],[103.776425,35.896256],[103.714697,35.909975],[103.702581,35.927253],[103.660993,35.914269],[103.623989,35.934895],[103.595991,35.909452],[103.558659,35.911127],[103.542122,35.943898],[103.509212,35.940967],[103.476629,35.917306],[103.471062,35.8818],[103.515925,35.851729],[103.547853,35.803193],[103.56439,35.807177],[103.59157,35.781063],[103.595663,35.75704],[103.621533,35.753577],[103.640526,35.719993],[103.785267,35.598973],[103.8113,35.534186],[103.854362,35.498089],[103.854198,35.477349],[103.800494,35.435117],[103.814084,35.39634],[103.780682,35.387486],[103.77708,35.356912],[103.689974,35.219818],[103.691611,35.195626],[103.721083,35.190237],[103.716498,35.133263],[103.748426,35.115074],[103.735328,35.100477],[103.748918,35.088417],[103.743514,35.044817],[103.786249,35.01549],[103.784612,35.002676],[103.834878,34.977996],[103.860584,34.987106],[103.911178,34.969096],[103.942942,34.936138],[103.952766,34.94981],[104.017768,34.936774],[104.024809,34.917057],[104.011055,34.910165],[104.027265,34.893411],[104.021207,34.872411],[103.964555,34.840581],[103.997629,34.807678],[103.999103,34.787717],[104.02399,34.774868],[104.004669,34.735244],[103.963572,34.728656],[103.881214,34.747357],[103.833404,34.71686],[103.862876,34.682526],[103.834714,34.604768],[103.839462,34.575497],[103.828328,34.545364],[103.779045,34.536524],[103.768566,34.523316],[103.810318,34.483572],[103.8113,34.424508],[103.69243,34.300166],[103.70209,34.280617],[103.745152,34.287561],[103.77315,34.273245],[103.821779,34.281258],[103.879577,34.267369],[103.936884,34.193609],[104.028738,34.127276],[104.060339,34.151782],[104.067052,34.177993],[104.105693,34.194143],[104.153503,34.193074],[104.165783,34.210397],[104.162509,34.247492],[104.136966,34.269399],[104.116008,34.323127],[104.202787,34.375113],[104.269754,34.348644],[104.28711,34.376287],[104.353913,34.369564],[104.366684,34.336687],[104.417769,34.331028],[104.437417,34.298137],[104.445113,34.271108],[104.435125,34.258713],[104.452153,34.229214],[104.527634,34.19147],[104.536967,34.219592],[104.571024,34.201629],[104.623746,34.234986],[104.665498,34.226114],[104.689894,34.248026],[104.720021,34.252942],[104.741143,34.233383],[104.814332,34.255187],[104.821536,34.27613],[104.863288,34.301768],[104.844459,34.367856],[104.856902,34.379382],[104.96644,34.382583],[104.991983,34.396134],[104.989035,34.425574],[104.918139,34.438691],[104.88572,34.422908],[104.837909,34.445622],[104.791573,34.431866],[104.793046,34.482293],[104.748347,34.472914],[104.753914,34.52747],[104.738523,34.555587],[104.716255,34.541423],[104.695952,34.544725],[104.671556,34.575816],[104.699555,34.6737],[104.595584,34.654027],[104.601642,34.679017],[104.589362,34.699535],[104.601642,34.710058],[104.577246,34.721218],[104.60639,34.745763],[104.584777,34.767221],[104.584286,34.787292],[104.598858,34.838883],[104.620144,34.86456],[104.657803,34.872304],[104.740979,34.85289],[104.794356,34.869334],[104.878679,34.856073],[104.895871,34.862439],[104.909788,34.903909],[104.898818,34.924584],[104.920922,34.950022],[104.933694,34.93635],[104.971352,34.953202],[104.970042,34.940484],[105.035372,34.925432],[105.070738,34.943452],[105.058131,34.981915],[105.130501,34.963904],[105.16816,34.969308],[105.193539,34.954897],[105.192884,34.937516],[105.217771,34.93211],[105.254611,34.964646],[105.249699,35.00956],[105.261816,35.028196],[105.27606,35.033596],[105.290141,35.006806],[105.297346,35.046722],[105.321415,35.03836],[105.379867,35.072017],[105.391656,35.064927],[105.396568,35.089475],[105.41114,35.079424],[105.42031,35.114334],[105.456495,35.130831],[105.52428,35.063339],[105.541636,35.07244],[105.559974,35.127659],[105.535578,35.138762],[105.558501,35.161385],[105.558173,35.1821],[105.638403,35.139396]]],"type":"Polygon"}},{"type":"Feature","properties":{"display":"兰州","province":"甘肃省"},"geometry":{"coordinates":[[[[103.564881,36.973787],[103.511832,36.961493],[103.450104,36.981946],[103.440607,36.995992],[103.404586,36.999193],[103.317152,36.986697],[103.309457,36.949818],[103.348098,36.958291],[103.348589,36.926773],[103.368237,36.907856],[103.44159,36.950542],[103.455998,36.935868],[103.479576,36.940208],[103.501353,36.895448],[103.519691,36.902686],[103.541631,36.878799],[103.518053,36.849938],[103.47319,36.874248],[103.450759,36.831209],[103.399019,36.826034],[103.377897,36.853352],[103.380353,36.878902],[103.348425,36.895862],[103.347607,36.916126],[103.313223,36.907132],[103.248057,36.916643],[103.276219,36.954158],[103.258208,36.958704],[103.230537,36.937211],[103.206141,36.941242],[103.201393,36.92977],[103.176833,36.932974],[103.180271,36.945685],[103.074336,36.945272],[103.068114,36.959737],[102.975932,36.947855],[102.954974,36.92884],[102.919607,36.935454],[102.883095,36.901342],[102.902415,36.865146],[102.863447,36.838142],[102.810397,36.841143],[102.846255,36.808645],[102.822677,36.794876],[102.84298,36.77458],[102.833156,36.762358],[102.807614,36.773544],[102.778305,36.761737],[102.756856,36.717598],[102.778142,36.691579],[102.772575,36.673434],[102.688743,36.684218],[102.666475,36.707648],[102.684977,36.743918],[102.715268,36.745576],[102.731477,36.762358],[102.692509,36.775305],[102.636676,36.733143],[102.613426,36.738634],[102.601309,36.709928],[102.609005,36.6781],[102.630618,36.650927],[102.684486,36.618971],[102.724273,36.61399],[102.714777,36.600289],[102.764552,36.575477],[102.734425,36.562289],[102.75309,36.525933],[102.793041,36.499434],[102.76668,36.465543],[102.809742,36.407916],[102.826279,36.406251],[102.813017,36.388455],[102.829718,36.365345],[102.831846,36.365345],[102.847401,36.355974],[102.838887,36.345769],[102.836431,36.344623],[102.845436,36.332229],[102.896685,36.331812],[102.923701,36.29764],[103.023578,36.257407],[103.02145,36.232693],[103.070897,36.206929],[103.10741,36.221637],[103.123128,36.195661],[103.155711,36.19013],[103.165863,36.176146],[103.230374,36.168318],[103.257881,36.15955],[103.259846,36.146605],[103.312895,36.152556],[103.365617,36.119872],[103.412282,36.123005],[103.41048,36.07777],[103.438315,36.069201],[103.475646,36.110785],[103.483342,36.098354],[103.496604,36.108382],[103.571267,36.091876],[103.575033,36.06293],[103.596318,36.069514],[103.633322,36.017451],[103.622352,35.99444],[103.632831,35.982409],[103.616785,35.959284],[103.623989,35.934895],[103.660993,35.914269],[103.702581,35.927253],[103.714697,35.909975],[103.776425,35.896256],[103.779863,35.848166],[103.837334,35.841773],[103.848959,35.774979],[103.865005,35.794803],[104.019569,35.713589],[104.067543,35.664759],[104.092431,35.657615],[104.101436,35.636076],[104.138931,35.618525],[104.173151,35.649421],[104.202787,35.614111],[104.198039,35.598973],[104.225382,35.578575],[104.282198,35.571109],[104.310196,35.601812],[104.305939,35.643327],[104.331809,35.658561],[104.317564,35.66791],[104.316746,35.705296],[104.331154,35.732379],[104.384695,35.767426],[104.421371,35.865456],[104.448879,35.875619],[104.42612,35.916154],[104.441019,35.974771],[104.483754,35.993708],[104.484572,36.020693],[104.500618,36.02017],[104.522722,36.043696],[104.519284,36.060212],[104.5612,36.09219],[104.567422,36.112456],[104.559399,36.130106],[104.577246,36.168109],[104.530909,36.168005],[104.512571,36.202547],[104.543025,36.237699],[104.502419,36.316083],[104.507168,36.428621],[104.489812,36.44256],[104.439382,36.408541],[104.429067,36.386581],[104.318055,36.377421],[104.296279,36.354308],[104.232095,36.359306],[104.218178,36.349622],[104.221453,36.337541],[104.184121,36.341915],[104.163327,36.305351],[104.141551,36.293785],[104.130253,36.250942],[104.113389,36.26043],[104.125669,36.29837],[104.111096,36.327438],[104.128616,36.335979],[104.050024,36.414056],[104.042492,36.457224],[104.051825,36.464295],[104.016622,36.4959],[104.040855,36.573712],[103.974051,36.58451],[103.951456,36.61181],[103.960789,36.62582],[103.899225,36.671774],[103.915435,36.693238],[103.897424,36.715629],[103.930662,36.719774],[103.940813,36.748684],[103.897097,36.77023],[103.891366,36.787731],[103.903482,36.803469],[103.832422,36.812475],[103.825709,36.7985],[103.815066,36.82324],[103.790015,36.829657],[103.777244,36.85149],[103.757923,36.844247],[103.761853,36.828104],[103.800494,36.791666],[103.731234,36.805125],[103.712078,36.7839],[103.676875,36.790631],[103.669507,36.812889],[103.628246,36.822101],[103.604505,36.847248],[103.62317,36.86887],[103.592388,36.882419],[103.575196,36.923465],[103.547689,36.950025],[103.564881,36.973787]]],[[[102.838887,36.345769],[102.829718,36.365345],[102.836431,36.344623],[102.838887,36.345769]]]],"type":"MultiPolygon"}},{"type":"Feature","properties":{"display":"临夏","province":"甘肃省"},"geometry":{"coordinates":[[[102.742448,35.495247],[102.820385,35.460922],[102.871142,35.408565],[102.926975,35.428163],[102.949079,35.4073],[102.959395,35.356912],[102.955137,35.259946],[102.97102,35.252978],[102.989849,35.283064],[103.019485,35.288552],[103.08023,35.275676],[103.114778,35.236717],[103.165371,35.226895],[103.262138,35.236928],[103.297996,35.18284],[103.36398,35.142674],[103.457145,35.128399],[103.488745,35.133475],[103.490874,35.152294],[103.5359,35.141088],[103.624971,35.094025],[103.676875,35.052332],[103.680477,35.036772],[103.708312,35.039736],[103.729597,35.010831],[103.677857,34.992826],[103.691938,34.987212],[103.729761,35.004159],[103.733036,34.978419],[103.668524,34.932958],[103.685717,34.907939],[103.757104,34.927128],[103.803932,34.929142],[103.833732,34.91483],[103.848468,34.953732],[103.834878,34.977996],[103.784612,35.002676],[103.786249,35.01549],[103.743514,35.044817],[103.748918,35.088417],[103.735328,35.100477],[103.748426,35.115074],[103.716498,35.133263],[103.721083,35.190237],[103.691611,35.195626],[103.689974,35.219818],[103.77708,35.356912],[103.780682,35.387486],[103.814084,35.39634],[103.800494,35.435117],[103.854198,35.477349],[103.854362,35.498089],[103.8113,35.534186],[103.785267,35.598973],[103.640526,35.719993],[103.621533,35.753577],[103.595663,35.75704],[103.59157,35.781063],[103.56439,35.807177],[103.547853,35.803193],[103.515925,35.851729],[103.471062,35.8818],[103.476629,35.917306],[103.509212,35.940967],[103.542122,35.943898],[103.558659,35.911127],[103.595991,35.909452],[103.623989,35.934895],[103.616785,35.959284],[103.632831,35.982409],[103.622352,35.99444],[103.633322,36.017451],[103.596318,36.069514],[103.575033,36.06293],[103.571267,36.091876],[103.496604,36.108382],[103.483342,36.098354],[103.475646,36.110785],[103.438315,36.069201],[103.41048,36.07777],[103.412282,36.123005],[103.365617,36.119872],[103.312895,36.152556],[103.259846,36.146605],[103.257881,36.15955],[103.230374,36.168318],[103.165863,36.176146],[103.155711,36.19013],[103.123128,36.195661],[103.10741,36.221637],[103.102661,36.211623],[102.987393,36.193782],[102.966435,36.152242],[102.948588,36.150572],[102.94122,36.104935],[102.883913,36.088951],[102.89603,36.065647],[102.909947,36.070455],[102.932379,36.048609],[102.969219,36.044114],[102.9535,36.015778],[102.971838,35.995277],[102.942203,35.928195],[102.95612,35.861579],[102.942366,35.829928],[102.91404,35.845126],[102.784036,35.862313],[102.737208,35.820598],[102.715104,35.81546],[102.68596,35.772147],[102.708064,35.704981],[102.743921,35.657825],[102.764552,35.653308],[102.763242,35.611903],[102.80876,35.560486],[102.746214,35.545233],[102.729513,35.523664],[102.78289,35.528083],[102.742448,35.495247]]],"type":"Polygon"}},{"type":"Feature","properties":{"display":"武威","province":"甘肃省"},"geometry":{"coordinates":[[[103.564881,36.973787],[103.580927,37.002497],[103.559642,37.027275],[103.590587,37.068759],[103.618586,37.0636],[103.634959,37.084851],[103.622188,37.125479],[103.64642,37.133004],[103.692757,37.238277],[103.725013,37.229425],[103.746298,37.242806],[103.723048,37.261331],[103.743351,37.283555],[103.757596,37.27728],[103.747608,37.307418],[103.765127,37.30207],[103.775934,37.329731],[103.763654,37.34217],[103.770039,37.355018],[103.735983,37.378242],[103.732708,37.394782],[103.746953,37.421793],[103.767747,37.425489],[103.762671,37.541939],[103.79067,37.586317],[103.850269,37.633126],[103.669998,37.786659],[103.401803,37.862031],[103.368237,37.985645],[103.368728,38.088905],[103.534918,38.156749],[103.507902,38.280881],[103.465331,38.353109],[103.416375,38.405004],[103.859765,38.644533],[104.044457,38.895039],[104.167912,38.940409],[104.196401,38.988262],[104.190998,39.042209],[104.207372,39.083671],[104.177572,39.152185],[104.047568,39.297719],[104.090957,39.418483],[103.965046,39.455231],[103.853707,39.46142],[103.595336,39.386713],[103.35694,39.33663],[103.187967,39.215424],[103.082195,39.159203],[103.013427,39.101132],[102.583462,39.180755],[102.453622,39.255282],[102.35489,39.232051],[102.280719,39.190275],[101.830943,39.094007],[101.926236,39.000622],[102.071959,38.892926],[101.96062,38.996804],[102.087514,38.981026],[102.094718,38.960218],[102.144984,38.939906],[102.269421,38.913955],[102.283666,38.948052],[102.43643,38.918281],[102.412361,38.885378],[102.425132,38.877527],[102.439868,38.808545],[102.411378,38.773475],[102.397789,38.665232],[102.447072,38.631606],[102.459025,38.595943],[102.478509,38.58513],[102.536143,38.500183],[102.616209,38.470023],[102.572656,38.416149],[102.700859,38.411488],[102.686942,38.289508],[102.723782,38.238241],[102.719361,38.19588],[102.675153,38.188666],[102.678592,38.157867],[102.531886,38.184905],[102.431681,38.110882],[102.409905,38.11607],[102.409414,38.130514],[102.388947,38.143124],[102.344248,38.146988],[102.253867,38.12492],[102.223412,38.113832],[102.232254,38.109255],[102.207039,38.055519],[102.185917,38.062645],[102.17462,38.050938],[102.162503,38.061729],[102.094554,38.034544],[102.110109,38.011932],[102.169217,38.004801],[102.166597,37.99451],[102.090788,37.955882],[102.031517,37.941608],[102.116986,37.917744],[102.129266,37.903361],[102.122061,37.888158],[102.151533,37.851312],[102.202454,37.854477],[102.15972,37.819657],[102.15137,37.78809],[102.122225,37.77082],[102.079163,37.693616],[102.052966,37.682463],[102.049691,37.639576],[102.035283,37.627699],[102.070158,37.601377],[102.066392,37.590108],[102.101595,37.582423],[102.130903,37.54686],[102.106507,37.481326],[102.125172,37.485533],[102.176585,37.458853],[102.197379,37.420561],[102.30004,37.391289],[102.298893,37.370022],[102.368317,37.327675],[102.428243,37.308344],[102.419238,37.296002],[102.453622,37.27121],[102.461481,37.246512],[102.489807,37.223659],[102.533196,37.217276],[102.579533,37.172473],[102.600982,37.174328],[102.637331,37.121974],[102.642079,37.099702],[102.583626,37.105374],[102.531886,37.08743],[102.497993,37.090421],[102.488497,37.078559],[102.505525,37.023559],[102.450347,36.968518],[102.467867,36.954365],[102.498485,36.956224],[102.499795,36.943515],[102.560867,36.919537],[102.570691,36.8879],[102.637494,36.853663],[102.658125,36.823861],[102.704461,36.792184],[102.731477,36.762358],[102.715268,36.745576],[102.684977,36.743918],[102.666475,36.707648],[102.688743,36.684218],[102.730659,36.672811],[102.772575,36.673434],[102.778142,36.691579],[102.756856,36.717598],[102.778305,36.761737],[102.807614,36.773544],[102.833156,36.762358],[102.84298,36.77458],[102.822677,36.794876],[102.846255,36.808645],[102.810397,36.841143],[102.863447,36.838142],[102.902415,36.865146],[102.883095,36.901342],[102.919607,36.935454],[102.954974,36.92884],[102.975932,36.947855],[103.068114,36.959737],[103.074336,36.945272],[103.180271,36.945685],[103.176833,36.932974],[103.201393,36.92977],[103.206141,36.941242],[103.230537,36.937211],[103.258208,36.958704],[103.276219,36.954158],[103.248057,36.916643],[103.313223,36.907132],[103.347607,36.916126],[103.348425,36.895862],[103.380353,36.878902],[103.377897,36.853352],[103.399019,36.826034],[103.450759,36.831209],[103.47319,36.874248],[103.518053,36.849938],[103.541631,36.878799],[103.519691,36.902686],[103.501353,36.895448],[103.479576,36.940208],[103.455998,36.935868],[103.44159,36.950542],[103.368237,36.907856],[103.348589,36.926773],[103.348098,36.958291],[103.309457,36.949818],[103.317152,36.986697],[103.404586,36.999193],[103.440607,36.995992],[103.450104,36.981946],[103.511832,36.961493],[103.564881,36.973787]]],"type":"Polygon"}},{"type":"Feature","properties":{"display":"张掖","province":"甘肃省"},"geometry":{"coordinates":[[[102.035283,37.627699],[102.049691,37.639576],[102.052966,37.682463],[102.079163,37.693616],[102.122225,37.77082],[102.15137,37.78809],[102.15972,37.819657],[102.202454,37.854477],[102.151533,37.851312],[102.122061,37.888158],[102.129266,37.903361],[102.116986,37.917744],[102.031517,37.941608],[102.090788,37.955882],[102.169217,38.004801],[102.110109,38.011932],[102.094554,38.034544],[102.040522,38.029655],[102.003682,38.094807],[101.945393,38.080255],[101.885794,38.103048],[101.855339,38.099487],[101.812277,38.064987],[101.740071,38.096028],[101.706342,38.091754],[101.690623,38.066616],[101.651327,38.090024],[101.612523,38.059795],[101.516083,38.061424],[101.441257,38.040144],[101.386243,38.071298],[101.419481,38.164069],[101.491196,38.228389],[101.403599,38.284332],[101.392301,38.316294],[101.34711,38.317309],[101.337778,38.369736],[101.371179,38.37227],[101.372162,38.388487],[101.447315,38.388487],[101.518539,38.436305],[101.529673,38.462531],[101.503967,38.463746],[101.502494,38.487027],[101.547357,38.498665],[101.516247,38.548332],[101.567168,38.57573],[101.564385,38.608372],[101.613014,38.655742],[101.601716,38.655136],[101.56242,38.712968],[101.316656,38.783756],[101.306341,38.801895],[101.34138,38.822246],[101.334012,38.848533],[101.239865,38.86575],[101.237736,38.907315],[101.198604,38.943225],[101.228567,39.020715],[101.117229,38.975196],[100.969213,38.946945],[100.961518,39.006048],[100.901755,39.030057],[100.875394,39.002431],[100.835116,39.026039],[100.829385,39.074939],[100.864424,39.106951],[100.865734,39.124707],[100.842811,39.200095],[100.842156,39.405697],[100.707895,39.404598],[100.61997,39.387612],[100.499135,39.400502],[100.500608,39.481382],[100.326232,39.509119],[100.301017,39.572335],[100.314116,39.606909],[100.250096,39.685062],[100.127951,39.702174],[100.040681,39.757063],[99.904454,39.785783],[99.821933,39.860061],[99.672608,39.888044],[99.455988,39.877427],[99.247719,39.838024],[99.229872,39.851624],[99.193196,39.809128],[99.140965,39.80148],[99.113785,39.835046],[99.026843,39.854007],[98.987055,39.832762],[98.960039,39.788565],[98.94956,39.66496],[98.824632,39.676405],[98.804492,39.627028],[98.816118,39.592065],[98.872114,39.594058],[98.938099,39.577916],[98.977886,39.619559],[99.053695,39.623144],[99.064665,39.609997],[99.056478,39.587681],[99.10609,39.514107],[99.23593,39.458426],[99.308137,39.357527],[99.280793,39.289113],[99.198927,39.275903],[99.213663,39.226642],[99.176331,39.171634],[99.179115,39.181556],[99.143585,39.208211],[99.141292,39.24607],[99.080711,39.267795],[99.060244,39.257885],[99.046491,39.285511],[98.985418,39.312926],[98.975758,39.33073],[98.906498,39.33253],[98.902078,39.316527],[98.880956,39.33003],[98.866547,39.324229],[98.710509,39.414788],[98.57019,39.460622],[98.579686,39.481981],[98.526473,39.467509],[98.515503,39.480384],[98.549723,39.509718],[98.434127,39.577517],[98.410058,39.550904],[98.402035,39.514406],[98.396632,39.535549],[98.362412,39.542629],[98.330156,39.569544],[98.370762,39.654309],[98.320824,39.665258],[98.217671,39.727436],[98.188199,39.725945],[98.157581,39.696902],[98.038383,39.698593],[97.969288,39.66277],[97.939979,39.695807],[97.855657,39.71043],[97.828968,39.68536],[97.785579,39.680684],[97.700273,39.697101],[97.676532,39.679092],[97.656229,39.632007],[97.619062,39.630613],[97.585333,39.603124],[97.569942,39.564162],[97.520494,39.53874],[97.480216,39.472999],[97.477268,39.373221],[97.397039,39.318027],[97.395074,39.240363],[97.426347,39.173738],[97.43306,39.126011],[97.458767,39.118087],[97.504939,39.076545],[97.679152,39.010268],[97.701583,38.963334],[97.793274,38.942923],[97.90887,38.884472],[98.012022,38.858098],[98.095035,38.786276],[98.251237,38.891215],[98.249763,38.911842],[98.236173,38.920896],[98.270066,38.954587],[98.287586,38.992181],[98.281036,39.027044],[98.292334,39.037991],[98.384025,39.029354],[98.401053,39.001527],[98.43249,38.9961],[98.428233,38.976],[98.457541,38.952979],[98.526473,38.955593],[98.590165,38.933168],[98.624058,38.959212],[98.614562,38.980523],[98.663354,38.994493],[98.730485,39.05717],[98.743747,39.086882],[98.81317,39.087685],[98.817755,39.066507],[98.887178,39.039196],[98.902896,39.012578],[98.94956,38.988463],[99.056478,38.975598],[99.108873,38.946342],[99.062045,38.911641],[99.068758,38.897052],[99.222177,38.788896],[99.290945,38.765914],[99.362169,38.718214],[99.371502,38.690567],[99.412435,38.665535],[99.450912,38.604431],[99.496103,38.612918],[99.514277,38.597661],[99.514114,38.568452],[99.529013,38.546107],[99.585338,38.498564],[99.63937,38.474578],[99.659673,38.449167],[99.830774,38.368621],[99.937201,38.34155],[99.959796,38.320656],[100.071463,38.284535],[100.116162,38.254183],[100.127951,38.230624],[100.160206,38.217013],[100.183129,38.222397],[100.157914,38.310511],[100.164627,38.327452],[100.116653,38.35027],[100.091602,38.408449],[100.022015,38.432558],[100.025945,38.451293],[100.001221,38.466986],[100.025781,38.507974],[100.064095,38.518597],[100.090128,38.49229],[100.112232,38.497248],[100.164791,38.460507],[100.241254,38.43985],[100.259592,38.366391],[100.300853,38.389095],[100.331308,38.337493],[100.318209,38.328365],[100.396637,38.293262],[100.424145,38.307163],[100.435278,38.301279],[100.437243,38.26799],[100.461148,38.265858],[100.474411,38.288696],[100.546617,38.246872],[100.595082,38.242303],[100.618987,38.265757],[100.714935,38.253574],[100.751775,38.238749],[100.843794,38.149123],[100.911743,38.179214],[100.938104,38.160409],[100.916164,38.115053],[100.922713,38.085547],[100.887347,38.049614],[100.894715,38.013562],[100.917965,37.999707],[100.980347,38.006838],[101.077114,37.941812],[101.102984,37.946503],[101.114281,37.920192],[101.152268,37.891117],[101.150794,37.877749],[101.202697,37.847535],[101.279161,37.836712],[101.362338,37.791257],[101.382641,37.82221],[101.443222,37.868155],[101.500365,37.857948],[101.598278,37.827419],[101.67032,37.754261],[101.659187,37.733301],[101.791811,37.696071],[101.813587,37.681644],[101.816043,37.654318],[101.854357,37.664656],[101.946375,37.728086],[101.999097,37.725018],[102.047399,37.654318],[102.035283,37.627699]]],"type":"Polygon"}},{"type":"Feature","properties":{"display":"北京","province":"北京市"},"geometry":{"coordinates":[[[117.348611,40.581141],[117.389879,40.561593],[117.429915,40.576141],[117.412669,40.605226],[117.467487,40.649738],[117.501364,40.636569],[117.514914,40.660181],[117.493973,40.675161],[117.408973,40.686961],[117.342451,40.673799],[117.319662,40.657911],[117.208177,40.694675],[117.11209,40.707379],[117.012308,40.693767],[116.964881,40.709647],[116.926692,40.745022],[116.924229,40.773581],[116.848468,40.839264],[116.81336,40.848319],[116.713577,40.909858],[116.722201,40.927495],[116.677853,40.970888],[116.698795,41.021477],[116.688324,41.044501],[116.647672,41.059394],[116.615643,41.053076],[116.623034,41.021026],[116.598397,40.974503],[116.5676,40.992574],[116.455499,40.980828],[116.447492,40.953715],[116.477057,40.899907],[116.398216,40.90624],[116.370499,40.94377],[116.339702,40.929303],[116.334159,40.90443],[116.438253,40.81934],[116.46597,40.774487],[116.453651,40.765876],[116.316912,40.772221],[116.311369,40.754996],[116.273181,40.762703],[116.247311,40.791707],[116.22021,40.744115],[116.171551,40.695582],[116.162928,40.662451],[116.133979,40.666536],[116.09887,40.630665],[115.982457,40.578868],[115.971986,40.6025],[115.907929,40.617493],[115.885139,40.595229],[115.827857,40.587504],[115.819849,40.55932],[115.784741,40.55841],[115.755176,40.540221],[115.736082,40.503372],[115.781045,40.49336],[115.771806,40.443734],[115.864197,40.359422],[115.917784,40.354405],[115.968907,40.264045],[115.89869,40.234354],[115.870356,40.185909],[115.855574,40.188652],[115.847567,40.147036],[115.806299,40.15344],[115.773654,40.176307],[115.75456,40.145663],[115.599959,40.119583],[115.59072,40.096239],[115.527278,40.076092],[115.454597,40.029825],[115.450286,39.992697],[115.428728,39.984443],[115.426264,39.950502],[115.481083,39.935819],[115.522967,39.899099],[115.514344,39.837549],[115.567314,39.816407],[115.552532,39.794799],[115.50572,39.784222],[115.483547,39.798477],[115.443511,39.785601],[115.439815,39.752022],[115.486626,39.741899],[115.491554,39.670074],[115.478619,39.650723],[115.522351,39.640124],[115.518039,39.597252],[115.545756,39.618922],[115.587024,39.589873],[115.667712,39.615234],[115.752712,39.515581],[115.806299,39.510041],[115.828473,39.541431],[115.867893,39.546507],[115.91532,39.582955],[115.910393,39.600479],[115.957204,39.560812],[115.978146,39.595868],[115.995392,39.576958],[116.026189,39.587567],[116.036044,39.571884],[116.130283,39.567732],[116.151841,39.583416],[116.198652,39.589412],[116.240536,39.564041],[116.257782,39.500344],[116.307057,39.488337],[116.337854,39.455536],[116.434557,39.442597],[116.454883,39.453226],[116.444412,39.482332],[116.411767,39.482794],[116.401912,39.528046],[116.443796,39.510041],[116.437637,39.526661],[116.478289,39.535431],[116.473361,39.552968],[116.50847,39.551122],[116.524484,39.596329],[116.592237,39.621227],[116.620571,39.601863],[116.723432,39.59264],[116.709266,39.618],[116.748686,39.619844],[116.79057,39.595868],[116.8497,39.66777],[116.906366,39.677444],[116.90575,39.688037],[116.889736,39.687576],[116.887272,39.72533],[116.916837,39.731314],[116.902055,39.763523],[116.949482,39.778703],[116.918069,39.84628],[116.907598,39.832494],[116.865714,39.843982],[116.812128,39.889916],[116.78441,39.891294],[116.782563,39.947749],[116.757925,39.967934],[116.781331,40.034866],[116.820135,40.02845],[116.831222,40.051359],[116.867562,40.041739],[116.927924,40.055024],[116.945171,40.04128],[117.025243,40.030283],[117.051728,40.059605],[117.105315,40.074261],[117.140423,40.064185],[117.159517,40.077008],[117.204481,40.069681],[117.254988,40.114548],[117.274082,40.105852],[117.307343,40.136971],[117.349227,40.136513],[117.383719,40.188195],[117.389879,40.227958],[117.351075,40.229786],[117.331365,40.289613],[117.295024,40.2782],[117.243285,40.369453],[117.226039,40.368997],[117.234046,40.417312],[117.263611,40.442367],[117.208793,40.501552],[117.262995,40.512927],[117.247597,40.539766],[117.269771,40.560684],[117.348611,40.581141]]],"type":"Polygon"}},{"type":"Feature","properties":{"display":"上海","province":"上海市"},"geometry":{"coordinates":[[[[120.901349,31.017327],[120.940153,31.010146],[120.949392,31.030148],[120.989428,31.01425],[121.000515,30.938309],[120.993124,30.889532],[121.020225,30.872069],[120.991892,30.837133],[121.038087,30.814007],[121.060261,30.845354],[121.097833,30.857171],[121.13787,30.826342],[121.123087,30.77905],[121.174826,30.771851],[121.21671,30.785734],[121.232108,30.755909],[121.272144,30.723504],[121.274608,30.677191],[121.362071,30.679764],[121.426129,30.730192],[121.517288,30.775451],[121.681128,30.818633],[121.904714,30.814007],[121.943518,30.776993],[121.970004,30.789333],[121.954605,30.825828],[121.994025,30.862823],[121.990945,30.96859],[121.977395,31.016301],[121.946598,31.066039],[121.809859,31.196669],[121.722396,31.3036],[121.599208,31.37465],[121.520984,31.394575],[121.343593,31.511996],[121.247507,31.476785],[121.241963,31.493117],[121.174826,31.44922],[121.143413,31.392021],[121.113848,31.37465],[121.142797,31.275472],[121.090442,31.291838],[121.060261,31.245289],[121.076892,31.158267],[121.018377,31.134194],[120.881023,31.134706],[120.859465,31.100379],[120.890878,31.094229],[120.901349,31.017327]]],[[[121.974931,31.61704],[121.599824,31.703128],[121.49881,31.753012],[121.431673,31.769295],[121.384861,31.833382],[121.323267,31.868458],[121.265369,31.863883],[121.200079,31.834907],[121.118775,31.759119],[121.145261,31.75403],[121.371926,31.553314],[121.395332,31.585437],[121.434136,31.590535],[121.547469,31.531382],[121.819098,31.437987],[121.890547,31.428795],[121.981706,31.464024],[121.995873,31.493117],[121.974931,31.61704]]],[[[121.785222,31.31127],[121.792613,31.363408],[121.742106,31.407345],[121.585657,31.454836],[121.567179,31.48342],[121.520984,31.494137],[121.509897,31.4824],[121.572107,31.435944],[121.727939,31.35472],[121.76428,31.31536],[121.785222,31.31127]]],[[[121.792613,31.377715],[121.8037,31.328652],[121.840656,31.295418],[122.016199,31.282121],[122.097503,31.255522],[122.122756,31.307179],[122.116597,31.320984],[121.951525,31.337343],[121.845584,31.37465],[121.792613,31.377715]]],[[[121.626925,31.445135],[121.631853,31.456878],[121.579498,31.479848],[121.626925,31.445135]]],[[[121.943518,31.215608],[121.959533,31.159291],[121.995873,31.160828],[122.008808,31.221238],[121.950909,31.228915],[121.943518,31.215608]]],[[[121.88254,31.240684],[121.909026,31.195133],[121.923808,31.234032],[121.88254,31.240684]]]],"type":"MultiPolygon"}},{"type":"Feature","properties":{"display":"天津","province":"天津市"},"geometry":{"coordinates":[[[[117.765602,39.400527],[117.871543,39.411625],[117.870311,39.455074],[117.899877,39.474479],[117.912195,39.517428],[117.904804,39.533585],[117.933753,39.574191],[117.868464,39.59679],[117.766834,39.598635],[117.745276,39.547892],[117.715711,39.529892],[117.707088,39.576036],[117.684914,39.58895],[117.654117,39.575113],[117.637486,39.603246],[117.668899,39.666849],[117.57774,39.726711],[117.595603,39.74604],[117.56111,39.754782],[117.546327,39.775943],[117.561726,39.799856],[117.508139,39.901854],[117.514914,39.946832],[117.534625,39.954631],[117.546327,39.999116],[117.594987,39.994531],[117.614697,39.97252],[117.691073,39.984902],[117.781616,39.966558],[117.793319,40.005534],[117.768681,40.022034],[117.744044,40.018368],[117.74774,40.047236],[117.776073,40.059605],[117.752667,40.081588],[117.675059,40.082045],[117.651653,40.122786],[117.576508,40.178593],[117.571581,40.219276],[117.548791,40.232527],[117.505059,40.227044],[117.450241,40.252627],[117.415748,40.248973],[117.389879,40.227958],[117.383719,40.188195],[117.349227,40.136513],[117.307343,40.136971],[117.274082,40.105852],[117.254988,40.114548],[117.192162,40.066475],[117.198322,39.992697],[117.150894,39.944996],[117.162597,39.876598],[117.227887,39.852712],[117.247597,39.860981],[117.251908,39.834332],[117.192162,39.832953],[117.156438,39.817326],[117.15767,39.796638],[117.205713,39.763984],[117.161981,39.748801],[117.177996,39.645194],[117.152742,39.623532],[117.016004,39.653949],[116.983359,39.638742],[116.964265,39.64335],[116.932236,39.706456],[116.906366,39.677444],[116.8497,39.66777],[116.812128,39.615695],[116.808432,39.576497],[116.78749,39.554352],[116.819519,39.528507],[116.820751,39.482332],[116.785026,39.465702],[116.832454,39.435664],[116.876185,39.43474],[116.839845,39.413474],[116.840461,39.378326],[116.818287,39.3737],[116.829374,39.338994],[116.870642,39.357506],[116.889736,39.338068],[116.87249,39.291304],[116.881729,39.225966],[116.855859,39.215766],[116.870026,39.153607],[116.909446,39.150822],[116.912526,39.110898],[116.871874,39.054688],[116.783179,39.05097],[116.754229,39.034701],[116.754845,39.003084],[116.708034,38.931892],[116.723432,38.852706],[116.75115,38.831264],[116.737599,38.784629],[116.746222,38.754299],[116.858939,38.741231],[116.877417,38.680522],[116.948866,38.689398],[117.068358,38.680522],[117.055424,38.639398],[117.070822,38.608072],[117.109626,38.584685],[117.150894,38.617892],[117.183539,38.61836],[117.213104,38.639866],[117.258684,38.608072],[117.238358,38.580943],[117.25314,38.556143],[117.368937,38.564566],[117.47919,38.616489],[117.639334,38.626776],[117.65658,38.66043],[117.729261,38.680055],[117.740964,38.700141],[117.740964,38.753833],[117.646725,38.788827],[117.64611,38.828933],[117.752051,38.847579],[117.778536,38.869016],[117.847522,38.855502],[117.898029,38.948649],[117.855529,38.957492],[117.837667,39.057011],[117.871543,39.122506],[117.96455,39.172631],[117.977485,39.206028],[118.064948,39.231065],[118.064948,39.256094],[118.036615,39.264898],[118.024296,39.289451],[117.982412,39.298714],[117.965782,39.314921],[117.854297,39.328348],[117.850601,39.363984],[117.810565,39.354729],[117.805022,39.373237],[117.784696,39.376938],[117.74466,39.354729],[117.670747,39.357969],[117.669515,39.322792],[117.594987,39.349176],[117.536472,39.338068],[117.521074,39.357043],[117.601146,39.419485],[117.614081,39.407001],[117.668899,39.412087],[117.673211,39.386652],[117.699696,39.407463],[117.765602,39.400527]]],[[[117.784696,39.376938],[117.852449,39.380639],[117.846906,39.407926],[117.765602,39.400527],[117.784696,39.376938]]]],"type":"MultiPolygon"}},{"type":"Feature","properties":{"display":"北海","province":"广西壮族自治区"},"geometry":{"coordinates":[[[[109.619758,21.895968],[109.594183,21.913372],[109.558864,21.893911],[109.540291,21.902085],[109.523697,21.873112],[109.493859,21.880842],[109.483659,21.901306],[109.461509,21.885625],[109.444687,21.896024],[109.442403,21.914762],[109.426647,21.918321],[109.418502,21.906088],[109.390872,21.907367],[109.389806,21.889907],[109.339949,21.908424],[109.310643,21.883845],[109.312546,21.90114],[109.299606,21.898693],[109.290548,21.914929],[109.267256,21.910982],[109.278445,21.890574],[109.259492,21.891297],[109.261319,21.87389],[109.231557,21.852198],[109.141509,21.844967],[109.113878,21.871276],[109.09462,21.871666],[109.061205,21.837068],[108.998864,21.837958],[108.972223,21.813924],[108.975648,21.831505],[108.956162,21.82405],[108.968189,21.80708],[108.944744,21.760444],[108.859873,21.737287],[108.850282,21.686898],[108.85835,21.660555],[108.915972,21.596264],[109.092261,21.579936],[109.106875,21.566059],[109.142727,21.564386],[109.152013,21.540752],[109.142118,21.512041],[109.057932,21.480758],[109.038065,21.451923],[109.046666,21.424478],[109.082898,21.424812],[109.138845,21.388991],[109.18619,21.390944],[109.245791,21.425705],[109.317113,21.435021],[109.485182,21.45343],[109.529863,21.436974],[109.544782,21.443612],[109.541052,21.466091],[109.566628,21.477524],[109.604535,21.52347],[109.612299,21.556918],[109.682099,21.472616],[109.785619,21.456944],[109.788359,21.490462],[109.74383,21.601056],[109.766209,21.666904],[109.748626,21.652757],[109.715895,21.669912],[109.706761,21.659441],[109.689026,21.686174],[109.708131,21.800291],[109.692375,21.823159],[109.707522,21.836178],[109.695343,21.861154],[109.70364,21.890519],[109.697018,21.902363],[109.663754,21.895357],[109.641452,21.908201],[109.619758,21.895968]]],[[[109.088531,21.014746],[109.104059,21.005403],[109.107789,21.025879],[109.133821,21.01939],[109.144554,21.041262],[109.138997,21.067325],[109.092413,21.057426],[109.088531,21.014746]]],[[[109.206818,20.916643],[109.218541,20.899288],[109.22227,20.909085],[109.206818,20.916643]]]],"type":"MultiPolygon"}},{"type":"Feature","properties":{"display":"桂林","province":"广西壮族自治区"},"geometry":{"coordinates":[[[111.097436,24.940885],[110.997189,24.927027],[110.979149,24.91469],[110.994905,24.930342],[110.992089,24.959034],[110.968797,24.97555],[110.975419,24.987773],[110.9554,25.016886],[110.961413,25.077859],[110.983944,25.101686],[110.982802,25.126648],[111.002745,25.165763],[111.112736,25.217066],[111.117836,25.239293],[111.103297,25.285092],[111.138464,25.303569],[111.181851,25.366565],[111.210547,25.363532],[111.236732,25.378153],[111.257512,25.395966],[111.265885,25.425414],[111.278977,25.423303],[111.300214,25.448308],[111.343145,25.602763],[111.310033,25.644966],[111.307522,25.716315],[111.318711,25.729543],[111.399624,25.744605],[111.416066,25.768192],[111.440195,25.769596],[111.425048,25.826251],[111.433268,25.846263],[111.492108,25.86859],[111.456789,25.871071],[111.454201,25.888433],[111.415837,25.876841],[111.382574,25.882287],[111.378463,25.904769],[111.360347,25.89059],[111.346266,25.906332],[111.305314,25.883689],[111.291917,25.854407],[111.259872,25.861041],[111.222498,25.907303],[111.232241,25.911076],[111.219681,25.937056],[111.189539,25.953277],[111.213973,26.019809],[111.236808,26.048834],[111.265961,26.055725],[111.244648,26.077959],[111.26893,26.107346],[111.258045,26.149315],[111.27441,26.184547],[111.27167,26.217187],[111.291461,26.22079],[111.295723,26.237563],[111.281261,26.271102],[111.212831,26.269113],[111.204762,26.307854],[111.106875,26.304094],[111.040348,26.323487],[111.043164,26.332457],[111.002593,26.340138],[111.008606,26.35888],[110.974582,26.385566],[110.94482,26.373593],[110.943906,26.32671],[110.925409,26.31876],[110.93972,26.286685],[110.929977,26.255677],[110.916351,26.275992],[110.759092,26.24869],[110.735191,26.270994],[110.750034,26.2905],[110.741737,26.313925],[110.709463,26.293187],[110.667217,26.317632],[110.643773,26.308445],[110.625809,26.315644],[110.612336,26.333639],[110.584097,26.296948],[110.555248,26.286363],[110.542688,26.221166],[110.517569,26.186806],[110.490548,26.165561],[110.474106,26.180137],[110.377132,26.09443],[110.335343,25.9925],[110.305124,25.967341],[110.245828,25.96858],[110.245219,26.022286],[110.212108,26.043072],[110.201147,26.06617],[110.181661,26.060463],[110.15639,26.018516],[110.112546,26.03478],[110.100976,26.020186],[110.064896,26.050018],[110.100976,26.132583],[110.098692,26.169165],[110.041528,26.162441],[110.016713,26.184224],[109.984363,26.179922],[109.966247,26.195518],[109.90718,26.144904],[109.870871,26.033326],[109.801985,26.034403],[109.78463,25.985766],[109.806476,25.973645],[109.825962,25.9114],[109.81325,25.879806],[109.77953,25.865948],[109.764763,25.876194],[109.73051,25.852789],[109.72031,25.80602],[109.764002,25.7819],[109.782575,25.745144],[109.803279,25.737857],[109.782955,25.684021],[109.815229,25.654528],[109.74071,25.584819],[109.781433,25.490997],[109.765829,25.429149],[109.754183,25.426822],[109.764687,25.418865],[109.752965,25.392176],[109.762936,25.382485],[109.748017,25.380644],[109.74855,25.300643],[109.725258,25.268563],[109.709501,25.211372],[109.679587,25.176937],[109.653402,25.166143],[109.637722,25.120625],[109.664287,25.078836],[109.651347,25.064559],[109.649444,24.984134],[109.621813,24.98082],[109.631785,24.879681],[109.619149,24.840312],[109.630034,24.833731],[109.674259,24.850318],[109.807237,24.813388],[109.836847,24.832262],[109.854506,24.807132],[109.88914,24.809743],[109.889444,24.767685],[109.905429,24.758053],[109.93953,24.779493],[109.948588,24.749617],[109.937855,24.717719],[109.952622,24.717774],[109.957722,24.700134],[109.984135,24.709988],[109.989006,24.677318],[110.024173,24.659618],[110.066038,24.684888],[110.095952,24.647091],[110.11011,24.655697],[110.170167,24.648289],[110.177627,24.63053],[110.152964,24.616147],[110.171537,24.549441],[110.132869,24.525398],[110.135153,24.481663],[110.116199,24.460826],[110.147408,24.436002],[110.202669,24.449697],[110.202517,24.414448],[110.189958,24.405771],[110.21188,24.399931],[110.188816,24.382574],[110.200614,24.370892],[110.198711,24.347908],[110.260367,24.360247],[110.268359,24.303728],[110.316923,24.296409],[110.424325,24.338844],[110.445334,24.317765],[110.482403,24.31274],[110.469463,24.357517],[110.50638,24.345778],[110.516504,24.375751],[110.551899,24.404952],[110.555324,24.366088],[110.567503,24.362649],[110.598178,24.396438],[110.621547,24.394146],[110.682669,24.34627],[110.79129,24.31629],[110.796998,24.365215],[110.811156,24.38252],[110.843735,24.386341],[110.856751,24.361885],[110.855,24.32896],[110.87677,24.310665],[110.88324,24.259151],[110.943221,24.336004],[110.960424,24.298048],[111.004115,24.310009],[111.014391,24.331963],[111.02619,24.332073],[111.024363,24.347853],[110.962327,24.370674],[110.992469,24.37657],[111.040652,24.46268],[111.025885,24.483244],[111.044001,24.498952],[110.982726,24.569664],[111.002517,24.606776],[110.989272,24.62116],[111.009748,24.634616],[111.020633,24.669639],[111.058768,24.672907],[111.079396,24.703782],[111.10657,24.707593],[111.108016,24.732199],[111.13245,24.735737],[111.147369,24.767903],[111.170053,24.776718],[111.164496,24.898437],[111.117151,24.895501],[111.097436,24.940885]]],"type":"Polygon"}},{"type":"Feature","properties":{"display":"柳州","province":"广西壮族自治区"},"geometry":{"coordinates":[[[110.116199,24.460826],[110.135153,24.481663],[110.132869,24.525398],[110.171537,24.549441],[110.152964,24.616147],[110.177627,24.63053],[110.170167,24.648289],[110.11011,24.655697],[110.095952,24.647091],[110.066038,24.684888],[110.024173,24.659618],[109.989006,24.677318],[109.984135,24.709988],[109.957722,24.700134],[109.952622,24.717774],[109.937855,24.717719],[109.948588,24.749617],[109.93953,24.779493],[109.905429,24.758053],[109.889444,24.767685],[109.88914,24.809743],[109.854506,24.807132],[109.836847,24.832262],[109.807237,24.813388],[109.674259,24.850318],[109.630034,24.833731],[109.619149,24.840312],[109.631785,24.879681],[109.621813,24.98082],[109.649444,24.984134],[109.651347,25.064559],[109.664287,25.078836],[109.637722,25.120625],[109.653402,25.166143],[109.679587,25.176937],[109.709501,25.211372],[109.725258,25.268563],[109.74855,25.300643],[109.748017,25.380644],[109.762936,25.382485],[109.752965,25.392176],[109.764687,25.418865],[109.754183,25.426822],[109.765829,25.429149],[109.781433,25.490997],[109.74071,25.584819],[109.815229,25.654528],[109.782955,25.684021],[109.803279,25.737857],[109.782575,25.745144],[109.764002,25.7819],[109.72031,25.80602],[109.73051,25.852789],[109.76834,25.890321],[109.68522,25.880346],[109.6805,25.895173],[109.692527,25.89803],[109.682556,25.933876],[109.69344,25.959151],[109.710034,25.954085],[109.723507,25.974614],[109.723203,26.003435],[109.708207,26.013561],[109.689178,25.998264],[109.675477,26.015123],[109.649292,26.016793],[109.634982,26.047326],[109.588245,26.019755],[109.559777,26.021424],[109.528721,25.995786],[109.48267,26.02961],[109.473155,26.006559],[109.408531,25.967287],[109.434335,25.932313],[109.396733,25.900294],[109.369102,25.842649],[109.339264,25.833803],[109.327846,25.761446],[109.340101,25.731756],[109.314906,25.73316],[109.296638,25.714155],[109.206971,25.740232],[109.206666,25.788106],[109.175382,25.804887],[109.166095,25.796308],[109.191062,25.774561],[109.144934,25.744389],[109.132299,25.762957],[109.143564,25.795283],[109.117989,25.809365],[109.094773,25.802297],[109.077875,25.776774],[109.031366,25.793934],[109.011804,25.779526],[108.997722,25.784383],[108.989654,25.778932],[109.000006,25.760582],[108.96423,25.74509],[108.963545,25.732512],[108.940253,25.74007],[108.896257,25.714155],[108.900367,25.682347],[108.94817,25.676622],[109.003203,25.736345],[109.030529,25.72274],[109.055876,25.738127],[109.079092,25.720688],[109.07521,25.693851],[109.031214,25.629513],[109.046438,25.619949],[109.046362,25.574818],[109.088531,25.549516],[109.025125,25.512472],[108.972832,25.531779],[108.952432,25.556383],[108.897475,25.540864],[108.890396,25.55622],[108.826457,25.550057],[108.81268,25.526372],[108.781319,25.554328],[108.799131,25.576007],[108.780329,25.601845],[108.784059,25.62827],[108.761985,25.63778],[108.688988,25.623191],[108.683812,25.586116],[108.660977,25.584819],[108.658236,25.551841],[108.687313,25.53524],[108.690434,25.518908],[108.667751,25.532212],[108.632889,25.518908],[108.621167,25.492783],[108.607466,25.492079],[108.633117,25.464433],[108.6115,25.479637],[108.587675,25.421409],[108.622232,25.38974],[108.625201,25.30812],[108.645144,25.293599],[108.655115,25.214951],[108.718141,25.17737],[108.713498,25.154914],[108.694545,25.163648],[108.679016,25.106353],[108.731157,25.096042],[108.753764,25.128276],[108.820824,25.114385],[108.845182,25.155402],[108.862994,25.140809],[108.899073,25.152744],[108.902879,25.129849],[108.94817,25.121168],[108.975724,25.138042],[108.985924,25.170211],[109.013403,25.168746],[109.052223,25.202425],[109.061966,25.198955],[109.092261,25.158223],[109.105049,25.103748],[109.09835,25.072648],[109.066761,25.010423],[108.990643,24.957567],[108.986457,24.941157],[108.994221,24.921103],[109.032204,24.912787],[109.076657,24.917842],[109.100634,24.928169],[109.100329,24.944689],[109.118445,24.947569],[109.157875,24.909417],[109.136638,24.886966],[109.146076,24.861684],[109.137247,24.835798],[109.158027,24.824648],[109.15011,24.807893],[109.131842,24.7913],[109.07757,24.830467],[109.027256,24.813932],[108.9911,24.759468],[108.956086,24.740364],[108.964687,24.731601],[108.935838,24.730294],[108.931652,24.715705],[108.970168,24.666208],[108.951519,24.640554],[108.899911,24.614023],[108.908817,24.586613],[108.852109,24.571299],[108.838027,24.538211],[108.862232,24.51373],[108.884078,24.528015],[108.892223,24.501351],[108.937056,24.474899],[109.032965,24.48439],[109.046666,24.460989],[109.042404,24.437039],[109.000843,24.420505],[108.999245,24.374386],[108.977779,24.389015],[108.920539,24.36183],[108.928531,24.340427],[108.916885,24.254998],[108.940862,24.243414],[108.935153,24.185203],[108.972147,24.129755],[109.036466,24.12177],[109.105886,24.083913],[109.089368,24.063066],[109.136409,24.057593],[109.146914,24.022838],[109.211462,24.019006],[109.217855,24.051738],[109.232242,24.058633],[109.278598,24.04725],[109.295039,24.027601],[109.291385,24.006853],[109.324801,23.987745],[109.328835,23.960967],[109.348169,23.952971],[109.344516,23.937471],[109.363697,23.907121],[109.42855,23.9086],[109.469958,23.951657],[109.470567,23.96732],[109.483735,23.960529],[109.495229,23.970551],[109.502993,23.990319],[109.487313,24.011178],[109.501166,24.047688],[109.598141,24.083913],[109.615267,24.140858],[109.705467,24.153326],[109.710262,24.176893],[109.74581,24.214284],[109.770928,24.215542],[109.793764,24.234288],[109.803126,24.256146],[109.840196,24.256091],[109.851537,24.260407],[109.849634,24.274995],[109.88442,24.274613],[109.902689,24.300997],[109.927046,24.293732],[109.932907,24.271826],[109.905505,24.272263],[109.907712,24.245272],[109.931842,24.234889],[109.963431,24.256965],[109.998826,24.255053],[110.033231,24.273028],[110.030795,24.318475],[110.01717,24.336496],[110.048683,24.36658],[110.045638,24.390543],[110.072127,24.439058],[110.06893,24.457334],[110.079054,24.467426],[110.116199,24.460826]]],"type":"Polygon"}},{"type":"Feature","properties":{"display":"来宾","province":"广西壮族自治区"},"geometry":{"coordinates":[[[108.940862,24.243414],[108.862156,24.267237],[108.848303,24.303728],[108.857437,24.319294],[108.835896,24.351238],[108.753917,24.37788],[108.727275,24.337915],[108.740139,24.311866],[108.708474,24.291493],[108.670948,24.288106],[108.693783,24.25855],[108.687466,24.235873],[108.701471,24.231501],[108.684421,24.20614],[108.677342,24.154365],[108.611576,24.133584],[108.59719,24.146655],[108.584859,24.095731],[108.597342,24.046867],[108.581662,24.035811],[108.555553,24.041722],[108.562099,24.008331],[108.537742,24.003678],[108.487808,24.028859],[108.479892,24.019061],[108.498769,23.990428],[108.476543,23.977889],[108.461243,23.98676],[108.433688,23.962829],[108.442061,23.954176],[108.424326,23.916983],[108.443736,23.919777],[108.455306,23.912545],[108.444954,23.898355],[108.476162,23.89419],[108.460862,23.887012],[108.446552,23.853965],[108.45698,23.842728],[108.418389,23.824473],[108.418617,23.800787],[108.443736,23.802487],[108.435667,23.787461],[108.459112,23.787187],[108.487123,23.760862],[108.485601,23.741169],[108.474564,23.740565],[108.503717,23.704188],[108.501357,23.662751],[108.529064,23.671918],[108.548931,23.707261],[108.566514,23.707975],[108.566819,23.723119],[108.592927,23.744076],[108.6711,23.772818],[108.673079,23.785048],[108.713422,23.783513],[108.728798,23.798539],[108.743641,23.796126],[108.747675,23.780497],[108.773022,23.778193],[108.788246,23.740455],[108.777589,23.727289],[108.804307,23.714724],[108.778883,23.691621],[108.780406,23.645514],[108.797075,23.634204],[108.782765,23.615426],[108.803698,23.588846],[108.834373,23.478294],[108.863755,23.469884],[108.869616,23.443879],[108.919169,23.417979],[108.9111,23.394605],[108.939035,23.360058],[108.965144,23.35406],[108.968265,23.370346],[108.987675,23.349329],[109.051994,23.355821],[109.056562,23.32297],[109.099188,23.343991],[109.086628,23.314384],[109.110377,23.290826],[109.131994,23.286202],[109.141433,23.299524],[109.197989,23.266548],[109.20758,23.273375],[109.192737,23.282074],[109.220063,23.300735],[109.207047,23.309926],[109.220443,23.320273],[109.210853,23.33227],[109.250129,23.352245],[109.26581,23.346852],[109.276162,23.374362],[109.323355,23.416384],[109.352736,23.416714],[109.373821,23.400985],[109.37169,23.380853],[109.401071,23.382778],[109.429311,23.359892],[109.448112,23.380633],[109.482974,23.383878],[109.501775,23.336508],[109.541661,23.299634],[109.565334,23.317687],[109.575229,23.354886],[109.611309,23.368585],[109.646476,23.420619],[109.661471,23.428978],[109.689558,23.40335],[109.714601,23.41061],[109.740557,23.46752],[109.751823,23.454875],[109.797265,23.485935],[109.837912,23.477909],[109.861966,23.43871],[109.894011,23.475656],[109.893402,23.55402],[109.917608,23.594613],[109.928493,23.684981],[109.947522,23.688164],[109.955058,23.726027],[109.987408,23.768705],[110.068397,23.801335],[110.1503,23.880929],[110.190186,23.861035],[110.210814,23.910244],[110.241185,23.89156],[110.263031,23.89556],[110.286323,23.851937],[110.314943,23.908819],[110.297208,23.918681],[110.302917,23.933581],[110.290433,23.95812],[110.305353,23.975918],[110.309159,24.01616],[110.400043,24.048071],[110.397836,24.058031],[110.381242,24.054857],[110.373783,24.042105],[110.361908,24.061917],[110.343412,24.060384],[110.374315,24.081725],[110.364725,24.104812],[110.386799,24.126309],[110.407883,24.099834],[110.411918,24.118761],[110.458426,24.124833],[110.448378,24.142991],[110.407731,24.143756],[110.456218,24.184],[110.405067,24.220078],[110.383221,24.214011],[110.365638,24.227292],[110.358331,24.218985],[110.369901,24.271936],[110.351937,24.278601],[110.326666,24.26609],[110.316923,24.296409],[110.268359,24.303728],[110.260367,24.360247],[110.198711,24.347908],[110.200614,24.370892],[110.188816,24.382574],[110.21188,24.399931],[110.189958,24.405771],[110.202517,24.414448],[110.202669,24.449697],[110.147408,24.436002],[110.116199,24.460826],[110.079054,24.467426],[110.045638,24.390543],[110.048683,24.36658],[110.01717,24.336496],[110.030795,24.318475],[110.033231,24.273028],[109.998826,24.255053],[109.963431,24.256965],[109.931842,24.234889],[109.907712,24.245272],[109.905505,24.272263],[109.932907,24.271826],[109.927046,24.293732],[109.902689,24.300997],[109.88442,24.274613],[109.849634,24.274995],[109.851537,24.260407],[109.840196,24.256091],[109.803126,24.256146],[109.793764,24.234288],[109.770928,24.215542],[109.74581,24.214284],[109.710262,24.176893],[109.705467,24.153326],[109.615267,24.140858],[109.598141,24.083913],[109.501166,24.047688],[109.487313,24.011178],[109.502993,23.990319],[109.495229,23.970551],[109.483735,23.960529],[109.470567,23.96732],[109.469958,23.951657],[109.42855,23.9086],[109.363697,23.907121],[109.344516,23.937471],[109.348169,23.952971],[109.328835,23.960967],[109.324801,23.987745],[109.291385,24.006853],[109.295039,24.027601],[109.278598,24.04725],[109.232242,24.058633],[109.217855,24.051738],[109.211462,24.019006],[109.146914,24.022838],[109.136409,24.057593],[109.089368,24.063066],[109.105886,24.083913],[109.036466,24.12177],[108.972147,24.129755],[108.935153,24.185203],[108.940862,24.243414]]],"type":"Polygon"}},{"type":"Feature","properties":{"display":"贵港","province":"广西壮族自治区"},"geometry":{"coordinates":[[[109.662232,22.662374],[109.691614,22.689138],[109.720615,22.692843],[109.731271,22.73226],[109.78326,22.73928],[109.790567,22.755584],[109.762556,22.775976],[109.755248,22.838127],[109.766894,22.857567],[109.800386,22.844534],[109.815686,22.858506],[109.818502,22.885398],[109.865315,22.871759],[109.832888,22.898979],[109.861509,22.904003],[109.803811,22.976303],[109.836466,22.9784],[109.887008,23.023526],[109.952089,23.022699],[110.008416,22.985131],[110.015191,22.96284],[110.055838,22.941428],[110.084458,22.959584],[110.120462,22.887164],[110.164687,22.907426],[110.21051,22.905383],[110.231747,22.888324],[110.232203,22.868833],[110.263716,22.867342],[110.260291,22.938944],[110.300709,22.977407],[110.292413,23.01288],[110.307027,23.025126],[110.310605,23.011115],[110.324763,23.017459],[110.33717,23.05044],[110.363659,23.041947],[110.396922,23.060973],[110.420747,23.049392],[110.466723,23.070732],[110.492527,23.065935],[110.501813,23.091352],[110.547408,23.1263],[110.550148,23.208175],[110.572831,23.225029],[110.602898,23.214289],[110.652222,23.256528],[110.656561,23.30767],[110.615305,23.329024],[110.59049,23.323135],[110.588892,23.353125],[110.564382,23.36754],[110.581965,23.374637],[110.573364,23.390479],[110.584629,23.438985],[110.63167,23.469059],[110.617893,23.551932],[110.601832,23.561381],[110.59521,23.589889],[110.579529,23.588846],[110.588055,23.620642],[110.542232,23.657482],[110.571004,23.677791],[110.571537,23.706713],[110.551975,23.702816],[110.548245,23.717358],[110.582194,23.783403],[110.558064,23.826227],[110.511023,23.799964],[110.475705,23.853636],[110.411613,23.863173],[110.357189,23.891286],[110.359396,23.931883],[110.388245,23.946454],[110.396618,23.96502],[110.391899,24.04216],[110.309159,24.01616],[110.305353,23.975918],[110.290433,23.95812],[110.302917,23.933581],[110.297208,23.918681],[110.314943,23.908819],[110.286323,23.851937],[110.263031,23.89556],[110.241185,23.89156],[110.210814,23.910244],[110.190186,23.861035],[110.1503,23.880929],[110.068397,23.801335],[109.987408,23.768705],[109.955058,23.726027],[109.947522,23.688164],[109.928493,23.684981],[109.917608,23.594613],[109.893402,23.55402],[109.894011,23.475656],[109.861966,23.43871],[109.837912,23.477909],[109.797265,23.485935],[109.751823,23.454875],[109.740557,23.46752],[109.714601,23.41061],[109.689558,23.40335],[109.661471,23.428978],[109.646476,23.420619],[109.611309,23.368585],[109.575229,23.354886],[109.565334,23.317687],[109.541661,23.299634],[109.501775,23.336508],[109.482974,23.383878],[109.448112,23.380633],[109.429311,23.359892],[109.401071,23.382778],[109.37169,23.380853],[109.373821,23.400985],[109.352736,23.416714],[109.323355,23.416384],[109.276162,23.374362],[109.26581,23.346852],[109.250129,23.352245],[109.210853,23.33227],[109.220443,23.320273],[109.207047,23.309926],[109.240158,23.285156],[109.213288,23.272054],[109.232013,23.263135],[109.242137,23.248984],[109.231861,23.236374],[109.253403,23.229215],[109.260101,23.210764],[109.239321,23.144321],[109.254164,23.095487],[109.325715,23.095762],[109.349463,23.064005],[109.33835,23.048731],[109.345277,23.041451],[109.311785,23.016907],[109.315515,23.006592],[109.356542,22.979614],[109.384554,22.929451],[109.482137,22.891526],[109.485182,22.878661],[109.452755,22.866127],[109.455267,22.849836],[109.480995,22.823545],[109.520729,22.828295],[109.535039,22.815203],[109.518065,22.814596],[109.50581,22.771887],[109.559397,22.772826],[109.581166,22.748676],[109.581471,22.71728],[109.618921,22.686871],[109.613973,22.662872],[109.625772,22.652751],[109.651576,22.668015],[109.662232,22.662374]]],"type":"Polygon"}},{"type":"Feature","properties":{"display":"玉林","province":"广西壮族自治区"},"geometry":{"coordinates":[[[109.662232,22.662374],[109.662917,22.625316],[109.720691,22.578121],[109.717874,22.560744],[109.762784,22.557146],[109.762784,22.584042],[109.777322,22.586975],[109.840044,22.571978],[109.857627,22.556039],[109.868436,22.507215],[109.810738,22.440816],[109.84187,22.410236],[109.858845,22.37117],[109.8405,22.317291],[109.815077,22.309584],[109.76522,22.335807],[109.733555,22.38048],[109.728074,22.357203],[109.687579,22.346062],[109.683317,22.332093],[109.674411,22.339854],[109.662308,22.318178],[109.679815,22.300158],[109.641909,22.318178],[109.593269,22.2899],[109.578502,22.249247],[109.589083,22.203367],[109.558559,22.16552],[109.550263,22.098791],[109.576219,22.06547],[109.594487,22.011363],[109.601947,21.968462],[109.574316,21.970574],[109.6005,21.940447],[109.594792,21.918766],[109.607123,21.928439],[109.619758,21.895968],[109.641452,21.908201],[109.663754,21.895357],[109.697018,21.902363],[109.70364,21.890519],[109.695343,21.861154],[109.707522,21.836178],[109.692375,21.823159],[109.708131,21.800291],[109.69032,21.729382],[109.696485,21.667684],[109.748626,21.652757],[109.777855,21.670525],[109.784706,21.638162],[109.807237,21.628914],[109.809977,21.644345],[109.844611,21.638329],[109.874068,21.658104],[109.89835,21.649637],[109.915781,21.668798],[109.905505,21.693748],[109.9409,21.739125],[109.945467,21.844244],[109.986266,21.879118],[110.054316,21.856815],[110.082023,21.864491],[110.09717,21.886292],[110.107979,21.870943],[110.119853,21.901696],[110.133478,21.899861],[110.139263,21.882288],[110.150833,21.89708],[110.196656,21.89975],[110.232432,21.87884],[110.258159,21.880453],[110.283735,21.892242],[110.290357,21.917987],[110.337322,21.887849],[110.39167,21.893688],[110.397379,21.906422],[110.373098,21.93461],[110.39129,21.95012],[110.353002,21.97641],[110.36404,22.005862],[110.349882,22.031308],[110.350795,22.096959],[110.365714,22.098735],[110.364572,22.125275],[110.32659,22.15231],[110.334734,22.180283],[110.348511,22.195821],[110.38109,22.164188],[110.418236,22.209082],[110.453478,22.192158],[110.490091,22.155141],[110.483469,22.150201],[110.503868,22.142984],[110.530433,22.156639],[110.560348,22.196431],[110.602441,22.183335],[110.598483,22.163411],[110.629082,22.14909],[110.678863,22.17268],[110.646894,22.223008],[110.65481,22.239928],[110.686018,22.248582],[110.720957,22.294114],[110.758711,22.274705],[110.789691,22.286684],[110.749425,22.329765],[110.74128,22.362025],[110.711518,22.369618],[110.713345,22.437492],[110.693554,22.448293],[110.683507,22.473383],[110.741356,22.4643],[110.740443,22.498855],[110.760766,22.516793],[110.748055,22.554766],[110.761527,22.559582],[110.760233,22.580777],[110.778654,22.58537],[110.799206,22.55687],[110.833231,22.584927],[110.897931,22.59201],[110.883316,22.622163],[110.888036,22.641689],[110.853935,22.703569],[110.791442,22.721757],[110.771956,22.76509],[110.799663,22.855745],[110.752241,22.852155],[110.728416,22.887164],[110.726057,22.923269],[110.76678,22.963005],[110.749958,22.989987],[110.758254,23.021044],[110.750338,23.045642],[110.739986,23.057113],[110.711442,23.042278],[110.710605,23.059318],[110.686932,23.063509],[110.682213,23.088541],[110.667979,23.089147],[110.66775,23.11004],[110.624439,23.121945],[110.59148,23.098464],[110.559206,23.108772],[110.547408,23.1263],[110.501813,23.091352],[110.492527,23.065935],[110.466723,23.070732],[110.420747,23.049392],[110.396922,23.060973],[110.363659,23.041947],[110.328188,23.047848],[110.324763,23.017459],[110.310605,23.011115],[110.307027,23.025126],[110.292413,23.01288],[110.300709,22.977407],[110.260291,22.938944],[110.263716,22.867342],[110.232203,22.868833],[110.231747,22.888324],[110.21051,22.905383],[110.164687,22.907426],[110.120462,22.887164],[110.084458,22.959584],[110.055838,22.941428],[110.015191,22.96284],[110.008416,22.985131],[109.952089,23.022699],[109.887008,23.023526],[109.836466,22.9784],[109.803811,22.976303],[109.861509,22.904003],[109.832888,22.898979],[109.865315,22.871759],[109.818502,22.885398],[109.815686,22.858506],[109.800386,22.844534],[109.766894,22.857567],[109.755248,22.838127],[109.762556,22.775976],[109.790567,22.755584],[109.78326,22.73928],[109.731271,22.73226],[109.720615,22.692843],[109.691614,22.689138],[109.662232,22.662374]]],"type":"Polygon"}},{"type":"Feature","properties":{"display":"阿拉善","province":"内蒙古自治区"},"geometry":{"coordinates":[[[105.233841,41.75109],[105.009553,41.583242],[104.923133,41.65413],[104.689017,41.645231],[104.52427,41.661831],[104.53005,41.874855],[104.095636,41.808649],[103.868747,41.802503],[103.418437,41.882358],[102.712045,42.152748],[102.540938,42.162256],[102.449026,42.144088],[102.070395,42.232166],[101.80362,42.503768],[101.581644,42.525209],[100.862824,42.671218],[100.325515,42.690077],[100.272622,42.636349],[99.969139,42.647806],[99.507557,42.56807],[98.195355,42.653365],[97.172763,42.795208],[97.847073,41.656526],[97.614114,41.477279],[97.629432,41.440546],[97.971934,41.097965],[98.18495,40.988098],[98.250271,40.939152],[98.333223,40.919079],[98.344206,40.568375],[98.628035,40.677897],[98.56994,40.746821],[98.668499,40.772845],[98.687864,40.696828],[98.715611,40.661741],[98.800298,40.610293],[98.807234,40.659309],[98.791049,40.705337],[98.984988,40.782904],[99.041638,40.693702],[99.102046,40.676334],[99.125747,40.715233],[99.173148,40.747342],[99.174882,40.858302],[99.565941,40.846695],[99.673171,40.932923],[100.057005,40.908001],[100.108163,40.875623],[100.23736,40.716795],[100.242563,40.618639],[100.169727,40.541402],[100.169727,40.277536],[100.0018,40.196933],[99.955844,40.150906],[99.928386,40.064893],[99.875493,40.027196],[99.833295,40.012111],[99.75121,40.006848],[99.713925,39.972102],[99.524609,39.888149],[99.459577,39.898165],[99.441079,39.885864],[99.487903,39.876021],[99.672593,39.887973],[99.822022,39.860024],[99.904396,39.78579],[100.040819,39.757095],[100.127817,39.702137],[100.250078,39.685041],[100.314242,39.606913],[100.300947,39.572318],[100.326382,39.509084],[100.500668,39.481335],[100.499222,39.400499],[100.617436,39.3874],[100.707903,39.404569],[100.842013,39.405808],[100.84288,39.200217],[100.864269,39.106971],[100.829296,39.074972],[100.835077,39.026058],[100.875541,39.002389],[100.901843,39.029972],[100.969476,38.996693],[100.969187,38.947011],[101.117171,38.975151],[101.228737,39.02072],[101.198678,38.94327],[101.237697,38.907277],[101.242032,38.861278],[101.335389,38.84683],[101.341459,38.822209],[101.306197,38.801864],[101.331343,38.777227],[101.412272,38.764191],[101.557654,38.715062],[101.601876,38.655168],[101.679047,38.690931],[101.777029,38.660533],[101.873854,38.734003],[101.941488,38.808825],[102.07502,38.891591],[101.926169,39.000609],[101.8305,39.093462],[102.286591,39.192584],[102.352201,39.231272],[102.453651,39.255219],[102.583426,39.18069],[103.013215,39.101106],[103.346468,39.332503],[103.595324,39.386692],[103.848804,39.461179],[103.955745,39.457111],[104.090145,39.419788],[104.047657,39.297771],[104.177432,39.1521],[104.207202,39.083685],[104.191017,39.042248],[104.196219,38.988148],[104.167894,38.94042],[104.044478,38.894978],[103.859787,38.644435],[103.416413,38.40504],[103.466416,38.350995],[103.507747,38.280909],[103.534916,38.156746],[103.368723,38.088996],[103.368145,37.98563],[103.401962,37.861868],[103.683189,37.777916],[103.841,37.647458],[103.871348,37.605736],[104.183502,37.406779],[104.23784,37.411873],[104.322526,37.448431],[104.407501,37.464613],[104.41964,37.511865],[104.806075,37.539657],[104.866482,37.566713],[105.028051,37.581054],[105.111003,37.633856],[105.31477,37.702025],[105.403791,37.709998],[105.467378,37.694957],[105.598887,37.699307],[105.616229,37.7225],[105.62201,37.777735],[105.677504,37.771942],[105.760745,37.799818],[105.808724,37.875428],[105.799764,37.940124],[105.839939,38.007831],[105.782133,38.082326],[105.76797,38.121618],[105.775196,38.186816],[105.797163,38.217054],[105.84254,38.241164],[105.865952,38.297269],[105.82173,38.368236],[105.835604,38.390321],[105.83676,38.475902],[105.862773,38.52645],[105.856703,38.572127],[105.875201,38.591822],[105.852946,38.641573],[105.893121,38.69111],[105.905838,38.731323],[105.898613,38.789546],[106.002953,38.875901],[105.973183,38.911376],[106.018849,38.951108],[106.060759,38.968562],[106.089373,39.015915],[106.078101,39.026592],[106.098333,39.087596],[106.146023,39.153165],[106.250941,39.131493],[106.295452,39.167906],[106.279845,39.262135],[106.402972,39.291744],[106.506445,39.270115],[106.525232,39.308405],[106.555869,39.322227],[106.602692,39.375362],[106.680731,39.355884],[106.751254,39.381558],[106.752988,39.431464],[106.66888,39.459764],[106.620034,39.499541],[106.611363,39.541238],[106.639688,39.57426],[106.769752,39.633906],[106.76455,39.65507],[106.79432,39.6898],[106.759925,39.711476],[106.766573,39.764314],[106.752699,39.789134],[106.749809,39.858442],[106.720328,39.915559],[106.729288,40.047362],[106.823223,40.108701],[106.839409,40.14793],[106.866867,40.16806],[106.866289,40.185385],[106.740271,40.196408],[106.705587,40.262332],[106.765706,40.294834],[106.820044,40.355251],[106.813685,40.369911],[106.60327,40.386836],[106.521186,40.37375],[106.468004,40.325573],[106.432742,40.348619],[106.328402,40.346698],[106.229264,40.465296],[106.209321,40.516333],[106.279266,40.509368],[106.281001,40.539661],[106.344588,40.519815],[106.374069,40.491952],[106.48101,40.493868],[106.498352,40.483416],[106.479565,40.555151],[106.319442,40.598816],[106.299788,40.592033],[106.247184,40.626288],[106.241981,40.668517],[106.211344,40.673207],[106.18273,40.704642],[106.155561,40.69266],[106.115386,40.71801],[105.944279,40.739533],[105.835604,40.782037],[105.704384,40.810127],[105.398589,40.983949],[105.379224,41.059636],[105.317949,41.113325],[105.334135,41.131614],[105.317082,41.201273],[105.248003,41.319557],[105.222858,41.396748],[105.201469,41.542798],[105.233841,41.75109]]],"type":"Polygon"}}]}